ISO-10303-21;
HEADER;
/* Generated by software containing ST-Developer
 * from STEP Tools, Inc. (www.steptools.com) 
 */
/* OPTION: using custom renumber hook */

FILE_DESCRIPTION(
/* description */ ('STEP AP242',
'CAx-IF Rec.Pracs.---Representation and Presentation of Product Manufa
cturing Information (PMI)---4.0---2014-10-13',
'CAx-IF Rec.Pracs.---3D Tessellated Geometry---0.4---2014-09-14','2;1'),

/* implementation_level */ '2;1');

FILE_NAME(
/* name */ 'CL-SB-12A-12T',
/* time_stamp */ '2026-02-11T23:21:09+01:00',
/* author */ ('License CC BY-ND 4.0'),
/* organization */ ('CADENAS'),
/* preprocessor_version */ 'ST-DEVELOPER v20',
/* originating_system */ 'PARTsolutions',
/* authorisation */ '  ');

FILE_SCHEMA (('AP242_MANAGED_MODEL_BASED_3D_ENGINEERING_MIM_LF { 1 0 10303 442 1 1 4 }'));
ENDSEC;

DATA;
#10=DRAUGHTING_PRE_DEFINED_COLOUR('white');
#11=CONTEXT_DEPENDENT_SHAPE_REPRESENTATION(#15,#9987);
#12=CONTEXT_DEPENDENT_SHAPE_REPRESENTATION(#16,#9989);
#13=NEXT_ASSEMBLY_USAGE_OCCURRENCE('NAUO1','12A-12_c','12A-12_c',#9990,
#9991,'');
#14=NEXT_ASSEMBLY_USAGE_OCCURRENCE('NAUO2','2Side setting_s',
'2Side setting_s',#9990,#9992,'');
#15=(
REPRESENTATION_RELATIONSHIP(' ',' ',#6663,#6662)
REPRESENTATION_RELATIONSHIP_WITH_TRANSFORMATION(#17)
SHAPE_REPRESENTATION_RELATIONSHIP()
);
#16=(
REPRESENTATION_RELATIONSHIP(' ',' ',#6664,#6662)
REPRESENTATION_RELATIONSHIP_WITH_TRANSFORMATION(#18)
SHAPE_REPRESENTATION_RELATIONSHIP()
);
#17=ITEM_DEFINED_TRANSFORMATION(' ',' ',#6665,#7041);
#18=ITEM_DEFINED_TRANSFORMATION(' ',' ',#6665,#7075);
#19=SHAPE_REPRESENTATION_RELATIONSHIP('','',#6663,#21);
#20=SHAPE_REPRESENTATION_RELATIONSHIP('','',#6664,#22);
#21=ADVANCED_BREP_SHAPE_REPRESENTATION('',(#6657),#9977);
#22=ADVANCED_BREP_SHAPE_REPRESENTATION('',(#6658),#9978);
#23=B_SPLINE_CURVE_WITH_KNOTS('',3,(#9424,#9425,#9426,#9427,#9428),
 .UNSPECIFIED.,.F.,.F.,(4,1,4),(2.25406463813061E-24,0.000171376381966919,
0.000342752763933838),.UNSPECIFIED.);
#24=B_SPLINE_CURVE_WITH_KNOTS('',3,(#9447,#9448,#9449,#9450,#9451),
 .UNSPECIFIED.,.F.,.F.,(4,1,4),(0.,0.000171485946217981,0.000342971892435961),
 .UNSPECIFIED.);
#25=B_SPLINE_CURVE_WITH_KNOTS('',3,(#9462,#9463,#9464,#9465,#9466),
 .UNSPECIFIED.,.F.,.F.,(4,1,4),(2.16841895313195E-19,0.000171376370362662,
0.000342752740725323),.UNSPECIFIED.);
#26=B_SPLINE_CURVE_WITH_KNOTS('',3,(#9494,#9495,#9496,#9497,#9498),
 .UNSPECIFIED.,.F.,.F.,(4,1,4),(0.,0.000171485946217975,0.00034297189243595),
 .UNSPECIFIED.);
#27=CONICAL_SURFACE('',#6881,0.2,0.785398163397447);
#28=CONICAL_SURFACE('',#6886,0.2,0.785398163397447);
#29=CYLINDRICAL_SURFACE('',#6810,0.1);
#30=CYLINDRICAL_SURFACE('',#6812,0.1);
#31=CYLINDRICAL_SURFACE('',#6813,0.1);
#32=CYLINDRICAL_SURFACE('',#6815,0.0999999999999998);
#33=CYLINDRICAL_SURFACE('',#6817,0.1);
#34=CYLINDRICAL_SURFACE('',#6818,0.0999999999999998);
#35=CYLINDRICAL_SURFACE('',#6820,0.1);
#36=CYLINDRICAL_SURFACE('',#6827,0.1);
#37=CYLINDRICAL_SURFACE('',#6830,0.1);
#38=CYLINDRICAL_SURFACE('',#6833,0.100000000000001);
#39=CYLINDRICAL_SURFACE('',#6836,0.1);
#40=CYLINDRICAL_SURFACE('',#6840,0.1);
#41=CYLINDRICAL_SURFACE('',#6843,0.100000000000001);
#42=CYLINDRICAL_SURFACE('',#6846,0.1);
#43=CYLINDRICAL_SURFACE('',#6849,0.0999999999999998);
#44=CYLINDRICAL_SURFACE('',#6853,0.1);
#45=CYLINDRICAL_SURFACE('',#6856,0.0999999999999998);
#46=CYLINDRICAL_SURFACE('',#6859,0.1);
#47=CYLINDRICAL_SURFACE('',#6862,0.100000000000001);
#48=CYLINDRICAL_SURFACE('',#6866,0.100000000000001);
#49=CYLINDRICAL_SURFACE('',#6869,0.100000000000001);
#50=CYLINDRICAL_SURFACE('',#6872,0.1);
#51=CYLINDRICAL_SURFACE('',#6875,0.1);
#52=CYLINDRICAL_SURFACE('',#6883,0.4);
#53=CYLINDRICAL_SURFACE('',#6888,0.4);
#54=CYLINDRICAL_SURFACE('',#6891,0.5);
#55=CYLINDRICAL_SURFACE('',#6894,0.4);
#56=CYLINDRICAL_SURFACE('',#6900,0.199999999999998);
#57=CYLINDRICAL_SURFACE('',#6901,0.199999999999999);
#58=CYLINDRICAL_SURFACE('',#6903,0.2);
#59=CYLINDRICAL_SURFACE('',#6906,0.2);
#60=CYLINDRICAL_SURFACE('',#6908,0.199999999999999);
#61=CYLINDRICAL_SURFACE('',#6909,0.2);
#62=CYLINDRICAL_SURFACE('',#6914,0.200000000000001);
#63=CYLINDRICAL_SURFACE('',#6915,0.200000000000001);
#64=CYLINDRICAL_SURFACE('',#6917,0.2);
#65=CYLINDRICAL_SURFACE('',#6920,0.2);
#66=CYLINDRICAL_SURFACE('',#6922,0.125);
#67=CYLINDRICAL_SURFACE('',#6927,0.200000000000001);
#68=CYLINDRICAL_SURFACE('',#6928,0.200000000000002);
#69=CYLINDRICAL_SURFACE('',#6932,0.200000000000001);
#70=CYLINDRICAL_SURFACE('',#6934,0.200000000000001);
#71=CYLINDRICAL_SURFACE('',#6936,0.125);
#72=CYLINDRICAL_SURFACE('',#6937,0.125);
#73=CYLINDRICAL_SURFACE('',#6942,0.200000000000001);
#74=CYLINDRICAL_SURFACE('',#6944,0.200000000000001);
#75=CYLINDRICAL_SURFACE('',#6946,0.125);
#76=CYLINDRICAL_SURFACE('',#6947,0.125);
#77=CYLINDRICAL_SURFACE('',#6949,0.250000000000001);
#78=CYLINDRICAL_SURFACE('',#6950,0.250000000000001);
#79=CYLINDRICAL_SURFACE('',#6951,0.05);
#80=CYLINDRICAL_SURFACE('',#6953,0.3);
#81=CYLINDRICAL_SURFACE('',#6966,0.400000000000002);
#82=CYLINDRICAL_SURFACE('',#6970,0.2);
#83=CYLINDRICAL_SURFACE('',#6975,0.199999999999999);
#84=CYLINDRICAL_SURFACE('',#6977,0.7);
#85=CYLINDRICAL_SURFACE('',#6981,0.400000000000001);
#86=CYLINDRICAL_SURFACE('',#6983,0.450000000000001);
#87=CYLINDRICAL_SURFACE('',#6984,0.0999999999999994);
#88=CYLINDRICAL_SURFACE('',#6988,0.150000000000001);
#89=CYLINDRICAL_SURFACE('',#6994,0.400000000000001);
#90=CYLINDRICAL_SURFACE('',#6998,0.400000000000001);
#91=CYLINDRICAL_SURFACE('',#7003,0.4);
#92=CYLINDRICAL_SURFACE('',#7007,0.4);
#93=CYLINDRICAL_SURFACE('',#7013,0.149999999999999);
#94=CYLINDRICAL_SURFACE('',#7017,0.100000000000001);
#95=CYLINDRICAL_SURFACE('',#7032,0.400000000000001);
#96=CYLINDRICAL_SURFACE('',#7034,0.400000000000001);
#97=CYLINDRICAL_SURFACE('',#7038,0.150000000000001);
#98=CYLINDRICAL_SURFACE('',#7040,0.0999999999999994);
#99=CIRCLE('',#6667,0.400000000000001);
#100=CIRCLE('',#6669,0.400000000000001);
#101=CIRCLE('',#6672,0.4);
#102=CIRCLE('',#6674,0.4);
#103=CIRCLE('',#6677,0.125);
#104=CIRCLE('',#6678,0.200000000000001);
#105=CIRCLE('',#6679,0.200000000000001);
#106=CIRCLE('',#6680,0.125);
#107=CIRCLE('',#6682,0.250000000000001);
#108=CIRCLE('',#6684,0.250000000000001);
#109=CIRCLE('',#6686,0.200000000000001);
#110=CIRCLE('',#6687,0.199999999999999);
#111=CIRCLE('',#6688,0.2);
#112=CIRCLE('',#6689,0.2);
#113=CIRCLE('',#6690,0.199999999999999);
#114=CIRCLE('',#6691,0.200000000000001);
#115=CIRCLE('',#6692,0.2);
#116=CIRCLE('',#6693,0.2);
#117=CIRCLE('',#6694,0.125);
#118=CIRCLE('',#6696,0.200000000000001);
#119=CIRCLE('',#6697,0.200000000000001);
#120=CIRCLE('',#6699,0.125);
#121=CIRCLE('',#6701,0.200000000000002);
#122=CIRCLE('',#6702,0.200000000000001);
#123=CIRCLE('',#6703,0.125);
#124=CIRCLE('',#6704,0.2);
#125=CIRCLE('',#6705,0.200000000000001);
#126=CIRCLE('',#6706,0.200000000000001);
#127=CIRCLE('',#6707,0.2);
#128=CIRCLE('',#6708,0.199999999999999);
#129=CIRCLE('',#6709,0.199999999999999);
#130=CIRCLE('',#6710,0.199999999999998);
#131=CIRCLE('',#6716,0.200000000000001);
#132=CIRCLE('',#6717,0.200000000000001);
#133=CIRCLE('',#6719,0.125);
#134=CIRCLE('',#6723,0.200000000000001);
#135=CIRCLE('',#6724,0.2);
#136=CIRCLE('',#6726,0.1);
#137=CIRCLE('',#6727,0.0999999999999998);
#138=CIRCLE('',#6728,0.1);
#139=CIRCLE('',#6729,0.1);
#140=CIRCLE('',#6733,0.1);
#141=CIRCLE('',#6734,0.0999999999999998);
#142=CIRCLE('',#6735,0.1);
#143=CIRCLE('',#6742,0.200000000000001);
#144=CIRCLE('',#6744,0.1);
#145=CIRCLE('',#6746,0.199999999999999);
#146=CIRCLE('',#6747,0.2);
#147=CIRCLE('',#6749,0.1);
#148=CIRCLE('',#6750,0.0999999999999998);
#149=CIRCLE('',#6752,0.2);
#150=CIRCLE('',#6756,0.2);
#151=CIRCLE('',#6757,0.199999999999999);
#152=CIRCLE('',#6761,0.4);
#153=CIRCLE('',#6762,0.5);
#154=CIRCLE('',#6763,0.4);
#155=CIRCLE('',#6764,0.4);
#156=CIRCLE('',#6765,0.100000000000001);
#157=CIRCLE('',#6766,0.100000000000001);
#158=CIRCLE('',#6767,0.1);
#159=CIRCLE('',#6768,0.1);
#160=CIRCLE('',#6769,0.1);
#161=CIRCLE('',#6770,0.0999999999999998);
#162=CIRCLE('',#6771,0.1);
#163=CIRCLE('',#6772,0.100000000000001);
#164=CIRCLE('',#6773,0.1);
#165=CIRCLE('',#6774,0.100000000000001);
#166=CIRCLE('',#6775,0.1);
#167=CIRCLE('',#6776,0.0999999999999998);
#168=CIRCLE('',#6777,0.1);
#169=CIRCLE('',#6778,0.1);
#170=CIRCLE('',#6779,0.100000000000001);
#171=CIRCLE('',#6780,0.1);
#172=CIRCLE('',#6792,0.125);
#173=CIRCLE('',#6795,0.125);
#174=CIRCLE('',#6802,0.1);
#175=CIRCLE('',#6803,0.1);
#176=CIRCLE('',#6806,0.0999999999999998);
#177=CIRCLE('',#6807,0.1);
#178=CIRCLE('',#6824,0.400000000000001);
#179=CIRCLE('',#6826,0.400000000000001);
#180=CIRCLE('',#6828,0.1);
#181=CIRCLE('',#6831,0.1);
#182=CIRCLE('',#6834,0.100000000000001);
#183=CIRCLE('',#6837,0.1);
#184=CIRCLE('',#6841,0.1);
#185=CIRCLE('',#6844,0.100000000000001);
#186=CIRCLE('',#6847,0.1);
#187=CIRCLE('',#6850,0.0999999999999998);
#188=CIRCLE('',#6854,0.1);
#189=CIRCLE('',#6857,0.0999999999999998);
#190=CIRCLE('',#6860,0.1);
#191=CIRCLE('',#6863,0.100000000000001);
#192=CIRCLE('',#6867,0.100000000000001);
#193=CIRCLE('',#6870,0.100000000000001);
#194=CIRCLE('',#6873,0.1);
#195=CIRCLE('',#6876,0.1);
#196=CIRCLE('',#6880,0.2);
#197=CIRCLE('',#6882,0.4);
#198=CIRCLE('',#6885,0.2);
#199=CIRCLE('',#6887,0.4);
#200=CIRCLE('',#6890,0.5);
#201=CIRCLE('',#6893,0.4);
#202=CIRCLE('',#6896,0.125);
#203=CIRCLE('',#6897,0.200000000000001);
#204=CIRCLE('',#6898,0.200000000000001);
#205=CIRCLE('',#6899,0.125);
#206=CIRCLE('',#6911,0.250000000000001);
#207=CIRCLE('',#6913,0.250000000000001);
#208=CIRCLE('',#6924,0.3);
#209=CIRCLE('',#6925,0.05);
#210=CIRCLE('',#6930,0.125);
#211=CIRCLE('',#6931,0.125);
#212=CIRCLE('',#6940,0.125);
#213=CIRCLE('',#6941,0.125);
#214=CIRCLE('',#6952,0.05);
#215=CIRCLE('',#6954,0.3);
#216=CIRCLE('',#6957,0.199999999999999);
#217=CIRCLE('',#6958,0.7);
#218=CIRCLE('',#6959,0.400000000000001);
#219=CIRCLE('',#6960,0.450000000000001);
#220=CIRCLE('',#6962,0.450000000000001);
#221=CIRCLE('',#6963,0.400000000000001);
#222=CIRCLE('',#6964,0.7);
#223=CIRCLE('',#6965,0.199999999999999);
#224=CIRCLE('',#6967,0.400000000000002);
#225=CIRCLE('',#6968,0.400000000000002);
#226=CIRCLE('',#6971,0.2);
#227=CIRCLE('',#6972,0.2);
#228=CIRCLE('',#6985,0.0999999999999994);
#229=CIRCLE('',#6986,0.0999999999999994);
#230=CIRCLE('',#6989,0.150000000000001);
#231=CIRCLE('',#6990,0.150000000000001);
#232=CIRCLE('',#6995,0.400000000000001);
#233=CIRCLE('',#6996,0.400000000000001);
#234=CIRCLE('',#6999,0.400000000000001);
#235=CIRCLE('',#7000,0.400000000000001);
#236=CIRCLE('',#7004,0.4);
#237=CIRCLE('',#7005,0.4);
#238=CIRCLE('',#7008,0.4);
#239=CIRCLE('',#7009,0.4);
#240=CIRCLE('',#7014,0.149999999999999);
#241=CIRCLE('',#7015,0.149999999999999);
#242=CIRCLE('',#7018,0.100000000000001);
#243=CIRCLE('',#7019,0.100000000000001);
#244=CIRCLE('',#7023,0.400000000000001);
#245=CIRCLE('',#7024,0.400000000000001);
#246=CIRCLE('',#7025,0.150000000000001);
#247=CIRCLE('',#7026,0.0999999999999994);
#248=CIRCLE('',#7028,0.400000000000001);
#249=CIRCLE('',#7029,0.0999999999999994);
#250=CIRCLE('',#7030,0.150000000000001);
#251=CIRCLE('',#7031,0.400000000000001);
#252=ORIENTED_EDGE('',*,*,#1728,.T.);
#253=ORIENTED_EDGE('',*,*,#1729,.F.);
#254=ORIENTED_EDGE('',*,*,#1730,.F.);
#255=ORIENTED_EDGE('',*,*,#1731,.T.);
#256=ORIENTED_EDGE('',*,*,#1732,.T.);
#257=ORIENTED_EDGE('',*,*,#1733,.T.);
#258=ORIENTED_EDGE('',*,*,#1734,.F.);
#259=ORIENTED_EDGE('',*,*,#1735,.T.);
#260=ORIENTED_EDGE('',*,*,#1730,.T.);
#261=ORIENTED_EDGE('',*,*,#1736,.F.);
#262=ORIENTED_EDGE('',*,*,#1732,.F.);
#263=ORIENTED_EDGE('',*,*,#1737,.T.);
#264=ORIENTED_EDGE('',*,*,#1738,.F.);
#265=ORIENTED_EDGE('',*,*,#1739,.F.);
#266=ORIENTED_EDGE('',*,*,#1740,.T.);
#267=ORIENTED_EDGE('',*,*,#1741,.T.);
#268=ORIENTED_EDGE('',*,*,#1742,.F.);
#269=ORIENTED_EDGE('',*,*,#1743,.T.);
#270=ORIENTED_EDGE('',*,*,#1744,.T.);
#271=ORIENTED_EDGE('',*,*,#1745,.T.);
#272=ORIENTED_EDGE('',*,*,#1746,.T.);
#273=ORIENTED_EDGE('',*,*,#1747,.T.);
#274=ORIENTED_EDGE('',*,*,#1748,.F.);
#275=ORIENTED_EDGE('',*,*,#1749,.T.);
#276=ORIENTED_EDGE('',*,*,#1750,.T.);
#277=ORIENTED_EDGE('',*,*,#1751,.F.);
#278=ORIENTED_EDGE('',*,*,#1752,.F.);
#279=ORIENTED_EDGE('',*,*,#1753,.T.);
#280=ORIENTED_EDGE('',*,*,#1754,.T.);
#281=ORIENTED_EDGE('',*,*,#1755,.T.);
#282=ORIENTED_EDGE('',*,*,#1756,.T.);
#283=ORIENTED_EDGE('',*,*,#1757,.F.);
#284=ORIENTED_EDGE('',*,*,#1758,.T.);
#285=ORIENTED_EDGE('',*,*,#1759,.T.);
#286=ORIENTED_EDGE('',*,*,#1760,.T.);
#287=ORIENTED_EDGE('',*,*,#1761,.T.);
#288=ORIENTED_EDGE('',*,*,#1762,.T.);
#289=ORIENTED_EDGE('',*,*,#1763,.T.);
#290=ORIENTED_EDGE('',*,*,#1764,.T.);
#291=ORIENTED_EDGE('',*,*,#1765,.F.);
#292=ORIENTED_EDGE('',*,*,#1766,.T.);
#293=ORIENTED_EDGE('',*,*,#1767,.T.);
#294=ORIENTED_EDGE('',*,*,#1768,.T.);
#295=ORIENTED_EDGE('',*,*,#1769,.T.);
#296=ORIENTED_EDGE('',*,*,#1770,.F.);
#297=ORIENTED_EDGE('',*,*,#1771,.F.);
#298=ORIENTED_EDGE('',*,*,#1772,.F.);
#299=ORIENTED_EDGE('',*,*,#1773,.F.);
#300=ORIENTED_EDGE('',*,*,#1774,.T.);
#301=ORIENTED_EDGE('',*,*,#1775,.T.);
#302=ORIENTED_EDGE('',*,*,#1776,.F.);
#303=ORIENTED_EDGE('',*,*,#1777,.F.);
#304=ORIENTED_EDGE('',*,*,#1778,.T.);
#305=ORIENTED_EDGE('',*,*,#1779,.F.);
#306=ORIENTED_EDGE('',*,*,#1780,.F.);
#307=ORIENTED_EDGE('',*,*,#1781,.T.);
#308=ORIENTED_EDGE('',*,*,#1782,.T.);
#309=ORIENTED_EDGE('',*,*,#1783,.F.);
#310=ORIENTED_EDGE('',*,*,#1784,.T.);
#311=ORIENTED_EDGE('',*,*,#1785,.T.);
#312=ORIENTED_EDGE('',*,*,#1786,.F.);
#313=ORIENTED_EDGE('',*,*,#1787,.T.);
#314=ORIENTED_EDGE('',*,*,#1788,.T.);
#315=ORIENTED_EDGE('',*,*,#1789,.T.);
#316=ORIENTED_EDGE('',*,*,#1790,.F.);
#317=ORIENTED_EDGE('',*,*,#1791,.T.);
#318=ORIENTED_EDGE('',*,*,#1792,.T.);
#319=ORIENTED_EDGE('',*,*,#1793,.T.);
#320=ORIENTED_EDGE('',*,*,#1794,.T.);
#321=ORIENTED_EDGE('',*,*,#1795,.T.);
#322=ORIENTED_EDGE('',*,*,#1796,.F.);
#323=ORIENTED_EDGE('',*,*,#1797,.T.);
#324=ORIENTED_EDGE('',*,*,#1798,.T.);
#325=ORIENTED_EDGE('',*,*,#1799,.T.);
#326=ORIENTED_EDGE('',*,*,#1800,.F.);
#327=ORIENTED_EDGE('',*,*,#1801,.T.);
#328=ORIENTED_EDGE('',*,*,#1802,.F.);
#329=ORIENTED_EDGE('',*,*,#1803,.T.);
#330=ORIENTED_EDGE('',*,*,#1804,.T.);
#331=ORIENTED_EDGE('',*,*,#1805,.T.);
#332=ORIENTED_EDGE('',*,*,#1806,.T.);
#333=ORIENTED_EDGE('',*,*,#1807,.T.);
#334=ORIENTED_EDGE('',*,*,#1808,.T.);
#335=ORIENTED_EDGE('',*,*,#1809,.T.);
#336=ORIENTED_EDGE('',*,*,#1810,.F.);
#337=ORIENTED_EDGE('',*,*,#1811,.T.);
#338=ORIENTED_EDGE('',*,*,#1812,.T.);
#339=ORIENTED_EDGE('',*,*,#1813,.T.);
#340=ORIENTED_EDGE('',*,*,#1814,.T.);
#341=ORIENTED_EDGE('',*,*,#1815,.T.);
#342=ORIENTED_EDGE('',*,*,#1816,.T.);
#343=ORIENTED_EDGE('',*,*,#1817,.T.);
#344=ORIENTED_EDGE('',*,*,#1818,.F.);
#345=ORIENTED_EDGE('',*,*,#1819,.T.);
#346=ORIENTED_EDGE('',*,*,#1820,.F.);
#347=ORIENTED_EDGE('',*,*,#1821,.F.);
#348=ORIENTED_EDGE('',*,*,#1822,.F.);
#349=ORIENTED_EDGE('',*,*,#1823,.T.);
#350=ORIENTED_EDGE('',*,*,#1778,.F.);
#351=ORIENTED_EDGE('',*,*,#1824,.T.);
#352=ORIENTED_EDGE('',*,*,#1825,.F.);
#353=ORIENTED_EDGE('',*,*,#1826,.F.);
#354=ORIENTED_EDGE('',*,*,#1827,.F.);
#355=ORIENTED_EDGE('',*,*,#1828,.F.);
#356=ORIENTED_EDGE('',*,*,#1829,.F.);
#357=ORIENTED_EDGE('',*,*,#1830,.T.);
#358=ORIENTED_EDGE('',*,*,#1831,.F.);
#359=ORIENTED_EDGE('',*,*,#1832,.F.);
#360=ORIENTED_EDGE('',*,*,#1833,.F.);
#361=ORIENTED_EDGE('',*,*,#1834,.T.);
#362=ORIENTED_EDGE('',*,*,#1835,.F.);
#363=ORIENTED_EDGE('',*,*,#1836,.T.);
#364=ORIENTED_EDGE('',*,*,#1837,.T.);
#365=ORIENTED_EDGE('',*,*,#1838,.F.);
#366=ORIENTED_EDGE('',*,*,#1839,.F.);
#367=ORIENTED_EDGE('',*,*,#1840,.F.);
#368=ORIENTED_EDGE('',*,*,#1841,.F.);
#369=ORIENTED_EDGE('',*,*,#1842,.F.);
#370=ORIENTED_EDGE('',*,*,#1843,.T.);
#371=ORIENTED_EDGE('',*,*,#1844,.T.);
#372=ORIENTED_EDGE('',*,*,#1845,.F.);
#373=ORIENTED_EDGE('',*,*,#1846,.T.);
#374=ORIENTED_EDGE('',*,*,#1847,.T.);
#375=ORIENTED_EDGE('',*,*,#1848,.F.);
#376=ORIENTED_EDGE('',*,*,#1849,.F.);
#377=ORIENTED_EDGE('',*,*,#1850,.T.);
#378=ORIENTED_EDGE('',*,*,#1851,.F.);
#379=ORIENTED_EDGE('',*,*,#1852,.F.);
#380=ORIENTED_EDGE('',*,*,#1853,.F.);
#381=ORIENTED_EDGE('',*,*,#1854,.F.);
#382=ORIENTED_EDGE('',*,*,#1855,.T.);
#383=ORIENTED_EDGE('',*,*,#1856,.F.);
#384=ORIENTED_EDGE('',*,*,#1857,.F.);
#385=ORIENTED_EDGE('',*,*,#1858,.T.);
#386=ORIENTED_EDGE('',*,*,#1859,.F.);
#387=ORIENTED_EDGE('',*,*,#1860,.F.);
#388=ORIENTED_EDGE('',*,*,#1861,.T.);
#389=ORIENTED_EDGE('',*,*,#1774,.F.);
#390=ORIENTED_EDGE('',*,*,#1862,.T.);
#391=ORIENTED_EDGE('',*,*,#1863,.T.);
#392=ORIENTED_EDGE('',*,*,#1864,.T.);
#393=ORIENTED_EDGE('',*,*,#1865,.F.);
#394=ORIENTED_EDGE('',*,*,#1866,.T.);
#395=ORIENTED_EDGE('',*,*,#1823,.F.);
#396=ORIENTED_EDGE('',*,*,#1867,.T.);
#397=ORIENTED_EDGE('',*,*,#1868,.T.);
#398=ORIENTED_EDGE('',*,*,#1869,.F.);
#399=ORIENTED_EDGE('',*,*,#1870,.F.);
#400=ORIENTED_EDGE('',*,*,#1871,.T.);
#401=ORIENTED_EDGE('',*,*,#1872,.F.);
#402=ORIENTED_EDGE('',*,*,#1840,.T.);
#403=ORIENTED_EDGE('',*,*,#1873,.F.);
#404=ORIENTED_EDGE('',*,*,#1874,.F.);
#405=ORIENTED_EDGE('',*,*,#1875,.F.);
#406=ORIENTED_EDGE('',*,*,#1876,.T.);
#407=ORIENTED_EDGE('',*,*,#1766,.F.);
#408=ORIENTED_EDGE('',*,*,#1877,.T.);
#409=ORIENTED_EDGE('',*,*,#1756,.F.);
#410=ORIENTED_EDGE('',*,*,#1878,.T.);
#411=ORIENTED_EDGE('',*,*,#1879,.F.);
#412=ORIENTED_EDGE('',*,*,#1880,.T.);
#413=ORIENTED_EDGE('',*,*,#1881,.F.);
#414=ORIENTED_EDGE('',*,*,#1850,.F.);
#415=ORIENTED_EDGE('',*,*,#1882,.F.);
#416=ORIENTED_EDGE('',*,*,#1883,.T.);
#417=ORIENTED_EDGE('',*,*,#1884,.F.);
#418=ORIENTED_EDGE('',*,*,#1885,.T.);
#419=ORIENTED_EDGE('',*,*,#1886,.T.);
#420=ORIENTED_EDGE('',*,*,#1887,.T.);
#421=ORIENTED_EDGE('',*,*,#1888,.T.);
#422=ORIENTED_EDGE('',*,*,#1889,.T.);
#423=ORIENTED_EDGE('',*,*,#1890,.T.);
#424=ORIENTED_EDGE('',*,*,#1891,.T.);
#425=ORIENTED_EDGE('',*,*,#1892,.T.);
#426=ORIENTED_EDGE('',*,*,#1893,.F.);
#427=ORIENTED_EDGE('',*,*,#1894,.F.);
#428=ORIENTED_EDGE('',*,*,#1895,.F.);
#429=ORIENTED_EDGE('',*,*,#1896,.F.);
#430=ORIENTED_EDGE('',*,*,#1897,.T.);
#431=ORIENTED_EDGE('',*,*,#1898,.T.);
#432=ORIENTED_EDGE('',*,*,#1879,.T.);
#433=ORIENTED_EDGE('',*,*,#1899,.F.);
#434=ORIENTED_EDGE('',*,*,#1900,.T.);
#435=ORIENTED_EDGE('',*,*,#1901,.T.);
#436=ORIENTED_EDGE('',*,*,#1821,.T.);
#437=ORIENTED_EDGE('',*,*,#1902,.T.);
#438=ORIENTED_EDGE('',*,*,#1903,.T.);
#439=ORIENTED_EDGE('',*,*,#1904,.F.);
#440=ORIENTED_EDGE('',*,*,#1905,.T.);
#441=ORIENTED_EDGE('',*,*,#1906,.T.);
#442=ORIENTED_EDGE('',*,*,#1907,.F.);
#443=ORIENTED_EDGE('',*,*,#1908,.T.);
#444=ORIENTED_EDGE('',*,*,#1909,.T.);
#445=ORIENTED_EDGE('',*,*,#1910,.T.);
#446=ORIENTED_EDGE('',*,*,#1911,.T.);
#447=ORIENTED_EDGE('',*,*,#1880,.F.);
#448=ORIENTED_EDGE('',*,*,#1898,.F.);
#449=ORIENTED_EDGE('',*,*,#1912,.F.);
#450=ORIENTED_EDGE('',*,*,#1913,.F.);
#451=ORIENTED_EDGE('',*,*,#1874,.T.);
#452=ORIENTED_EDGE('',*,*,#1914,.T.);
#453=ORIENTED_EDGE('',*,*,#1915,.T.);
#454=ORIENTED_EDGE('',*,*,#1916,.F.);
#455=ORIENTED_EDGE('',*,*,#1917,.F.);
#456=ORIENTED_EDGE('',*,*,#1918,.T.);
#457=ORIENTED_EDGE('',*,*,#1919,.T.);
#458=ORIENTED_EDGE('',*,*,#1920,.T.);
#459=ORIENTED_EDGE('',*,*,#1878,.F.);
#460=ORIENTED_EDGE('',*,*,#1755,.F.);
#461=ORIENTED_EDGE('',*,*,#1921,.T.);
#462=ORIENTED_EDGE('',*,*,#1899,.T.);
#463=ORIENTED_EDGE('',*,*,#1922,.F.);
#464=ORIENTED_EDGE('',*,*,#1923,.F.);
#465=ORIENTED_EDGE('',*,*,#1924,.F.);
#466=ORIENTED_EDGE('',*,*,#1925,.T.);
#467=ORIENTED_EDGE('',*,*,#1926,.T.);
#468=ORIENTED_EDGE('',*,*,#1927,.F.);
#469=ORIENTED_EDGE('',*,*,#1928,.F.);
#470=ORIENTED_EDGE('',*,*,#1929,.T.);
#471=ORIENTED_EDGE('',*,*,#1930,.F.);
#472=ORIENTED_EDGE('',*,*,#1931,.F.);
#473=ORIENTED_EDGE('',*,*,#1749,.F.);
#474=ORIENTED_EDGE('',*,*,#1932,.F.);
#475=ORIENTED_EDGE('',*,*,#1933,.F.);
#476=ORIENTED_EDGE('',*,*,#1885,.F.);
#477=ORIENTED_EDGE('',*,*,#1934,.T.);
#478=ORIENTED_EDGE('',*,*,#1759,.F.);
#479=ORIENTED_EDGE('',*,*,#1935,.F.);
#480=ORIENTED_EDGE('',*,*,#1900,.F.);
#481=ORIENTED_EDGE('',*,*,#1921,.F.);
#482=ORIENTED_EDGE('',*,*,#1754,.F.);
#483=ORIENTED_EDGE('',*,*,#1936,.F.);
#484=ORIENTED_EDGE('',*,*,#1937,.T.);
#485=ORIENTED_EDGE('',*,*,#1938,.F.);
#486=ORIENTED_EDGE('',*,*,#1939,.F.);
#487=ORIENTED_EDGE('',*,*,#1940,.T.);
#488=ORIENTED_EDGE('',*,*,#1788,.F.);
#489=ORIENTED_EDGE('',*,*,#1941,.F.);
#490=ORIENTED_EDGE('',*,*,#1942,.F.);
#491=ORIENTED_EDGE('',*,*,#1943,.F.);
#492=ORIENTED_EDGE('',*,*,#1944,.T.);
#493=ORIENTED_EDGE('',*,*,#1945,.F.);
#494=ORIENTED_EDGE('',*,*,#1946,.T.);
#495=ORIENTED_EDGE('',*,*,#1866,.F.);
#496=ORIENTED_EDGE('',*,*,#1947,.F.);
#497=ORIENTED_EDGE('',*,*,#1948,.T.);
#498=ORIENTED_EDGE('',*,*,#1949,.T.);
#499=ORIENTED_EDGE('',*,*,#1950,.F.);
#500=ORIENTED_EDGE('',*,*,#1806,.F.);
#501=ORIENTED_EDGE('',*,*,#1951,.F.);
#502=ORIENTED_EDGE('',*,*,#1731,.F.);
#503=ORIENTED_EDGE('',*,*,#1737,.F.);
#504=ORIENTED_EDGE('',*,*,#1735,.F.);
#505=ORIENTED_EDGE('',*,*,#1952,.T.);
#506=ORIENTED_EDGE('',*,*,#1854,.T.);
#507=ORIENTED_EDGE('',*,*,#1953,.T.);
#508=ORIENTED_EDGE('',*,*,#1954,.F.);
#509=ORIENTED_EDGE('',*,*,#1955,.F.);
#510=ORIENTED_EDGE('',*,*,#1908,.F.);
#511=ORIENTED_EDGE('',*,*,#1956,.F.);
#512=ORIENTED_EDGE('',*,*,#1957,.F.);
#513=ORIENTED_EDGE('',*,*,#1958,.T.);
#514=ORIENTED_EDGE('',*,*,#1959,.T.);
#515=ORIENTED_EDGE('',*,*,#1960,.F.);
#516=ORIENTED_EDGE('',*,*,#1886,.F.);
#517=ORIENTED_EDGE('',*,*,#1933,.T.);
#518=ORIENTED_EDGE('',*,*,#1961,.T.);
#519=ORIENTED_EDGE('',*,*,#1962,.T.);
#520=ORIENTED_EDGE('',*,*,#1742,.T.);
#521=ORIENTED_EDGE('',*,*,#1963,.F.);
#522=ORIENTED_EDGE('',*,*,#1892,.F.);
#523=ORIENTED_EDGE('',*,*,#1741,.F.);
#524=ORIENTED_EDGE('',*,*,#1964,.T.);
#525=ORIENTED_EDGE('',*,*,#1810,.T.);
#526=ORIENTED_EDGE('',*,*,#1965,.T.);
#527=ORIENTED_EDGE('',*,*,#1966,.T.);
#528=ORIENTED_EDGE('',*,*,#1967,.F.);
#529=ORIENTED_EDGE('',*,*,#1818,.T.);
#530=ORIENTED_EDGE('',*,*,#1869,.T.);
#531=ORIENTED_EDGE('',*,*,#1968,.T.);
#532=ORIENTED_EDGE('',*,*,#1969,.T.);
#533=ORIENTED_EDGE('',*,*,#1970,.F.);
#534=ORIENTED_EDGE('',*,*,#1971,.T.);
#535=ORIENTED_EDGE('',*,*,#1972,.T.);
#536=ORIENTED_EDGE('',*,*,#1917,.T.);
#537=ORIENTED_EDGE('',*,*,#1973,.T.);
#538=ORIENTED_EDGE('',*,*,#1974,.T.);
#539=ORIENTED_EDGE('',*,*,#1975,.F.);
#540=ORIENTED_EDGE('',*,*,#1976,.T.);
#541=ORIENTED_EDGE('',*,*,#1977,.T.);
#542=ORIENTED_EDGE('',*,*,#1798,.F.);
#543=ORIENTED_EDGE('',*,*,#1978,.F.);
#544=ORIENTED_EDGE('',*,*,#1927,.T.);
#545=ORIENTED_EDGE('',*,*,#1979,.T.);
#546=ORIENTED_EDGE('',*,*,#1980,.F.);
#547=ORIENTED_EDGE('',*,*,#1981,.T.);
#548=ORIENTED_EDGE('',*,*,#1768,.F.);
#549=ORIENTED_EDGE('',*,*,#1982,.T.);
#550=ORIENTED_EDGE('',*,*,#1983,.T.);
#551=ORIENTED_EDGE('',*,*,#1984,.T.);
#552=ORIENTED_EDGE('',*,*,#1763,.F.);
#553=ORIENTED_EDGE('',*,*,#1985,.F.);
#554=ORIENTED_EDGE('',*,*,#1893,.T.);
#555=ORIENTED_EDGE('',*,*,#1963,.T.);
#556=ORIENTED_EDGE('',*,*,#1745,.F.);
#557=ORIENTED_EDGE('',*,*,#1986,.F.);
#558=ORIENTED_EDGE('',*,*,#1987,.F.);
#559=ORIENTED_EDGE('',*,*,#1988,.F.);
#560=ORIENTED_EDGE('',*,*,#1989,.F.);
#561=ORIENTED_EDGE('',*,*,#1930,.T.);
#562=ORIENTED_EDGE('',*,*,#1734,.T.);
#563=ORIENTED_EDGE('',*,*,#1990,.T.);
#564=ORIENTED_EDGE('',*,*,#1728,.F.);
#565=ORIENTED_EDGE('',*,*,#1951,.T.);
#566=ORIENTED_EDGE('',*,*,#1817,.F.);
#567=ORIENTED_EDGE('',*,*,#1991,.F.);
#568=ORIENTED_EDGE('',*,*,#1992,.F.);
#569=ORIENTED_EDGE('',*,*,#1964,.F.);
#570=ORIENTED_EDGE('',*,*,#1740,.F.);
#571=ORIENTED_EDGE('',*,*,#1993,.F.);
#572=ORIENTED_EDGE('',*,*,#1994,.T.);
#573=ORIENTED_EDGE('',*,*,#1811,.F.);
#574=ORIENTED_EDGE('',*,*,#1995,.F.);
#575=ORIENTED_EDGE('',*,*,#1996,.T.);
#576=ORIENTED_EDGE('',*,*,#1997,.F.);
#577=ORIENTED_EDGE('',*,*,#1998,.F.);
#578=ORIENTED_EDGE('',*,*,#1999,.F.);
#579=ORIENTED_EDGE('',*,*,#1998,.T.);
#580=ORIENTED_EDGE('',*,*,#2000,.F.);
#581=ORIENTED_EDGE('',*,*,#1944,.F.);
#582=ORIENTED_EDGE('',*,*,#2001,.F.);
#583=ORIENTED_EDGE('',*,*,#2002,.F.);
#584=ORIENTED_EDGE('',*,*,#2003,.T.);
#585=ORIENTED_EDGE('',*,*,#2004,.T.);
#586=ORIENTED_EDGE('',*,*,#2005,.F.);
#587=ORIENTED_EDGE('',*,*,#2006,.F.);
#588=ORIENTED_EDGE('',*,*,#1829,.T.);
#589=ORIENTED_EDGE('',*,*,#2007,.T.);
#590=ORIENTED_EDGE('',*,*,#1919,.F.);
#591=ORIENTED_EDGE('',*,*,#2008,.F.);
#592=ORIENTED_EDGE('',*,*,#2009,.F.);
#593=ORIENTED_EDGE('',*,*,#2010,.F.);
#594=ORIENTED_EDGE('',*,*,#2011,.F.);
#595=ORIENTED_EDGE('',*,*,#1996,.F.);
#596=ORIENTED_EDGE('',*,*,#2012,.F.);
#597=ORIENTED_EDGE('',*,*,#1942,.T.);
#598=ORIENTED_EDGE('',*,*,#2013,.F.);
#599=ORIENTED_EDGE('',*,*,#2014,.T.);
#600=ORIENTED_EDGE('',*,*,#1910,.F.);
#601=ORIENTED_EDGE('',*,*,#2015,.T.);
#602=ORIENTED_EDGE('',*,*,#2016,.T.);
#603=ORIENTED_EDGE('',*,*,#2017,.F.);
#604=ORIENTED_EDGE('',*,*,#1852,.T.);
#605=ORIENTED_EDGE('',*,*,#2018,.T.);
#606=ORIENTED_EDGE('',*,*,#2019,.T.);
#607=ORIENTED_EDGE('',*,*,#2020,.F.);
#608=ORIENTED_EDGE('',*,*,#1976,.F.);
#609=ORIENTED_EDGE('',*,*,#2021,.T.);
#610=ORIENTED_EDGE('',*,*,#2022,.F.);
#611=ORIENTED_EDGE('',*,*,#2023,.T.);
#612=ORIENTED_EDGE('',*,*,#2024,.T.);
#613=ORIENTED_EDGE('',*,*,#1867,.F.);
#614=ORIENTED_EDGE('',*,*,#1822,.T.);
#615=ORIENTED_EDGE('',*,*,#1901,.F.);
#616=ORIENTED_EDGE('',*,*,#2025,.F.);
#617=ORIENTED_EDGE('',*,*,#1827,.T.);
#618=ORIENTED_EDGE('',*,*,#2026,.F.);
#619=ORIENTED_EDGE('',*,*,#2027,.T.);
#620=ORIENTED_EDGE('',*,*,#2028,.F.);
#621=ORIENTED_EDGE('',*,*,#2029,.F.);
#622=ORIENTED_EDGE('',*,*,#2030,.F.);
#623=ORIENTED_EDGE('',*,*,#1858,.F.);
#624=ORIENTED_EDGE('',*,*,#2031,.F.);
#625=ORIENTED_EDGE('',*,*,#1904,.T.);
#626=ORIENTED_EDGE('',*,*,#2032,.T.);
#627=ORIENTED_EDGE('',*,*,#1864,.F.);
#628=ORIENTED_EDGE('',*,*,#2033,.T.);
#629=ORIENTED_EDGE('',*,*,#2034,.F.);
#630=ORIENTED_EDGE('',*,*,#1939,.T.);
#631=ORIENTED_EDGE('',*,*,#2035,.T.);
#632=ORIENTED_EDGE('',*,*,#2036,.F.);
#633=ORIENTED_EDGE('',*,*,#2037,.F.);
#634=ORIENTED_EDGE('',*,*,#2038,.F.);
#635=ORIENTED_EDGE('',*,*,#2039,.F.);
#636=ORIENTED_EDGE('',*,*,#1816,.F.);
#637=ORIENTED_EDGE('',*,*,#2040,.F.);
#638=ORIENTED_EDGE('',*,*,#1887,.F.);
#639=ORIENTED_EDGE('',*,*,#1960,.T.);
#640=ORIENTED_EDGE('',*,*,#2041,.F.);
#641=ORIENTED_EDGE('',*,*,#1987,.T.);
#642=ORIENTED_EDGE('',*,*,#2042,.F.);
#643=ORIENTED_EDGE('',*,*,#1991,.T.);
#644=ORIENTED_EDGE('',*,*,#1815,.F.);
#645=ORIENTED_EDGE('',*,*,#2043,.F.);
#646=ORIENTED_EDGE('',*,*,#1888,.F.);
#647=ORIENTED_EDGE('',*,*,#2040,.T.);
#648=ORIENTED_EDGE('',*,*,#2044,.F.);
#649=ORIENTED_EDGE('',*,*,#2045,.F.);
#650=ORIENTED_EDGE('',*,*,#2046,.F.);
#651=ORIENTED_EDGE('',*,*,#2047,.F.);
#652=ORIENTED_EDGE('',*,*,#2048,.T.);
#653=ORIENTED_EDGE('',*,*,#2049,.T.);
#654=ORIENTED_EDGE('',*,*,#2050,.T.);
#655=ORIENTED_EDGE('',*,*,#2051,.T.);
#656=ORIENTED_EDGE('',*,*,#2052,.T.);
#657=ORIENTED_EDGE('',*,*,#2053,.T.);
#658=ORIENTED_EDGE('',*,*,#2054,.T.);
#659=ORIENTED_EDGE('',*,*,#2055,.T.);
#660=ORIENTED_EDGE('',*,*,#2056,.T.);
#661=ORIENTED_EDGE('',*,*,#2057,.T.);
#662=ORIENTED_EDGE('',*,*,#2058,.T.);
#663=ORIENTED_EDGE('',*,*,#2059,.T.);
#664=ORIENTED_EDGE('',*,*,#2060,.T.);
#665=ORIENTED_EDGE('',*,*,#2061,.T.);
#666=ORIENTED_EDGE('',*,*,#2062,.T.);
#667=ORIENTED_EDGE('',*,*,#2063,.T.);
#668=ORIENTED_EDGE('',*,*,#2064,.T.);
#669=ORIENTED_EDGE('',*,*,#2065,.T.);
#670=ORIENTED_EDGE('',*,*,#2066,.T.);
#671=ORIENTED_EDGE('',*,*,#2067,.T.);
#672=ORIENTED_EDGE('',*,*,#2068,.T.);
#673=ORIENTED_EDGE('',*,*,#2069,.T.);
#674=ORIENTED_EDGE('',*,*,#2070,.T.);
#675=ORIENTED_EDGE('',*,*,#2071,.T.);
#676=ORIENTED_EDGE('',*,*,#2072,.T.);
#677=ORIENTED_EDGE('',*,*,#2073,.T.);
#678=ORIENTED_EDGE('',*,*,#2074,.T.);
#679=ORIENTED_EDGE('',*,*,#2075,.T.);
#680=ORIENTED_EDGE('',*,*,#2076,.T.);
#681=ORIENTED_EDGE('',*,*,#2077,.T.);
#682=ORIENTED_EDGE('',*,*,#2078,.T.);
#683=ORIENTED_EDGE('',*,*,#2079,.T.);
#684=ORIENTED_EDGE('',*,*,#1814,.F.);
#685=ORIENTED_EDGE('',*,*,#2080,.F.);
#686=ORIENTED_EDGE('',*,*,#1889,.F.);
#687=ORIENTED_EDGE('',*,*,#2043,.T.);
#688=ORIENTED_EDGE('',*,*,#1813,.F.);
#689=ORIENTED_EDGE('',*,*,#2081,.F.);
#690=ORIENTED_EDGE('',*,*,#1890,.F.);
#691=ORIENTED_EDGE('',*,*,#2080,.T.);
#692=ORIENTED_EDGE('',*,*,#1812,.F.);
#693=ORIENTED_EDGE('',*,*,#1994,.F.);
#694=ORIENTED_EDGE('',*,*,#2082,.F.);
#695=ORIENTED_EDGE('',*,*,#1961,.F.);
#696=ORIENTED_EDGE('',*,*,#1891,.F.);
#697=ORIENTED_EDGE('',*,*,#2081,.T.);
#698=ORIENTED_EDGE('',*,*,#2083,.F.);
#699=ORIENTED_EDGE('',*,*,#2084,.F.);
#700=ORIENTED_EDGE('',*,*,#1970,.T.);
#701=ORIENTED_EDGE('',*,*,#2085,.F.);
#702=ORIENTED_EDGE('',*,*,#2086,.F.);
#703=ORIENTED_EDGE('',*,*,#2087,.F.);
#704=ORIENTED_EDGE('',*,*,#2088,.F.);
#705=ORIENTED_EDGE('',*,*,#1980,.T.);
#706=ORIENTED_EDGE('',*,*,#2004,.F.);
#707=ORIENTED_EDGE('',*,*,#2089,.T.);
#708=ORIENTED_EDGE('',*,*,#2083,.T.);
#709=ORIENTED_EDGE('',*,*,#2090,.F.);
#710=ORIENTED_EDGE('',*,*,#2091,.F.);
#711=ORIENTED_EDGE('',*,*,#1925,.F.);
#712=ORIENTED_EDGE('',*,*,#2092,.F.);
#713=ORIENTED_EDGE('',*,*,#2087,.T.);
#714=ORIENTED_EDGE('',*,*,#2093,.F.);
#715=ORIENTED_EDGE('',*,*,#2094,.F.);
#716=ORIENTED_EDGE('',*,*,#2095,.F.);
#717=ORIENTED_EDGE('',*,*,#2036,.T.);
#718=ORIENTED_EDGE('',*,*,#2096,.F.);
#719=ORIENTED_EDGE('',*,*,#1937,.F.);
#720=ORIENTED_EDGE('',*,*,#2097,.F.);
#721=ORIENTED_EDGE('',*,*,#2094,.T.);
#722=ORIENTED_EDGE('',*,*,#1945,.T.);
#723=ORIENTED_EDGE('',*,*,#2000,.T.);
#724=ORIENTED_EDGE('',*,*,#1997,.T.);
#725=ORIENTED_EDGE('',*,*,#2011,.T.);
#726=ORIENTED_EDGE('',*,*,#1859,.T.);
#727=ORIENTED_EDGE('',*,*,#2030,.T.);
#728=ORIENTED_EDGE('',*,*,#1772,.T.);
#729=ORIENTED_EDGE('',*,*,#2098,.T.);
#730=ORIENTED_EDGE('',*,*,#2085,.T.);
#731=ORIENTED_EDGE('',*,*,#1969,.F.);
#732=ORIENTED_EDGE('',*,*,#2099,.T.);
#733=ORIENTED_EDGE('',*,*,#1780,.T.);
#734=ORIENTED_EDGE('',*,*,#2026,.T.);
#735=ORIENTED_EDGE('',*,*,#1826,.T.);
#736=ORIENTED_EDGE('',*,*,#2005,.T.);
#737=ORIENTED_EDGE('',*,*,#2090,.T.);
#738=ORIENTED_EDGE('',*,*,#2100,.F.);
#739=ORIENTED_EDGE('',*,*,#2101,.T.);
#740=ORIENTED_EDGE('',*,*,#1947,.T.);
#741=ORIENTED_EDGE('',*,*,#1865,.T.);
#742=ORIENTED_EDGE('',*,*,#2032,.F.);
#743=ORIENTED_EDGE('',*,*,#1903,.F.);
#744=ORIENTED_EDGE('',*,*,#1876,.F.);
#745=ORIENTED_EDGE('',*,*,#2102,.T.);
#746=ORIENTED_EDGE('',*,*,#1982,.F.);
#747=ORIENTED_EDGE('',*,*,#1767,.F.);
#748=ORIENTED_EDGE('',*,*,#2103,.F.);
#749=ORIENTED_EDGE('',*,*,#1983,.F.);
#750=ORIENTED_EDGE('',*,*,#2102,.F.);
#751=ORIENTED_EDGE('',*,*,#1875,.T.);
#752=ORIENTED_EDGE('',*,*,#1913,.T.);
#753=ORIENTED_EDGE('',*,*,#2104,.T.);
#754=ORIENTED_EDGE('',*,*,#1936,.T.);
#755=ORIENTED_EDGE('',*,*,#1753,.F.);
#756=ORIENTED_EDGE('',*,*,#2105,.T.);
#757=ORIENTED_EDGE('',*,*,#1882,.T.);
#758=ORIENTED_EDGE('',*,*,#1849,.T.);
#759=ORIENTED_EDGE('',*,*,#2037,.T.);
#760=ORIENTED_EDGE('',*,*,#2095,.T.);
#761=ORIENTED_EDGE('',*,*,#2097,.T.);
#762=ORIENTED_EDGE('',*,*,#2088,.T.);
#763=ORIENTED_EDGE('',*,*,#2092,.T.);
#764=ORIENTED_EDGE('',*,*,#1924,.T.);
#765=ORIENTED_EDGE('',*,*,#1841,.T.);
#766=ORIENTED_EDGE('',*,*,#1872,.T.);
#767=ORIENTED_EDGE('',*,*,#2106,.F.);
#768=ORIENTED_EDGE('',*,*,#1769,.F.);
#769=ORIENTED_EDGE('',*,*,#1981,.F.);
#770=ORIENTED_EDGE('',*,*,#1938,.T.);
#771=ORIENTED_EDGE('',*,*,#2096,.T.);
#772=ORIENTED_EDGE('',*,*,#2093,.T.);
#773=ORIENTED_EDGE('',*,*,#2035,.F.);
#774=ORIENTED_EDGE('',*,*,#2086,.T.);
#775=ORIENTED_EDGE('',*,*,#1979,.F.);
#776=ORIENTED_EDGE('',*,*,#1926,.F.);
#777=ORIENTED_EDGE('',*,*,#2091,.T.);
#778=ORIENTED_EDGE('',*,*,#1881,.T.);
#779=ORIENTED_EDGE('',*,*,#1911,.F.);
#780=ORIENTED_EDGE('',*,*,#2018,.F.);
#781=ORIENTED_EDGE('',*,*,#1851,.T.);
#782=ORIENTED_EDGE('',*,*,#2107,.F.);
#783=ORIENTED_EDGE('',*,*,#2108,.T.);
#784=ORIENTED_EDGE('',*,*,#2109,.T.);
#785=ORIENTED_EDGE('',*,*,#1906,.F.);
#786=ORIENTED_EDGE('',*,*,#2110,.F.);
#787=ORIENTED_EDGE('',*,*,#1856,.T.);
#788=ORIENTED_EDGE('',*,*,#2031,.T.);
#789=ORIENTED_EDGE('',*,*,#1857,.T.);
#790=ORIENTED_EDGE('',*,*,#2110,.T.);
#791=ORIENTED_EDGE('',*,*,#1905,.F.);
#792=ORIENTED_EDGE('',*,*,#2111,.F.);
#793=ORIENTED_EDGE('',*,*,#1915,.F.);
#794=ORIENTED_EDGE('',*,*,#2112,.F.);
#795=ORIENTED_EDGE('',*,*,#1838,.T.);
#796=ORIENTED_EDGE('',*,*,#2113,.T.);
#797=ORIENTED_EDGE('',*,*,#2114,.F.);
#798=ORIENTED_EDGE('',*,*,#1828,.T.);
#799=ORIENTED_EDGE('',*,*,#2025,.T.);
#800=ORIENTED_EDGE('',*,*,#1920,.F.);
#801=ORIENTED_EDGE('',*,*,#2007,.F.);
#802=ORIENTED_EDGE('',*,*,#1839,.T.);
#803=ORIENTED_EDGE('',*,*,#2112,.T.);
#804=ORIENTED_EDGE('',*,*,#1914,.F.);
#805=ORIENTED_EDGE('',*,*,#1873,.T.);
#806=ORIENTED_EDGE('',*,*,#2115,.T.);
#807=ORIENTED_EDGE('',*,*,#2107,.T.);
#808=ORIENTED_EDGE('',*,*,#1855,.F.);
#809=ORIENTED_EDGE('',*,*,#1952,.F.);
#810=ORIENTED_EDGE('',*,*,#1957,.T.);
#811=ORIENTED_EDGE('',*,*,#2116,.T.);
#812=ORIENTED_EDGE('',*,*,#2108,.F.);
#813=ORIENTED_EDGE('',*,*,#2115,.F.);
#814=ORIENTED_EDGE('',*,*,#1956,.T.);
#815=ORIENTED_EDGE('',*,*,#1907,.T.);
#816=ORIENTED_EDGE('',*,*,#2109,.F.);
#817=ORIENTED_EDGE('',*,*,#2116,.F.);
#818=ORIENTED_EDGE('',*,*,#1955,.T.);
#819=ORIENTED_EDGE('',*,*,#2117,.T.);
#820=ORIENTED_EDGE('',*,*,#2015,.F.);
#821=ORIENTED_EDGE('',*,*,#1909,.F.);
#822=ORIENTED_EDGE('',*,*,#1954,.T.);
#823=ORIENTED_EDGE('',*,*,#2118,.T.);
#824=ORIENTED_EDGE('',*,*,#2016,.F.);
#825=ORIENTED_EDGE('',*,*,#2117,.F.);
#826=ORIENTED_EDGE('',*,*,#1853,.T.);
#827=ORIENTED_EDGE('',*,*,#2017,.T.);
#828=ORIENTED_EDGE('',*,*,#2118,.F.);
#829=ORIENTED_EDGE('',*,*,#1953,.F.);
#830=ORIENTED_EDGE('',*,*,#2084,.T.);
#831=ORIENTED_EDGE('',*,*,#2089,.F.);
#832=ORIENTED_EDGE('',*,*,#2003,.F.);
#833=ORIENTED_EDGE('',*,*,#1830,.F.);
#834=ORIENTED_EDGE('',*,*,#2006,.T.);
#835=ORIENTED_EDGE('',*,*,#2119,.F.);
#836=ORIENTED_EDGE('',*,*,#1971,.F.);
#837=ORIENTED_EDGE('',*,*,#2119,.T.);
#838=ORIENTED_EDGE('',*,*,#2008,.T.);
#839=ORIENTED_EDGE('',*,*,#1918,.F.);
#840=ORIENTED_EDGE('',*,*,#1972,.F.);
#841=ORIENTED_EDGE('',*,*,#1916,.T.);
#842=ORIENTED_EDGE('',*,*,#2111,.T.);
#843=ORIENTED_EDGE('',*,*,#2120,.F.);
#844=ORIENTED_EDGE('',*,*,#1973,.F.);
#845=ORIENTED_EDGE('',*,*,#2120,.T.);
#846=ORIENTED_EDGE('',*,*,#2114,.T.);
#847=ORIENTED_EDGE('',*,*,#2121,.F.);
#848=ORIENTED_EDGE('',*,*,#1974,.F.);
#849=ORIENTED_EDGE('',*,*,#1975,.T.);
#850=ORIENTED_EDGE('',*,*,#2121,.T.);
#851=ORIENTED_EDGE('',*,*,#2113,.F.);
#852=ORIENTED_EDGE('',*,*,#1837,.F.);
#853=ORIENTED_EDGE('',*,*,#2021,.F.);
#854=ORIENTED_EDGE('',*,*,#1943,.T.);
#855=ORIENTED_EDGE('',*,*,#2012,.T.);
#856=ORIENTED_EDGE('',*,*,#1995,.T.);
#857=ORIENTED_EDGE('',*,*,#1999,.T.);
#858=ORIENTED_EDGE('',*,*,#2122,.T.);
#859=ORIENTED_EDGE('',*,*,#1738,.T.);
#860=ORIENTED_EDGE('',*,*,#1986,.T.);
#861=ORIENTED_EDGE('',*,*,#1744,.F.);
#862=ORIENTED_EDGE('',*,*,#2123,.F.);
#863=ORIENTED_EDGE('',*,*,#1746,.F.);
#864=ORIENTED_EDGE('',*,*,#1931,.T.);
#865=ORIENTED_EDGE('',*,*,#1989,.T.);
#866=ORIENTED_EDGE('',*,*,#2124,.T.);
#867=ORIENTED_EDGE('',*,*,#1958,.F.);
#868=ORIENTED_EDGE('',*,*,#1932,.T.);
#869=ORIENTED_EDGE('',*,*,#1748,.T.);
#870=ORIENTED_EDGE('',*,*,#2073,.F.);
#871=ORIENTED_EDGE('',*,*,#2125,.F.);
#872=ORIENTED_EDGE('',*,*,#2126,.T.);
#873=ORIENTED_EDGE('',*,*,#2127,.T.);
#874=ORIENTED_EDGE('',*,*,#2074,.F.);
#875=ORIENTED_EDGE('',*,*,#2127,.F.);
#876=ORIENTED_EDGE('',*,*,#2128,.T.);
#877=ORIENTED_EDGE('',*,*,#2129,.T.);
#878=ORIENTED_EDGE('',*,*,#2075,.F.);
#879=ORIENTED_EDGE('',*,*,#2129,.F.);
#880=ORIENTED_EDGE('',*,*,#2130,.T.);
#881=ORIENTED_EDGE('',*,*,#2131,.T.);
#882=ORIENTED_EDGE('',*,*,#2076,.F.);
#883=ORIENTED_EDGE('',*,*,#2131,.F.);
#884=ORIENTED_EDGE('',*,*,#2132,.T.);
#885=ORIENTED_EDGE('',*,*,#2133,.T.);
#886=ORIENTED_EDGE('',*,*,#2077,.F.);
#887=ORIENTED_EDGE('',*,*,#2133,.F.);
#888=ORIENTED_EDGE('',*,*,#2134,.T.);
#889=ORIENTED_EDGE('',*,*,#2135,.T.);
#890=ORIENTED_EDGE('',*,*,#2078,.F.);
#891=ORIENTED_EDGE('',*,*,#2135,.F.);
#892=ORIENTED_EDGE('',*,*,#2136,.T.);
#893=ORIENTED_EDGE('',*,*,#2137,.T.);
#894=ORIENTED_EDGE('',*,*,#2079,.F.);
#895=ORIENTED_EDGE('',*,*,#2137,.F.);
#896=ORIENTED_EDGE('',*,*,#2138,.T.);
#897=ORIENTED_EDGE('',*,*,#2139,.T.);
#898=ORIENTED_EDGE('',*,*,#2072,.F.);
#899=ORIENTED_EDGE('',*,*,#2139,.F.);
#900=ORIENTED_EDGE('',*,*,#2140,.T.);
#901=ORIENTED_EDGE('',*,*,#2125,.T.);
#902=ORIENTED_EDGE('',*,*,#2126,.F.);
#903=ORIENTED_EDGE('',*,*,#2140,.F.);
#904=ORIENTED_EDGE('',*,*,#2138,.F.);
#905=ORIENTED_EDGE('',*,*,#2136,.F.);
#906=ORIENTED_EDGE('',*,*,#2134,.F.);
#907=ORIENTED_EDGE('',*,*,#2132,.F.);
#908=ORIENTED_EDGE('',*,*,#2130,.F.);
#909=ORIENTED_EDGE('',*,*,#2128,.F.);
#910=ORIENTED_EDGE('',*,*,#2065,.F.);
#911=ORIENTED_EDGE('',*,*,#2141,.F.);
#912=ORIENTED_EDGE('',*,*,#2142,.T.);
#913=ORIENTED_EDGE('',*,*,#2143,.T.);
#914=ORIENTED_EDGE('',*,*,#2066,.F.);
#915=ORIENTED_EDGE('',*,*,#2143,.F.);
#916=ORIENTED_EDGE('',*,*,#2144,.T.);
#917=ORIENTED_EDGE('',*,*,#2145,.T.);
#918=ORIENTED_EDGE('',*,*,#2067,.F.);
#919=ORIENTED_EDGE('',*,*,#2145,.F.);
#920=ORIENTED_EDGE('',*,*,#2146,.T.);
#921=ORIENTED_EDGE('',*,*,#2147,.T.);
#922=ORIENTED_EDGE('',*,*,#2068,.F.);
#923=ORIENTED_EDGE('',*,*,#2147,.F.);
#924=ORIENTED_EDGE('',*,*,#2148,.T.);
#925=ORIENTED_EDGE('',*,*,#2149,.T.);
#926=ORIENTED_EDGE('',*,*,#2069,.F.);
#927=ORIENTED_EDGE('',*,*,#2149,.F.);
#928=ORIENTED_EDGE('',*,*,#2150,.T.);
#929=ORIENTED_EDGE('',*,*,#2151,.T.);
#930=ORIENTED_EDGE('',*,*,#2070,.F.);
#931=ORIENTED_EDGE('',*,*,#2151,.F.);
#932=ORIENTED_EDGE('',*,*,#2152,.T.);
#933=ORIENTED_EDGE('',*,*,#2153,.T.);
#934=ORIENTED_EDGE('',*,*,#2071,.F.);
#935=ORIENTED_EDGE('',*,*,#2153,.F.);
#936=ORIENTED_EDGE('',*,*,#2154,.T.);
#937=ORIENTED_EDGE('',*,*,#2155,.T.);
#938=ORIENTED_EDGE('',*,*,#2064,.F.);
#939=ORIENTED_EDGE('',*,*,#2155,.F.);
#940=ORIENTED_EDGE('',*,*,#2156,.T.);
#941=ORIENTED_EDGE('',*,*,#2141,.T.);
#942=ORIENTED_EDGE('',*,*,#2142,.F.);
#943=ORIENTED_EDGE('',*,*,#2156,.F.);
#944=ORIENTED_EDGE('',*,*,#2154,.F.);
#945=ORIENTED_EDGE('',*,*,#2152,.F.);
#946=ORIENTED_EDGE('',*,*,#2150,.F.);
#947=ORIENTED_EDGE('',*,*,#2148,.F.);
#948=ORIENTED_EDGE('',*,*,#2146,.F.);
#949=ORIENTED_EDGE('',*,*,#2144,.F.);
#950=ORIENTED_EDGE('',*,*,#2057,.F.);
#951=ORIENTED_EDGE('',*,*,#2157,.F.);
#952=ORIENTED_EDGE('',*,*,#2158,.T.);
#953=ORIENTED_EDGE('',*,*,#2159,.T.);
#954=ORIENTED_EDGE('',*,*,#2058,.F.);
#955=ORIENTED_EDGE('',*,*,#2159,.F.);
#956=ORIENTED_EDGE('',*,*,#2160,.T.);
#957=ORIENTED_EDGE('',*,*,#2161,.T.);
#958=ORIENTED_EDGE('',*,*,#2059,.F.);
#959=ORIENTED_EDGE('',*,*,#2161,.F.);
#960=ORIENTED_EDGE('',*,*,#2162,.T.);
#961=ORIENTED_EDGE('',*,*,#2163,.T.);
#962=ORIENTED_EDGE('',*,*,#2060,.F.);
#963=ORIENTED_EDGE('',*,*,#2163,.F.);
#964=ORIENTED_EDGE('',*,*,#2164,.T.);
#965=ORIENTED_EDGE('',*,*,#2165,.T.);
#966=ORIENTED_EDGE('',*,*,#2061,.F.);
#967=ORIENTED_EDGE('',*,*,#2165,.F.);
#968=ORIENTED_EDGE('',*,*,#2166,.T.);
#969=ORIENTED_EDGE('',*,*,#2167,.T.);
#970=ORIENTED_EDGE('',*,*,#2062,.F.);
#971=ORIENTED_EDGE('',*,*,#2167,.F.);
#972=ORIENTED_EDGE('',*,*,#2168,.T.);
#973=ORIENTED_EDGE('',*,*,#2169,.T.);
#974=ORIENTED_EDGE('',*,*,#2063,.F.);
#975=ORIENTED_EDGE('',*,*,#2169,.F.);
#976=ORIENTED_EDGE('',*,*,#2170,.T.);
#977=ORIENTED_EDGE('',*,*,#2171,.T.);
#978=ORIENTED_EDGE('',*,*,#2056,.F.);
#979=ORIENTED_EDGE('',*,*,#2171,.F.);
#980=ORIENTED_EDGE('',*,*,#2172,.T.);
#981=ORIENTED_EDGE('',*,*,#2157,.T.);
#982=ORIENTED_EDGE('',*,*,#2158,.F.);
#983=ORIENTED_EDGE('',*,*,#2172,.F.);
#984=ORIENTED_EDGE('',*,*,#2170,.F.);
#985=ORIENTED_EDGE('',*,*,#2168,.F.);
#986=ORIENTED_EDGE('',*,*,#2166,.F.);
#987=ORIENTED_EDGE('',*,*,#2164,.F.);
#988=ORIENTED_EDGE('',*,*,#2162,.F.);
#989=ORIENTED_EDGE('',*,*,#2160,.F.);
#990=ORIENTED_EDGE('',*,*,#2049,.F.);
#991=ORIENTED_EDGE('',*,*,#2173,.F.);
#992=ORIENTED_EDGE('',*,*,#2174,.T.);
#993=ORIENTED_EDGE('',*,*,#2175,.T.);
#994=ORIENTED_EDGE('',*,*,#2050,.F.);
#995=ORIENTED_EDGE('',*,*,#2175,.F.);
#996=ORIENTED_EDGE('',*,*,#2176,.T.);
#997=ORIENTED_EDGE('',*,*,#2177,.T.);
#998=ORIENTED_EDGE('',*,*,#2051,.F.);
#999=ORIENTED_EDGE('',*,*,#2177,.F.);
#1000=ORIENTED_EDGE('',*,*,#2178,.T.);
#1001=ORIENTED_EDGE('',*,*,#2179,.T.);
#1002=ORIENTED_EDGE('',*,*,#2052,.F.);
#1003=ORIENTED_EDGE('',*,*,#2179,.F.);
#1004=ORIENTED_EDGE('',*,*,#2180,.T.);
#1005=ORIENTED_EDGE('',*,*,#2181,.T.);
#1006=ORIENTED_EDGE('',*,*,#2053,.F.);
#1007=ORIENTED_EDGE('',*,*,#2181,.F.);
#1008=ORIENTED_EDGE('',*,*,#2182,.T.);
#1009=ORIENTED_EDGE('',*,*,#2183,.T.);
#1010=ORIENTED_EDGE('',*,*,#2054,.F.);
#1011=ORIENTED_EDGE('',*,*,#2183,.F.);
#1012=ORIENTED_EDGE('',*,*,#2184,.T.);
#1013=ORIENTED_EDGE('',*,*,#2185,.T.);
#1014=ORIENTED_EDGE('',*,*,#2055,.F.);
#1015=ORIENTED_EDGE('',*,*,#2185,.F.);
#1016=ORIENTED_EDGE('',*,*,#2186,.T.);
#1017=ORIENTED_EDGE('',*,*,#2187,.T.);
#1018=ORIENTED_EDGE('',*,*,#2048,.F.);
#1019=ORIENTED_EDGE('',*,*,#2187,.F.);
#1020=ORIENTED_EDGE('',*,*,#2188,.T.);
#1021=ORIENTED_EDGE('',*,*,#2173,.T.);
#1022=ORIENTED_EDGE('',*,*,#2174,.F.);
#1023=ORIENTED_EDGE('',*,*,#2188,.F.);
#1024=ORIENTED_EDGE('',*,*,#2186,.F.);
#1025=ORIENTED_EDGE('',*,*,#2184,.F.);
#1026=ORIENTED_EDGE('',*,*,#2182,.F.);
#1027=ORIENTED_EDGE('',*,*,#2180,.F.);
#1028=ORIENTED_EDGE('',*,*,#2178,.F.);
#1029=ORIENTED_EDGE('',*,*,#2176,.F.);
#1030=ORIENTED_EDGE('',*,*,#2189,.F.);
#1031=ORIENTED_EDGE('',*,*,#2190,.F.);
#1032=ORIENTED_EDGE('',*,*,#2189,.T.);
#1033=ORIENTED_EDGE('',*,*,#2047,.T.);
#1034=ORIENTED_EDGE('',*,*,#2190,.T.);
#1035=ORIENTED_EDGE('',*,*,#2191,.F.);
#1036=ORIENTED_EDGE('',*,*,#2192,.F.);
#1037=ORIENTED_EDGE('',*,*,#2191,.T.);
#1038=ORIENTED_EDGE('',*,*,#2046,.T.);
#1039=ORIENTED_EDGE('',*,*,#2192,.T.);
#1040=ORIENTED_EDGE('',*,*,#2193,.T.);
#1041=ORIENTED_EDGE('',*,*,#2045,.T.);
#1042=ORIENTED_EDGE('',*,*,#2193,.F.);
#1043=ORIENTED_EDGE('',*,*,#2194,.T.);
#1044=ORIENTED_EDGE('',*,*,#2044,.T.);
#1045=ORIENTED_EDGE('',*,*,#2194,.F.);
#1046=ORIENTED_EDGE('',*,*,#2195,.T.);
#1047=ORIENTED_EDGE('',*,*,#1781,.F.);
#1048=ORIENTED_EDGE('',*,*,#2099,.F.);
#1049=ORIENTED_EDGE('',*,*,#1968,.F.);
#1050=ORIENTED_EDGE('',*,*,#1868,.F.);
#1051=ORIENTED_EDGE('',*,*,#2024,.F.);
#1052=ORIENTED_EDGE('',*,*,#2196,.T.);
#1053=ORIENTED_EDGE('',*,*,#2197,.F.);
#1054=ORIENTED_EDGE('',*,*,#1966,.F.);
#1055=ORIENTED_EDGE('',*,*,#2198,.F.);
#1056=ORIENTED_EDGE('',*,*,#2199,.F.);
#1057=ORIENTED_EDGE('',*,*,#2200,.F.);
#1058=ORIENTED_EDGE('',*,*,#1949,.F.);
#1059=ORIENTED_EDGE('',*,*,#2201,.F.);
#1060=ORIENTED_EDGE('',*,*,#2202,.T.);
#1061=ORIENTED_EDGE('',*,*,#2027,.F.);
#1062=ORIENTED_EDGE('',*,*,#1863,.F.);
#1063=ORIENTED_EDGE('',*,*,#1946,.F.);
#1064=ORIENTED_EDGE('',*,*,#2098,.F.);
#1065=ORIENTED_EDGE('',*,*,#1771,.T.);
#1066=ORIENTED_EDGE('',*,*,#2203,.T.);
#1067=ORIENTED_EDGE('',*,*,#2204,.T.);
#1068=ORIENTED_EDGE('',*,*,#1775,.F.);
#1069=ORIENTED_EDGE('',*,*,#1861,.F.);
#1070=ORIENTED_EDGE('',*,*,#1784,.F.);
#1071=ORIENTED_EDGE('',*,*,#2203,.F.);
#1072=ORIENTED_EDGE('',*,*,#1860,.T.);
#1073=ORIENTED_EDGE('',*,*,#2010,.T.);
#1074=ORIENTED_EDGE('',*,*,#2205,.T.);
#1075=ORIENTED_EDGE('',*,*,#1785,.F.);
#1076=ORIENTED_EDGE('',*,*,#2205,.F.);
#1077=ORIENTED_EDGE('',*,*,#2009,.T.);
#1078=ORIENTED_EDGE('',*,*,#2206,.T.);
#1079=ORIENTED_EDGE('',*,*,#1786,.T.);
#1080=ORIENTED_EDGE('',*,*,#2206,.F.);
#1081=ORIENTED_EDGE('',*,*,#2014,.F.);
#1082=ORIENTED_EDGE('',*,*,#2207,.T.);
#1083=ORIENTED_EDGE('',*,*,#1787,.F.);
#1084=ORIENTED_EDGE('',*,*,#2207,.F.);
#1085=ORIENTED_EDGE('',*,*,#2013,.T.);
#1086=ORIENTED_EDGE('',*,*,#1941,.T.);
#1087=ORIENTED_EDGE('',*,*,#1789,.F.);
#1088=ORIENTED_EDGE('',*,*,#1940,.F.);
#1089=ORIENTED_EDGE('',*,*,#2034,.T.);
#1090=ORIENTED_EDGE('',*,*,#2208,.T.);
#1091=ORIENTED_EDGE('',*,*,#1790,.T.);
#1092=ORIENTED_EDGE('',*,*,#2208,.F.);
#1093=ORIENTED_EDGE('',*,*,#2033,.F.);
#1094=ORIENTED_EDGE('',*,*,#2209,.T.);
#1095=ORIENTED_EDGE('',*,*,#1791,.F.);
#1096=ORIENTED_EDGE('',*,*,#2209,.F.);
#1097=ORIENTED_EDGE('',*,*,#2039,.T.);
#1098=ORIENTED_EDGE('',*,*,#2210,.T.);
#1099=ORIENTED_EDGE('',*,*,#1792,.F.);
#1100=ORIENTED_EDGE('',*,*,#2210,.F.);
#1101=ORIENTED_EDGE('',*,*,#2038,.T.);
#1102=ORIENTED_EDGE('',*,*,#1848,.T.);
#1103=ORIENTED_EDGE('',*,*,#2211,.T.);
#1104=ORIENTED_EDGE('',*,*,#2212,.T.);
#1105=ORIENTED_EDGE('',*,*,#2213,.T.);
#1106=ORIENTED_EDGE('',*,*,#2211,.F.);
#1107=ORIENTED_EDGE('',*,*,#1847,.F.);
#1108=ORIENTED_EDGE('',*,*,#2214,.F.);
#1109=ORIENTED_EDGE('',*,*,#2212,.F.);
#1110=ORIENTED_EDGE('',*,*,#1846,.F.);
#1111=ORIENTED_EDGE('',*,*,#2215,.T.);
#1112=ORIENTED_EDGE('',*,*,#2105,.F.);
#1113=ORIENTED_EDGE('',*,*,#1752,.T.);
#1114=ORIENTED_EDGE('',*,*,#2216,.F.);
#1115=ORIENTED_EDGE('',*,*,#1750,.F.);
#1116=ORIENTED_EDGE('',*,*,#2106,.T.);
#1117=ORIENTED_EDGE('',*,*,#2217,.T.);
#1118=ORIENTED_EDGE('',*,*,#1844,.F.);
#1119=ORIENTED_EDGE('',*,*,#2218,.T.);
#1120=ORIENTED_EDGE('',*,*,#2219,.T.);
#1121=ORIENTED_EDGE('',*,*,#2220,.T.);
#1122=ORIENTED_EDGE('',*,*,#2218,.F.);
#1123=ORIENTED_EDGE('',*,*,#1843,.F.);
#1124=ORIENTED_EDGE('',*,*,#1794,.F.);
#1125=ORIENTED_EDGE('',*,*,#2219,.F.);
#1126=ORIENTED_EDGE('',*,*,#1842,.T.);
#1127=ORIENTED_EDGE('',*,*,#1923,.T.);
#1128=ORIENTED_EDGE('',*,*,#2221,.T.);
#1129=ORIENTED_EDGE('',*,*,#1795,.F.);
#1130=ORIENTED_EDGE('',*,*,#2221,.F.);
#1131=ORIENTED_EDGE('',*,*,#1922,.T.);
#1132=ORIENTED_EDGE('',*,*,#2222,.T.);
#1133=ORIENTED_EDGE('',*,*,#1796,.T.);
#1134=ORIENTED_EDGE('',*,*,#2222,.F.);
#1135=ORIENTED_EDGE('',*,*,#1929,.F.);
#1136=ORIENTED_EDGE('',*,*,#2223,.T.);
#1137=ORIENTED_EDGE('',*,*,#1797,.F.);
#1138=ORIENTED_EDGE('',*,*,#2223,.F.);
#1139=ORIENTED_EDGE('',*,*,#1928,.T.);
#1140=ORIENTED_EDGE('',*,*,#1978,.T.);
#1141=ORIENTED_EDGE('',*,*,#1799,.F.);
#1142=ORIENTED_EDGE('',*,*,#1977,.F.);
#1143=ORIENTED_EDGE('',*,*,#2020,.T.);
#1144=ORIENTED_EDGE('',*,*,#2224,.T.);
#1145=ORIENTED_EDGE('',*,*,#1800,.T.);
#1146=ORIENTED_EDGE('',*,*,#2224,.F.);
#1147=ORIENTED_EDGE('',*,*,#2019,.F.);
#1148=ORIENTED_EDGE('',*,*,#1836,.F.);
#1149=ORIENTED_EDGE('',*,*,#2225,.T.);
#1150=ORIENTED_EDGE('',*,*,#1801,.F.);
#1151=ORIENTED_EDGE('',*,*,#2225,.F.);
#1152=ORIENTED_EDGE('',*,*,#1835,.T.);
#1153=ORIENTED_EDGE('',*,*,#2226,.T.);
#1154=ORIENTED_EDGE('',*,*,#1802,.T.);
#1155=ORIENTED_EDGE('',*,*,#2226,.F.);
#1156=ORIENTED_EDGE('',*,*,#1834,.F.);
#1157=ORIENTED_EDGE('',*,*,#2227,.T.);
#1158=ORIENTED_EDGE('',*,*,#1804,.F.);
#1159=ORIENTED_EDGE('',*,*,#2228,.F.);
#1160=ORIENTED_EDGE('',*,*,#2229,.F.);
#1161=ORIENTED_EDGE('',*,*,#2230,.T.);
#1162=ORIENTED_EDGE('',*,*,#1832,.T.);
#1163=ORIENTED_EDGE('',*,*,#2231,.T.);
#1164=ORIENTED_EDGE('',*,*,#1805,.F.);
#1165=ORIENTED_EDGE('',*,*,#2231,.F.);
#1166=ORIENTED_EDGE('',*,*,#1831,.T.);
#1167=ORIENTED_EDGE('',*,*,#2002,.T.);
#1168=ORIENTED_EDGE('',*,*,#2232,.T.);
#1169=ORIENTED_EDGE('',*,*,#1782,.F.);
#1170=ORIENTED_EDGE('',*,*,#2232,.F.);
#1171=ORIENTED_EDGE('',*,*,#2001,.T.);
#1172=ORIENTED_EDGE('',*,*,#1825,.T.);
#1173=ORIENTED_EDGE('',*,*,#2233,.T.);
#1174=ORIENTED_EDGE('',*,*,#1777,.T.);
#1175=ORIENTED_EDGE('',*,*,#2234,.T.);
#1176=ORIENTED_EDGE('',*,*,#2233,.F.);
#1177=ORIENTED_EDGE('',*,*,#1824,.F.);
#1178=ORIENTED_EDGE('',*,*,#2235,.T.);
#1179=ORIENTED_EDGE('',*,*,#1912,.T.);
#1180=ORIENTED_EDGE('',*,*,#2236,.T.);
#1181=ORIENTED_EDGE('',*,*,#1883,.F.);
#1182=ORIENTED_EDGE('',*,*,#2215,.F.);
#1183=ORIENTED_EDGE('',*,*,#1845,.T.);
#1184=ORIENTED_EDGE('',*,*,#2217,.F.);
#1185=ORIENTED_EDGE('',*,*,#1871,.F.);
#1186=ORIENTED_EDGE('',*,*,#1760,.F.);
#1187=ORIENTED_EDGE('',*,*,#1934,.F.);
#1188=ORIENTED_EDGE('',*,*,#1884,.T.);
#1189=ORIENTED_EDGE('',*,*,#2237,.T.);
#1190=ORIENTED_EDGE('',*,*,#1761,.F.);
#1191=ORIENTED_EDGE('',*,*,#2237,.F.);
#1192=ORIENTED_EDGE('',*,*,#1895,.T.);
#1193=ORIENTED_EDGE('',*,*,#2238,.T.);
#1194=ORIENTED_EDGE('',*,*,#1762,.F.);
#1195=ORIENTED_EDGE('',*,*,#2238,.F.);
#1196=ORIENTED_EDGE('',*,*,#1894,.T.);
#1197=ORIENTED_EDGE('',*,*,#1985,.T.);
#1198=ORIENTED_EDGE('',*,*,#1764,.F.);
#1199=ORIENTED_EDGE('',*,*,#1984,.F.);
#1200=ORIENTED_EDGE('',*,*,#2103,.T.);
#1201=ORIENTED_EDGE('',*,*,#2239,.T.);
#1202=ORIENTED_EDGE('',*,*,#1765,.T.);
#1203=ORIENTED_EDGE('',*,*,#2239,.F.);
#1204=ORIENTED_EDGE('',*,*,#2104,.F.);
#1205=ORIENTED_EDGE('',*,*,#2235,.F.);
#1206=ORIENTED_EDGE('',*,*,#1870,.T.);
#1207=ORIENTED_EDGE('',*,*,#1757,.T.);
#1208=ORIENTED_EDGE('',*,*,#1877,.F.);
#1209=ORIENTED_EDGE('',*,*,#2236,.F.);
#1210=ORIENTED_EDGE('',*,*,#1897,.F.);
#1211=ORIENTED_EDGE('',*,*,#2240,.T.);
#1212=ORIENTED_EDGE('',*,*,#1758,.F.);
#1213=ORIENTED_EDGE('',*,*,#2240,.F.);
#1214=ORIENTED_EDGE('',*,*,#1896,.T.);
#1215=ORIENTED_EDGE('',*,*,#1935,.T.);
#1216=ORIENTED_EDGE('',*,*,#1902,.F.);
#1217=ORIENTED_EDGE('',*,*,#2241,.F.);
#1218=ORIENTED_EDGE('',*,*,#2022,.T.);
#1219=ORIENTED_EDGE('',*,*,#1779,.T.);
#1220=ORIENTED_EDGE('',*,*,#1862,.F.);
#1221=ORIENTED_EDGE('',*,*,#1773,.T.);
#1222=ORIENTED_EDGE('',*,*,#2029,.T.);
#1223=ORIENTED_EDGE('',*,*,#2242,.F.);
#1224=ORIENTED_EDGE('',*,*,#2200,.T.);
#1225=ORIENTED_EDGE('',*,*,#2243,.F.);
#1226=ORIENTED_EDGE('',*,*,#1807,.F.);
#1227=ORIENTED_EDGE('',*,*,#1950,.T.);
#1228=ORIENTED_EDGE('',*,*,#2199,.T.);
#1229=ORIENTED_EDGE('',*,*,#2244,.F.);
#1230=ORIENTED_EDGE('',*,*,#1808,.F.);
#1231=ORIENTED_EDGE('',*,*,#2243,.T.);
#1232=ORIENTED_EDGE('',*,*,#2198,.T.);
#1233=ORIENTED_EDGE('',*,*,#1965,.F.);
#1234=ORIENTED_EDGE('',*,*,#1809,.F.);
#1235=ORIENTED_EDGE('',*,*,#2244,.T.);
#1236=ORIENTED_EDGE('',*,*,#2197,.T.);
#1237=ORIENTED_EDGE('',*,*,#2245,.F.);
#1238=ORIENTED_EDGE('',*,*,#1819,.F.);
#1239=ORIENTED_EDGE('',*,*,#1967,.T.);
#1240=ORIENTED_EDGE('',*,*,#2196,.F.);
#1241=ORIENTED_EDGE('',*,*,#2023,.F.);
#1242=ORIENTED_EDGE('',*,*,#2241,.T.);
#1243=ORIENTED_EDGE('',*,*,#1820,.T.);
#1244=ORIENTED_EDGE('',*,*,#2245,.T.);
#1245=ORIENTED_EDGE('',*,*,#2202,.F.);
#1246=ORIENTED_EDGE('',*,*,#2246,.F.);
#1247=ORIENTED_EDGE('',*,*,#2100,.T.);
#1248=ORIENTED_EDGE('',*,*,#2242,.T.);
#1249=ORIENTED_EDGE('',*,*,#2028,.T.);
#1250=ORIENTED_EDGE('',*,*,#2201,.T.);
#1251=ORIENTED_EDGE('',*,*,#1948,.F.);
#1252=ORIENTED_EDGE('',*,*,#2101,.F.);
#1253=ORIENTED_EDGE('',*,*,#2246,.T.);
#1254=ORIENTED_EDGE('',*,*,#2214,.T.);
#1255=ORIENTED_EDGE('',*,*,#1751,.T.);
#1256=ORIENTED_EDGE('',*,*,#2216,.T.);
#1257=ORIENTED_EDGE('',*,*,#2220,.F.);
#1258=ORIENTED_EDGE('',*,*,#1793,.F.);
#1259=ORIENTED_EDGE('',*,*,#2213,.F.);
#1260=ORIENTED_EDGE('',*,*,#1770,.T.);
#1261=ORIENTED_EDGE('',*,*,#2204,.F.);
#1262=ORIENTED_EDGE('',*,*,#1783,.T.);
#1263=ORIENTED_EDGE('',*,*,#2234,.F.);
#1264=ORIENTED_EDGE('',*,*,#1776,.T.);
#1265=ORIENTED_EDGE('',*,*,#2195,.F.);
#1266=ORIENTED_EDGE('',*,*,#2247,.T.);
#1267=ORIENTED_EDGE('',*,*,#1833,.T.);
#1268=ORIENTED_EDGE('',*,*,#2230,.F.);
#1269=ORIENTED_EDGE('',*,*,#2248,.T.);
#1270=ORIENTED_EDGE('',*,*,#2249,.F.);
#1271=ORIENTED_EDGE('',*,*,#2250,.F.);
#1272=ORIENTED_EDGE('',*,*,#2228,.T.);
#1273=ORIENTED_EDGE('',*,*,#1803,.F.);
#1274=ORIENTED_EDGE('',*,*,#2227,.F.);
#1275=ORIENTED_EDGE('',*,*,#2247,.F.);
#1276=ORIENTED_EDGE('',*,*,#2251,.T.);
#1277=ORIENTED_EDGE('',*,*,#2252,.T.);
#1278=ORIENTED_EDGE('',*,*,#2253,.F.);
#1279=ORIENTED_EDGE('',*,*,#2249,.T.);
#1280=ORIENTED_EDGE('',*,*,#2254,.F.);
#1281=ORIENTED_EDGE('',*,*,#2255,.F.);
#1282=ORIENTED_EDGE('',*,*,#2256,.T.);
#1283=ORIENTED_EDGE('',*,*,#2257,.F.);
#1284=ORIENTED_EDGE('',*,*,#2258,.T.);
#1285=ORIENTED_EDGE('',*,*,#2259,.T.);
#1286=ORIENTED_EDGE('',*,*,#2260,.T.);
#1287=ORIENTED_EDGE('',*,*,#2261,.T.);
#1288=ORIENTED_EDGE('',*,*,#2262,.T.);
#1289=ORIENTED_EDGE('',*,*,#2263,.F.);
#1290=ORIENTED_EDGE('',*,*,#2264,.T.);
#1291=ORIENTED_EDGE('',*,*,#2265,.T.);
#1292=ORIENTED_EDGE('',*,*,#2266,.F.);
#1293=ORIENTED_EDGE('',*,*,#2267,.F.);
#1294=ORIENTED_EDGE('',*,*,#2268,.F.);
#1295=ORIENTED_EDGE('',*,*,#2269,.T.);
#1296=ORIENTED_EDGE('',*,*,#2270,.F.);
#1297=ORIENTED_EDGE('',*,*,#2271,.F.);
#1298=ORIENTED_EDGE('',*,*,#2272,.F.);
#1299=ORIENTED_EDGE('',*,*,#2273,.F.);
#1300=ORIENTED_EDGE('',*,*,#2274,.F.);
#1301=ORIENTED_EDGE('',*,*,#2275,.T.);
#1302=ORIENTED_EDGE('',*,*,#2276,.T.);
#1303=ORIENTED_EDGE('',*,*,#2277,.T.);
#1304=ORIENTED_EDGE('',*,*,#2278,.F.);
#1305=ORIENTED_EDGE('',*,*,#2277,.F.);
#1306=ORIENTED_EDGE('',*,*,#2279,.T.);
#1307=ORIENTED_EDGE('',*,*,#2280,.T.);
#1308=ORIENTED_EDGE('',*,*,#2281,.F.);
#1309=ORIENTED_EDGE('',*,*,#2280,.F.);
#1310=ORIENTED_EDGE('',*,*,#2282,.T.);
#1311=ORIENTED_EDGE('',*,*,#2229,.T.);
#1312=ORIENTED_EDGE('',*,*,#2283,.T.);
#1313=ORIENTED_EDGE('',*,*,#2252,.F.);
#1314=ORIENTED_EDGE('',*,*,#2284,.F.);
#1315=ORIENTED_EDGE('',*,*,#2255,.T.);
#1316=ORIENTED_EDGE('',*,*,#2256,.F.);
#1317=ORIENTED_EDGE('',*,*,#2284,.T.);
#1318=ORIENTED_EDGE('',*,*,#2251,.F.);
#1319=ORIENTED_EDGE('',*,*,#2248,.F.);
#1320=ORIENTED_EDGE('',*,*,#2282,.F.);
#1321=ORIENTED_EDGE('',*,*,#2279,.F.);
#1322=ORIENTED_EDGE('',*,*,#2276,.F.);
#1323=ORIENTED_EDGE('',*,*,#2285,.T.);
#1324=ORIENTED_EDGE('',*,*,#2254,.T.);
#1325=ORIENTED_EDGE('',*,*,#2286,.F.);
#1326=ORIENTED_EDGE('',*,*,#2266,.T.);
#1327=ORIENTED_EDGE('',*,*,#2278,.T.);
#1328=ORIENTED_EDGE('',*,*,#2281,.T.);
#1329=ORIENTED_EDGE('',*,*,#2250,.T.);
#1330=ORIENTED_EDGE('',*,*,#2253,.T.);
#1331=ORIENTED_EDGE('',*,*,#2283,.F.);
#1332=ORIENTED_EDGE('',*,*,#2257,.T.);
#1333=ORIENTED_EDGE('',*,*,#2285,.F.);
#1334=ORIENTED_EDGE('',*,*,#2275,.F.);
#1335=ORIENTED_EDGE('',*,*,#2287,.T.);
#1336=ORIENTED_EDGE('',*,*,#2258,.F.);
#1337=ORIENTED_EDGE('',*,*,#2287,.F.);
#1338=ORIENTED_EDGE('',*,*,#2274,.T.);
#1339=ORIENTED_EDGE('',*,*,#2288,.T.);
#1340=ORIENTED_EDGE('',*,*,#2259,.F.);
#1341=ORIENTED_EDGE('',*,*,#2288,.F.);
#1342=ORIENTED_EDGE('',*,*,#2273,.T.);
#1343=ORIENTED_EDGE('',*,*,#2289,.T.);
#1344=ORIENTED_EDGE('',*,*,#2260,.F.);
#1345=ORIENTED_EDGE('',*,*,#2289,.F.);
#1346=ORIENTED_EDGE('',*,*,#2272,.T.);
#1347=ORIENTED_EDGE('',*,*,#2290,.T.);
#1348=ORIENTED_EDGE('',*,*,#2261,.F.);
#1349=ORIENTED_EDGE('',*,*,#2290,.F.);
#1350=ORIENTED_EDGE('',*,*,#2271,.T.);
#1351=ORIENTED_EDGE('',*,*,#2291,.T.);
#1352=ORIENTED_EDGE('',*,*,#2262,.F.);
#1353=ORIENTED_EDGE('',*,*,#2291,.F.);
#1354=ORIENTED_EDGE('',*,*,#2270,.T.);
#1355=ORIENTED_EDGE('',*,*,#2292,.T.);
#1356=ORIENTED_EDGE('',*,*,#2263,.T.);
#1357=ORIENTED_EDGE('',*,*,#2292,.F.);
#1358=ORIENTED_EDGE('',*,*,#2269,.F.);
#1359=ORIENTED_EDGE('',*,*,#2293,.T.);
#1360=ORIENTED_EDGE('',*,*,#2264,.F.);
#1361=ORIENTED_EDGE('',*,*,#2293,.F.);
#1362=ORIENTED_EDGE('',*,*,#2268,.T.);
#1363=ORIENTED_EDGE('',*,*,#2294,.T.);
#1364=ORIENTED_EDGE('',*,*,#2265,.F.);
#1365=ORIENTED_EDGE('',*,*,#2294,.F.);
#1366=ORIENTED_EDGE('',*,*,#2267,.T.);
#1367=ORIENTED_EDGE('',*,*,#2286,.T.);
#1368=ORIENTED_EDGE('',*,*,#2295,.T.);
#1369=ORIENTED_EDGE('',*,*,#2296,.F.);
#1370=ORIENTED_EDGE('',*,*,#2297,.F.);
#1371=ORIENTED_EDGE('',*,*,#2041,.T.);
#1372=ORIENTED_EDGE('',*,*,#2298,.F.);
#1373=ORIENTED_EDGE('',*,*,#2299,.F.);
#1374=ORIENTED_EDGE('',*,*,#2300,.T.);
#1375=ORIENTED_EDGE('',*,*,#2296,.T.);
#1376=ORIENTED_EDGE('',*,*,#2301,.T.);
#1377=ORIENTED_EDGE('',*,*,#2302,.F.);
#1378=ORIENTED_EDGE('',*,*,#2303,.F.);
#1379=ORIENTED_EDGE('',*,*,#2299,.T.);
#1380=ORIENTED_EDGE('',*,*,#2304,.F.);
#1381=ORIENTED_EDGE('',*,*,#2305,.F.);
#1382=ORIENTED_EDGE('',*,*,#2306,.T.);
#1383=ORIENTED_EDGE('',*,*,#2302,.T.);
#1384=ORIENTED_EDGE('',*,*,#2307,.F.);
#1385=ORIENTED_EDGE('',*,*,#2308,.F.);
#1386=ORIENTED_EDGE('',*,*,#2309,.T.);
#1387=ORIENTED_EDGE('',*,*,#2305,.T.);
#1388=ORIENTED_EDGE('',*,*,#2310,.F.);
#1389=ORIENTED_EDGE('',*,*,#2311,.F.);
#1390=ORIENTED_EDGE('',*,*,#2312,.T.);
#1391=ORIENTED_EDGE('',*,*,#2308,.T.);
#1392=ORIENTED_EDGE('',*,*,#2313,.F.);
#1393=ORIENTED_EDGE('',*,*,#2314,.F.);
#1394=ORIENTED_EDGE('',*,*,#2315,.T.);
#1395=ORIENTED_EDGE('',*,*,#2311,.T.);
#1396=ORIENTED_EDGE('',*,*,#2316,.F.);
#1397=ORIENTED_EDGE('',*,*,#2317,.F.);
#1398=ORIENTED_EDGE('',*,*,#2318,.T.);
#1399=ORIENTED_EDGE('',*,*,#2314,.T.);
#1400=ORIENTED_EDGE('',*,*,#2124,.F.);
#1401=ORIENTED_EDGE('',*,*,#1747,.F.);
#1402=ORIENTED_EDGE('',*,*,#2123,.T.);
#1403=ORIENTED_EDGE('',*,*,#2319,.T.);
#1404=ORIENTED_EDGE('',*,*,#2317,.T.);
#1405=ORIENTED_EDGE('',*,*,#2320,.F.);
#1406=ORIENTED_EDGE('',*,*,#1959,.F.);
#1407=ORIENTED_EDGE('',*,*,#2320,.T.);
#1408=ORIENTED_EDGE('',*,*,#2316,.T.);
#1409=ORIENTED_EDGE('',*,*,#2313,.T.);
#1410=ORIENTED_EDGE('',*,*,#2310,.T.);
#1411=ORIENTED_EDGE('',*,*,#2307,.T.);
#1412=ORIENTED_EDGE('',*,*,#2304,.T.);
#1413=ORIENTED_EDGE('',*,*,#2301,.F.);
#1414=ORIENTED_EDGE('',*,*,#2298,.T.);
#1415=ORIENTED_EDGE('',*,*,#2295,.F.);
#1416=ORIENTED_EDGE('',*,*,#2319,.F.);
#1417=ORIENTED_EDGE('',*,*,#1988,.T.);
#1418=ORIENTED_EDGE('',*,*,#2297,.T.);
#1419=ORIENTED_EDGE('',*,*,#2300,.F.);
#1420=ORIENTED_EDGE('',*,*,#2303,.T.);
#1421=ORIENTED_EDGE('',*,*,#2306,.F.);
#1422=ORIENTED_EDGE('',*,*,#2309,.F.);
#1423=ORIENTED_EDGE('',*,*,#2312,.F.);
#1424=ORIENTED_EDGE('',*,*,#2315,.F.);
#1425=ORIENTED_EDGE('',*,*,#2318,.F.);
#1426=ORIENTED_EDGE('',*,*,#2321,.T.);
#1427=ORIENTED_EDGE('',*,*,#1739,.T.);
#1428=ORIENTED_EDGE('',*,*,#2122,.F.);
#1429=ORIENTED_EDGE('',*,*,#1743,.F.);
#1430=ORIENTED_EDGE('',*,*,#2322,.F.);
#1431=ORIENTED_EDGE('',*,*,#2323,.T.);
#1432=ORIENTED_EDGE('',*,*,#2324,.T.);
#1433=ORIENTED_EDGE('',*,*,#2323,.F.);
#1434=ORIENTED_EDGE('',*,*,#2325,.F.);
#1435=ORIENTED_EDGE('',*,*,#2326,.T.);
#1436=ORIENTED_EDGE('',*,*,#2327,.T.);
#1437=ORIENTED_EDGE('',*,*,#2326,.F.);
#1438=ORIENTED_EDGE('',*,*,#2328,.F.);
#1439=ORIENTED_EDGE('',*,*,#2329,.T.);
#1440=ORIENTED_EDGE('',*,*,#2330,.T.);
#1441=ORIENTED_EDGE('',*,*,#2329,.F.);
#1442=ORIENTED_EDGE('',*,*,#2331,.F.);
#1443=ORIENTED_EDGE('',*,*,#2332,.T.);
#1444=ORIENTED_EDGE('',*,*,#2333,.T.);
#1445=ORIENTED_EDGE('',*,*,#2332,.F.);
#1446=ORIENTED_EDGE('',*,*,#2334,.F.);
#1447=ORIENTED_EDGE('',*,*,#2335,.T.);
#1448=ORIENTED_EDGE('',*,*,#2336,.T.);
#1449=ORIENTED_EDGE('',*,*,#2335,.F.);
#1450=ORIENTED_EDGE('',*,*,#2337,.F.);
#1451=ORIENTED_EDGE('',*,*,#2338,.T.);
#1452=ORIENTED_EDGE('',*,*,#2339,.F.);
#1453=ORIENTED_EDGE('',*,*,#2338,.F.);
#1454=ORIENTED_EDGE('',*,*,#2340,.T.);
#1455=ORIENTED_EDGE('',*,*,#2341,.T.);
#1456=ORIENTED_EDGE('',*,*,#2342,.T.);
#1457=ORIENTED_EDGE('',*,*,#2341,.F.);
#1458=ORIENTED_EDGE('',*,*,#2343,.F.);
#1459=ORIENTED_EDGE('',*,*,#2344,.T.);
#1460=ORIENTED_EDGE('',*,*,#2345,.F.);
#1461=ORIENTED_EDGE('',*,*,#2344,.F.);
#1462=ORIENTED_EDGE('',*,*,#2346,.T.);
#1463=ORIENTED_EDGE('',*,*,#2082,.T.);
#1464=ORIENTED_EDGE('',*,*,#2345,.T.);
#1465=ORIENTED_EDGE('',*,*,#1993,.T.);
#1466=ORIENTED_EDGE('',*,*,#2321,.F.);
#1467=ORIENTED_EDGE('',*,*,#2324,.F.);
#1468=ORIENTED_EDGE('',*,*,#2327,.F.);
#1469=ORIENTED_EDGE('',*,*,#2330,.F.);
#1470=ORIENTED_EDGE('',*,*,#2333,.F.);
#1471=ORIENTED_EDGE('',*,*,#2336,.F.);
#1472=ORIENTED_EDGE('',*,*,#2339,.T.);
#1473=ORIENTED_EDGE('',*,*,#2342,.F.);
#1474=ORIENTED_EDGE('',*,*,#1962,.F.);
#1475=ORIENTED_EDGE('',*,*,#2346,.F.);
#1476=ORIENTED_EDGE('',*,*,#2343,.T.);
#1477=ORIENTED_EDGE('',*,*,#2340,.F.);
#1478=ORIENTED_EDGE('',*,*,#2337,.T.);
#1479=ORIENTED_EDGE('',*,*,#2334,.T.);
#1480=ORIENTED_EDGE('',*,*,#2331,.T.);
#1481=ORIENTED_EDGE('',*,*,#2328,.T.);
#1482=ORIENTED_EDGE('',*,*,#2325,.T.);
#1483=ORIENTED_EDGE('',*,*,#2322,.T.);
#1484=ORIENTED_EDGE('',*,*,#1990,.F.);
#1485=ORIENTED_EDGE('',*,*,#2347,.T.);
#1486=ORIENTED_EDGE('',*,*,#2348,.T.);
#1487=ORIENTED_EDGE('',*,*,#2349,.T.);
#1488=ORIENTED_EDGE('',*,*,#2350,.T.);
#1489=ORIENTED_EDGE('',*,*,#2351,.T.);
#1490=ORIENTED_EDGE('',*,*,#2352,.T.);
#1491=ORIENTED_EDGE('',*,*,#2353,.F.);
#1492=ORIENTED_EDGE('',*,*,#2354,.T.);
#1493=ORIENTED_EDGE('',*,*,#2355,.F.);
#1494=ORIENTED_EDGE('',*,*,#2356,.F.);
#1495=ORIENTED_EDGE('',*,*,#1992,.T.);
#1496=ORIENTED_EDGE('',*,*,#2357,.T.);
#1497=ORIENTED_EDGE('',*,*,#2358,.F.);
#1498=ORIENTED_EDGE('',*,*,#2359,.T.);
#1499=ORIENTED_EDGE('',*,*,#2360,.F.);
#1500=ORIENTED_EDGE('',*,*,#2361,.F.);
#1501=ORIENTED_EDGE('',*,*,#2362,.F.);
#1502=ORIENTED_EDGE('',*,*,#2363,.F.);
#1503=ORIENTED_EDGE('',*,*,#2364,.F.);
#1504=ORIENTED_EDGE('',*,*,#1729,.T.);
#1505=ORIENTED_EDGE('',*,*,#2356,.T.);
#1506=ORIENTED_EDGE('',*,*,#2365,.F.);
#1507=ORIENTED_EDGE('',*,*,#2347,.F.);
#1508=ORIENTED_EDGE('',*,*,#1733,.F.);
#1509=ORIENTED_EDGE('',*,*,#1736,.T.);
#1510=ORIENTED_EDGE('',*,*,#2364,.T.);
#1511=ORIENTED_EDGE('',*,*,#2366,.F.);
#1512=ORIENTED_EDGE('',*,*,#2348,.F.);
#1513=ORIENTED_EDGE('',*,*,#2365,.T.);
#1514=ORIENTED_EDGE('',*,*,#2363,.T.);
#1515=ORIENTED_EDGE('',*,*,#2367,.F.);
#1516=ORIENTED_EDGE('',*,*,#2349,.F.);
#1517=ORIENTED_EDGE('',*,*,#2366,.T.);
#1518=ORIENTED_EDGE('',*,*,#2362,.T.);
#1519=ORIENTED_EDGE('',*,*,#2368,.F.);
#1520=ORIENTED_EDGE('',*,*,#2350,.F.);
#1521=ORIENTED_EDGE('',*,*,#2367,.T.);
#1522=ORIENTED_EDGE('',*,*,#2361,.T.);
#1523=ORIENTED_EDGE('',*,*,#2369,.F.);
#1524=ORIENTED_EDGE('',*,*,#2351,.F.);
#1525=ORIENTED_EDGE('',*,*,#2368,.T.);
#1526=ORIENTED_EDGE('',*,*,#2360,.T.);
#1527=ORIENTED_EDGE('',*,*,#2370,.F.);
#1528=ORIENTED_EDGE('',*,*,#2352,.F.);
#1529=ORIENTED_EDGE('',*,*,#2369,.T.);
#1530=ORIENTED_EDGE('',*,*,#2359,.F.);
#1531=ORIENTED_EDGE('',*,*,#2371,.F.);
#1532=ORIENTED_EDGE('',*,*,#2353,.T.);
#1533=ORIENTED_EDGE('',*,*,#2370,.T.);
#1534=ORIENTED_EDGE('',*,*,#2358,.T.);
#1535=ORIENTED_EDGE('',*,*,#2372,.F.);
#1536=ORIENTED_EDGE('',*,*,#2354,.F.);
#1537=ORIENTED_EDGE('',*,*,#2371,.T.);
#1538=ORIENTED_EDGE('',*,*,#2357,.F.);
#1539=ORIENTED_EDGE('',*,*,#2042,.T.);
#1540=ORIENTED_EDGE('',*,*,#2355,.T.);
#1541=ORIENTED_EDGE('',*,*,#2372,.T.);
#1542=ORIENTED_EDGE('',*,*,#2373,.F.);
#1543=ORIENTED_EDGE('',*,*,#2374,.T.);
#1544=ORIENTED_EDGE('',*,*,#2375,.T.);
#1545=ORIENTED_EDGE('',*,*,#2376,.F.);
#1546=ORIENTED_EDGE('',*,*,#2377,.F.);
#1547=ORIENTED_EDGE('',*,*,#2378,.F.);
#1548=ORIENTED_EDGE('',*,*,#2379,.T.);
#1549=ORIENTED_EDGE('',*,*,#2380,.T.);
#1550=ORIENTED_EDGE('',*,*,#2381,.F.);
#1551=ORIENTED_EDGE('',*,*,#2380,.F.);
#1552=ORIENTED_EDGE('',*,*,#2382,.T.);
#1553=ORIENTED_EDGE('',*,*,#2383,.T.);
#1554=ORIENTED_EDGE('',*,*,#2384,.F.);
#1555=ORIENTED_EDGE('',*,*,#2383,.F.);
#1556=ORIENTED_EDGE('',*,*,#2385,.T.);
#1557=ORIENTED_EDGE('',*,*,#2386,.T.);
#1558=ORIENTED_EDGE('',*,*,#2375,.F.);
#1559=ORIENTED_EDGE('',*,*,#2387,.F.);
#1560=ORIENTED_EDGE('',*,*,#2386,.F.);
#1561=ORIENTED_EDGE('',*,*,#2388,.T.);
#1562=ORIENTED_EDGE('',*,*,#2389,.T.);
#1563=ORIENTED_EDGE('',*,*,#2390,.F.);
#1564=ORIENTED_EDGE('',*,*,#2391,.T.);
#1565=ORIENTED_EDGE('',*,*,#2392,.T.);
#1566=ORIENTED_EDGE('',*,*,#2376,.T.);
#1567=ORIENTED_EDGE('',*,*,#2389,.F.);
#1568=ORIENTED_EDGE('',*,*,#2393,.T.);
#1569=ORIENTED_EDGE('',*,*,#2394,.T.);
#1570=ORIENTED_EDGE('',*,*,#2395,.T.);
#1571=ORIENTED_EDGE('',*,*,#2396,.F.);
#1572=ORIENTED_EDGE('',*,*,#2394,.F.);
#1573=ORIENTED_EDGE('',*,*,#2397,.T.);
#1574=ORIENTED_EDGE('',*,*,#2398,.T.);
#1575=ORIENTED_EDGE('',*,*,#2399,.F.);
#1576=ORIENTED_EDGE('',*,*,#2400,.F.);
#1577=ORIENTED_EDGE('',*,*,#2398,.F.);
#1578=ORIENTED_EDGE('',*,*,#2401,.T.);
#1579=ORIENTED_EDGE('',*,*,#2402,.T.);
#1580=ORIENTED_EDGE('',*,*,#2403,.F.);
#1581=ORIENTED_EDGE('',*,*,#2402,.F.);
#1582=ORIENTED_EDGE('',*,*,#2404,.T.);
#1583=ORIENTED_EDGE('',*,*,#2405,.T.);
#1584=ORIENTED_EDGE('',*,*,#2406,.F.);
#1585=ORIENTED_EDGE('',*,*,#2405,.F.);
#1586=ORIENTED_EDGE('',*,*,#2407,.T.);
#1587=ORIENTED_EDGE('',*,*,#2408,.T.);
#1588=ORIENTED_EDGE('',*,*,#2409,.F.);
#1589=ORIENTED_EDGE('',*,*,#2410,.F.);
#1590=ORIENTED_EDGE('',*,*,#2408,.F.);
#1591=ORIENTED_EDGE('',*,*,#2411,.T.);
#1592=ORIENTED_EDGE('',*,*,#2412,.T.);
#1593=ORIENTED_EDGE('',*,*,#2413,.F.);
#1594=ORIENTED_EDGE('',*,*,#2412,.F.);
#1595=ORIENTED_EDGE('',*,*,#2414,.T.);
#1596=ORIENTED_EDGE('',*,*,#2415,.T.);
#1597=ORIENTED_EDGE('',*,*,#2416,.F.);
#1598=ORIENTED_EDGE('',*,*,#2415,.F.);
#1599=ORIENTED_EDGE('',*,*,#2417,.T.);
#1600=ORIENTED_EDGE('',*,*,#2418,.T.);
#1601=ORIENTED_EDGE('',*,*,#2419,.F.);
#1602=ORIENTED_EDGE('',*,*,#2420,.F.);
#1603=ORIENTED_EDGE('',*,*,#2418,.F.);
#1604=ORIENTED_EDGE('',*,*,#2421,.T.);
#1605=ORIENTED_EDGE('',*,*,#2422,.T.);
#1606=ORIENTED_EDGE('',*,*,#2423,.F.);
#1607=ORIENTED_EDGE('',*,*,#2424,.F.);
#1608=ORIENTED_EDGE('',*,*,#2422,.F.);
#1609=ORIENTED_EDGE('',*,*,#2425,.T.);
#1610=ORIENTED_EDGE('',*,*,#2426,.T.);
#1611=ORIENTED_EDGE('',*,*,#2427,.F.);
#1612=ORIENTED_EDGE('',*,*,#2426,.F.);
#1613=ORIENTED_EDGE('',*,*,#2428,.T.);
#1614=ORIENTED_EDGE('',*,*,#2429,.T.);
#1615=ORIENTED_EDGE('',*,*,#2430,.F.);
#1616=ORIENTED_EDGE('',*,*,#2429,.F.);
#1617=ORIENTED_EDGE('',*,*,#2431,.T.);
#1618=ORIENTED_EDGE('',*,*,#2432,.T.);
#1619=ORIENTED_EDGE('',*,*,#2433,.F.);
#1620=ORIENTED_EDGE('',*,*,#2434,.F.);
#1621=ORIENTED_EDGE('',*,*,#2432,.F.);
#1622=ORIENTED_EDGE('',*,*,#2435,.T.);
#1623=ORIENTED_EDGE('',*,*,#2436,.T.);
#1624=ORIENTED_EDGE('',*,*,#2437,.F.);
#1625=ORIENTED_EDGE('',*,*,#2438,.F.);
#1626=ORIENTED_EDGE('',*,*,#2436,.F.);
#1627=ORIENTED_EDGE('',*,*,#2439,.T.);
#1628=ORIENTED_EDGE('',*,*,#2440,.T.);
#1629=ORIENTED_EDGE('',*,*,#2441,.F.);
#1630=ORIENTED_EDGE('',*,*,#2440,.F.);
#1631=ORIENTED_EDGE('',*,*,#2442,.T.);
#1632=ORIENTED_EDGE('',*,*,#2443,.T.);
#1633=ORIENTED_EDGE('',*,*,#2444,.F.);
#1634=ORIENTED_EDGE('',*,*,#2443,.F.);
#1635=ORIENTED_EDGE('',*,*,#2445,.T.);
#1636=ORIENTED_EDGE('',*,*,#2378,.T.);
#1637=ORIENTED_EDGE('',*,*,#2446,.F.);
#1638=ORIENTED_EDGE('',*,*,#2379,.F.);
#1639=ORIENTED_EDGE('',*,*,#2445,.F.);
#1640=ORIENTED_EDGE('',*,*,#2442,.F.);
#1641=ORIENTED_EDGE('',*,*,#2439,.F.);
#1642=ORIENTED_EDGE('',*,*,#2435,.F.);
#1643=ORIENTED_EDGE('',*,*,#2431,.F.);
#1644=ORIENTED_EDGE('',*,*,#2428,.F.);
#1645=ORIENTED_EDGE('',*,*,#2425,.F.);
#1646=ORIENTED_EDGE('',*,*,#2421,.F.);
#1647=ORIENTED_EDGE('',*,*,#2417,.F.);
#1648=ORIENTED_EDGE('',*,*,#2414,.F.);
#1649=ORIENTED_EDGE('',*,*,#2411,.F.);
#1650=ORIENTED_EDGE('',*,*,#2407,.F.);
#1651=ORIENTED_EDGE('',*,*,#2404,.F.);
#1652=ORIENTED_EDGE('',*,*,#2401,.F.);
#1653=ORIENTED_EDGE('',*,*,#2397,.F.);
#1654=ORIENTED_EDGE('',*,*,#2393,.F.);
#1655=ORIENTED_EDGE('',*,*,#2388,.F.);
#1656=ORIENTED_EDGE('',*,*,#2385,.F.);
#1657=ORIENTED_EDGE('',*,*,#2382,.F.);
#1658=ORIENTED_EDGE('',*,*,#2447,.F.);
#1659=ORIENTED_EDGE('',*,*,#2448,.F.);
#1660=ORIENTED_EDGE('',*,*,#2399,.T.);
#1661=ORIENTED_EDGE('',*,*,#2400,.T.);
#1662=ORIENTED_EDGE('',*,*,#2403,.T.);
#1663=ORIENTED_EDGE('',*,*,#2406,.T.);
#1664=ORIENTED_EDGE('',*,*,#2410,.T.);
#1665=ORIENTED_EDGE('',*,*,#2449,.F.);
#1666=ORIENTED_EDGE('',*,*,#2419,.T.);
#1667=ORIENTED_EDGE('',*,*,#2420,.T.);
#1668=ORIENTED_EDGE('',*,*,#2424,.T.);
#1669=ORIENTED_EDGE('',*,*,#2450,.F.);
#1670=ORIENTED_EDGE('',*,*,#2433,.T.);
#1671=ORIENTED_EDGE('',*,*,#2434,.T.);
#1672=ORIENTED_EDGE('',*,*,#2438,.T.);
#1673=ORIENTED_EDGE('',*,*,#2451,.F.);
#1674=ORIENTED_EDGE('',*,*,#2446,.T.);
#1675=ORIENTED_EDGE('',*,*,#2377,.T.);
#1676=ORIENTED_EDGE('',*,*,#2381,.T.);
#1677=ORIENTED_EDGE('',*,*,#2384,.T.);
#1678=ORIENTED_EDGE('',*,*,#2387,.T.);
#1679=ORIENTED_EDGE('',*,*,#2374,.F.);
#1680=ORIENTED_EDGE('',*,*,#2452,.T.);
#1681=ORIENTED_EDGE('',*,*,#2453,.F.);
#1682=ORIENTED_EDGE('',*,*,#2409,.T.);
#1683=ORIENTED_EDGE('',*,*,#2413,.T.);
#1684=ORIENTED_EDGE('',*,*,#2416,.T.);
#1685=ORIENTED_EDGE('',*,*,#2449,.T.);
#1686=ORIENTED_EDGE('',*,*,#2423,.T.);
#1687=ORIENTED_EDGE('',*,*,#2427,.T.);
#1688=ORIENTED_EDGE('',*,*,#2430,.T.);
#1689=ORIENTED_EDGE('',*,*,#2450,.T.);
#1690=ORIENTED_EDGE('',*,*,#2437,.T.);
#1691=ORIENTED_EDGE('',*,*,#2441,.T.);
#1692=ORIENTED_EDGE('',*,*,#2444,.T.);
#1693=ORIENTED_EDGE('',*,*,#2451,.T.);
#1694=ORIENTED_EDGE('',*,*,#2448,.T.);
#1695=ORIENTED_EDGE('',*,*,#2454,.T.);
#1696=ORIENTED_EDGE('',*,*,#2395,.F.);
#1697=ORIENTED_EDGE('',*,*,#2396,.T.);
#1698=ORIENTED_EDGE('',*,*,#2455,.T.);
#1699=ORIENTED_EDGE('',*,*,#2456,.F.);
#1700=ORIENTED_EDGE('',*,*,#2457,.F.);
#1701=ORIENTED_EDGE('',*,*,#2453,.T.);
#1702=ORIENTED_EDGE('',*,*,#2458,.T.);
#1703=ORIENTED_EDGE('',*,*,#2459,.F.);
#1704=ORIENTED_EDGE('',*,*,#2460,.F.);
#1705=ORIENTED_EDGE('',*,*,#2456,.T.);
#1706=ORIENTED_EDGE('',*,*,#2461,.T.);
#1707=ORIENTED_EDGE('',*,*,#2462,.F.);
#1708=ORIENTED_EDGE('',*,*,#2463,.F.);
#1709=ORIENTED_EDGE('',*,*,#2459,.T.);
#1710=ORIENTED_EDGE('',*,*,#2391,.F.);
#1711=ORIENTED_EDGE('',*,*,#2464,.F.);
#1712=ORIENTED_EDGE('',*,*,#2462,.T.);
#1713=ORIENTED_EDGE('',*,*,#2465,.T.);
#1714=ORIENTED_EDGE('',*,*,#2464,.T.);
#1715=ORIENTED_EDGE('',*,*,#2390,.T.);
#1716=ORIENTED_EDGE('',*,*,#2454,.F.);
#1717=ORIENTED_EDGE('',*,*,#2447,.T.);
#1718=ORIENTED_EDGE('',*,*,#2457,.T.);
#1719=ORIENTED_EDGE('',*,*,#2460,.T.);
#1720=ORIENTED_EDGE('',*,*,#2463,.T.);
#1721=ORIENTED_EDGE('',*,*,#2392,.F.);
#1722=ORIENTED_EDGE('',*,*,#2465,.F.);
#1723=ORIENTED_EDGE('',*,*,#2461,.F.);
#1724=ORIENTED_EDGE('',*,*,#2458,.F.);
#1725=ORIENTED_EDGE('',*,*,#2455,.F.);
#1726=ORIENTED_EDGE('',*,*,#2452,.F.);
#1727=ORIENTED_EDGE('',*,*,#2373,.T.);
#1728=EDGE_CURVE('',#2466,#2467,#2950,.T.);
#1729=EDGE_CURVE('',#2468,#2467,#99,.T.);
#1730=EDGE_CURVE('',#2469,#2468,#2951,.T.);
#1731=EDGE_CURVE('',#2469,#2466,#2952,.T.);
#1732=EDGE_CURVE('',#2470,#2471,#2953,.T.);
#1733=EDGE_CURVE('',#2471,#2472,#100,.T.);
#1734=EDGE_CURVE('',#2473,#2472,#2954,.T.);
#1735=EDGE_CURVE('',#2473,#2470,#2955,.T.);
#1736=EDGE_CURVE('',#2471,#2468,#2956,.T.);
#1737=EDGE_CURVE('',#2470,#2469,#2957,.T.);
#1738=EDGE_CURVE('',#2474,#2475,#2958,.T.);
#1739=EDGE_CURVE('',#2476,#2474,#101,.T.);
#1740=EDGE_CURVE('',#2476,#2477,#2959,.T.);
#1741=EDGE_CURVE('',#2477,#2475,#2960,.T.);
#1742=EDGE_CURVE('',#2478,#2479,#2961,.T.);
#1743=EDGE_CURVE('',#2478,#2480,#102,.T.);
#1744=EDGE_CURVE('',#2480,#2481,#2962,.T.);
#1745=EDGE_CURVE('',#2481,#2479,#2963,.T.);
#1746=EDGE_CURVE('',#2482,#2483,#2964,.T.);
#1747=EDGE_CURVE('',#2483,#2484,#2965,.T.);
#1748=EDGE_CURVE('',#2485,#2484,#2966,.T.);
#1749=EDGE_CURVE('',#2485,#2482,#2967,.T.);
#1750=EDGE_CURVE('',#2486,#2487,#2968,.T.);
#1751=EDGE_CURVE('',#2488,#2487,#2969,.T.);
#1752=EDGE_CURVE('',#2489,#2488,#2970,.T.);
#1753=EDGE_CURVE('',#2489,#2490,#2971,.T.);
#1754=EDGE_CURVE('',#2490,#2491,#2972,.T.);
#1755=EDGE_CURVE('',#2491,#2492,#2973,.T.);
#1756=EDGE_CURVE('',#2492,#2493,#2974,.T.);
#1757=EDGE_CURVE('',#2494,#2493,#103,.T.);
#1758=EDGE_CURVE('',#2494,#2495,#2975,.T.);
#1759=EDGE_CURVE('',#2495,#2496,#2976,.T.);
#1760=EDGE_CURVE('',#2496,#2497,#104,.T.);
#1761=EDGE_CURVE('',#2497,#2498,#2977,.T.);
#1762=EDGE_CURVE('',#2498,#2499,#105,.T.);
#1763=EDGE_CURVE('',#2499,#2500,#2978,.T.);
#1764=EDGE_CURVE('',#2500,#2501,#2979,.T.);
#1765=EDGE_CURVE('',#2502,#2501,#106,.T.);
#1766=EDGE_CURVE('',#2502,#2503,#2980,.T.);
#1767=EDGE_CURVE('',#2503,#2504,#2981,.T.);
#1768=EDGE_CURVE('',#2504,#2505,#2982,.T.);
#1769=EDGE_CURVE('',#2505,#2486,#2983,.T.);
#1770=EDGE_CURVE('',#2506,#2507,#107,.F.);
#1771=EDGE_CURVE('',#2508,#2506,#2984,.T.);
#1772=EDGE_CURVE('',#2509,#2508,#2985,.T.);
#1773=EDGE_CURVE('',#2510,#2509,#2986,.T.);
#1774=EDGE_CURVE('',#2510,#2511,#2987,.T.);
#1775=EDGE_CURVE('',#2511,#2507,#2988,.T.);
#1776=EDGE_CURVE('',#2512,#2513,#108,.F.);
#1777=EDGE_CURVE('',#2514,#2512,#2989,.T.);
#1778=EDGE_CURVE('',#2514,#2515,#2990,.T.);
#1779=EDGE_CURVE('',#2516,#2515,#2991,.T.);
#1780=EDGE_CURVE('',#2517,#2516,#2992,.T.);
#1781=EDGE_CURVE('',#2517,#2513,#2993,.T.);
#1782=EDGE_CURVE('',#2518,#2519,#109,.T.);
#1783=EDGE_CURVE('',#2520,#2519,#2994,.T.);
#1784=EDGE_CURVE('',#2520,#2521,#110,.T.);
#1785=EDGE_CURVE('',#2521,#2522,#2995,.T.);
#1786=EDGE_CURVE('',#2523,#2522,#111,.T.);
#1787=EDGE_CURVE('',#2523,#2524,#2996,.T.);
#1788=EDGE_CURVE('',#2524,#2525,#2997,.T.);
#1789=EDGE_CURVE('',#2525,#2526,#2998,.T.);
#1790=EDGE_CURVE('',#2527,#2526,#112,.T.);
#1791=EDGE_CURVE('',#2527,#2528,#2999,.T.);
#1792=EDGE_CURVE('',#2528,#2529,#113,.T.);
#1793=EDGE_CURVE('',#2529,#2530,#3000,.T.);
#1794=EDGE_CURVE('',#2530,#2531,#114,.T.);
#1795=EDGE_CURVE('',#2531,#2532,#3001,.T.);
#1796=EDGE_CURVE('',#2533,#2532,#115,.T.);
#1797=EDGE_CURVE('',#2533,#2534,#3002,.T.);
#1798=EDGE_CURVE('',#2534,#2535,#3003,.T.);
#1799=EDGE_CURVE('',#2535,#2536,#3004,.T.);
#1800=EDGE_CURVE('',#2537,#2536,#116,.T.);
#1801=EDGE_CURVE('',#2537,#2538,#3005,.T.);
#1802=EDGE_CURVE('',#2539,#2538,#117,.T.);
#1803=EDGE_CURVE('',#2539,#2540,#3006,.T.);
#1804=EDGE_CURVE('',#2540,#2541,#3007,.T.);
#1805=EDGE_CURVE('',#2541,#2518,#3008,.T.);
#1806=EDGE_CURVE('',#2542,#2543,#3009,.T.);
#1807=EDGE_CURVE('',#2543,#2544,#118,.T.);
#1808=EDGE_CURVE('',#2544,#2545,#3010,.T.);
#1809=EDGE_CURVE('',#2545,#2546,#119,.T.);
#1810=EDGE_CURVE('',#2547,#2546,#3011,.T.);
#1811=EDGE_CURVE('',#2547,#2548,#3012,.T.);
#1812=EDGE_CURVE('',#2548,#2549,#3013,.T.);
#1813=EDGE_CURVE('',#2549,#2550,#3014,.T.);
#1814=EDGE_CURVE('',#2550,#2551,#3015,.T.);
#1815=EDGE_CURVE('',#2551,#2552,#3016,.T.);
#1816=EDGE_CURVE('',#2552,#2553,#3017,.T.);
#1817=EDGE_CURVE('',#2553,#2542,#3018,.T.);
#1818=EDGE_CURVE('',#2554,#2555,#3019,.T.);
#1819=EDGE_CURVE('',#2554,#2556,#3020,.T.);
#1820=EDGE_CURVE('',#2557,#2556,#120,.T.);
#1821=EDGE_CURVE('',#2558,#2557,#3021,.T.);
#1822=EDGE_CURVE('',#2559,#2558,#3022,.T.);
#1823=EDGE_CURVE('',#2559,#2555,#3023,.T.);
#1824=EDGE_CURVE('',#2514,#2560,#121,.T.);
#1825=EDGE_CURVE('',#2561,#2560,#122,.T.);
#1826=EDGE_CURVE('',#2562,#2561,#3024,.T.);
#1827=EDGE_CURVE('',#2563,#2562,#3025,.T.);
#1828=EDGE_CURVE('',#2564,#2563,#3026,.T.);
#1829=EDGE_CURVE('',#2565,#2564,#3027,.T.);
#1830=EDGE_CURVE('',#2565,#2566,#3028,.T.);
#1831=EDGE_CURVE('',#2567,#2566,#3029,.T.);
#1832=EDGE_CURVE('',#2568,#2567,#3030,.T.);
#1833=EDGE_CURVE('',#2569,#2568,#3031,.T.);
#1834=EDGE_CURVE('',#2569,#2570,#123,.T.);
#1835=EDGE_CURVE('',#2571,#2570,#3032,.T.);
#1836=EDGE_CURVE('',#2571,#2572,#124,.T.);
#1837=EDGE_CURVE('',#2572,#2573,#3033,.T.);
#1838=EDGE_CURVE('',#2574,#2573,#3034,.T.);
#1839=EDGE_CURVE('',#2575,#2574,#3035,.T.);
#1840=EDGE_CURVE('',#2576,#2575,#3036,.T.);
#1841=EDGE_CURVE('',#2577,#2576,#3037,.T.);
#1842=EDGE_CURVE('',#2578,#2577,#125,.T.);
#1843=EDGE_CURVE('',#2578,#2579,#126,.T.);
#1844=EDGE_CURVE('',#2579,#2580,#3038,.T.);
#1845=EDGE_CURVE('',#2581,#2580,#3039,.T.);
#1846=EDGE_CURVE('',#2581,#2582,#3040,.T.);
#1847=EDGE_CURVE('',#2582,#2583,#127,.T.);
#1848=EDGE_CURVE('',#2584,#2583,#128,.T.);
#1849=EDGE_CURVE('',#2585,#2584,#3041,.T.);
#1850=EDGE_CURVE('',#2585,#2586,#3042,.T.);
#1851=EDGE_CURVE('',#2587,#2586,#3043,.T.);
#1852=EDGE_CURVE('',#2588,#2587,#3044,.T.);
#1853=EDGE_CURVE('',#2589,#2588,#3045,.T.);
#1854=EDGE_CURVE('',#2590,#2589,#3046,.T.);
#1855=EDGE_CURVE('',#2590,#2591,#3047,.T.);
#1856=EDGE_CURVE('',#2592,#2591,#3048,.T.);
#1857=EDGE_CURVE('',#2593,#2592,#3049,.T.);
#1858=EDGE_CURVE('',#2593,#2594,#3050,.T.);
#1859=EDGE_CURVE('',#2595,#2594,#3051,.T.);
#1860=EDGE_CURVE('',#2596,#2595,#129,.T.);
#1861=EDGE_CURVE('',#2596,#2511,#130,.T.);
#1862=EDGE_CURVE('',#2510,#2515,#3052,.T.);
#1863=EDGE_CURVE('',#2597,#2598,#3053,.T.);
#1864=EDGE_CURVE('',#2598,#2599,#3054,.T.);
#1865=EDGE_CURVE('',#2600,#2599,#3055,.T.);
#1866=EDGE_CURVE('',#2600,#2597,#3056,.T.);
#1867=EDGE_CURVE('',#2559,#2601,#3057,.T.);
#1868=EDGE_CURVE('',#2601,#2602,#3058,.T.);
#1869=EDGE_CURVE('',#2555,#2602,#3059,.T.);
#1870=EDGE_CURVE('',#2603,#2502,#3060,.T.);
#1871=EDGE_CURVE('',#2603,#2604,#3061,.T.);
#1872=EDGE_CURVE('',#2576,#2604,#3062,.T.);
#1873=EDGE_CURVE('',#2605,#2575,#3063,.T.);
#1874=EDGE_CURVE('',#2606,#2605,#3064,.T.);
#1875=EDGE_CURVE('',#2607,#2606,#3065,.T.);
#1876=EDGE_CURVE('',#2607,#2503,#3066,.T.);
#1877=EDGE_CURVE('',#2608,#2493,#3067,.T.);
#1878=EDGE_CURVE('',#2492,#2609,#3068,.T.);
#1879=EDGE_CURVE('',#2610,#2609,#3069,.T.);
#1880=EDGE_CURVE('',#2610,#2611,#3070,.T.);
#1881=EDGE_CURVE('',#2586,#2611,#3071,.T.);
#1882=EDGE_CURVE('',#2612,#2585,#3072,.T.);
#1883=EDGE_CURVE('',#2612,#2608,#3073,.T.);
#1884=EDGE_CURVE('',#2613,#2614,#131,.T.);
#1885=EDGE_CURVE('',#2613,#2615,#3074,.T.);
#1886=EDGE_CURVE('',#2615,#2616,#3075,.T.);
#1887=EDGE_CURVE('',#2616,#2617,#3076,.T.);
#1888=EDGE_CURVE('',#2617,#2618,#3077,.T.);
#1889=EDGE_CURVE('',#2618,#2619,#3078,.T.);
#1890=EDGE_CURVE('',#2619,#2620,#3079,.T.);
#1891=EDGE_CURVE('',#2620,#2621,#3080,.T.);
#1892=EDGE_CURVE('',#2621,#2622,#3081,.T.);
#1893=EDGE_CURVE('',#2623,#2622,#3082,.T.);
#1894=EDGE_CURVE('',#2624,#2623,#132,.T.);
#1895=EDGE_CURVE('',#2614,#2624,#3083,.T.);
#1896=EDGE_CURVE('',#2625,#2626,#3084,.T.);
#1897=EDGE_CURVE('',#2625,#2627,#133,.T.);
#1898=EDGE_CURVE('',#2627,#2610,#3085,.T.);
#1899=EDGE_CURVE('',#2628,#2609,#3086,.T.);
#1900=EDGE_CURVE('',#2628,#2626,#3087,.T.);
#1901=EDGE_CURVE('',#2629,#2558,#3088,.T.);
#1902=EDGE_CURVE('',#2557,#2630,#3089,.T.);
#1903=EDGE_CURVE('',#2630,#2631,#3090,.T.);
#1904=EDGE_CURVE('',#2632,#2631,#3091,.T.);
#1905=EDGE_CURVE('',#2632,#2633,#3092,.T.);
#1906=EDGE_CURVE('',#2633,#2634,#3093,.T.);
#1907=EDGE_CURVE('',#2635,#2634,#3094,.T.);
#1908=EDGE_CURVE('',#2635,#2636,#3095,.T.);
#1909=EDGE_CURVE('',#2636,#2637,#3096,.T.);
#1910=EDGE_CURVE('',#2637,#2638,#3097,.T.);
#1911=EDGE_CURVE('',#2638,#2611,#3098,.T.);
#1912=EDGE_CURVE('',#2639,#2627,#3099,.T.);
#1913=EDGE_CURVE('',#2606,#2639,#3100,.T.);
#1914=EDGE_CURVE('',#2605,#2640,#3101,.T.);
#1915=EDGE_CURVE('',#2640,#2641,#3102,.T.);
#1916=EDGE_CURVE('',#2642,#2641,#3103,.T.);
#1917=EDGE_CURVE('',#2643,#2642,#3104,.T.);
#1918=EDGE_CURVE('',#2643,#2644,#3105,.T.);
#1919=EDGE_CURVE('',#2644,#2645,#3106,.T.);
#1920=EDGE_CURVE('',#2645,#2629,#3107,.T.);
#1921=EDGE_CURVE('',#2491,#2628,#3108,.T.);
#1922=EDGE_CURVE('',#2646,#2647,#3109,.T.);
#1923=EDGE_CURVE('',#2577,#2646,#134,.T.);
#1924=EDGE_CURVE('',#2648,#2577,#3110,.T.);
#1925=EDGE_CURVE('',#2648,#2649,#3111,.T.);
#1926=EDGE_CURVE('',#2649,#2650,#3112,.T.);
#1927=EDGE_CURVE('',#2651,#2650,#3113,.T.);
#1928=EDGE_CURVE('',#2652,#2651,#3114,.T.);
#1929=EDGE_CURVE('',#2652,#2647,#135,.T.);
#1930=EDGE_CURVE('',#2653,#2473,#3115,.T.);
#1931=EDGE_CURVE('',#2482,#2653,#3116,.T.);
#1932=EDGE_CURVE('',#2654,#2485,#3117,.T.);
#1933=EDGE_CURVE('',#2615,#2654,#3118,.T.);
#1934=EDGE_CURVE('',#2613,#2496,#3119,.T.);
#1935=EDGE_CURVE('',#2626,#2495,#3120,.T.);
#1936=EDGE_CURVE('',#2655,#2490,#3121,.T.);
#1937=EDGE_CURVE('',#2655,#2656,#3122,.T.);
#1938=EDGE_CURVE('',#2657,#2656,#3123,.T.);
#1939=EDGE_CURVE('',#2658,#2657,#3124,.T.);
#1940=EDGE_CURVE('',#2658,#2525,#3125,.T.);
#1941=EDGE_CURVE('',#2659,#2524,#3126,.T.);
#1942=EDGE_CURVE('',#2660,#2659,#3127,.T.);
#1943=EDGE_CURVE('',#2661,#2660,#3128,.T.);
#1944=EDGE_CURVE('',#2661,#2662,#3129,.T.);
#1945=EDGE_CURVE('',#2663,#2662,#3130,.T.);
#1946=EDGE_CURVE('',#2663,#2597,#3131,.T.);
#1947=EDGE_CURVE('',#2664,#2600,#3132,.T.);
#1948=EDGE_CURVE('',#2664,#2665,#3133,.T.);
#1949=EDGE_CURVE('',#2665,#2666,#3134,.T.);
#1950=EDGE_CURVE('',#2543,#2666,#3135,.T.);
#1951=EDGE_CURVE('',#2466,#2542,#3136,.T.);
#1952=EDGE_CURVE('',#2667,#2590,#136,.F.);
#1953=EDGE_CURVE('',#2589,#2668,#137,.F.);
#1954=EDGE_CURVE('',#2669,#2668,#3137,.T.);
#1955=EDGE_CURVE('',#2636,#2669,#138,.F.);
#1956=EDGE_CURVE('',#2670,#2635,#139,.F.);
#1957=EDGE_CURVE('',#2667,#2670,#3138,.T.);
#1958=EDGE_CURVE('',#2654,#2671,#3139,.T.);
#1959=EDGE_CURVE('',#2671,#2672,#3140,.T.);
#1960=EDGE_CURVE('',#2616,#2672,#3141,.T.);
#1961=EDGE_CURVE('',#2621,#2673,#3142,.T.);
#1962=EDGE_CURVE('',#2673,#2478,#3143,.T.);
#1963=EDGE_CURVE('',#2622,#2479,#3144,.T.);
#1964=EDGE_CURVE('',#2477,#2547,#3145,.T.);
#1965=EDGE_CURVE('',#2546,#2674,#3146,.T.);
#1966=EDGE_CURVE('',#2674,#2675,#3147,.T.);
#1967=EDGE_CURVE('',#2554,#2675,#3148,.T.);
#1968=EDGE_CURVE('',#2602,#2676,#3149,.T.);
#1969=EDGE_CURVE('',#2676,#2677,#3150,.T.);
#1970=EDGE_CURVE('',#2678,#2677,#3151,.T.);
#1971=EDGE_CURVE('',#2678,#2679,#3152,.T.);
#1972=EDGE_CURVE('',#2679,#2643,#140,.T.);
#1973=EDGE_CURVE('',#2642,#2680,#141,.T.);
#1974=EDGE_CURVE('',#2680,#2681,#3153,.T.);
#1975=EDGE_CURVE('',#2682,#2681,#142,.T.);
#1976=EDGE_CURVE('',#2682,#2683,#3154,.T.);
#1977=EDGE_CURVE('',#2683,#2535,#3155,.T.);
#1978=EDGE_CURVE('',#2651,#2534,#3156,.T.);
#1979=EDGE_CURVE('',#2650,#2684,#3157,.T.);
#1980=EDGE_CURVE('',#2685,#2684,#3158,.T.);
#1981=EDGE_CURVE('',#2685,#2505,#3159,.T.);
#1982=EDGE_CURVE('',#2504,#2686,#3160,.T.);
#1983=EDGE_CURVE('',#2686,#2687,#3161,.T.);
#1984=EDGE_CURVE('',#2687,#2500,#3162,.T.);
#1985=EDGE_CURVE('',#2623,#2499,#3163,.T.);
#1986=EDGE_CURVE('',#2475,#2481,#3164,.T.);
#1987=EDGE_CURVE('',#2688,#2689,#3165,.T.);
#1988=EDGE_CURVE('',#2690,#2688,#3166,.T.);
#1989=EDGE_CURVE('',#2653,#2690,#3167,.T.);
#1990=EDGE_CURVE('',#2472,#2689,#3168,.T.);
#1991=EDGE_CURVE('',#2691,#2553,#3169,.T.);
#1992=EDGE_CURVE('',#2467,#2691,#3170,.T.);
#1993=EDGE_CURVE('',#2692,#2476,#3171,.T.);
#1994=EDGE_CURVE('',#2692,#2548,#3172,.T.);
#1995=EDGE_CURVE('',#2693,#2694,#3173,.T.);
#1996=EDGE_CURVE('',#2693,#2695,#3174,.T.);
#1997=EDGE_CURVE('',#2696,#2695,#3175,.T.);
#1998=EDGE_CURVE('',#2694,#2696,#3176,.T.);
#1999=EDGE_CURVE('',#2694,#2661,#3177,.T.);
#2000=EDGE_CURVE('',#2662,#2696,#3178,.T.);
#2001=EDGE_CURVE('',#2697,#2561,#143,.T.);
#2002=EDGE_CURVE('',#2566,#2697,#3179,.T.);
#2003=EDGE_CURVE('',#2566,#2698,#3180,.T.);
#2004=EDGE_CURVE('',#2698,#2699,#3181,.T.);
#2005=EDGE_CURVE('',#2561,#2699,#3182,.T.);
#2006=EDGE_CURVE('',#2565,#2700,#3183,.T.);
#2007=EDGE_CURVE('',#2564,#2645,#3184,.T.);
#2008=EDGE_CURVE('',#2700,#2644,#144,.T.);
#2009=EDGE_CURVE('',#2701,#2702,#3185,.T.);
#2010=EDGE_CURVE('',#2595,#2701,#145,.T.);
#2011=EDGE_CURVE('',#2695,#2595,#3186,.T.);
#2012=EDGE_CURVE('',#2660,#2693,#3187,.T.);
#2013=EDGE_CURVE('',#2703,#2659,#3188,.T.);
#2014=EDGE_CURVE('',#2703,#2702,#146,.T.);
#2015=EDGE_CURVE('',#2637,#2704,#147,.F.);
#2016=EDGE_CURVE('',#2704,#2705,#3189,.T.);
#2017=EDGE_CURVE('',#2588,#2705,#148,.F.);
#2018=EDGE_CURVE('',#2587,#2638,#3190,.T.);
#2019=EDGE_CURVE('',#2572,#2706,#149,.T.);
#2020=EDGE_CURVE('',#2683,#2706,#3191,.T.);
#2021=EDGE_CURVE('',#2682,#2572,#3192,.T.);
#2022=EDGE_CURVE('',#2707,#2516,#3193,.T.);
#2023=EDGE_CURVE('',#2707,#2708,#3194,.T.);
#2024=EDGE_CURVE('',#2708,#2601,#3195,.T.);
#2025=EDGE_CURVE('',#2563,#2629,#3196,.T.);
#2026=EDGE_CURVE('',#2516,#2562,#3197,.T.);
#2027=EDGE_CURVE('',#2598,#2709,#3198,.T.);
#2028=EDGE_CURVE('',#2710,#2709,#3199,.T.);
#2029=EDGE_CURVE('',#2509,#2710,#3200,.T.);
#2030=EDGE_CURVE('',#2594,#2509,#3201,.T.);
#2031=EDGE_CURVE('',#2632,#2593,#3202,.T.);
#2032=EDGE_CURVE('',#2631,#2599,#3203,.T.);
#2033=EDGE_CURVE('',#2711,#2712,#150,.T.);
#2034=EDGE_CURVE('',#2658,#2712,#3204,.T.);
#2035=EDGE_CURVE('',#2657,#2713,#3205,.T.);
#2036=EDGE_CURVE('',#2714,#2713,#3206,.T.);
#2037=EDGE_CURVE('',#2584,#2714,#3207,.T.);
#2038=EDGE_CURVE('',#2715,#2584,#151,.T.);
#2039=EDGE_CURVE('',#2711,#2715,#3208,.T.);
#2040=EDGE_CURVE('',#2617,#2552,#3209,.T.);
#2041=EDGE_CURVE('',#2688,#2672,#3210,.T.);
#2042=EDGE_CURVE('',#2691,#2689,#3211,.T.);
#2043=EDGE_CURVE('',#2618,#2551,#3212,.T.);
#2044=EDGE_CURVE('',#2716,#2716,#152,.T.);
#2045=EDGE_CURVE('',#2717,#2717,#153,.T.);
#2046=EDGE_CURVE('',#2718,#2718,#154,.F.);
#2047=EDGE_CURVE('',#2719,#2719,#155,.F.);
#2048=EDGE_CURVE('',#2720,#2721,#3213,.T.);
#2049=EDGE_CURVE('',#2721,#2722,#156,.T.);
#2050=EDGE_CURVE('',#2722,#2723,#3214,.T.);
#2051=EDGE_CURVE('',#2723,#2724,#157,.T.);
#2052=EDGE_CURVE('',#2724,#2725,#3215,.T.);
#2053=EDGE_CURVE('',#2725,#2726,#158,.T.);
#2054=EDGE_CURVE('',#2726,#2727,#3216,.T.);
#2055=EDGE_CURVE('',#2727,#2720,#159,.T.);
#2056=EDGE_CURVE('',#2728,#2729,#3217,.T.);
#2057=EDGE_CURVE('',#2729,#2730,#160,.T.);
#2058=EDGE_CURVE('',#2730,#2731,#3218,.T.);
#2059=EDGE_CURVE('',#2731,#2732,#161,.T.);
#2060=EDGE_CURVE('',#2732,#2733,#3219,.T.);
#2061=EDGE_CURVE('',#2733,#2734,#162,.T.);
#2062=EDGE_CURVE('',#2734,#2735,#3220,.T.);
#2063=EDGE_CURVE('',#2735,#2728,#163,.T.);
#2064=EDGE_CURVE('',#2736,#2737,#3221,.T.);
#2065=EDGE_CURVE('',#2737,#2738,#164,.T.);
#2066=EDGE_CURVE('',#2738,#2739,#3222,.T.);
#2067=EDGE_CURVE('',#2739,#2740,#165,.T.);
#2068=EDGE_CURVE('',#2740,#2741,#3223,.T.);
#2069=EDGE_CURVE('',#2741,#2742,#166,.T.);
#2070=EDGE_CURVE('',#2742,#2743,#3224,.T.);
#2071=EDGE_CURVE('',#2743,#2736,#167,.T.);
#2072=EDGE_CURVE('',#2744,#2745,#3225,.T.);
#2073=EDGE_CURVE('',#2745,#2746,#168,.T.);
#2074=EDGE_CURVE('',#2746,#2747,#3226,.T.);
#2075=EDGE_CURVE('',#2747,#2748,#169,.T.);
#2076=EDGE_CURVE('',#2748,#2749,#3227,.T.);
#2077=EDGE_CURVE('',#2749,#2750,#170,.T.);
#2078=EDGE_CURVE('',#2750,#2751,#3228,.T.);
#2079=EDGE_CURVE('',#2751,#2744,#171,.T.);
#2080=EDGE_CURVE('',#2619,#2550,#3229,.T.);
#2081=EDGE_CURVE('',#2620,#2549,#3230,.T.);
#2082=EDGE_CURVE('',#2673,#2692,#3231,.T.);
#2083=EDGE_CURVE('',#2752,#2753,#3232,.T.);
#2084=EDGE_CURVE('',#2678,#2752,#3233,.T.);
#2085=EDGE_CURVE('',#2753,#2677,#3234,.T.);
#2086=EDGE_CURVE('',#2754,#2684,#3235,.T.);
#2087=EDGE_CURVE('',#2755,#2754,#3236,.T.);
#2088=EDGE_CURVE('',#2685,#2755,#3237,.T.);
#2089=EDGE_CURVE('',#2698,#2752,#3238,.T.);
#2090=EDGE_CURVE('',#2699,#2753,#3239,.T.);
#2091=EDGE_CURVE('',#2649,#2754,#3240,.T.);
#2092=EDGE_CURVE('',#2755,#2648,#3241,.T.);
#2093=EDGE_CURVE('',#2756,#2713,#3242,.T.);
#2094=EDGE_CURVE('',#2757,#2756,#3243,.T.);
#2095=EDGE_CURVE('',#2714,#2757,#3244,.T.);
#2096=EDGE_CURVE('',#2656,#2756,#3245,.T.);
#2097=EDGE_CURVE('',#2757,#2655,#3246,.T.);
#2098=EDGE_CURVE('',#2508,#2663,#3247,.T.);
#2099=EDGE_CURVE('',#2676,#2517,#3248,.T.);
#2100=EDGE_CURVE('',#2758,#2630,#172,.T.);
#2101=EDGE_CURVE('',#2758,#2664,#3249,.T.);
#2102=EDGE_CURVE('',#2607,#2686,#3250,.T.);
#2103=EDGE_CURVE('',#2687,#2759,#3251,.T.);
#2104=EDGE_CURVE('',#2639,#2759,#173,.T.);
#2105=EDGE_CURVE('',#2489,#2612,#3252,.T.);
#2106=EDGE_CURVE('',#2486,#2604,#3253,.T.);
#2107=EDGE_CURVE('',#2760,#2591,#174,.F.);
#2108=EDGE_CURVE('',#2760,#2761,#3254,.T.);
#2109=EDGE_CURVE('',#2761,#2634,#175,.F.);
#2110=EDGE_CURVE('',#2592,#2633,#3255,.T.);
#2111=EDGE_CURVE('',#2641,#2762,#176,.T.);
#2112=EDGE_CURVE('',#2574,#2640,#3256,.T.);
#2113=EDGE_CURVE('',#2573,#2763,#177,.T.);
#2114=EDGE_CURVE('',#2762,#2763,#3257,.T.);
#2115=EDGE_CURVE('',#2667,#2760,#3258,.T.);
#2116=EDGE_CURVE('',#2670,#2761,#3259,.T.);
#2117=EDGE_CURVE('',#2669,#2704,#3260,.T.);
#2118=EDGE_CURVE('',#2668,#2705,#3261,.T.);
#2119=EDGE_CURVE('',#2679,#2700,#3262,.T.);
#2120=EDGE_CURVE('',#2680,#2762,#3263,.T.);
#2121=EDGE_CURVE('',#2681,#2763,#3264,.T.);
#2122=EDGE_CURVE('',#2480,#2474,#3265,.T.);
#2123=EDGE_CURVE('',#2483,#2690,#178,.T.);
#2124=EDGE_CURVE('',#2484,#2671,#179,.T.);
#2125=EDGE_CURVE('',#2764,#2745,#3266,.T.);
#2126=EDGE_CURVE('',#2764,#2765,#180,.T.);
#2127=EDGE_CURVE('',#2765,#2746,#3267,.T.);
#2128=EDGE_CURVE('',#2765,#2766,#3268,.T.);
#2129=EDGE_CURVE('',#2766,#2747,#3269,.T.);
#2130=EDGE_CURVE('',#2766,#2767,#181,.T.);
#2131=EDGE_CURVE('',#2767,#2748,#3270,.T.);
#2132=EDGE_CURVE('',#2767,#2768,#3271,.T.);
#2133=EDGE_CURVE('',#2768,#2749,#3272,.T.);
#2134=EDGE_CURVE('',#2768,#2769,#182,.T.);
#2135=EDGE_CURVE('',#2769,#2750,#3273,.T.);
#2136=EDGE_CURVE('',#2769,#2770,#3274,.T.);
#2137=EDGE_CURVE('',#2770,#2751,#3275,.T.);
#2138=EDGE_CURVE('',#2770,#2771,#183,.T.);
#2139=EDGE_CURVE('',#2771,#2744,#3276,.T.);
#2140=EDGE_CURVE('',#2771,#2764,#3277,.T.);
#2141=EDGE_CURVE('',#2772,#2737,#3278,.T.);
#2142=EDGE_CURVE('',#2772,#2773,#184,.T.);
#2143=EDGE_CURVE('',#2773,#2738,#3279,.T.);
#2144=EDGE_CURVE('',#2773,#2774,#3280,.T.);
#2145=EDGE_CURVE('',#2774,#2739,#3281,.T.);
#2146=EDGE_CURVE('',#2774,#2775,#185,.T.);
#2147=EDGE_CURVE('',#2775,#2740,#3282,.T.);
#2148=EDGE_CURVE('',#2775,#2776,#3283,.T.);
#2149=EDGE_CURVE('',#2776,#2741,#3284,.T.);
#2150=EDGE_CURVE('',#2776,#2777,#186,.T.);
#2151=EDGE_CURVE('',#2777,#2742,#3285,.T.);
#2152=EDGE_CURVE('',#2777,#2778,#3286,.T.);
#2153=EDGE_CURVE('',#2778,#2743,#3287,.T.);
#2154=EDGE_CURVE('',#2778,#2779,#187,.T.);
#2155=EDGE_CURVE('',#2779,#2736,#3288,.T.);
#2156=EDGE_CURVE('',#2779,#2772,#3289,.T.);
#2157=EDGE_CURVE('',#2780,#2729,#3290,.T.);
#2158=EDGE_CURVE('',#2780,#2781,#188,.T.);
#2159=EDGE_CURVE('',#2781,#2730,#3291,.T.);
#2160=EDGE_CURVE('',#2781,#2782,#3292,.T.);
#2161=EDGE_CURVE('',#2782,#2731,#3293,.T.);
#2162=EDGE_CURVE('',#2782,#2783,#189,.T.);
#2163=EDGE_CURVE('',#2783,#2732,#3294,.T.);
#2164=EDGE_CURVE('',#2783,#2784,#3295,.T.);
#2165=EDGE_CURVE('',#2784,#2733,#3296,.T.);
#2166=EDGE_CURVE('',#2784,#2785,#190,.T.);
#2167=EDGE_CURVE('',#2785,#2734,#3297,.T.);
#2168=EDGE_CURVE('',#2785,#2786,#3298,.T.);
#2169=EDGE_CURVE('',#2786,#2735,#3299,.T.);
#2170=EDGE_CURVE('',#2786,#2787,#191,.T.);
#2171=EDGE_CURVE('',#2787,#2728,#3300,.T.);
#2172=EDGE_CURVE('',#2787,#2780,#3301,.T.);
#2173=EDGE_CURVE('',#2788,#2721,#3302,.T.);
#2174=EDGE_CURVE('',#2788,#2789,#192,.T.);
#2175=EDGE_CURVE('',#2789,#2722,#3303,.T.);
#2176=EDGE_CURVE('',#2789,#2790,#3304,.T.);
#2177=EDGE_CURVE('',#2790,#2723,#3305,.T.);
#2178=EDGE_CURVE('',#2790,#2791,#193,.T.);
#2179=EDGE_CURVE('',#2791,#2724,#3306,.T.);
#2180=EDGE_CURVE('',#2791,#2792,#3307,.T.);
#2181=EDGE_CURVE('',#2792,#2725,#3308,.T.);
#2182=EDGE_CURVE('',#2792,#2793,#194,.T.);
#2183=EDGE_CURVE('',#2793,#2726,#3309,.T.);
#2184=EDGE_CURVE('',#2793,#2794,#3310,.T.);
#2185=EDGE_CURVE('',#2794,#2727,#3311,.T.);
#2186=EDGE_CURVE('',#2794,#2795,#195,.T.);
#2187=EDGE_CURVE('',#2795,#2720,#3312,.T.);
#2188=EDGE_CURVE('',#2795,#2788,#3313,.T.);
#2189=EDGE_CURVE('',#2796,#2796,#196,.T.);
#2190=EDGE_CURVE('',#2797,#2797,#197,.T.);
#2191=EDGE_CURVE('',#2798,#2798,#198,.T.);
#2192=EDGE_CURVE('',#2799,#2799,#199,.T.);
#2193=EDGE_CURVE('',#2800,#2800,#200,.T.);
#2194=EDGE_CURVE('',#2801,#2801,#201,.T.);
#2195=EDGE_CURVE('',#2506,#2513,#3314,.T.);
#2196=EDGE_CURVE('',#2708,#2802,#202,.T.);
#2197=EDGE_CURVE('',#2675,#2802,#3315,.T.);
#2198=EDGE_CURVE('',#2803,#2674,#203,.T.);
#2199=EDGE_CURVE('',#2804,#2803,#3316,.T.);
#2200=EDGE_CURVE('',#2666,#2804,#204,.T.);
#2201=EDGE_CURVE('',#2805,#2665,#3317,.T.);
#2202=EDGE_CURVE('',#2805,#2709,#205,.T.);
#2203=EDGE_CURVE('',#2596,#2520,#3318,.T.);
#2204=EDGE_CURVE('',#2520,#2507,#23,.T.);
#2205=EDGE_CURVE('',#2701,#2521,#3319,.T.);
#2206=EDGE_CURVE('',#2702,#2522,#3320,.T.);
#2207=EDGE_CURVE('',#2703,#2523,#3321,.T.);
#2208=EDGE_CURVE('',#2712,#2526,#3322,.T.);
#2209=EDGE_CURVE('',#2711,#2527,#3323,.T.);
#2210=EDGE_CURVE('',#2715,#2528,#3324,.T.);
#2211=EDGE_CURVE('',#2583,#2529,#3325,.T.);
#2212=EDGE_CURVE('',#2582,#2806,#3326,.T.);
#2213=EDGE_CURVE('',#2806,#2529,#24,.T.);
#2214=EDGE_CURVE('',#2806,#2488,#206,.F.);
#2215=EDGE_CURVE('',#2581,#2612,#3327,.T.);
#2216=EDGE_CURVE('',#2487,#2807,#207,.F.);
#2217=EDGE_CURVE('',#2604,#2580,#3328,.T.);
#2218=EDGE_CURVE('',#2579,#2807,#3329,.T.);
#2219=EDGE_CURVE('',#2578,#2530,#3330,.T.);
#2220=EDGE_CURVE('',#2530,#2807,#25,.T.);
#2221=EDGE_CURVE('',#2646,#2531,#3331,.T.);
#2222=EDGE_CURVE('',#2647,#2532,#3332,.T.);
#2223=EDGE_CURVE('',#2652,#2533,#3333,.T.);
#2224=EDGE_CURVE('',#2706,#2536,#3334,.T.);
#2225=EDGE_CURVE('',#2571,#2537,#3335,.T.);
#2226=EDGE_CURVE('',#2570,#2538,#3336,.T.);
#2227=EDGE_CURVE('',#2569,#2539,#3337,.T.);
#2228=EDGE_CURVE('',#2808,#2540,#208,.T.);
#2229=EDGE_CURVE('',#2809,#2808,#3338,.T.);
#2230=EDGE_CURVE('',#2809,#2568,#209,.T.);
#2231=EDGE_CURVE('',#2567,#2541,#3339,.T.);
#2232=EDGE_CURVE('',#2697,#2518,#3340,.T.);
#2233=EDGE_CURVE('',#2560,#2519,#3341,.T.);
#2234=EDGE_CURVE('',#2512,#2519,#26,.T.);
#2235=EDGE_CURVE('',#2603,#2639,#210,.T.);
#2236=EDGE_CURVE('',#2627,#2608,#211,.T.);
#2237=EDGE_CURVE('',#2614,#2497,#3342,.T.);
#2238=EDGE_CURVE('',#2624,#2498,#3343,.T.);
#2239=EDGE_CURVE('',#2759,#2501,#3344,.T.);
#2240=EDGE_CURVE('',#2625,#2494,#3345,.T.);
#2241=EDGE_CURVE('',#2707,#2557,#212,.T.);
#2242=EDGE_CURVE('',#2630,#2710,#213,.T.);
#2243=EDGE_CURVE('',#2544,#2804,#3346,.T.);
#2244=EDGE_CURVE('',#2545,#2803,#3347,.T.);
#2245=EDGE_CURVE('',#2556,#2802,#3348,.T.);
#2246=EDGE_CURVE('',#2758,#2805,#3349,.T.);
#2247=EDGE_CURVE('',#2810,#2569,#214,.T.);
#2248=EDGE_CURVE('',#2809,#2810,#3350,.T.);
#2249=EDGE_CURVE('',#2811,#2539,#215,.T.);
#2250=EDGE_CURVE('',#2808,#2811,#3351,.T.);
#2251=EDGE_CURVE('',#2810,#2812,#3352,.T.);
#2252=EDGE_CURVE('',#2812,#2813,#3353,.T.);
#2253=EDGE_CURVE('',#2811,#2813,#3354,.T.);
#2254=EDGE_CURVE('',#2814,#2815,#3355,.T.);
#2255=EDGE_CURVE('',#2816,#2814,#3356,.T.);
#2256=EDGE_CURVE('',#2816,#2817,#3357,.T.);
#2257=EDGE_CURVE('',#2818,#2817,#216,.T.);
#2258=EDGE_CURVE('',#2818,#2819,#3358,.T.);
#2259=EDGE_CURVE('',#2819,#2820,#217,.T.);
#2260=EDGE_CURVE('',#2820,#2821,#3359,.T.);
#2261=EDGE_CURVE('',#2821,#2822,#3360,.T.);
#2262=EDGE_CURVE('',#2822,#2823,#3361,.T.);
#2263=EDGE_CURVE('',#2824,#2823,#218,.T.);
#2264=EDGE_CURVE('',#2824,#2825,#3362,.T.);
#2265=EDGE_CURVE('',#2825,#2815,#219,.T.);
#2266=EDGE_CURVE('',#2826,#2827,#3363,.T.);
#2267=EDGE_CURVE('',#2828,#2826,#220,.T.);
#2268=EDGE_CURVE('',#2829,#2828,#3364,.T.);
#2269=EDGE_CURVE('',#2829,#2830,#221,.T.);
#2270=EDGE_CURVE('',#2831,#2830,#3365,.T.);
#2271=EDGE_CURVE('',#2832,#2831,#3366,.T.);
#2272=EDGE_CURVE('',#2833,#2832,#3367,.T.);
#2273=EDGE_CURVE('',#2834,#2833,#222,.T.);
#2274=EDGE_CURVE('',#2835,#2834,#3368,.T.);
#2275=EDGE_CURVE('',#2835,#2836,#223,.T.);
#2276=EDGE_CURVE('',#2836,#2837,#3369,.T.);
#2277=EDGE_CURVE('',#2837,#2827,#3370,.T.);
#2278=EDGE_CURVE('',#2827,#2838,#224,.T.);
#2279=EDGE_CURVE('',#2837,#2839,#225,.T.);
#2280=EDGE_CURVE('',#2839,#2838,#3371,.T.);
#2281=EDGE_CURVE('',#2838,#2808,#3372,.T.);
#2282=EDGE_CURVE('',#2839,#2809,#3373,.T.);
#2283=EDGE_CURVE('',#2814,#2813,#226,.T.);
#2284=EDGE_CURVE('',#2816,#2812,#227,.T.);
#2285=EDGE_CURVE('',#2836,#2817,#3374,.T.);
#2286=EDGE_CURVE('',#2826,#2815,#3375,.T.);
#2287=EDGE_CURVE('',#2835,#2818,#3376,.T.);
#2288=EDGE_CURVE('',#2834,#2819,#3377,.T.);
#2289=EDGE_CURVE('',#2833,#2820,#3378,.T.);
#2290=EDGE_CURVE('',#2832,#2821,#3379,.T.);
#2291=EDGE_CURVE('',#2831,#2822,#3380,.T.);
#2292=EDGE_CURVE('',#2830,#2823,#3381,.T.);
#2293=EDGE_CURVE('',#2829,#2824,#3382,.T.);
#2294=EDGE_CURVE('',#2828,#2825,#3383,.T.);
#2295=EDGE_CURVE('',#2672,#2840,#228,.T.);
#2296=EDGE_CURVE('',#2841,#2840,#3384,.T.);
#2297=EDGE_CURVE('',#2688,#2841,#229,.T.);
#2298=EDGE_CURVE('',#2842,#2840,#3385,.T.);
#2299=EDGE_CURVE('',#2843,#2842,#3386,.T.);
#2300=EDGE_CURVE('',#2843,#2841,#3387,.T.);
#2301=EDGE_CURVE('',#2842,#2844,#230,.T.);
#2302=EDGE_CURVE('',#2845,#2844,#3388,.T.);
#2303=EDGE_CURVE('',#2843,#2845,#231,.T.);
#2304=EDGE_CURVE('',#2846,#2844,#3389,.T.);
#2305=EDGE_CURVE('',#2847,#2846,#3390,.T.);
#2306=EDGE_CURVE('',#2847,#2845,#3391,.T.);
#2307=EDGE_CURVE('',#2848,#2846,#3392,.T.);
#2308=EDGE_CURVE('',#2849,#2848,#3393,.T.);
#2309=EDGE_CURVE('',#2849,#2847,#3394,.T.);
#2310=EDGE_CURVE('',#2850,#2848,#3395,.T.);
#2311=EDGE_CURVE('',#2851,#2850,#3396,.T.);
#2312=EDGE_CURVE('',#2851,#2849,#3397,.T.);
#2313=EDGE_CURVE('',#2852,#2850,#232,.T.);
#2314=EDGE_CURVE('',#2853,#2852,#3398,.T.);
#2315=EDGE_CURVE('',#2853,#2851,#233,.T.);
#2316=EDGE_CURVE('',#2854,#2852,#3399,.T.);
#2317=EDGE_CURVE('',#2855,#2854,#3400,.T.);
#2318=EDGE_CURVE('',#2855,#2853,#3401,.T.);
#2319=EDGE_CURVE('',#2690,#2855,#234,.T.);
#2320=EDGE_CURVE('',#2671,#2854,#235,.T.);
#2321=EDGE_CURVE('',#2856,#2476,#236,.T.);
#2322=EDGE_CURVE('',#2857,#2478,#237,.T.);
#2323=EDGE_CURVE('',#2857,#2856,#3402,.T.);
#2324=EDGE_CURVE('',#2858,#2856,#3403,.T.);
#2325=EDGE_CURVE('',#2859,#2857,#3404,.T.);
#2326=EDGE_CURVE('',#2859,#2858,#3405,.T.);
#2327=EDGE_CURVE('',#2860,#2858,#238,.T.);
#2328=EDGE_CURVE('',#2861,#2859,#239,.T.);
#2329=EDGE_CURVE('',#2861,#2860,#3406,.T.);
#2330=EDGE_CURVE('',#2862,#2860,#3407,.T.);
#2331=EDGE_CURVE('',#2863,#2861,#3408,.T.);
#2332=EDGE_CURVE('',#2863,#2862,#3409,.T.);
#2333=EDGE_CURVE('',#2864,#2862,#3410,.T.);
#2334=EDGE_CURVE('',#2865,#2863,#3411,.T.);
#2335=EDGE_CURVE('',#2865,#2864,#3412,.T.);
#2336=EDGE_CURVE('',#2866,#2864,#3413,.T.);
#2337=EDGE_CURVE('',#2867,#2865,#3414,.T.);
#2338=EDGE_CURVE('',#2867,#2866,#3415,.T.);
#2339=EDGE_CURVE('',#2866,#2868,#240,.T.);
#2340=EDGE_CURVE('',#2867,#2869,#241,.T.);
#2341=EDGE_CURVE('',#2869,#2868,#3416,.T.);
#2342=EDGE_CURVE('',#2870,#2868,#3417,.T.);
#2343=EDGE_CURVE('',#2871,#2869,#3418,.T.);
#2344=EDGE_CURVE('',#2871,#2870,#3419,.T.);
#2345=EDGE_CURVE('',#2870,#2692,#242,.T.);
#2346=EDGE_CURVE('',#2871,#2673,#243,.T.);
#2347=EDGE_CURVE('',#2472,#2872,#244,.T.);
#2348=EDGE_CURVE('',#2872,#2873,#3420,.T.);
#2349=EDGE_CURVE('',#2873,#2874,#245,.T.);
#2350=EDGE_CURVE('',#2874,#2875,#3421,.T.);
#2351=EDGE_CURVE('',#2875,#2876,#3422,.T.);
#2352=EDGE_CURVE('',#2876,#2877,#3423,.T.);
#2353=EDGE_CURVE('',#2878,#2877,#246,.T.);
#2354=EDGE_CURVE('',#2878,#2879,#3424,.T.);
#2355=EDGE_CURVE('',#2689,#2879,#247,.T.);
#2356=EDGE_CURVE('',#2467,#2880,#248,.T.);
#2357=EDGE_CURVE('',#2691,#2881,#249,.T.);
#2358=EDGE_CURVE('',#2882,#2881,#3425,.T.);
#2359=EDGE_CURVE('',#2882,#2883,#250,.T.);
#2360=EDGE_CURVE('',#2884,#2883,#3426,.T.);
#2361=EDGE_CURVE('',#2885,#2884,#3427,.T.);
#2362=EDGE_CURVE('',#2886,#2885,#3428,.T.);
#2363=EDGE_CURVE('',#2887,#2886,#251,.T.);
#2364=EDGE_CURVE('',#2880,#2887,#3429,.T.);
#2365=EDGE_CURVE('',#2872,#2880,#3430,.T.);
#2366=EDGE_CURVE('',#2873,#2887,#3431,.T.);
#2367=EDGE_CURVE('',#2874,#2886,#3432,.T.);
#2368=EDGE_CURVE('',#2875,#2885,#3433,.T.);
#2369=EDGE_CURVE('',#2876,#2884,#3434,.T.);
#2370=EDGE_CURVE('',#2877,#2883,#3435,.T.);
#2371=EDGE_CURVE('',#2878,#2882,#3436,.T.);
#2372=EDGE_CURVE('',#2879,#2881,#3437,.T.);
#2373=EDGE_CURVE('',#2888,#2889,#3438,.T.);
#2374=EDGE_CURVE('',#2888,#2890,#3439,.T.);
#2375=EDGE_CURVE('',#2890,#2891,#3440,.T.);
#2376=EDGE_CURVE('',#2889,#2891,#3441,.T.);
#2377=EDGE_CURVE('',#2892,#2893,#3442,.T.);
#2378=EDGE_CURVE('',#2894,#2892,#3443,.T.);
#2379=EDGE_CURVE('',#2894,#2895,#3444,.T.);
#2380=EDGE_CURVE('',#2895,#2893,#3445,.T.);
#2381=EDGE_CURVE('',#2893,#2896,#3446,.T.);
#2382=EDGE_CURVE('',#2895,#2897,#3447,.T.);
#2383=EDGE_CURVE('',#2897,#2896,#3448,.T.);
#2384=EDGE_CURVE('',#2896,#2898,#3449,.T.);
#2385=EDGE_CURVE('',#2897,#2899,#3450,.T.);
#2386=EDGE_CURVE('',#2899,#2898,#3451,.T.);
#2387=EDGE_CURVE('',#2898,#2890,#3452,.T.);
#2388=EDGE_CURVE('',#2899,#2900,#3453,.T.);
#2389=EDGE_CURVE('',#2900,#2891,#3454,.T.);
#2390=EDGE_CURVE('',#2901,#2902,#3455,.T.);
#2391=EDGE_CURVE('',#2901,#2903,#3456,.T.);
#2392=EDGE_CURVE('',#2903,#2889,#3457,.T.);
#2393=EDGE_CURVE('',#2900,#2904,#3458,.T.);
#2394=EDGE_CURVE('',#2904,#2905,#3459,.T.);
#2395=EDGE_CURVE('',#2905,#2902,#3460,.T.);
#2396=EDGE_CURVE('',#2905,#2906,#3461,.T.);
#2397=EDGE_CURVE('',#2904,#2907,#3462,.T.);
#2398=EDGE_CURVE('',#2907,#2908,#3463,.T.);
#2399=EDGE_CURVE('',#2906,#2908,#3464,.T.);
#2400=EDGE_CURVE('',#2908,#2909,#3465,.T.);
#2401=EDGE_CURVE('',#2907,#2910,#3466,.T.);
#2402=EDGE_CURVE('',#2910,#2909,#3467,.T.);
#2403=EDGE_CURVE('',#2909,#2911,#3468,.T.);
#2404=EDGE_CURVE('',#2910,#2912,#3469,.T.);
#2405=EDGE_CURVE('',#2912,#2911,#3470,.T.);
#2406=EDGE_CURVE('',#2911,#2913,#3471,.T.);
#2407=EDGE_CURVE('',#2912,#2914,#3472,.T.);
#2408=EDGE_CURVE('',#2914,#2913,#3473,.T.);
#2409=EDGE_CURVE('',#2915,#2916,#3474,.T.);
#2410=EDGE_CURVE('',#2913,#2915,#3475,.T.);
#2411=EDGE_CURVE('',#2914,#2917,#3476,.T.);
#2412=EDGE_CURVE('',#2917,#2916,#3477,.T.);
#2413=EDGE_CURVE('',#2916,#2918,#3478,.T.);
#2414=EDGE_CURVE('',#2917,#2919,#3479,.T.);
#2415=EDGE_CURVE('',#2919,#2918,#3480,.T.);
#2416=EDGE_CURVE('',#2918,#2920,#3481,.T.);
#2417=EDGE_CURVE('',#2919,#2921,#3482,.T.);
#2418=EDGE_CURVE('',#2921,#2922,#3483,.T.);
#2419=EDGE_CURVE('',#2920,#2922,#3484,.T.);
#2420=EDGE_CURVE('',#2922,#2923,#3485,.T.);
#2421=EDGE_CURVE('',#2921,#2924,#3486,.T.);
#2422=EDGE_CURVE('',#2924,#2923,#3487,.T.);
#2423=EDGE_CURVE('',#2925,#2926,#3488,.T.);
#2424=EDGE_CURVE('',#2923,#2925,#3489,.T.);
#2425=EDGE_CURVE('',#2924,#2927,#3490,.T.);
#2426=EDGE_CURVE('',#2927,#2926,#3491,.T.);
#2427=EDGE_CURVE('',#2926,#2928,#3492,.T.);
#2428=EDGE_CURVE('',#2927,#2929,#3493,.T.);
#2429=EDGE_CURVE('',#2929,#2928,#3494,.T.);
#2430=EDGE_CURVE('',#2928,#2930,#3495,.T.);
#2431=EDGE_CURVE('',#2929,#2931,#3496,.T.);
#2432=EDGE_CURVE('',#2931,#2932,#3497,.T.);
#2433=EDGE_CURVE('',#2930,#2932,#3498,.T.);
#2434=EDGE_CURVE('',#2932,#2933,#3499,.T.);
#2435=EDGE_CURVE('',#2931,#2934,#3500,.T.);
#2436=EDGE_CURVE('',#2934,#2933,#3501,.T.);
#2437=EDGE_CURVE('',#2935,#2936,#3502,.T.);
#2438=EDGE_CURVE('',#2933,#2935,#3503,.T.);
#2439=EDGE_CURVE('',#2934,#2937,#3504,.T.);
#2440=EDGE_CURVE('',#2937,#2936,#3505,.T.);
#2441=EDGE_CURVE('',#2936,#2938,#3506,.T.);
#2442=EDGE_CURVE('',#2937,#2939,#3507,.T.);
#2443=EDGE_CURVE('',#2939,#2938,#3508,.T.);
#2444=EDGE_CURVE('',#2938,#2940,#3509,.T.);
#2445=EDGE_CURVE('',#2939,#2894,#3510,.T.);
#2446=EDGE_CURVE('',#2940,#2892,#3511,.T.);
#2447=EDGE_CURVE('',#2941,#2942,#3512,.T.);
#2448=EDGE_CURVE('',#2906,#2941,#3513,.T.);
#2449=EDGE_CURVE('',#2920,#2915,#3514,.T.);
#2450=EDGE_CURVE('',#2930,#2925,#3515,.T.);
#2451=EDGE_CURVE('',#2940,#2935,#3516,.T.);
#2452=EDGE_CURVE('',#2888,#2943,#3517,.T.);
#2453=EDGE_CURVE('',#2942,#2943,#3518,.T.);
#2454=EDGE_CURVE('',#2941,#2902,#3519,.T.);
#2455=EDGE_CURVE('',#2943,#2944,#3520,.T.);
#2456=EDGE_CURVE('',#2945,#2944,#3521,.T.);
#2457=EDGE_CURVE('',#2942,#2945,#3522,.T.);
#2458=EDGE_CURVE('',#2944,#2946,#3523,.T.);
#2459=EDGE_CURVE('',#2947,#2946,#3524,.T.);
#2460=EDGE_CURVE('',#2945,#2947,#3525,.T.);
#2461=EDGE_CURVE('',#2946,#2948,#3526,.T.);
#2462=EDGE_CURVE('',#2949,#2948,#3527,.T.);
#2463=EDGE_CURVE('',#2947,#2949,#3528,.T.);
#2464=EDGE_CURVE('',#2949,#2901,#3529,.T.);
#2465=EDGE_CURVE('',#2948,#2903,#3530,.T.);
#2466=VERTEX_POINT('',#8482);
#2467=VERTEX_POINT('',#8483);
#2468=VERTEX_POINT('',#8485);
#2469=VERTEX_POINT('',#8487);
#2470=VERTEX_POINT('',#8491);
#2471=VERTEX_POINT('',#8492);
#2472=VERTEX_POINT('',#8494);
#2473=VERTEX_POINT('',#8496);
#2474=VERTEX_POINT('',#8503);
#2475=VERTEX_POINT('',#8504);
#2476=VERTEX_POINT('',#8506);
#2477=VERTEX_POINT('',#8508);
#2478=VERTEX_POINT('',#8512);
#2479=VERTEX_POINT('',#8513);
#2480=VERTEX_POINT('',#8515);
#2481=VERTEX_POINT('',#8517);
#2482=VERTEX_POINT('',#8521);
#2483=VERTEX_POINT('',#8522);
#2484=VERTEX_POINT('',#8524);
#2485=VERTEX_POINT('',#8526);
#2486=VERTEX_POINT('',#8530);
#2487=VERTEX_POINT('',#8531);
#2488=VERTEX_POINT('',#8533);
#2489=VERTEX_POINT('',#8535);
#2490=VERTEX_POINT('',#8537);
#2491=VERTEX_POINT('',#8539);
#2492=VERTEX_POINT('',#8541);
#2493=VERTEX_POINT('',#8543);
#2494=VERTEX_POINT('',#8545);
#2495=VERTEX_POINT('',#8547);
#2496=VERTEX_POINT('',#8549);
#2497=VERTEX_POINT('',#8551);
#2498=VERTEX_POINT('',#8553);
#2499=VERTEX_POINT('',#8555);
#2500=VERTEX_POINT('',#8557);
#2501=VERTEX_POINT('',#8559);
#2502=VERTEX_POINT('',#8561);
#2503=VERTEX_POINT('',#8563);
#2504=VERTEX_POINT('',#8565);
#2505=VERTEX_POINT('',#8567);
#2506=VERTEX_POINT('',#8571);
#2507=VERTEX_POINT('',#8572);
#2508=VERTEX_POINT('',#8574);
#2509=VERTEX_POINT('',#8576);
#2510=VERTEX_POINT('',#8578);
#2511=VERTEX_POINT('',#8580);
#2512=VERTEX_POINT('',#8584);
#2513=VERTEX_POINT('',#8585);
#2514=VERTEX_POINT('',#8587);
#2515=VERTEX_POINT('',#8589);
#2516=VERTEX_POINT('',#8591);
#2517=VERTEX_POINT('',#8593);
#2518=VERTEX_POINT('',#8597);
#2519=VERTEX_POINT('',#8598);
#2520=VERTEX_POINT('',#8600);
#2521=VERTEX_POINT('',#8602);
#2522=VERTEX_POINT('',#8604);
#2523=VERTEX_POINT('',#8606);
#2524=VERTEX_POINT('',#8608);
#2525=VERTEX_POINT('',#8610);
#2526=VERTEX_POINT('',#8612);
#2527=VERTEX_POINT('',#8614);
#2528=VERTEX_POINT('',#8616);
#2529=VERTEX_POINT('',#8618);
#2530=VERTEX_POINT('',#8620);
#2531=VERTEX_POINT('',#8622);
#2532=VERTEX_POINT('',#8624);
#2533=VERTEX_POINT('',#8626);
#2534=VERTEX_POINT('',#8628);
#2535=VERTEX_POINT('',#8630);
#2536=VERTEX_POINT('',#8632);
#2537=VERTEX_POINT('',#8634);
#2538=VERTEX_POINT('',#8636);
#2539=VERTEX_POINT('',#8638);
#2540=VERTEX_POINT('',#8640);
#2541=VERTEX_POINT('',#8642);
#2542=VERTEX_POINT('',#8646);
#2543=VERTEX_POINT('',#8647);
#2544=VERTEX_POINT('',#8649);
#2545=VERTEX_POINT('',#8651);
#2546=VERTEX_POINT('',#8653);
#2547=VERTEX_POINT('',#8655);
#2548=VERTEX_POINT('',#8657);
#2549=VERTEX_POINT('',#8659);
#2550=VERTEX_POINT('',#8661);
#2551=VERTEX_POINT('',#8663);
#2552=VERTEX_POINT('',#8665);
#2553=VERTEX_POINT('',#8667);
#2554=VERTEX_POINT('',#8671);
#2555=VERTEX_POINT('',#8672);
#2556=VERTEX_POINT('',#8674);
#2557=VERTEX_POINT('',#8676);
#2558=VERTEX_POINT('',#8678);
#2559=VERTEX_POINT('',#8680);
#2560=VERTEX_POINT('',#8684);
#2561=VERTEX_POINT('',#8686);
#2562=VERTEX_POINT('',#8688);
#2563=VERTEX_POINT('',#8690);
#2564=VERTEX_POINT('',#8692);
#2565=VERTEX_POINT('',#8694);
#2566=VERTEX_POINT('',#8696);
#2567=VERTEX_POINT('',#8698);
#2568=VERTEX_POINT('',#8700);
#2569=VERTEX_POINT('',#8702);
#2570=VERTEX_POINT('',#8704);
#2571=VERTEX_POINT('',#8706);
#2572=VERTEX_POINT('',#8708);
#2573=VERTEX_POINT('',#8710);
#2574=VERTEX_POINT('',#8712);
#2575=VERTEX_POINT('',#8714);
#2576=VERTEX_POINT('',#8716);
#2577=VERTEX_POINT('',#8718);
#2578=VERTEX_POINT('',#8720);
#2579=VERTEX_POINT('',#8722);
#2580=VERTEX_POINT('',#8724);
#2581=VERTEX_POINT('',#8726);
#2582=VERTEX_POINT('',#8728);
#2583=VERTEX_POINT('',#8730);
#2584=VERTEX_POINT('',#8732);
#2585=VERTEX_POINT('',#8734);
#2586=VERTEX_POINT('',#8736);
#2587=VERTEX_POINT('',#8738);
#2588=VERTEX_POINT('',#8740);
#2589=VERTEX_POINT('',#8742);
#2590=VERTEX_POINT('',#8744);
#2591=VERTEX_POINT('',#8746);
#2592=VERTEX_POINT('',#8748);
#2593=VERTEX_POINT('',#8750);
#2594=VERTEX_POINT('',#8752);
#2595=VERTEX_POINT('',#8754);
#2596=VERTEX_POINT('',#8756);
#2597=VERTEX_POINT('',#8761);
#2598=VERTEX_POINT('',#8762);
#2599=VERTEX_POINT('',#8764);
#2600=VERTEX_POINT('',#8766);
#2601=VERTEX_POINT('',#8770);
#2602=VERTEX_POINT('',#8772);
#2603=VERTEX_POINT('',#8776);
#2604=VERTEX_POINT('',#8778);
#2605=VERTEX_POINT('',#8781);
#2606=VERTEX_POINT('',#8783);
#2607=VERTEX_POINT('',#8785);
#2608=VERTEX_POINT('',#8789);
#2609=VERTEX_POINT('',#8791);
#2610=VERTEX_POINT('',#8793);
#2611=VERTEX_POINT('',#8795);
#2612=VERTEX_POINT('',#8798);
#2613=VERTEX_POINT('',#8802);
#2614=VERTEX_POINT('',#8803);
#2615=VERTEX_POINT('',#8805);
#2616=VERTEX_POINT('',#8807);
#2617=VERTEX_POINT('',#8809);
#2618=VERTEX_POINT('',#8811);
#2619=VERTEX_POINT('',#8813);
#2620=VERTEX_POINT('',#8815);
#2621=VERTEX_POINT('',#8817);
#2622=VERTEX_POINT('',#8819);
#2623=VERTEX_POINT('',#8821);
#2624=VERTEX_POINT('',#8823);
#2625=VERTEX_POINT('',#8827);
#2626=VERTEX_POINT('',#8828);
#2627=VERTEX_POINT('',#8830);
#2628=VERTEX_POINT('',#8833);
#2629=VERTEX_POINT('',#8837);
#2630=VERTEX_POINT('',#8839);
#2631=VERTEX_POINT('',#8841);
#2632=VERTEX_POINT('',#8843);
#2633=VERTEX_POINT('',#8845);
#2634=VERTEX_POINT('',#8847);
#2635=VERTEX_POINT('',#8849);
#2636=VERTEX_POINT('',#8851);
#2637=VERTEX_POINT('',#8853);
#2638=VERTEX_POINT('',#8855);
#2639=VERTEX_POINT('',#8858);
#2640=VERTEX_POINT('',#8861);
#2641=VERTEX_POINT('',#8863);
#2642=VERTEX_POINT('',#8865);
#2643=VERTEX_POINT('',#8867);
#2644=VERTEX_POINT('',#8869);
#2645=VERTEX_POINT('',#8871);
#2646=VERTEX_POINT('',#8877);
#2647=VERTEX_POINT('',#8878);
#2648=VERTEX_POINT('',#8881);
#2649=VERTEX_POINT('',#8883);
#2650=VERTEX_POINT('',#8885);
#2651=VERTEX_POINT('',#8887);
#2652=VERTEX_POINT('',#8889);
#2653=VERTEX_POINT('',#8893);
#2654=VERTEX_POINT('',#8896);
#2655=VERTEX_POINT('',#8901);
#2656=VERTEX_POINT('',#8903);
#2657=VERTEX_POINT('',#8905);
#2658=VERTEX_POINT('',#8907);
#2659=VERTEX_POINT('',#8910);
#2660=VERTEX_POINT('',#8912);
#2661=VERTEX_POINT('',#8914);
#2662=VERTEX_POINT('',#8916);
#2663=VERTEX_POINT('',#8918);
#2664=VERTEX_POINT('',#8921);
#2665=VERTEX_POINT('',#8923);
#2666=VERTEX_POINT('',#8925);
#2667=VERTEX_POINT('',#8929);
#2668=VERTEX_POINT('',#8931);
#2669=VERTEX_POINT('',#8933);
#2670=VERTEX_POINT('',#8936);
#2671=VERTEX_POINT('',#8940);
#2672=VERTEX_POINT('',#8942);
#2673=VERTEX_POINT('',#8946);
#2674=VERTEX_POINT('',#8952);
#2675=VERTEX_POINT('',#8954);
#2676=VERTEX_POINT('',#8957);
#2677=VERTEX_POINT('',#8959);
#2678=VERTEX_POINT('',#8961);
#2679=VERTEX_POINT('',#8963);
#2680=VERTEX_POINT('',#8966);
#2681=VERTEX_POINT('',#8968);
#2682=VERTEX_POINT('',#8970);
#2683=VERTEX_POINT('',#8972);
#2684=VERTEX_POINT('',#8976);
#2685=VERTEX_POINT('',#8978);
#2686=VERTEX_POINT('',#8981);
#2687=VERTEX_POINT('',#8983);
#2688=VERTEX_POINT('',#8989);
#2689=VERTEX_POINT('',#8990);
#2690=VERTEX_POINT('',#8992);
#2691=VERTEX_POINT('',#8997);
#2692=VERTEX_POINT('',#9001);
#2693=VERTEX_POINT('',#9005);
#2694=VERTEX_POINT('',#9006);
#2695=VERTEX_POINT('',#9008);
#2696=VERTEX_POINT('',#9010);
#2697=VERTEX_POINT('',#9017);
#2698=VERTEX_POINT('',#9020);
#2699=VERTEX_POINT('',#9022);
#2700=VERTEX_POINT('',#9026);
#2701=VERTEX_POINT('',#9031);
#2702=VERTEX_POINT('',#9032);
#2703=VERTEX_POINT('',#9037);
#2704=VERTEX_POINT('',#9041);
#2705=VERTEX_POINT('',#9043);
#2706=VERTEX_POINT('',#9048);
#2707=VERTEX_POINT('',#9053);
#2708=VERTEX_POINT('',#9055);
#2709=VERTEX_POINT('',#9061);
#2710=VERTEX_POINT('',#9063);
#2711=VERTEX_POINT('',#9070);
#2712=VERTEX_POINT('',#9071);
#2713=VERTEX_POINT('',#9074);
#2714=VERTEX_POINT('',#9076);
#2715=VERTEX_POINT('',#9079);
#2716=VERTEX_POINT('',#9089);
#2717=VERTEX_POINT('',#9091);
#2718=VERTEX_POINT('',#9093);
#2719=VERTEX_POINT('',#9095);
#2720=VERTEX_POINT('',#9097);
#2721=VERTEX_POINT('',#9098);
#2722=VERTEX_POINT('',#9100);
#2723=VERTEX_POINT('',#9102);
#2724=VERTEX_POINT('',#9104);
#2725=VERTEX_POINT('',#9106);
#2726=VERTEX_POINT('',#9108);
#2727=VERTEX_POINT('',#9110);
#2728=VERTEX_POINT('',#9113);
#2729=VERTEX_POINT('',#9114);
#2730=VERTEX_POINT('',#9116);
#2731=VERTEX_POINT('',#9118);
#2732=VERTEX_POINT('',#9120);
#2733=VERTEX_POINT('',#9122);
#2734=VERTEX_POINT('',#9124);
#2735=VERTEX_POINT('',#9126);
#2736=VERTEX_POINT('',#9129);
#2737=VERTEX_POINT('',#9130);
#2738=VERTEX_POINT('',#9132);
#2739=VERTEX_POINT('',#9134);
#2740=VERTEX_POINT('',#9136);
#2741=VERTEX_POINT('',#9138);
#2742=VERTEX_POINT('',#9140);
#2743=VERTEX_POINT('',#9142);
#2744=VERTEX_POINT('',#9145);
#2745=VERTEX_POINT('',#9146);
#2746=VERTEX_POINT('',#9148);
#2747=VERTEX_POINT('',#9150);
#2748=VERTEX_POINT('',#9152);
#2749=VERTEX_POINT('',#9154);
#2750=VERTEX_POINT('',#9156);
#2751=VERTEX_POINT('',#9158);
#2752=VERTEX_POINT('',#9167);
#2753=VERTEX_POINT('',#9168);
#2754=VERTEX_POINT('',#9173);
#2755=VERTEX_POINT('',#9175);
#2756=VERTEX_POINT('',#9185);
#2757=VERTEX_POINT('',#9187);
#2758=VERTEX_POINT('',#9198);
#2759=VERTEX_POINT('',#9204);
#2760=VERTEX_POINT('',#9215);
#2761=VERTEX_POINT('',#9217);
#2762=VERTEX_POINT('',#9223);
#2763=VERTEX_POINT('',#9226);
#2764=VERTEX_POINT('',#9257);
#2765=VERTEX_POINT('',#9259);
#2766=VERTEX_POINT('',#9263);
#2767=VERTEX_POINT('',#9267);
#2768=VERTEX_POINT('',#9271);
#2769=VERTEX_POINT('',#9275);
#2770=VERTEX_POINT('',#9279);
#2771=VERTEX_POINT('',#9283);
#2772=VERTEX_POINT('',#9290);
#2773=VERTEX_POINT('',#9292);
#2774=VERTEX_POINT('',#9296);
#2775=VERTEX_POINT('',#9300);
#2776=VERTEX_POINT('',#9304);
#2777=VERTEX_POINT('',#9308);
#2778=VERTEX_POINT('',#9312);
#2779=VERTEX_POINT('',#9316);
#2780=VERTEX_POINT('',#9323);
#2781=VERTEX_POINT('',#9325);
#2782=VERTEX_POINT('',#9329);
#2783=VERTEX_POINT('',#9333);
#2784=VERTEX_POINT('',#9337);
#2785=VERTEX_POINT('',#9341);
#2786=VERTEX_POINT('',#9345);
#2787=VERTEX_POINT('',#9349);
#2788=VERTEX_POINT('',#9356);
#2789=VERTEX_POINT('',#9358);
#2790=VERTEX_POINT('',#9362);
#2791=VERTEX_POINT('',#9366);
#2792=VERTEX_POINT('',#9370);
#2793=VERTEX_POINT('',#9374);
#2794=VERTEX_POINT('',#9378);
#2795=VERTEX_POINT('',#9382);
#2796=VERTEX_POINT('',#9389);
#2797=VERTEX_POINT('',#9392);
#2798=VERTEX_POINT('',#9396);
#2799=VERTEX_POINT('',#9399);
#2800=VERTEX_POINT('',#9403);
#2801=VERTEX_POINT('',#9407);
#2802=VERTEX_POINT('',#9412);
#2803=VERTEX_POINT('',#9415);
#2804=VERTEX_POINT('',#9417);
#2805=VERTEX_POINT('',#9420);
#2806=VERTEX_POINT('',#9446);
#2807=VERTEX_POINT('',#9457);
#2808=VERTEX_POINT('',#9484);
#2809=VERTEX_POINT('',#9486);
#2810=VERTEX_POINT('',#9531);
#2811=VERTEX_POINT('',#9535);
#2812=VERTEX_POINT('',#9539);
#2813=VERTEX_POINT('',#9541);
#2814=VERTEX_POINT('',#9545);
#2815=VERTEX_POINT('',#9546);
#2816=VERTEX_POINT('',#9548);
#2817=VERTEX_POINT('',#9550);
#2818=VERTEX_POINT('',#9552);
#2819=VERTEX_POINT('',#9554);
#2820=VERTEX_POINT('',#9556);
#2821=VERTEX_POINT('',#9558);
#2822=VERTEX_POINT('',#9560);
#2823=VERTEX_POINT('',#9562);
#2824=VERTEX_POINT('',#9564);
#2825=VERTEX_POINT('',#9566);
#2826=VERTEX_POINT('',#9570);
#2827=VERTEX_POINT('',#9571);
#2828=VERTEX_POINT('',#9573);
#2829=VERTEX_POINT('',#9575);
#2830=VERTEX_POINT('',#9577);
#2831=VERTEX_POINT('',#9579);
#2832=VERTEX_POINT('',#9581);
#2833=VERTEX_POINT('',#9583);
#2834=VERTEX_POINT('',#9585);
#2835=VERTEX_POINT('',#9587);
#2836=VERTEX_POINT('',#9589);
#2837=VERTEX_POINT('',#9591);
#2838=VERTEX_POINT('',#9595);
#2839=VERTEX_POINT('',#9597);
#2840=VERTEX_POINT('',#9628);
#2841=VERTEX_POINT('',#9630);
#2842=VERTEX_POINT('',#9634);
#2843=VERTEX_POINT('',#9636);
#2844=VERTEX_POINT('',#9640);
#2845=VERTEX_POINT('',#9642);
#2846=VERTEX_POINT('',#9646);
#2847=VERTEX_POINT('',#9648);
#2848=VERTEX_POINT('',#9652);
#2849=VERTEX_POINT('',#9654);
#2850=VERTEX_POINT('',#9658);
#2851=VERTEX_POINT('',#9660);
#2852=VERTEX_POINT('',#9664);
#2853=VERTEX_POINT('',#9666);
#2854=VERTEX_POINT('',#9670);
#2855=VERTEX_POINT('',#9672);
#2856=VERTEX_POINT('',#9681);
#2857=VERTEX_POINT('',#9683);
#2858=VERTEX_POINT('',#9687);
#2859=VERTEX_POINT('',#9689);
#2860=VERTEX_POINT('',#9693);
#2861=VERTEX_POINT('',#9695);
#2862=VERTEX_POINT('',#9699);
#2863=VERTEX_POINT('',#9701);
#2864=VERTEX_POINT('',#9705);
#2865=VERTEX_POINT('',#9707);
#2866=VERTEX_POINT('',#9711);
#2867=VERTEX_POINT('',#9713);
#2868=VERTEX_POINT('',#9717);
#2869=VERTEX_POINT('',#9719);
#2870=VERTEX_POINT('',#9723);
#2871=VERTEX_POINT('',#9725);
#2872=VERTEX_POINT('',#9734);
#2873=VERTEX_POINT('',#9736);
#2874=VERTEX_POINT('',#9738);
#2875=VERTEX_POINT('',#9740);
#2876=VERTEX_POINT('',#9742);
#2877=VERTEX_POINT('',#9744);
#2878=VERTEX_POINT('',#9746);
#2879=VERTEX_POINT('',#9748);
#2880=VERTEX_POINT('',#9752);
#2881=VERTEX_POINT('',#9754);
#2882=VERTEX_POINT('',#9756);
#2883=VERTEX_POINT('',#9758);
#2884=VERTEX_POINT('',#9760);
#2885=VERTEX_POINT('',#9762);
#2886=VERTEX_POINT('',#9764);
#2887=VERTEX_POINT('',#9766);
#2888=VERTEX_POINT('',#9788);
#2889=VERTEX_POINT('',#9789);
#2890=VERTEX_POINT('',#9791);
#2891=VERTEX_POINT('',#9793);
#2892=VERTEX_POINT('',#9797);
#2893=VERTEX_POINT('',#9798);
#2894=VERTEX_POINT('',#9800);
#2895=VERTEX_POINT('',#9802);
#2896=VERTEX_POINT('',#9806);
#2897=VERTEX_POINT('',#9808);
#2898=VERTEX_POINT('',#9812);
#2899=VERTEX_POINT('',#9814);
#2900=VERTEX_POINT('',#9819);
#2901=VERTEX_POINT('',#9823);
#2902=VERTEX_POINT('',#9824);
#2903=VERTEX_POINT('',#9826);
#2904=VERTEX_POINT('',#9829);
#2905=VERTEX_POINT('',#9831);
#2906=VERTEX_POINT('',#9835);
#2907=VERTEX_POINT('',#9837);
#2908=VERTEX_POINT('',#9839);
#2909=VERTEX_POINT('',#9843);
#2910=VERTEX_POINT('',#9845);
#2911=VERTEX_POINT('',#9849);
#2912=VERTEX_POINT('',#9851);
#2913=VERTEX_POINT('',#9855);
#2914=VERTEX_POINT('',#9857);
#2915=VERTEX_POINT('',#9861);
#2916=VERTEX_POINT('',#9862);
#2917=VERTEX_POINT('',#9865);
#2918=VERTEX_POINT('',#9869);
#2919=VERTEX_POINT('',#9871);
#2920=VERTEX_POINT('',#9875);
#2921=VERTEX_POINT('',#9877);
#2922=VERTEX_POINT('',#9879);
#2923=VERTEX_POINT('',#9883);
#2924=VERTEX_POINT('',#9885);
#2925=VERTEX_POINT('',#9889);
#2926=VERTEX_POINT('',#9890);
#2927=VERTEX_POINT('',#9893);
#2928=VERTEX_POINT('',#9897);
#2929=VERTEX_POINT('',#9899);
#2930=VERTEX_POINT('',#9903);
#2931=VERTEX_POINT('',#9905);
#2932=VERTEX_POINT('',#9907);
#2933=VERTEX_POINT('',#9911);
#2934=VERTEX_POINT('',#9913);
#2935=VERTEX_POINT('',#9917);
#2936=VERTEX_POINT('',#9918);
#2937=VERTEX_POINT('',#9921);
#2938=VERTEX_POINT('',#9925);
#2939=VERTEX_POINT('',#9927);
#2940=VERTEX_POINT('',#9931);
#2941=VERTEX_POINT('',#9937);
#2942=VERTEX_POINT('',#9938);
#2943=VERTEX_POINT('',#9944);
#2944=VERTEX_POINT('',#9953);
#2945=VERTEX_POINT('',#9955);
#2946=VERTEX_POINT('',#9959);
#2947=VERTEX_POINT('',#9961);
#2948=VERTEX_POINT('',#9965);
#2949=VERTEX_POINT('',#9967);
#2950=LINE('',#8481,#3531);
#2951=LINE('',#8486,#3532);
#2952=LINE('',#8488,#3533);
#2953=LINE('',#8490,#3534);
#2954=LINE('',#8495,#3535);
#2955=LINE('',#8497,#3536);
#2956=LINE('',#8499,#3537);
#2957=LINE('',#8500,#3538);
#2958=LINE('',#8502,#3539);
#2959=LINE('',#8507,#3540);
#2960=LINE('',#8509,#3541);
#2961=LINE('',#8511,#3542);
#2962=LINE('',#8516,#3543);
#2963=LINE('',#8518,#3544);
#2964=LINE('',#8520,#3545);
#2965=LINE('',#8523,#3546);
#2966=LINE('',#8525,#3547);
#2967=LINE('',#8527,#3548);
#2968=LINE('',#8529,#3549);
#2969=LINE('',#8532,#3550);
#2970=LINE('',#8534,#3551);
#2971=LINE('',#8536,#3552);
#2972=LINE('',#8538,#3553);
#2973=LINE('',#8540,#3554);
#2974=LINE('',#8542,#3555);
#2975=LINE('',#8546,#3556);
#2976=LINE('',#8548,#3557);
#2977=LINE('',#8552,#3558);
#2978=LINE('',#8556,#3559);
#2979=LINE('',#8558,#3560);
#2980=LINE('',#8562,#3561);
#2981=LINE('',#8564,#3562);
#2982=LINE('',#8566,#3563);
#2983=LINE('',#8568,#3564);
#2984=LINE('',#8573,#3565);
#2985=LINE('',#8575,#3566);
#2986=LINE('',#8577,#3567);
#2987=LINE('',#8579,#3568);
#2988=LINE('',#8581,#3569);
#2989=LINE('',#8586,#3570);
#2990=LINE('',#8588,#3571);
#2991=LINE('',#8590,#3572);
#2992=LINE('',#8592,#3573);
#2993=LINE('',#8594,#3574);
#2994=LINE('',#8599,#3575);
#2995=LINE('',#8603,#3576);
#2996=LINE('',#8607,#3577);
#2997=LINE('',#8609,#3578);
#2998=LINE('',#8611,#3579);
#2999=LINE('',#8615,#3580);
#3000=LINE('',#8619,#3581);
#3001=LINE('',#8623,#3582);
#3002=LINE('',#8627,#3583);
#3003=LINE('',#8629,#3584);
#3004=LINE('',#8631,#3585);
#3005=LINE('',#8635,#3586);
#3006=LINE('',#8639,#3587);
#3007=LINE('',#8641,#3588);
#3008=LINE('',#8643,#3589);
#3009=LINE('',#8645,#3590);
#3010=LINE('',#8650,#3591);
#3011=LINE('',#8654,#3592);
#3012=LINE('',#8656,#3593);
#3013=LINE('',#8658,#3594);
#3014=LINE('',#8660,#3595);
#3015=LINE('',#8662,#3596);
#3016=LINE('',#8664,#3597);
#3017=LINE('',#8666,#3598);
#3018=LINE('',#8668,#3599);
#3019=LINE('',#8670,#3600);
#3020=LINE('',#8673,#3601);
#3021=LINE('',#8677,#3602);
#3022=LINE('',#8679,#3603);
#3023=LINE('',#8681,#3604);
#3024=LINE('',#8687,#3605);
#3025=LINE('',#8689,#3606);
#3026=LINE('',#8691,#3607);
#3027=LINE('',#8693,#3608);
#3028=LINE('',#8695,#3609);
#3029=LINE('',#8697,#3610);
#3030=LINE('',#8699,#3611);
#3031=LINE('',#8701,#3612);
#3032=LINE('',#8705,#3613);
#3033=LINE('',#8709,#3614);
#3034=LINE('',#8711,#3615);
#3035=LINE('',#8713,#3616);
#3036=LINE('',#8715,#3617);
#3037=LINE('',#8717,#3618);
#3038=LINE('',#8723,#3619);
#3039=LINE('',#8725,#3620);
#3040=LINE('',#8727,#3621);
#3041=LINE('',#8733,#3622);
#3042=LINE('',#8735,#3623);
#3043=LINE('',#8737,#3624);
#3044=LINE('',#8739,#3625);
#3045=LINE('',#8741,#3626);
#3046=LINE('',#8743,#3627);
#3047=LINE('',#8745,#3628);
#3048=LINE('',#8747,#3629);
#3049=LINE('',#8749,#3630);
#3050=LINE('',#8751,#3631);
#3051=LINE('',#8753,#3632);
#3052=LINE('',#8758,#3633);
#3053=LINE('',#8760,#3634);
#3054=LINE('',#8763,#3635);
#3055=LINE('',#8765,#3636);
#3056=LINE('',#8767,#3637);
#3057=LINE('',#8769,#3638);
#3058=LINE('',#8771,#3639);
#3059=LINE('',#8773,#3640);
#3060=LINE('',#8775,#3641);
#3061=LINE('',#8777,#3642);
#3062=LINE('',#8779,#3643);
#3063=LINE('',#8780,#3644);
#3064=LINE('',#8782,#3645);
#3065=LINE('',#8784,#3646);
#3066=LINE('',#8786,#3647);
#3067=LINE('',#8788,#3648);
#3068=LINE('',#8790,#3649);
#3069=LINE('',#8792,#3650);
#3070=LINE('',#8794,#3651);
#3071=LINE('',#8796,#3652);
#3072=LINE('',#8797,#3653);
#3073=LINE('',#8799,#3654);
#3074=LINE('',#8804,#3655);
#3075=LINE('',#8806,#3656);
#3076=LINE('',#8808,#3657);
#3077=LINE('',#8810,#3658);
#3078=LINE('',#8812,#3659);
#3079=LINE('',#8814,#3660);
#3080=LINE('',#8816,#3661);
#3081=LINE('',#8818,#3662);
#3082=LINE('',#8820,#3663);
#3083=LINE('',#8824,#3664);
#3084=LINE('',#8826,#3665);
#3085=LINE('',#8831,#3666);
#3086=LINE('',#8832,#3667);
#3087=LINE('',#8834,#3668);
#3088=LINE('',#8836,#3669);
#3089=LINE('',#8838,#3670);
#3090=LINE('',#8840,#3671);
#3091=LINE('',#8842,#3672);
#3092=LINE('',#8844,#3673);
#3093=LINE('',#8846,#3674);
#3094=LINE('',#8848,#3675);
#3095=LINE('',#8850,#3676);
#3096=LINE('',#8852,#3677);
#3097=LINE('',#8854,#3678);
#3098=LINE('',#8856,#3679);
#3099=LINE('',#8857,#3680);
#3100=LINE('',#8859,#3681);
#3101=LINE('',#8860,#3682);
#3102=LINE('',#8862,#3683);
#3103=LINE('',#8864,#3684);
#3104=LINE('',#8866,#3685);
#3105=LINE('',#8868,#3686);
#3106=LINE('',#8870,#3687);
#3107=LINE('',#8872,#3688);
#3108=LINE('',#8874,#3689);
#3109=LINE('',#8876,#3690);
#3110=LINE('',#8880,#3691);
#3111=LINE('',#8882,#3692);
#3112=LINE('',#8884,#3693);
#3113=LINE('',#8886,#3694);
#3114=LINE('',#8888,#3695);
#3115=LINE('',#8892,#3696);
#3116=LINE('',#8894,#3697);
#3117=LINE('',#8895,#3698);
#3118=LINE('',#8897,#3699);
#3119=LINE('',#8898,#3700);
#3120=LINE('',#8899,#3701);
#3121=LINE('',#8900,#3702);
#3122=LINE('',#8902,#3703);
#3123=LINE('',#8904,#3704);
#3124=LINE('',#8906,#3705);
#3125=LINE('',#8908,#3706);
#3126=LINE('',#8909,#3707);
#3127=LINE('',#8911,#3708);
#3128=LINE('',#8913,#3709);
#3129=LINE('',#8915,#3710);
#3130=LINE('',#8917,#3711);
#3131=LINE('',#8919,#3712);
#3132=LINE('',#8920,#3713);
#3133=LINE('',#8922,#3714);
#3134=LINE('',#8924,#3715);
#3135=LINE('',#8926,#3716);
#3136=LINE('',#8927,#3717);
#3137=LINE('',#8932,#3718);
#3138=LINE('',#8937,#3719);
#3139=LINE('',#8939,#3720);
#3140=LINE('',#8941,#3721);
#3141=LINE('',#8943,#3722);
#3142=LINE('',#8945,#3723);
#3143=LINE('',#8947,#3724);
#3144=LINE('',#8948,#3725);
#3145=LINE('',#8950,#3726);
#3146=LINE('',#8951,#3727);
#3147=LINE('',#8953,#3728);
#3148=LINE('',#8955,#3729);
#3149=LINE('',#8956,#3730);
#3150=LINE('',#8958,#3731);
#3151=LINE('',#8960,#3732);
#3152=LINE('',#8962,#3733);
#3153=LINE('',#8967,#3734);
#3154=LINE('',#8971,#3735);
#3155=LINE('',#8973,#3736);
#3156=LINE('',#8974,#3737);
#3157=LINE('',#8975,#3738);
#3158=LINE('',#8977,#3739);
#3159=LINE('',#8979,#3740);
#3160=LINE('',#8980,#3741);
#3161=LINE('',#8982,#3742);
#3162=LINE('',#8984,#3743);
#3163=LINE('',#8985,#3744);
#3164=LINE('',#8986,#3745);
#3165=LINE('',#8988,#3746);
#3166=LINE('',#8991,#3747);
#3167=LINE('',#8993,#3748);
#3168=LINE('',#8994,#3749);
#3169=LINE('',#8996,#3750);
#3170=LINE('',#8998,#3751);
#3171=LINE('',#9000,#3752);
#3172=LINE('',#9002,#3753);
#3173=LINE('',#9004,#3754);
#3174=LINE('',#9007,#3755);
#3175=LINE('',#9009,#3756);
#3176=LINE('',#9011,#3757);
#3177=LINE('',#9013,#3758);
#3178=LINE('',#9014,#3759);
#3179=LINE('',#9018,#3760);
#3180=LINE('',#9019,#3761);
#3181=LINE('',#9021,#3762);
#3182=LINE('',#9023,#3763);
#3183=LINE('',#9025,#3764);
#3184=LINE('',#9027,#3765);
#3185=LINE('',#9030,#3766);
#3186=LINE('',#9034,#3767);
#3187=LINE('',#9035,#3768);
#3188=LINE('',#9036,#3769);
#3189=LINE('',#9042,#3770);
#3190=LINE('',#9045,#3771);
#3191=LINE('',#9049,#3772);
#3192=LINE('',#9050,#3773);
#3193=LINE('',#9052,#3774);
#3194=LINE('',#9054,#3775);
#3195=LINE('',#9056,#3776);
#3196=LINE('',#9057,#3777);
#3197=LINE('',#9058,#3778);
#3198=LINE('',#9060,#3779);
#3199=LINE('',#9062,#3780);
#3200=LINE('',#9064,#3781);
#3201=LINE('',#9065,#3782);
#3202=LINE('',#9066,#3783);
#3203=LINE('',#9067,#3784);
#3204=LINE('',#9072,#3785);
#3205=LINE('',#9073,#3786);
#3206=LINE('',#9075,#3787);
#3207=LINE('',#9077,#3788);
#3208=LINE('',#9080,#3789);
#3209=LINE('',#9082,#3790);
#3210=LINE('',#9083,#3791);
#3211=LINE('',#9084,#3792);
#3212=LINE('',#9086,#3793);
#3213=LINE('',#9096,#3794);
#3214=LINE('',#9101,#3795);
#3215=LINE('',#9105,#3796);
#3216=LINE('',#9109,#3797);
#3217=LINE('',#9112,#3798);
#3218=LINE('',#9117,#3799);
#3219=LINE('',#9121,#3800);
#3220=LINE('',#9125,#3801);
#3221=LINE('',#9128,#3802);
#3222=LINE('',#9133,#3803);
#3223=LINE('',#9137,#3804);
#3224=LINE('',#9141,#3805);
#3225=LINE('',#9144,#3806);
#3226=LINE('',#9149,#3807);
#3227=LINE('',#9153,#3808);
#3228=LINE('',#9157,#3809);
#3229=LINE('',#9160,#3810);
#3230=LINE('',#9162,#3811);
#3231=LINE('',#9164,#3812);
#3232=LINE('',#9166,#3813);
#3233=LINE('',#9169,#3814);
#3234=LINE('',#9170,#3815);
#3235=LINE('',#9172,#3816);
#3236=LINE('',#9174,#3817);
#3237=LINE('',#9176,#3818);
#3238=LINE('',#9178,#3819);
#3239=LINE('',#9179,#3820);
#3240=LINE('',#9181,#3821);
#3241=LINE('',#9182,#3822);
#3242=LINE('',#9184,#3823);
#3243=LINE('',#9186,#3824);
#3244=LINE('',#9188,#3825);
#3245=LINE('',#9190,#3826);
#3246=LINE('',#9191,#3827);
#3247=LINE('',#9193,#3828);
#3248=LINE('',#9195,#3829);
#3249=LINE('',#9199,#3830);
#3250=LINE('',#9201,#3831);
#3251=LINE('',#9203,#3832);
#3252=LINE('',#9207,#3833);
#3253=LINE('',#9209,#3834);
#3254=LINE('',#9216,#3835);
#3255=LINE('',#9219,#3836);
#3256=LINE('',#9224,#3837);
#3257=LINE('',#9227,#3838);
#3258=LINE('',#9231,#3839);
#3259=LINE('',#9233,#3840);
#3260=LINE('',#9236,#3841);
#3261=LINE('',#9238,#3842);
#3262=LINE('',#9241,#3843);
#3263=LINE('',#9244,#3844);
#3264=LINE('',#9246,#3845);
#3265=LINE('',#9250,#3846);
#3266=LINE('',#9256,#3847);
#3267=LINE('',#9260,#3848);
#3268=LINE('',#9262,#3849);
#3269=LINE('',#9264,#3850);
#3270=LINE('',#9268,#3851);
#3271=LINE('',#9270,#3852);
#3272=LINE('',#9272,#3853);
#3273=LINE('',#9276,#3854);
#3274=LINE('',#9278,#3855);
#3275=LINE('',#9280,#3856);
#3276=LINE('',#9284,#3857);
#3277=LINE('',#9286,#3858);
#3278=LINE('',#9289,#3859);
#3279=LINE('',#9293,#3860);
#3280=LINE('',#9295,#3861);
#3281=LINE('',#9297,#3862);
#3282=LINE('',#9301,#3863);
#3283=LINE('',#9303,#3864);
#3284=LINE('',#9305,#3865);
#3285=LINE('',#9309,#3866);
#3286=LINE('',#9311,#3867);
#3287=LINE('',#9313,#3868);
#3288=LINE('',#9317,#3869);
#3289=LINE('',#9319,#3870);
#3290=LINE('',#9322,#3871);
#3291=LINE('',#9326,#3872);
#3292=LINE('',#9328,#3873);
#3293=LINE('',#9330,#3874);
#3294=LINE('',#9334,#3875);
#3295=LINE('',#9336,#3876);
#3296=LINE('',#9338,#3877);
#3297=LINE('',#9342,#3878);
#3298=LINE('',#9344,#3879);
#3299=LINE('',#9346,#3880);
#3300=LINE('',#9350,#3881);
#3301=LINE('',#9352,#3882);
#3302=LINE('',#9355,#3883);
#3303=LINE('',#9359,#3884);
#3304=LINE('',#9361,#3885);
#3305=LINE('',#9363,#3886);
#3306=LINE('',#9367,#3887);
#3307=LINE('',#9369,#3888);
#3308=LINE('',#9371,#3889);
#3309=LINE('',#9375,#3890);
#3310=LINE('',#9377,#3891);
#3311=LINE('',#9379,#3892);
#3312=LINE('',#9383,#3893);
#3313=LINE('',#9385,#3894);
#3314=LINE('',#9410,#3895);
#3315=LINE('',#9413,#3896);
#3316=LINE('',#9416,#3897);
#3317=LINE('',#9419,#3898);
#3318=LINE('',#9423,#3899);
#3319=LINE('',#9430,#3900);
#3320=LINE('',#9432,#3901);
#3321=LINE('',#9434,#3902);
#3322=LINE('',#9437,#3903);
#3323=LINE('',#9439,#3904);
#3324=LINE('',#9441,#3905);
#3325=LINE('',#9443,#3906);
#3326=LINE('',#9445,#3907);
#3327=LINE('',#9454,#3908);
#3328=LINE('',#9458,#3909);
#3329=LINE('',#9459,#3910);
#3330=LINE('',#9461,#3911);
#3331=LINE('',#9468,#3912);
#3332=LINE('',#9470,#3913);
#3333=LINE('',#9472,#3914);
#3334=LINE('',#9475,#3915);
#3335=LINE('',#9477,#3916);
#3336=LINE('',#9479,#3917);
#3337=LINE('',#9481,#3918);
#3338=LINE('',#9485,#3919);
#3339=LINE('',#9488,#3920);
#3340=LINE('',#9490,#3921);
#3341=LINE('',#9492,#3922);
#3342=LINE('',#9503,#3923);
#3343=LINE('',#9505,#3924);
#3344=LINE('',#9508,#3925);
#3345=LINE('',#9511,#3926);
#3346=LINE('',#9517,#3927);
#3347=LINE('',#9519,#3928);
#3348=LINE('',#9522,#3929);
#3349=LINE('',#9525,#3930);
#3350=LINE('',#9532,#3931);
#3351=LINE('',#9536,#3932);
#3352=LINE('',#9538,#3933);
#3353=LINE('',#9540,#3934);
#3354=LINE('',#9542,#3935);
#3355=LINE('',#9544,#3936);
#3356=LINE('',#9547,#3937);
#3357=LINE('',#9549,#3938);
#3358=LINE('',#9553,#3939);
#3359=LINE('',#9557,#3940);
#3360=LINE('',#9559,#3941);
#3361=LINE('',#9561,#3942);
#3362=LINE('',#9565,#3943);
#3363=LINE('',#9569,#3944);
#3364=LINE('',#9574,#3945);
#3365=LINE('',#9578,#3946);
#3366=LINE('',#9580,#3947);
#3367=LINE('',#9582,#3948);
#3368=LINE('',#9586,#3949);
#3369=LINE('',#9590,#3950);
#3370=LINE('',#9592,#3951);
#3371=LINE('',#9598,#3952);
#3372=LINE('',#9600,#3953);
#3373=LINE('',#9601,#3954);
#3374=LINE('',#9606,#3955);
#3375=LINE('',#9608,#3956);
#3376=LINE('',#9610,#3957);
#3377=LINE('',#9612,#3958);
#3378=LINE('',#9614,#3959);
#3379=LINE('',#9616,#3960);
#3380=LINE('',#9618,#3961);
#3381=LINE('',#9620,#3962);
#3382=LINE('',#9622,#3963);
#3383=LINE('',#9624,#3964);
#3384=LINE('',#9629,#3965);
#3385=LINE('',#9633,#3966);
#3386=LINE('',#9635,#3967);
#3387=LINE('',#9637,#3968);
#3388=LINE('',#9641,#3969);
#3389=LINE('',#9645,#3970);
#3390=LINE('',#9647,#3971);
#3391=LINE('',#9649,#3972);
#3392=LINE('',#9651,#3973);
#3393=LINE('',#9653,#3974);
#3394=LINE('',#9655,#3975);
#3395=LINE('',#9657,#3976);
#3396=LINE('',#9659,#3977);
#3397=LINE('',#9661,#3978);
#3398=LINE('',#9665,#3979);
#3399=LINE('',#9669,#3980);
#3400=LINE('',#9671,#3981);
#3401=LINE('',#9673,#3982);
#3402=LINE('',#9684,#3983);
#3403=LINE('',#9686,#3984);
#3404=LINE('',#9688,#3985);
#3405=LINE('',#9690,#3986);
#3406=LINE('',#9696,#3987);
#3407=LINE('',#9698,#3988);
#3408=LINE('',#9700,#3989);
#3409=LINE('',#9702,#3990);
#3410=LINE('',#9704,#3991);
#3411=LINE('',#9706,#3992);
#3412=LINE('',#9708,#3993);
#3413=LINE('',#9710,#3994);
#3414=LINE('',#9712,#3995);
#3415=LINE('',#9714,#3996);
#3416=LINE('',#9720,#3997);
#3417=LINE('',#9722,#3998);
#3418=LINE('',#9724,#3999);
#3419=LINE('',#9726,#4000);
#3420=LINE('',#9735,#4001);
#3421=LINE('',#9739,#4002);
#3422=LINE('',#9741,#4003);
#3423=LINE('',#9743,#4004);
#3424=LINE('',#9747,#4005);
#3425=LINE('',#9755,#4006);
#3426=LINE('',#9759,#4007);
#3427=LINE('',#9761,#4008);
#3428=LINE('',#9763,#4009);
#3429=LINE('',#9767,#4010);
#3430=LINE('',#9769,#4011);
#3431=LINE('',#9771,#4012);
#3432=LINE('',#9773,#4013);
#3433=LINE('',#9775,#4014);
#3434=LINE('',#9777,#4015);
#3435=LINE('',#9779,#4016);
#3436=LINE('',#9781,#4017);
#3437=LINE('',#9783,#4018);
#3438=LINE('',#9787,#4019);
#3439=LINE('',#9790,#4020);
#3440=LINE('',#9792,#4021);
#3441=LINE('',#9794,#4022);
#3442=LINE('',#9796,#4023);
#3443=LINE('',#9799,#4024);
#3444=LINE('',#9801,#4025);
#3445=LINE('',#9803,#4026);
#3446=LINE('',#9805,#4027);
#3447=LINE('',#9807,#4028);
#3448=LINE('',#9809,#4029);
#3449=LINE('',#9811,#4030);
#3450=LINE('',#9813,#4031);
#3451=LINE('',#9815,#4032);
#3452=LINE('',#9817,#4033);
#3453=LINE('',#9818,#4034);
#3454=LINE('',#9820,#4035);
#3455=LINE('',#9822,#4036);
#3456=LINE('',#9825,#4037);
#3457=LINE('',#9827,#4038);
#3458=LINE('',#9828,#4039);
#3459=LINE('',#9830,#4040);
#3460=LINE('',#9832,#4041);
#3461=LINE('',#9834,#4042);
#3462=LINE('',#9836,#4043);
#3463=LINE('',#9838,#4044);
#3464=LINE('',#9840,#4045);
#3465=LINE('',#9842,#4046);
#3466=LINE('',#9844,#4047);
#3467=LINE('',#9846,#4048);
#3468=LINE('',#9848,#4049);
#3469=LINE('',#9850,#4050);
#3470=LINE('',#9852,#4051);
#3471=LINE('',#9854,#4052);
#3472=LINE('',#9856,#4053);
#3473=LINE('',#9858,#4054);
#3474=LINE('',#9860,#4055);
#3475=LINE('',#9863,#4056);
#3476=LINE('',#9864,#4057);
#3477=LINE('',#9866,#4058);
#3478=LINE('',#9868,#4059);
#3479=LINE('',#9870,#4060);
#3480=LINE('',#9872,#4061);
#3481=LINE('',#9874,#4062);
#3482=LINE('',#9876,#4063);
#3483=LINE('',#9878,#4064);
#3484=LINE('',#9880,#4065);
#3485=LINE('',#9882,#4066);
#3486=LINE('',#9884,#4067);
#3487=LINE('',#9886,#4068);
#3488=LINE('',#9888,#4069);
#3489=LINE('',#9891,#4070);
#3490=LINE('',#9892,#4071);
#3491=LINE('',#9894,#4072);
#3492=LINE('',#9896,#4073);
#3493=LINE('',#9898,#4074);
#3494=LINE('',#9900,#4075);
#3495=LINE('',#9902,#4076);
#3496=LINE('',#9904,#4077);
#3497=LINE('',#9906,#4078);
#3498=LINE('',#9908,#4079);
#3499=LINE('',#9910,#4080);
#3500=LINE('',#9912,#4081);
#3501=LINE('',#9914,#4082);
#3502=LINE('',#9916,#4083);
#3503=LINE('',#9919,#4084);
#3504=LINE('',#9920,#4085);
#3505=LINE('',#9922,#4086);
#3506=LINE('',#9924,#4087);
#3507=LINE('',#9926,#4088);
#3508=LINE('',#9928,#4089);
#3509=LINE('',#9930,#4090);
#3510=LINE('',#9932,#4091);
#3511=LINE('',#9933,#4092);
#3512=LINE('',#9936,#4093);
#3513=LINE('',#9939,#4094);
#3514=LINE('',#9940,#4095);
#3515=LINE('',#9941,#4096);
#3516=LINE('',#9942,#4097);
#3517=LINE('',#9943,#4098);
#3518=LINE('',#9945,#4099);
#3519=LINE('',#9950,#4100);
#3520=LINE('',#9952,#4101);
#3521=LINE('',#9954,#4102);
#3522=LINE('',#9956,#4103);
#3523=LINE('',#9958,#4104);
#3524=LINE('',#9960,#4105);
#3525=LINE('',#9962,#4106);
#3526=LINE('',#9964,#4107);
#3527=LINE('',#9966,#4108);
#3528=LINE('',#9968,#4109);
#3529=LINE('',#9970,#4110);
#3530=LINE('',#9971,#4111);
#3531=VECTOR('',#7080,1000.);
#3532=VECTOR('',#7083,1000.);
#3533=VECTOR('',#7084,1000.);
#3534=VECTOR('',#7087,1000.);
#3535=VECTOR('',#7090,1000.);
#3536=VECTOR('',#7091,1000.);
#3537=VECTOR('',#7094,1000.);
#3538=VECTOR('',#7095,1000.);
#3539=VECTOR('',#7098,1000.);
#3540=VECTOR('',#7101,1000.);
#3541=VECTOR('',#7102,1000.);
#3542=VECTOR('',#7105,1000.);
#3543=VECTOR('',#7108,1000.);
#3544=VECTOR('',#7109,1000.);
#3545=VECTOR('',#7112,1000.);
#3546=VECTOR('',#7113,1000.);
#3547=VECTOR('',#7114,1000.);
#3548=VECTOR('',#7115,1000.);
#3549=VECTOR('',#7118,1000.);
#3550=VECTOR('',#7119,1000.);
#3551=VECTOR('',#7120,1000.);
#3552=VECTOR('',#7121,1000.);
#3553=VECTOR('',#7122,1000.);
#3554=VECTOR('',#7123,1000.);
#3555=VECTOR('',#7124,1000.);
#3556=VECTOR('',#7127,1000.);
#3557=VECTOR('',#7128,1000.);
#3558=VECTOR('',#7131,1000.);
#3559=VECTOR('',#7134,1000.);
#3560=VECTOR('',#7135,1000.);
#3561=VECTOR('',#7138,1000.);
#3562=VECTOR('',#7139,1000.);
#3563=VECTOR('',#7140,1000.);
#3564=VECTOR('',#7141,1000.);
#3565=VECTOR('',#7146,1000.);
#3566=VECTOR('',#7147,1000.);
#3567=VECTOR('',#7148,1000.);
#3568=VECTOR('',#7149,1000.);
#3569=VECTOR('',#7150,1000.);
#3570=VECTOR('',#7155,1000.);
#3571=VECTOR('',#7156,1000.);
#3572=VECTOR('',#7157,1000.);
#3573=VECTOR('',#7158,1000.);
#3574=VECTOR('',#7159,1000.);
#3575=VECTOR('',#7164,1000.);
#3576=VECTOR('',#7167,1000.);
#3577=VECTOR('',#7170,1000.);
#3578=VECTOR('',#7171,1000.);
#3579=VECTOR('',#7172,1000.);
#3580=VECTOR('',#7175,1000.);
#3581=VECTOR('',#7178,1000.);
#3582=VECTOR('',#7181,1000.);
#3583=VECTOR('',#7184,1000.);
#3584=VECTOR('',#7185,1000.);
#3585=VECTOR('',#7186,1000.);
#3586=VECTOR('',#7189,1000.);
#3587=VECTOR('',#7192,1000.);
#3588=VECTOR('',#7193,1000.);
#3589=VECTOR('',#7194,1000.);
#3590=VECTOR('',#7197,1000.);
#3591=VECTOR('',#7200,1000.);
#3592=VECTOR('',#7203,1000.);
#3593=VECTOR('',#7204,1000.);
#3594=VECTOR('',#7205,1000.);
#3595=VECTOR('',#7206,1000.);
#3596=VECTOR('',#7207,1000.);
#3597=VECTOR('',#7208,1000.);
#3598=VECTOR('',#7209,1000.);
#3599=VECTOR('',#7210,1000.);
#3600=VECTOR('',#7213,1000.);
#3601=VECTOR('',#7214,1000.);
#3602=VECTOR('',#7217,1000.);
#3603=VECTOR('',#7218,1000.);
#3604=VECTOR('',#7219,1000.);
#3605=VECTOR('',#7226,1000.);
#3606=VECTOR('',#7227,1000.);
#3607=VECTOR('',#7228,1000.);
#3608=VECTOR('',#7229,1000.);
#3609=VECTOR('',#7230,1000.);
#3610=VECTOR('',#7231,1000.);
#3611=VECTOR('',#7232,1000.);
#3612=VECTOR('',#7233,1000.);
#3613=VECTOR('',#7236,1000.);
#3614=VECTOR('',#7239,1000.);
#3615=VECTOR('',#7240,1000.);
#3616=VECTOR('',#7241,1000.);
#3617=VECTOR('',#7242,1000.);
#3618=VECTOR('',#7243,1000.);
#3619=VECTOR('',#7248,1000.);
#3620=VECTOR('',#7249,1000.);
#3621=VECTOR('',#7250,1000.);
#3622=VECTOR('',#7255,1000.);
#3623=VECTOR('',#7256,1000.);
#3624=VECTOR('',#7257,1000.);
#3625=VECTOR('',#7258,1000.);
#3626=VECTOR('',#7259,1000.);
#3627=VECTOR('',#7260,1000.);
#3628=VECTOR('',#7261,1000.);
#3629=VECTOR('',#7262,1000.);
#3630=VECTOR('',#7263,1000.);
#3631=VECTOR('',#7264,1000.);
#3632=VECTOR('',#7265,1000.);
#3633=VECTOR('',#7270,1000.);
#3634=VECTOR('',#7273,1000.);
#3635=VECTOR('',#7274,1000.);
#3636=VECTOR('',#7275,1000.);
#3637=VECTOR('',#7276,1000.);
#3638=VECTOR('',#7279,1000.);
#3639=VECTOR('',#7280,1000.);
#3640=VECTOR('',#7281,1000.);
#3641=VECTOR('',#7284,1000.);
#3642=VECTOR('',#7285,1000.);
#3643=VECTOR('',#7286,1000.);
#3644=VECTOR('',#7287,1000.);
#3645=VECTOR('',#7288,1000.);
#3646=VECTOR('',#7289,1000.);
#3647=VECTOR('',#7290,1000.);
#3648=VECTOR('',#7293,1000.);
#3649=VECTOR('',#7294,1000.);
#3650=VECTOR('',#7295,1000.);
#3651=VECTOR('',#7296,1000.);
#3652=VECTOR('',#7297,1000.);
#3653=VECTOR('',#7298,1000.);
#3654=VECTOR('',#7299,1000.);
#3655=VECTOR('',#7304,1000.);
#3656=VECTOR('',#7305,1000.);
#3657=VECTOR('',#7306,1000.);
#3658=VECTOR('',#7307,1000.);
#3659=VECTOR('',#7308,1000.);
#3660=VECTOR('',#7309,1000.);
#3661=VECTOR('',#7310,1000.);
#3662=VECTOR('',#7311,1000.);
#3663=VECTOR('',#7312,1000.);
#3664=VECTOR('',#7315,1000.);
#3665=VECTOR('',#7318,1000.);
#3666=VECTOR('',#7321,1000.);
#3667=VECTOR('',#7322,1000.);
#3668=VECTOR('',#7323,1000.);
#3669=VECTOR('',#7326,1000.);
#3670=VECTOR('',#7327,1000.);
#3671=VECTOR('',#7328,1000.);
#3672=VECTOR('',#7329,1000.);
#3673=VECTOR('',#7330,1000.);
#3674=VECTOR('',#7331,1000.);
#3675=VECTOR('',#7332,1000.);
#3676=VECTOR('',#7333,1000.);
#3677=VECTOR('',#7334,1000.);
#3678=VECTOR('',#7335,1000.);
#3679=VECTOR('',#7336,1000.);
#3680=VECTOR('',#7337,1000.);
#3681=VECTOR('',#7338,1000.);
#3682=VECTOR('',#7339,1000.);
#3683=VECTOR('',#7340,1000.);
#3684=VECTOR('',#7341,1000.);
#3685=VECTOR('',#7342,1000.);
#3686=VECTOR('',#7343,1000.);
#3687=VECTOR('',#7344,1000.);
#3688=VECTOR('',#7345,1000.);
#3689=VECTOR('',#7348,1000.);
#3690=VECTOR('',#7351,1000.);
#3691=VECTOR('',#7354,1000.);
#3692=VECTOR('',#7355,1000.);
#3693=VECTOR('',#7356,1000.);
#3694=VECTOR('',#7357,1000.);
#3695=VECTOR('',#7358,1000.);
#3696=VECTOR('',#7363,1000.);
#3697=VECTOR('',#7364,1000.);
#3698=VECTOR('',#7365,1000.);
#3699=VECTOR('',#7366,1000.);
#3700=VECTOR('',#7367,1000.);
#3701=VECTOR('',#7368,1000.);
#3702=VECTOR('',#7369,1000.);
#3703=VECTOR('',#7370,1000.);
#3704=VECTOR('',#7371,1000.);
#3705=VECTOR('',#7372,1000.);
#3706=VECTOR('',#7373,1000.);
#3707=VECTOR('',#7374,1000.);
#3708=VECTOR('',#7375,1000.);
#3709=VECTOR('',#7376,1000.);
#3710=VECTOR('',#7377,1000.);
#3711=VECTOR('',#7378,1000.);
#3712=VECTOR('',#7379,1000.);
#3713=VECTOR('',#7380,1000.);
#3714=VECTOR('',#7381,1000.);
#3715=VECTOR('',#7382,1000.);
#3716=VECTOR('',#7383,1000.);
#3717=VECTOR('',#7384,1000.);
#3718=VECTOR('',#7389,1000.);
#3719=VECTOR('',#7394,1000.);
#3720=VECTOR('',#7397,1000.);
#3721=VECTOR('',#7398,1000.);
#3722=VECTOR('',#7399,1000.);
#3723=VECTOR('',#7402,1000.);
#3724=VECTOR('',#7403,1000.);
#3725=VECTOR('',#7404,1000.);
#3726=VECTOR('',#7407,1000.);
#3727=VECTOR('',#7408,1000.);
#3728=VECTOR('',#7409,1000.);
#3729=VECTOR('',#7410,1000.);
#3730=VECTOR('',#7411,1000.);
#3731=VECTOR('',#7412,1000.);
#3732=VECTOR('',#7413,1000.);
#3733=VECTOR('',#7414,1000.);
#3734=VECTOR('',#7419,1000.);
#3735=VECTOR('',#7422,1000.);
#3736=VECTOR('',#7423,1000.);
#3737=VECTOR('',#7424,1000.);
#3738=VECTOR('',#7425,1000.);
#3739=VECTOR('',#7426,1000.);
#3740=VECTOR('',#7427,1000.);
#3741=VECTOR('',#7428,1000.);
#3742=VECTOR('',#7429,1000.);
#3743=VECTOR('',#7430,1000.);
#3744=VECTOR('',#7431,1000.);
#3745=VECTOR('',#7432,1000.);
#3746=VECTOR('',#7435,1000.);
#3747=VECTOR('',#7436,1000.);
#3748=VECTOR('',#7437,1000.);
#3749=VECTOR('',#7438,1000.);
#3750=VECTOR('',#7441,1000.);
#3751=VECTOR('',#7442,1000.);
#3752=VECTOR('',#7445,1000.);
#3753=VECTOR('',#7446,1000.);
#3754=VECTOR('',#7449,1000.);
#3755=VECTOR('',#7450,1000.);
#3756=VECTOR('',#7451,1000.);
#3757=VECTOR('',#7452,1000.);
#3758=VECTOR('',#7455,1000.);
#3759=VECTOR('',#7456,1000.);
#3760=VECTOR('',#7461,1000.);
#3761=VECTOR('',#7462,1000.);
#3762=VECTOR('',#7463,1000.);
#3763=VECTOR('',#7464,1000.);
#3764=VECTOR('',#7467,1000.);
#3765=VECTOR('',#7468,1000.);
#3766=VECTOR('',#7473,1000.);
#3767=VECTOR('',#7476,1000.);
#3768=VECTOR('',#7477,1000.);
#3769=VECTOR('',#7478,1000.);
#3770=VECTOR('',#7485,1000.);
#3771=VECTOR('',#7488,1000.);
#3772=VECTOR('',#7493,1000.);
#3773=VECTOR('',#7494,1000.);
#3774=VECTOR('',#7497,1000.);
#3775=VECTOR('',#7498,1000.);
#3776=VECTOR('',#7499,1000.);
#3777=VECTOR('',#7500,1000.);
#3778=VECTOR('',#7501,1000.);
#3779=VECTOR('',#7504,1000.);
#3780=VECTOR('',#7505,1000.);
#3781=VECTOR('',#7506,1000.);
#3782=VECTOR('',#7507,1000.);
#3783=VECTOR('',#7508,1000.);
#3784=VECTOR('',#7509,1000.);
#3785=VECTOR('',#7514,1000.);
#3786=VECTOR('',#7515,1000.);
#3787=VECTOR('',#7516,1000.);
#3788=VECTOR('',#7517,1000.);
#3789=VECTOR('',#7520,1000.);
#3790=VECTOR('',#7523,1000.);
#3791=VECTOR('',#7524,1000.);
#3792=VECTOR('',#7525,1000.);
#3793=VECTOR('',#7528,1000.);
#3794=VECTOR('',#7539,1000.);
#3795=VECTOR('',#7542,1000.);
#3796=VECTOR('',#7545,1000.);
#3797=VECTOR('',#7548,1000.);
#3798=VECTOR('',#7551,1000.);
#3799=VECTOR('',#7554,1000.);
#3800=VECTOR('',#7557,1000.);
#3801=VECTOR('',#7560,1000.);
#3802=VECTOR('',#7563,1000.);
#3803=VECTOR('',#7566,1000.);
#3804=VECTOR('',#7569,1000.);
#3805=VECTOR('',#7572,1000.);
#3806=VECTOR('',#7575,1000.);
#3807=VECTOR('',#7578,1000.);
#3808=VECTOR('',#7581,1000.);
#3809=VECTOR('',#7584,1000.);
#3810=VECTOR('',#7587,1000.);
#3811=VECTOR('',#7590,1000.);
#3812=VECTOR('',#7593,1000.);
#3813=VECTOR('',#7596,1000.);
#3814=VECTOR('',#7597,1000.);
#3815=VECTOR('',#7598,1000.);
#3816=VECTOR('',#7601,1000.);
#3817=VECTOR('',#7602,1000.);
#3818=VECTOR('',#7603,1000.);
#3819=VECTOR('',#7606,1000.);
#3820=VECTOR('',#7607,1000.);
#3821=VECTOR('',#7610,1000.);
#3822=VECTOR('',#7611,1000.);
#3823=VECTOR('',#7614,1000.);
#3824=VECTOR('',#7615,1000.);
#3825=VECTOR('',#7616,1000.);
#3826=VECTOR('',#7619,1000.);
#3827=VECTOR('',#7620,1000.);
#3828=VECTOR('',#7623,1000.);
#3829=VECTOR('',#7626,1000.);
#3830=VECTOR('',#7631,1000.);
#3831=VECTOR('',#7634,1000.);
#3832=VECTOR('',#7637,1000.);
#3833=VECTOR('',#7642,1000.);
#3834=VECTOR('',#7645,1000.);
#3835=VECTOR('',#7656,1000.);
#3836=VECTOR('',#7659,1000.);
#3837=VECTOR('',#7666,1000.);
#3838=VECTOR('',#7669,1000.);
#3839=VECTOR('',#7676,1000.);
#3840=VECTOR('',#7679,1000.);
#3841=VECTOR('',#7684,1000.);
#3842=VECTOR('',#7687,1000.);
#3843=VECTOR('',#7692,1000.);
#3844=VECTOR('',#7697,1000.);
#3845=VECTOR('',#7700,1000.);
#3846=VECTOR('',#7707,1000.);
#3847=VECTOR('',#7718,1000.);
#3848=VECTOR('',#7721,1000.);
#3849=VECTOR('',#7724,1000.);
#3850=VECTOR('',#7725,1000.);
#3851=VECTOR('',#7730,1000.);
#3852=VECTOR('',#7733,1000.);
#3853=VECTOR('',#7734,1000.);
#3854=VECTOR('',#7739,1000.);
#3855=VECTOR('',#7742,1000.);
#3856=VECTOR('',#7743,1000.);
#3857=VECTOR('',#7748,1000.);
#3858=VECTOR('',#7751,1000.);
#3859=VECTOR('',#7756,1000.);
#3860=VECTOR('',#7759,1000.);
#3861=VECTOR('',#7762,1000.);
#3862=VECTOR('',#7763,1000.);
#3863=VECTOR('',#7768,1000.);
#3864=VECTOR('',#7771,1000.);
#3865=VECTOR('',#7772,1000.);
#3866=VECTOR('',#7777,1000.);
#3867=VECTOR('',#7780,1000.);
#3868=VECTOR('',#7781,1000.);
#3869=VECTOR('',#7786,1000.);
#3870=VECTOR('',#7789,1000.);
#3871=VECTOR('',#7794,1000.);
#3872=VECTOR('',#7797,1000.);
#3873=VECTOR('',#7800,1000.);
#3874=VECTOR('',#7801,1000.);
#3875=VECTOR('',#7806,1000.);
#3876=VECTOR('',#7809,1000.);
#3877=VECTOR('',#7810,1000.);
#3878=VECTOR('',#7815,1000.);
#3879=VECTOR('',#7818,1000.);
#3880=VECTOR('',#7819,1000.);
#3881=VECTOR('',#7824,1000.);
#3882=VECTOR('',#7827,1000.);
#3883=VECTOR('',#7832,1000.);
#3884=VECTOR('',#7835,1000.);
#3885=VECTOR('',#7838,1000.);
#3886=VECTOR('',#7839,1000.);
#3887=VECTOR('',#7844,1000.);
#3888=VECTOR('',#7847,1000.);
#3889=VECTOR('',#7848,1000.);
#3890=VECTOR('',#7853,1000.);
#3891=VECTOR('',#7856,1000.);
#3892=VECTOR('',#7857,1000.);
#3893=VECTOR('',#7862,1000.);
#3894=VECTOR('',#7865,1000.);
#3895=VECTOR('',#7902,1000.);
#3896=VECTOR('',#7905,1000.);
#3897=VECTOR('',#7908,1000.);
#3898=VECTOR('',#7911,1000.);
#3899=VECTOR('',#7916,1000.);
#3900=VECTOR('',#7919,1000.);
#3901=VECTOR('',#7922,1000.);
#3902=VECTOR('',#7925,1000.);
#3903=VECTOR('',#7930,1000.);
#3904=VECTOR('',#7933,1000.);
#3905=VECTOR('',#7936,1000.);
#3906=VECTOR('',#7939,1000.);
#3907=VECTOR('',#7942,1000.);
#3908=VECTOR('',#7947,1000.);
#3909=VECTOR('',#7952,1000.);
#3910=VECTOR('',#7953,1000.);
#3911=VECTOR('',#7956,1000.);
#3912=VECTOR('',#7959,1000.);
#3913=VECTOR('',#7962,1000.);
#3914=VECTOR('',#7965,1000.);
#3915=VECTOR('',#7970,1000.);
#3916=VECTOR('',#7973,1000.);
#3917=VECTOR('',#7976,1000.);
#3918=VECTOR('',#7979,1000.);
#3919=VECTOR('',#7984,1000.);
#3920=VECTOR('',#7987,1000.);
#3921=VECTOR('',#7990,1000.);
#3922=VECTOR('',#7993,1000.);
#3923=VECTOR('',#8004,1000.);
#3924=VECTOR('',#8007,1000.);
#3925=VECTOR('',#8012,1000.);
#3926=VECTOR('',#8017,1000.);
#3927=VECTOR('',#8028,1000.);
#3928=VECTOR('',#8031,1000.);
#3929=VECTOR('',#8036,1000.);
#3930=VECTOR('',#8041,1000.);
#3931=VECTOR('',#8052,1000.);
#3932=VECTOR('',#8057,1000.);
#3933=VECTOR('',#8060,1000.);
#3934=VECTOR('',#8061,1000.);
#3935=VECTOR('',#8062,1000.);
#3936=VECTOR('',#8065,1000.);
#3937=VECTOR('',#8066,1000.);
#3938=VECTOR('',#8067,1000.);
#3939=VECTOR('',#8070,1000.);
#3940=VECTOR('',#8073,1000.);
#3941=VECTOR('',#8074,1000.);
#3942=VECTOR('',#8075,1000.);
#3943=VECTOR('',#8078,1000.);
#3944=VECTOR('',#8083,1000.);
#3945=VECTOR('',#8086,1000.);
#3946=VECTOR('',#8089,1000.);
#3947=VECTOR('',#8090,1000.);
#3948=VECTOR('',#8091,1000.);
#3949=VECTOR('',#8094,1000.);
#3950=VECTOR('',#8097,1000.);
#3951=VECTOR('',#8098,1000.);
#3952=VECTOR('',#8105,1000.);
#3953=VECTOR('',#8108,1000.);
#3954=VECTOR('',#8109,1000.);
#3955=VECTOR('',#8118,1000.);
#3956=VECTOR('',#8121,1000.);
#3957=VECTOR('',#8124,1000.);
#3958=VECTOR('',#8127,1000.);
#3959=VECTOR('',#8130,1000.);
#3960=VECTOR('',#8133,1000.);
#3961=VECTOR('',#8136,1000.);
#3962=VECTOR('',#8139,1000.);
#3963=VECTOR('',#8142,1000.);
#3964=VECTOR('',#8145,1000.);
#3965=VECTOR('',#8152,1000.);
#3966=VECTOR('',#8157,1000.);
#3967=VECTOR('',#8158,1000.);
#3968=VECTOR('',#8159,1000.);
#3969=VECTOR('',#8164,1000.);
#3970=VECTOR('',#8169,1000.);
#3971=VECTOR('',#8170,1000.);
#3972=VECTOR('',#8171,1000.);
#3973=VECTOR('',#8174,1000.);
#3974=VECTOR('',#8175,1000.);
#3975=VECTOR('',#8176,1000.);
#3976=VECTOR('',#8179,1000.);
#3977=VECTOR('',#8180,1000.);
#3978=VECTOR('',#8181,1000.);
#3979=VECTOR('',#8186,1000.);
#3980=VECTOR('',#8191,1000.);
#3981=VECTOR('',#8192,1000.);
#3982=VECTOR('',#8193,1000.);
#3983=VECTOR('',#8210,1000.);
#3984=VECTOR('',#8213,1000.);
#3985=VECTOR('',#8214,1000.);
#3986=VECTOR('',#8215,1000.);
#3987=VECTOR('',#8222,1000.);
#3988=VECTOR('',#8225,1000.);
#3989=VECTOR('',#8226,1000.);
#3990=VECTOR('',#8227,1000.);
#3991=VECTOR('',#8230,1000.);
#3992=VECTOR('',#8231,1000.);
#3993=VECTOR('',#8232,1000.);
#3994=VECTOR('',#8235,1000.);
#3995=VECTOR('',#8236,1000.);
#3996=VECTOR('',#8237,1000.);
#3997=VECTOR('',#8244,1000.);
#3998=VECTOR('',#8247,1000.);
#3999=VECTOR('',#8248,1000.);
#4000=VECTOR('',#8249,1000.);
#4001=VECTOR('',#8264,1000.);
#4002=VECTOR('',#8267,1000.);
#4003=VECTOR('',#8268,1000.);
#4004=VECTOR('',#8269,1000.);
#4005=VECTOR('',#8272,1000.);
#4006=VECTOR('',#8281,1000.);
#4007=VECTOR('',#8284,1000.);
#4008=VECTOR('',#8285,1000.);
#4009=VECTOR('',#8286,1000.);
#4010=VECTOR('',#8289,1000.);
#4011=VECTOR('',#8292,1000.);
#4012=VECTOR('',#8295,1000.);
#4013=VECTOR('',#8298,1000.);
#4014=VECTOR('',#8301,1000.);
#4015=VECTOR('',#8304,1000.);
#4016=VECTOR('',#8307,1000.);
#4017=VECTOR('',#8310,1000.);
#4018=VECTOR('',#8313,1000.);
#4019=VECTOR('',#8320,1000.);
#4020=VECTOR('',#8321,1000.);
#4021=VECTOR('',#8322,1000.);
#4022=VECTOR('',#8323,1000.);
#4023=VECTOR('',#8326,1000.);
#4024=VECTOR('',#8327,1000.);
#4025=VECTOR('',#8328,1000.);
#4026=VECTOR('',#8329,1000.);
#4027=VECTOR('',#8332,1000.);
#4028=VECTOR('',#8333,1000.);
#4029=VECTOR('',#8334,1000.);
#4030=VECTOR('',#8337,1000.);
#4031=VECTOR('',#8338,1000.);
#4032=VECTOR('',#8339,1000.);
#4033=VECTOR('',#8342,1000.);
#4034=VECTOR('',#8343,1000.);
#4035=VECTOR('',#8344,1000.);
#4036=VECTOR('',#8347,1000.);
#4037=VECTOR('',#8348,1000.);
#4038=VECTOR('',#8349,1000.);
#4039=VECTOR('',#8350,1000.);
#4040=VECTOR('',#8351,1000.);
#4041=VECTOR('',#8352,1000.);
#4042=VECTOR('',#8355,1000.);
#4043=VECTOR('',#8356,1000.);
#4044=VECTOR('',#8357,1000.);
#4045=VECTOR('',#8358,1000.);
#4046=VECTOR('',#8361,1000.);
#4047=VECTOR('',#8362,1000.);
#4048=VECTOR('',#8363,1000.);
#4049=VECTOR('',#8366,1000.);
#4050=VECTOR('',#8367,1000.);
#4051=VECTOR('',#8368,1000.);
#4052=VECTOR('',#8371,1000.);
#4053=VECTOR('',#8372,1000.);
#4054=VECTOR('',#8373,1000.);
#4055=VECTOR('',#8376,1000.);
#4056=VECTOR('',#8377,1000.);
#4057=VECTOR('',#8378,1000.);
#4058=VECTOR('',#8379,1000.);
#4059=VECTOR('',#8382,1000.);
#4060=VECTOR('',#8383,1000.);
#4061=VECTOR('',#8384,1000.);
#4062=VECTOR('',#8387,1000.);
#4063=VECTOR('',#8388,1000.);
#4064=VECTOR('',#8389,1000.);
#4065=VECTOR('',#8390,1000.);
#4066=VECTOR('',#8393,1000.);
#4067=VECTOR('',#8394,1000.);
#4068=VECTOR('',#8395,1000.);
#4069=VECTOR('',#8398,1000.);
#4070=VECTOR('',#8399,1000.);
#4071=VECTOR('',#8400,1000.);
#4072=VECTOR('',#8401,1000.);
#4073=VECTOR('',#8404,1000.);
#4074=VECTOR('',#8405,1000.);
#4075=VECTOR('',#8406,1000.);
#4076=VECTOR('',#8409,1000.);
#4077=VECTOR('',#8410,1000.);
#4078=VECTOR('',#8411,1000.);
#4079=VECTOR('',#8412,1000.);
#4080=VECTOR('',#8415,1000.);
#4081=VECTOR('',#8416,1000.);
#4082=VECTOR('',#8417,1000.);
#4083=VECTOR('',#8420,1000.);
#4084=VECTOR('',#8421,1000.);
#4085=VECTOR('',#8422,1000.);
#4086=VECTOR('',#8423,1000.);
#4087=VECTOR('',#8426,1000.);
#4088=VECTOR('',#8427,1000.);
#4089=VECTOR('',#8428,1000.);
#4090=VECTOR('',#8431,1000.);
#4091=VECTOR('',#8432,1000.);
#4092=VECTOR('',#8433,1000.);
#4093=VECTOR('',#8438,1000.);
#4094=VECTOR('',#8439,1000.);
#4095=VECTOR('',#8440,1000.);
#4096=VECTOR('',#8441,1000.);
#4097=VECTOR('',#8442,1000.);
#4098=VECTOR('',#8443,1000.);
#4099=VECTOR('',#8444,1000.);
#4100=VECTOR('',#8453,1000.);
#4101=VECTOR('',#8456,1000.);
#4102=VECTOR('',#8457,1000.);
#4103=VECTOR('',#8458,1000.);
#4104=VECTOR('',#8461,1000.);
#4105=VECTOR('',#8462,1000.);
#4106=VECTOR('',#8463,1000.);
#4107=VECTOR('',#8466,1000.);
#4108=VECTOR('',#8467,1000.);
#4109=VECTOR('',#8468,1000.);
#4110=VECTOR('',#8471,1000.);
#4111=VECTOR('',#8472,1000.);
#4112=EDGE_LOOP('',(#252,#253,#254,#255));
#4113=EDGE_LOOP('',(#256,#257,#258,#259));
#4114=EDGE_LOOP('',(#260,#261,#262,#263));
#4115=EDGE_LOOP('',(#264,#265,#266,#267));
#4116=EDGE_LOOP('',(#268,#269,#270,#271));
#4117=EDGE_LOOP('',(#272,#273,#274,#275));
#4118=EDGE_LOOP('',(#276,#277,#278,#279,#280,#281,#282,#283,#284,#285,#286,
#287,#288,#289,#290,#291,#292,#293,#294,#295));
#4119=EDGE_LOOP('',(#296,#297,#298,#299,#300,#301));
#4120=EDGE_LOOP('',(#302,#303,#304,#305,#306,#307));
#4121=EDGE_LOOP('',(#308,#309,#310,#311,#312,#313,#314,#315,#316,#317,#318,
#319,#320,#321,#322,#323,#324,#325,#326,#327,#328,#329,#330,#331));
#4122=EDGE_LOOP('',(#332,#333,#334,#335,#336,#337,#338,#339,#340,#341,#342,
#343));
#4123=EDGE_LOOP('',(#344,#345,#346,#347,#348,#349));
#4124=EDGE_LOOP('',(#350,#351,#352,#353,#354,#355,#356,#357,#358,#359,#360,
#361,#362,#363,#364,#365,#366,#367,#368,#369,#370,#371,#372,#373,#374,#375,
#376,#377,#378,#379,#380,#381,#382,#383,#384,#385,#386,#387,#388,#389,#390));
#4125=EDGE_LOOP('',(#391,#392,#393,#394));
#4126=EDGE_LOOP('',(#395,#396,#397,#398));
#4127=EDGE_LOOP('',(#399,#400,#401,#402,#403,#404,#405,#406,#407));
#4128=EDGE_LOOP('',(#408,#409,#410,#411,#412,#413,#414,#415,#416));
#4129=EDGE_LOOP('',(#417,#418,#419,#420,#421,#422,#423,#424,#425,#426,#427,
#428));
#4130=EDGE_LOOP('',(#429,#430,#431,#432,#433,#434));
#4131=EDGE_LOOP('',(#435,#436,#437,#438,#439,#440,#441,#442,#443,#444,#445,
#446,#447,#448,#449,#450,#451,#452,#453,#454,#455,#456,#457,#458));
#4132=EDGE_LOOP('',(#459,#460,#461,#462));
#4133=EDGE_LOOP('',(#463,#464,#465,#466,#467,#468,#469,#470));
#4134=EDGE_LOOP('',(#471,#472,#473,#474,#475,#476,#477,#478,#479,#480,#481,
#482,#483,#484,#485,#486,#487,#488,#489,#490,#491,#492,#493,#494,#495,#496,
#497,#498,#499,#500,#501,#502,#503,#504));
#4135=EDGE_LOOP('',(#505,#506,#507,#508,#509,#510,#511,#512));
#4136=EDGE_LOOP('',(#513,#514,#515,#516,#517));
#4137=EDGE_LOOP('',(#518,#519,#520,#521,#522));
#4138=EDGE_LOOP('',(#523,#524,#525,#526,#527,#528,#529,#530,#531,#532,#533,
#534,#535,#536,#537,#538,#539,#540,#541,#542,#543,#544,#545,#546,#547,#548,
#549,#550,#551,#552,#553,#554,#555,#556,#557));
#4139=EDGE_LOOP('',(#558,#559,#560,#561,#562,#563));
#4140=EDGE_LOOP('',(#564,#565,#566,#567,#568));
#4141=EDGE_LOOP('',(#569,#570,#571,#572,#573));
#4142=EDGE_LOOP('',(#574,#575,#576,#577));
#4143=EDGE_LOOP('',(#578,#579,#580,#581));
#4144=EDGE_LOOP('',(#582,#583,#584,#585,#586));
#4145=EDGE_LOOP('',(#587,#588,#589,#590,#591));
#4146=EDGE_LOOP('',(#592,#593,#594,#595,#596,#597,#598,#599));
#4147=EDGE_LOOP('',(#600,#601,#602,#603,#604,#605));
#4148=EDGE_LOOP('',(#606,#607,#608,#609));
#4149=EDGE_LOOP('',(#610,#611,#612,#613,#614,#615,#616,#617,#618));
#4150=EDGE_LOOP('',(#619,#620,#621,#622,#623,#624,#625,#626,#627));
#4151=EDGE_LOOP('',(#628,#629,#630,#631,#632,#633,#634,#635));
#4152=EDGE_LOOP('',(#636,#637,#638,#639,#640,#641,#642,#643));
#4153=EDGE_LOOP('',(#644,#645,#646,#647));
#4154=EDGE_LOOP('',(#648));
#4155=EDGE_LOOP('',(#649));
#4156=EDGE_LOOP('',(#650));
#4157=EDGE_LOOP('',(#651));
#4158=EDGE_LOOP('',(#652,#653,#654,#655,#656,#657,#658,#659));
#4159=EDGE_LOOP('',(#660,#661,#662,#663,#664,#665,#666,#667));
#4160=EDGE_LOOP('',(#668,#669,#670,#671,#672,#673,#674,#675));
#4161=EDGE_LOOP('',(#676,#677,#678,#679,#680,#681,#682,#683));
#4162=EDGE_LOOP('',(#684,#685,#686,#687));
#4163=EDGE_LOOP('',(#688,#689,#690,#691));
#4164=EDGE_LOOP('',(#692,#693,#694,#695,#696,#697));
#4165=EDGE_LOOP('',(#698,#699,#700,#701));
#4166=EDGE_LOOP('',(#702,#703,#704,#705));
#4167=EDGE_LOOP('',(#706,#707,#708,#709));
#4168=EDGE_LOOP('',(#710,#711,#712,#713));
#4169=EDGE_LOOP('',(#714,#715,#716,#717));
#4170=EDGE_LOOP('',(#718,#719,#720,#721));
#4171=EDGE_LOOP('',(#722,#723,#724,#725,#726,#727,#728,#729));
#4172=EDGE_LOOP('',(#730,#731,#732,#733,#734,#735,#736,#737));
#4173=EDGE_LOOP('',(#738,#739,#740,#741,#742,#743));
#4174=EDGE_LOOP('',(#744,#745,#746,#747));
#4175=EDGE_LOOP('',(#748,#749,#750,#751,#752,#753));
#4176=EDGE_LOOP('',(#754,#755,#756,#757,#758,#759,#760,#761));
#4177=EDGE_LOOP('',(#762,#763,#764,#765,#766,#767,#768,#769));
#4178=EDGE_LOOP('',(#770,#771,#772,#773));
#4179=EDGE_LOOP('',(#774,#775,#776,#777));
#4180=EDGE_LOOP('',(#778,#779,#780,#781));
#4181=EDGE_LOOP('',(#782,#783,#784,#785,#786,#787));
#4182=EDGE_LOOP('',(#788,#789,#790,#791));
#4183=EDGE_LOOP('',(#792,#793,#794,#795,#796,#797));
#4184=EDGE_LOOP('',(#798,#799,#800,#801));
#4185=EDGE_LOOP('',(#802,#803,#804,#805));
#4186=EDGE_LOOP('',(#806,#807,#808,#809));
#4187=EDGE_LOOP('',(#810,#811,#812,#813));
#4188=EDGE_LOOP('',(#814,#815,#816,#817));
#4189=EDGE_LOOP('',(#818,#819,#820,#821));
#4190=EDGE_LOOP('',(#822,#823,#824,#825));
#4191=EDGE_LOOP('',(#826,#827,#828,#829));
#4192=EDGE_LOOP('',(#830,#831,#832,#833,#834,#835,#836));
#4193=EDGE_LOOP('',(#837,#838,#839,#840));
#4194=EDGE_LOOP('',(#841,#842,#843,#844));
#4195=EDGE_LOOP('',(#845,#846,#847,#848));
#4196=EDGE_LOOP('',(#849,#850,#851,#852,#853));
#4197=EDGE_LOOP('',(#854,#855,#856,#857));
#4198=EDGE_LOOP('',(#858,#859,#860,#861));
#4199=EDGE_LOOP('',(#862,#863,#864,#865));
#4200=EDGE_LOOP('',(#866,#867,#868,#869));
#4201=EDGE_LOOP('',(#870,#871,#872,#873));
#4202=EDGE_LOOP('',(#874,#875,#876,#877));
#4203=EDGE_LOOP('',(#878,#879,#880,#881));
#4204=EDGE_LOOP('',(#882,#883,#884,#885));
#4205=EDGE_LOOP('',(#886,#887,#888,#889));
#4206=EDGE_LOOP('',(#890,#891,#892,#893));
#4207=EDGE_LOOP('',(#894,#895,#896,#897));
#4208=EDGE_LOOP('',(#898,#899,#900,#901));
#4209=EDGE_LOOP('',(#902,#903,#904,#905,#906,#907,#908,#909));
#4210=EDGE_LOOP('',(#910,#911,#912,#913));
#4211=EDGE_LOOP('',(#914,#915,#916,#917));
#4212=EDGE_LOOP('',(#918,#919,#920,#921));
#4213=EDGE_LOOP('',(#922,#923,#924,#925));
#4214=EDGE_LOOP('',(#926,#927,#928,#929));
#4215=EDGE_LOOP('',(#930,#931,#932,#933));
#4216=EDGE_LOOP('',(#934,#935,#936,#937));
#4217=EDGE_LOOP('',(#938,#939,#940,#941));
#4218=EDGE_LOOP('',(#942,#943,#944,#945,#946,#947,#948,#949));
#4219=EDGE_LOOP('',(#950,#951,#952,#953));
#4220=EDGE_LOOP('',(#954,#955,#956,#957));
#4221=EDGE_LOOP('',(#958,#959,#960,#961));
#4222=EDGE_LOOP('',(#962,#963,#964,#965));
#4223=EDGE_LOOP('',(#966,#967,#968,#969));
#4224=EDGE_LOOP('',(#970,#971,#972,#973));
#4225=EDGE_LOOP('',(#974,#975,#976,#977));
#4226=EDGE_LOOP('',(#978,#979,#980,#981));
#4227=EDGE_LOOP('',(#982,#983,#984,#985,#986,#987,#988,#989));
#4228=EDGE_LOOP('',(#990,#991,#992,#993));
#4229=EDGE_LOOP('',(#994,#995,#996,#997));
#4230=EDGE_LOOP('',(#998,#999,#1000,#1001));
#4231=EDGE_LOOP('',(#1002,#1003,#1004,#1005));
#4232=EDGE_LOOP('',(#1006,#1007,#1008,#1009));
#4233=EDGE_LOOP('',(#1010,#1011,#1012,#1013));
#4234=EDGE_LOOP('',(#1014,#1015,#1016,#1017));
#4235=EDGE_LOOP('',(#1018,#1019,#1020,#1021));
#4236=EDGE_LOOP('',(#1022,#1023,#1024,#1025,#1026,#1027,#1028,#1029));
#4237=EDGE_LOOP('',(#1030));
#4238=EDGE_LOOP('',(#1031));
#4239=EDGE_LOOP('',(#1032));
#4240=EDGE_LOOP('',(#1033));
#4241=EDGE_LOOP('',(#1034));
#4242=EDGE_LOOP('',(#1035));
#4243=EDGE_LOOP('',(#1036));
#4244=EDGE_LOOP('',(#1037));
#4245=EDGE_LOOP('',(#1038));
#4246=EDGE_LOOP('',(#1039));
#4247=EDGE_LOOP('',(#1040));
#4248=EDGE_LOOP('',(#1041));
#4249=EDGE_LOOP('',(#1042));
#4250=EDGE_LOOP('',(#1043));
#4251=EDGE_LOOP('',(#1044));
#4252=EDGE_LOOP('',(#1045));
#4253=EDGE_LOOP('',(#1046,#1047,#1048,#1049,#1050,#1051,#1052,#1053,#1054,
#1055,#1056,#1057,#1058,#1059,#1060,#1061,#1062,#1063,#1064,#1065));
#4254=EDGE_LOOP('',(#1066,#1067,#1068,#1069));
#4255=EDGE_LOOP('',(#1070,#1071,#1072,#1073,#1074));
#4256=EDGE_LOOP('',(#1075,#1076,#1077,#1078));
#4257=EDGE_LOOP('',(#1079,#1080,#1081,#1082));
#4258=EDGE_LOOP('',(#1083,#1084,#1085,#1086));
#4259=EDGE_LOOP('',(#1087,#1088,#1089,#1090));
#4260=EDGE_LOOP('',(#1091,#1092,#1093,#1094));
#4261=EDGE_LOOP('',(#1095,#1096,#1097,#1098));
#4262=EDGE_LOOP('',(#1099,#1100,#1101,#1102,#1103));
#4263=EDGE_LOOP('',(#1104,#1105,#1106,#1107));
#4264=EDGE_LOOP('',(#1108,#1109,#1110,#1111,#1112,#1113));
#4265=EDGE_LOOP('',(#1114,#1115,#1116,#1117,#1118,#1119));
#4266=EDGE_LOOP('',(#1120,#1121,#1122,#1123));
#4267=EDGE_LOOP('',(#1124,#1125,#1126,#1127,#1128));
#4268=EDGE_LOOP('',(#1129,#1130,#1131,#1132));
#4269=EDGE_LOOP('',(#1133,#1134,#1135,#1136));
#4270=EDGE_LOOP('',(#1137,#1138,#1139,#1140));
#4271=EDGE_LOOP('',(#1141,#1142,#1143,#1144));
#4272=EDGE_LOOP('',(#1145,#1146,#1147,#1148,#1149));
#4273=EDGE_LOOP('',(#1150,#1151,#1152,#1153));
#4274=EDGE_LOOP('',(#1154,#1155,#1156,#1157));
#4275=EDGE_LOOP('',(#1158,#1159,#1160,#1161,#1162,#1163));
#4276=EDGE_LOOP('',(#1164,#1165,#1166,#1167,#1168));
#4277=EDGE_LOOP('',(#1169,#1170,#1171,#1172,#1173));
#4278=EDGE_LOOP('',(#1174,#1175,#1176,#1177));
#4279=EDGE_LOOP('',(#1178,#1179,#1180,#1181,#1182,#1183,#1184,#1185));
#4280=EDGE_LOOP('',(#1186,#1187,#1188,#1189));
#4281=EDGE_LOOP('',(#1190,#1191,#1192,#1193));
#4282=EDGE_LOOP('',(#1194,#1195,#1196,#1197));
#4283=EDGE_LOOP('',(#1198,#1199,#1200,#1201));
#4284=EDGE_LOOP('',(#1202,#1203,#1204,#1205,#1206));
#4285=EDGE_LOOP('',(#1207,#1208,#1209,#1210,#1211));
#4286=EDGE_LOOP('',(#1212,#1213,#1214,#1215));
#4287=EDGE_LOOP('',(#1216,#1217,#1218,#1219,#1220,#1221,#1222,#1223));
#4288=EDGE_LOOP('',(#1224,#1225,#1226,#1227));
#4289=EDGE_LOOP('',(#1228,#1229,#1230,#1231));
#4290=EDGE_LOOP('',(#1232,#1233,#1234,#1235));
#4291=EDGE_LOOP('',(#1236,#1237,#1238,#1239));
#4292=EDGE_LOOP('',(#1240,#1241,#1242,#1243,#1244));
#4293=EDGE_LOOP('',(#1245,#1246,#1247,#1248,#1249));
#4294=EDGE_LOOP('',(#1250,#1251,#1252,#1253));
#4295=EDGE_LOOP('',(#1254,#1255,#1256,#1257,#1258,#1259));
#4296=EDGE_LOOP('',(#1260,#1261,#1262,#1263,#1264,#1265));
#4297=EDGE_LOOP('',(#1266,#1267,#1268,#1269));
#4298=EDGE_LOOP('',(#1270,#1271,#1272,#1273));
#4299=EDGE_LOOP('',(#1274,#1275,#1276,#1277,#1278,#1279));
#4300=EDGE_LOOP('',(#1280,#1281,#1282,#1283,#1284,#1285,#1286,#1287,#1288,
#1289,#1290,#1291));
#4301=EDGE_LOOP('',(#1292,#1293,#1294,#1295,#1296,#1297,#1298,#1299,#1300,
#1301,#1302,#1303));
#4302=EDGE_LOOP('',(#1304,#1305,#1306,#1307));
#4303=EDGE_LOOP('',(#1308,#1309,#1310,#1311));
#4304=EDGE_LOOP('',(#1312,#1313,#1314,#1315));
#4305=EDGE_LOOP('',(#1316,#1317,#1318,#1319,#1320,#1321,#1322,#1323));
#4306=EDGE_LOOP('',(#1324,#1325,#1326,#1327,#1328,#1329,#1330,#1331));
#4307=EDGE_LOOP('',(#1332,#1333,#1334,#1335));
#4308=EDGE_LOOP('',(#1336,#1337,#1338,#1339));
#4309=EDGE_LOOP('',(#1340,#1341,#1342,#1343));
#4310=EDGE_LOOP('',(#1344,#1345,#1346,#1347));
#4311=EDGE_LOOP('',(#1348,#1349,#1350,#1351));
#4312=EDGE_LOOP('',(#1352,#1353,#1354,#1355));
#4313=EDGE_LOOP('',(#1356,#1357,#1358,#1359));
#4314=EDGE_LOOP('',(#1360,#1361,#1362,#1363));
#4315=EDGE_LOOP('',(#1364,#1365,#1366,#1367));
#4316=EDGE_LOOP('',(#1368,#1369,#1370,#1371));
#4317=EDGE_LOOP('',(#1372,#1373,#1374,#1375));
#4318=EDGE_LOOP('',(#1376,#1377,#1378,#1379));
#4319=EDGE_LOOP('',(#1380,#1381,#1382,#1383));
#4320=EDGE_LOOP('',(#1384,#1385,#1386,#1387));
#4321=EDGE_LOOP('',(#1388,#1389,#1390,#1391));
#4322=EDGE_LOOP('',(#1392,#1393,#1394,#1395));
#4323=EDGE_LOOP('',(#1396,#1397,#1398,#1399));
#4324=EDGE_LOOP('',(#1400,#1401,#1402,#1403,#1404,#1405));
#4325=EDGE_LOOP('',(#1406,#1407,#1408,#1409,#1410,#1411,#1412,#1413,#1414,
#1415));
#4326=EDGE_LOOP('',(#1416,#1417,#1418,#1419,#1420,#1421,#1422,#1423,#1424,
#1425));
#4327=EDGE_LOOP('',(#1426,#1427,#1428,#1429,#1430,#1431));
#4328=EDGE_LOOP('',(#1432,#1433,#1434,#1435));
#4329=EDGE_LOOP('',(#1436,#1437,#1438,#1439));
#4330=EDGE_LOOP('',(#1440,#1441,#1442,#1443));
#4331=EDGE_LOOP('',(#1444,#1445,#1446,#1447));
#4332=EDGE_LOOP('',(#1448,#1449,#1450,#1451));
#4333=EDGE_LOOP('',(#1452,#1453,#1454,#1455));
#4334=EDGE_LOOP('',(#1456,#1457,#1458,#1459));
#4335=EDGE_LOOP('',(#1460,#1461,#1462,#1463));
#4336=EDGE_LOOP('',(#1464,#1465,#1466,#1467,#1468,#1469,#1470,#1471,#1472,
#1473));
#4337=EDGE_LOOP('',(#1474,#1475,#1476,#1477,#1478,#1479,#1480,#1481,#1482,
#1483));
#4338=EDGE_LOOP('',(#1484,#1485,#1486,#1487,#1488,#1489,#1490,#1491,#1492,
#1493));
#4339=EDGE_LOOP('',(#1494,#1495,#1496,#1497,#1498,#1499,#1500,#1501,#1502,
#1503));
#4340=EDGE_LOOP('',(#1504,#1505,#1506,#1507,#1508,#1509));
#4341=EDGE_LOOP('',(#1510,#1511,#1512,#1513));
#4342=EDGE_LOOP('',(#1514,#1515,#1516,#1517));
#4343=EDGE_LOOP('',(#1518,#1519,#1520,#1521));
#4344=EDGE_LOOP('',(#1522,#1523,#1524,#1525));
#4345=EDGE_LOOP('',(#1526,#1527,#1528,#1529));
#4346=EDGE_LOOP('',(#1530,#1531,#1532,#1533));
#4347=EDGE_LOOP('',(#1534,#1535,#1536,#1537));
#4348=EDGE_LOOP('',(#1538,#1539,#1540,#1541));
#4349=EDGE_LOOP('',(#1542,#1543,#1544,#1545));
#4350=EDGE_LOOP('',(#1546,#1547,#1548,#1549));
#4351=EDGE_LOOP('',(#1550,#1551,#1552,#1553));
#4352=EDGE_LOOP('',(#1554,#1555,#1556,#1557));
#4353=EDGE_LOOP('',(#1558,#1559,#1560,#1561,#1562));
#4354=EDGE_LOOP('',(#1563,#1564,#1565,#1566,#1567,#1568,#1569,#1570));
#4355=EDGE_LOOP('',(#1571,#1572,#1573,#1574,#1575));
#4356=EDGE_LOOP('',(#1576,#1577,#1578,#1579));
#4357=EDGE_LOOP('',(#1580,#1581,#1582,#1583));
#4358=EDGE_LOOP('',(#1584,#1585,#1586,#1587));
#4359=EDGE_LOOP('',(#1588,#1589,#1590,#1591,#1592));
#4360=EDGE_LOOP('',(#1593,#1594,#1595,#1596));
#4361=EDGE_LOOP('',(#1597,#1598,#1599,#1600,#1601));
#4362=EDGE_LOOP('',(#1602,#1603,#1604,#1605));
#4363=EDGE_LOOP('',(#1606,#1607,#1608,#1609,#1610));
#4364=EDGE_LOOP('',(#1611,#1612,#1613,#1614));
#4365=EDGE_LOOP('',(#1615,#1616,#1617,#1618,#1619));
#4366=EDGE_LOOP('',(#1620,#1621,#1622,#1623));
#4367=EDGE_LOOP('',(#1624,#1625,#1626,#1627,#1628));
#4368=EDGE_LOOP('',(#1629,#1630,#1631,#1632));
#4369=EDGE_LOOP('',(#1633,#1634,#1635,#1636,#1637));
#4370=EDGE_LOOP('',(#1638,#1639,#1640,#1641,#1642,#1643,#1644,#1645,#1646,
#1647,#1648,#1649,#1650,#1651,#1652,#1653,#1654,#1655,#1656,#1657));
#4371=EDGE_LOOP('',(#1658,#1659,#1660,#1661,#1662,#1663,#1664,#1665,#1666,
#1667,#1668,#1669,#1670,#1671,#1672,#1673,#1674,#1675,#1676,#1677,#1678,
#1679,#1680,#1681));
#4372=EDGE_LOOP('',(#1682,#1683,#1684,#1685));
#4373=EDGE_LOOP('',(#1686,#1687,#1688,#1689));
#4374=EDGE_LOOP('',(#1690,#1691,#1692,#1693));
#4375=EDGE_LOOP('',(#1694,#1695,#1696,#1697));
#4376=EDGE_LOOP('',(#1698,#1699,#1700,#1701));
#4377=EDGE_LOOP('',(#1702,#1703,#1704,#1705));
#4378=EDGE_LOOP('',(#1706,#1707,#1708,#1709));
#4379=EDGE_LOOP('',(#1710,#1711,#1712,#1713));
#4380=EDGE_LOOP('',(#1714,#1715,#1716,#1717,#1718,#1719,#1720));
#4381=EDGE_LOOP('',(#1721,#1722,#1723,#1724,#1725,#1726,#1727));
#4382=FACE_BOUND('',#4112,.T.);
#4383=FACE_BOUND('',#4113,.T.);
#4384=FACE_BOUND('',#4114,.T.);
#4385=FACE_BOUND('',#4115,.T.);
#4386=FACE_BOUND('',#4116,.T.);
#4387=FACE_BOUND('',#4117,.T.);
#4388=FACE_BOUND('',#4118,.T.);
#4389=FACE_BOUND('',#4119,.T.);
#4390=FACE_BOUND('',#4120,.T.);
#4391=FACE_BOUND('',#4121,.T.);
#4392=FACE_BOUND('',#4122,.T.);
#4393=FACE_BOUND('',#4123,.T.);
#4394=FACE_BOUND('',#4124,.T.);
#4395=FACE_BOUND('',#4125,.T.);
#4396=FACE_BOUND('',#4126,.T.);
#4397=FACE_BOUND('',#4127,.T.);
#4398=FACE_BOUND('',#4128,.T.);
#4399=FACE_BOUND('',#4129,.T.);
#4400=FACE_BOUND('',#4130,.T.);
#4401=FACE_BOUND('',#4131,.T.);
#4402=FACE_BOUND('',#4132,.T.);
#4403=FACE_BOUND('',#4133,.T.);
#4404=FACE_BOUND('',#4134,.T.);
#4405=FACE_BOUND('',#4135,.T.);
#4406=FACE_BOUND('',#4136,.T.);
#4407=FACE_BOUND('',#4137,.T.);
#4408=FACE_BOUND('',#4138,.T.);
#4409=FACE_BOUND('',#4139,.T.);
#4410=FACE_BOUND('',#4140,.T.);
#4411=FACE_BOUND('',#4141,.T.);
#4412=FACE_BOUND('',#4142,.T.);
#4413=FACE_BOUND('',#4143,.T.);
#4414=FACE_BOUND('',#4144,.T.);
#4415=FACE_BOUND('',#4145,.T.);
#4416=FACE_BOUND('',#4146,.T.);
#4417=FACE_BOUND('',#4147,.T.);
#4418=FACE_BOUND('',#4148,.T.);
#4419=FACE_BOUND('',#4149,.T.);
#4420=FACE_BOUND('',#4150,.T.);
#4421=FACE_BOUND('',#4151,.T.);
#4422=FACE_BOUND('',#4152,.T.);
#4423=FACE_BOUND('',#4153,.T.);
#4424=FACE_BOUND('',#4154,.T.);
#4425=FACE_BOUND('',#4155,.T.);
#4426=FACE_BOUND('',#4156,.T.);
#4427=FACE_BOUND('',#4157,.T.);
#4428=FACE_BOUND('',#4158,.T.);
#4429=FACE_BOUND('',#4159,.T.);
#4430=FACE_BOUND('',#4160,.T.);
#4431=FACE_BOUND('',#4161,.T.);
#4432=FACE_BOUND('',#4162,.T.);
#4433=FACE_BOUND('',#4163,.T.);
#4434=FACE_BOUND('',#4164,.T.);
#4435=FACE_BOUND('',#4165,.T.);
#4436=FACE_BOUND('',#4166,.T.);
#4437=FACE_BOUND('',#4167,.T.);
#4438=FACE_BOUND('',#4168,.T.);
#4439=FACE_BOUND('',#4169,.T.);
#4440=FACE_BOUND('',#4170,.T.);
#4441=FACE_BOUND('',#4171,.T.);
#4442=FACE_BOUND('',#4172,.T.);
#4443=FACE_BOUND('',#4173,.T.);
#4444=FACE_BOUND('',#4174,.T.);
#4445=FACE_BOUND('',#4175,.T.);
#4446=FACE_BOUND('',#4176,.T.);
#4447=FACE_BOUND('',#4177,.T.);
#4448=FACE_BOUND('',#4178,.T.);
#4449=FACE_BOUND('',#4179,.T.);
#4450=FACE_BOUND('',#4180,.T.);
#4451=FACE_BOUND('',#4181,.T.);
#4452=FACE_BOUND('',#4182,.T.);
#4453=FACE_BOUND('',#4183,.T.);
#4454=FACE_BOUND('',#4184,.T.);
#4455=FACE_BOUND('',#4185,.T.);
#4456=FACE_BOUND('',#4186,.T.);
#4457=FACE_BOUND('',#4187,.T.);
#4458=FACE_BOUND('',#4188,.T.);
#4459=FACE_BOUND('',#4189,.T.);
#4460=FACE_BOUND('',#4190,.T.);
#4461=FACE_BOUND('',#4191,.T.);
#4462=FACE_BOUND('',#4192,.T.);
#4463=FACE_BOUND('',#4193,.T.);
#4464=FACE_BOUND('',#4194,.T.);
#4465=FACE_BOUND('',#4195,.T.);
#4466=FACE_BOUND('',#4196,.T.);
#4467=FACE_BOUND('',#4197,.T.);
#4468=FACE_BOUND('',#4198,.T.);
#4469=FACE_BOUND('',#4199,.T.);
#4470=FACE_BOUND('',#4200,.T.);
#4471=FACE_BOUND('',#4201,.T.);
#4472=FACE_BOUND('',#4202,.T.);
#4473=FACE_BOUND('',#4203,.T.);
#4474=FACE_BOUND('',#4204,.T.);
#4475=FACE_BOUND('',#4205,.T.);
#4476=FACE_BOUND('',#4206,.T.);
#4477=FACE_BOUND('',#4207,.T.);
#4478=FACE_BOUND('',#4208,.T.);
#4479=FACE_BOUND('',#4209,.T.);
#4480=FACE_BOUND('',#4210,.T.);
#4481=FACE_BOUND('',#4211,.T.);
#4482=FACE_BOUND('',#4212,.T.);
#4483=FACE_BOUND('',#4213,.T.);
#4484=FACE_BOUND('',#4214,.T.);
#4485=FACE_BOUND('',#4215,.T.);
#4486=FACE_BOUND('',#4216,.T.);
#4487=FACE_BOUND('',#4217,.T.);
#4488=FACE_BOUND('',#4218,.T.);
#4489=FACE_BOUND('',#4219,.T.);
#4490=FACE_BOUND('',#4220,.T.);
#4491=FACE_BOUND('',#4221,.T.);
#4492=FACE_BOUND('',#4222,.T.);
#4493=FACE_BOUND('',#4223,.T.);
#4494=FACE_BOUND('',#4224,.T.);
#4495=FACE_BOUND('',#4225,.T.);
#4496=FACE_BOUND('',#4226,.T.);
#4497=FACE_BOUND('',#4227,.T.);
#4498=FACE_BOUND('',#4228,.T.);
#4499=FACE_BOUND('',#4229,.T.);
#4500=FACE_BOUND('',#4230,.T.);
#4501=FACE_BOUND('',#4231,.T.);
#4502=FACE_BOUND('',#4232,.T.);
#4503=FACE_BOUND('',#4233,.T.);
#4504=FACE_BOUND('',#4234,.T.);
#4505=FACE_BOUND('',#4235,.T.);
#4506=FACE_BOUND('',#4236,.T.);
#4507=FACE_BOUND('',#4237,.T.);
#4508=FACE_BOUND('',#4238,.T.);
#4509=FACE_BOUND('',#4239,.T.);
#4510=FACE_BOUND('',#4240,.T.);
#4511=FACE_BOUND('',#4241,.T.);
#4512=FACE_BOUND('',#4242,.T.);
#4513=FACE_BOUND('',#4243,.T.);
#4514=FACE_BOUND('',#4244,.T.);
#4515=FACE_BOUND('',#4245,.T.);
#4516=FACE_BOUND('',#4246,.T.);
#4517=FACE_BOUND('',#4247,.T.);
#4518=FACE_BOUND('',#4248,.T.);
#4519=FACE_BOUND('',#4249,.T.);
#4520=FACE_BOUND('',#4250,.T.);
#4521=FACE_BOUND('',#4251,.T.);
#4522=FACE_BOUND('',#4252,.T.);
#4523=FACE_BOUND('',#4253,.T.);
#4524=FACE_BOUND('',#4254,.T.);
#4525=FACE_BOUND('',#4255,.T.);
#4526=FACE_BOUND('',#4256,.T.);
#4527=FACE_BOUND('',#4257,.T.);
#4528=FACE_BOUND('',#4258,.T.);
#4529=FACE_BOUND('',#4259,.T.);
#4530=FACE_BOUND('',#4260,.T.);
#4531=FACE_BOUND('',#4261,.T.);
#4532=FACE_BOUND('',#4262,.T.);
#4533=FACE_BOUND('',#4263,.T.);
#4534=FACE_BOUND('',#4264,.T.);
#4535=FACE_BOUND('',#4265,.T.);
#4536=FACE_BOUND('',#4266,.T.);
#4537=FACE_BOUND('',#4267,.T.);
#4538=FACE_BOUND('',#4268,.T.);
#4539=FACE_BOUND('',#4269,.T.);
#4540=FACE_BOUND('',#4270,.T.);
#4541=FACE_BOUND('',#4271,.T.);
#4542=FACE_BOUND('',#4272,.T.);
#4543=FACE_BOUND('',#4273,.T.);
#4544=FACE_BOUND('',#4274,.T.);
#4545=FACE_BOUND('',#4275,.T.);
#4546=FACE_BOUND('',#4276,.T.);
#4547=FACE_BOUND('',#4277,.T.);
#4548=FACE_BOUND('',#4278,.T.);
#4549=FACE_BOUND('',#4279,.T.);
#4550=FACE_BOUND('',#4280,.T.);
#4551=FACE_BOUND('',#4281,.T.);
#4552=FACE_BOUND('',#4282,.T.);
#4553=FACE_BOUND('',#4283,.T.);
#4554=FACE_BOUND('',#4284,.T.);
#4555=FACE_BOUND('',#4285,.T.);
#4556=FACE_BOUND('',#4286,.T.);
#4557=FACE_BOUND('',#4287,.T.);
#4558=FACE_BOUND('',#4288,.T.);
#4559=FACE_BOUND('',#4289,.T.);
#4560=FACE_BOUND('',#4290,.T.);
#4561=FACE_BOUND('',#4291,.T.);
#4562=FACE_BOUND('',#4292,.T.);
#4563=FACE_BOUND('',#4293,.T.);
#4564=FACE_BOUND('',#4294,.T.);
#4565=FACE_BOUND('',#4295,.T.);
#4566=FACE_BOUND('',#4296,.T.);
#4567=FACE_BOUND('',#4297,.T.);
#4568=FACE_BOUND('',#4298,.T.);
#4569=FACE_BOUND('',#4299,.T.);
#4570=FACE_BOUND('',#4300,.T.);
#4571=FACE_BOUND('',#4301,.T.);
#4572=FACE_BOUND('',#4302,.T.);
#4573=FACE_BOUND('',#4303,.T.);
#4574=FACE_BOUND('',#4304,.T.);
#4575=FACE_BOUND('',#4305,.T.);
#4576=FACE_BOUND('',#4306,.T.);
#4577=FACE_BOUND('',#4307,.T.);
#4578=FACE_BOUND('',#4308,.T.);
#4579=FACE_BOUND('',#4309,.T.);
#4580=FACE_BOUND('',#4310,.T.);
#4581=FACE_BOUND('',#4311,.T.);
#4582=FACE_BOUND('',#4312,.T.);
#4583=FACE_BOUND('',#4313,.T.);
#4584=FACE_BOUND('',#4314,.T.);
#4585=FACE_BOUND('',#4315,.T.);
#4586=FACE_BOUND('',#4316,.T.);
#4587=FACE_BOUND('',#4317,.T.);
#4588=FACE_BOUND('',#4318,.T.);
#4589=FACE_BOUND('',#4319,.T.);
#4590=FACE_BOUND('',#4320,.T.);
#4591=FACE_BOUND('',#4321,.T.);
#4592=FACE_BOUND('',#4322,.T.);
#4593=FACE_BOUND('',#4323,.T.);
#4594=FACE_BOUND('',#4324,.T.);
#4595=FACE_BOUND('',#4325,.T.);
#4596=FACE_BOUND('',#4326,.T.);
#4597=FACE_BOUND('',#4327,.T.);
#4598=FACE_BOUND('',#4328,.T.);
#4599=FACE_BOUND('',#4329,.T.);
#4600=FACE_BOUND('',#4330,.T.);
#4601=FACE_BOUND('',#4331,.T.);
#4602=FACE_BOUND('',#4332,.T.);
#4603=FACE_BOUND('',#4333,.T.);
#4604=FACE_BOUND('',#4334,.T.);
#4605=FACE_BOUND('',#4335,.T.);
#4606=FACE_BOUND('',#4336,.T.);
#4607=FACE_BOUND('',#4337,.T.);
#4608=FACE_BOUND('',#4338,.T.);
#4609=FACE_BOUND('',#4339,.T.);
#4610=FACE_BOUND('',#4340,.T.);
#4611=FACE_BOUND('',#4341,.T.);
#4612=FACE_BOUND('',#4342,.T.);
#4613=FACE_BOUND('',#4343,.T.);
#4614=FACE_BOUND('',#4344,.T.);
#4615=FACE_BOUND('',#4345,.T.);
#4616=FACE_BOUND('',#4346,.T.);
#4617=FACE_BOUND('',#4347,.T.);
#4618=FACE_BOUND('',#4348,.T.);
#4619=FACE_BOUND('',#4349,.T.);
#4620=FACE_BOUND('',#4350,.T.);
#4621=FACE_BOUND('',#4351,.T.);
#4622=FACE_BOUND('',#4352,.T.);
#4623=FACE_BOUND('',#4353,.T.);
#4624=FACE_BOUND('',#4354,.T.);
#4625=FACE_BOUND('',#4355,.T.);
#4626=FACE_BOUND('',#4356,.T.);
#4627=FACE_BOUND('',#4357,.T.);
#4628=FACE_BOUND('',#4358,.T.);
#4629=FACE_BOUND('',#4359,.T.);
#4630=FACE_BOUND('',#4360,.T.);
#4631=FACE_BOUND('',#4361,.T.);
#4632=FACE_BOUND('',#4362,.T.);
#4633=FACE_BOUND('',#4363,.T.);
#4634=FACE_BOUND('',#4364,.T.);
#4635=FACE_BOUND('',#4365,.T.);
#4636=FACE_BOUND('',#4366,.T.);
#4637=FACE_BOUND('',#4367,.T.);
#4638=FACE_BOUND('',#4368,.T.);
#4639=FACE_BOUND('',#4369,.T.);
#4640=FACE_BOUND('',#4370,.T.);
#4641=FACE_BOUND('',#4371,.T.);
#4642=FACE_BOUND('',#4372,.T.);
#4643=FACE_BOUND('',#4373,.T.);
#4644=FACE_BOUND('',#4374,.T.);
#4645=FACE_BOUND('',#4375,.T.);
#4646=FACE_BOUND('',#4376,.T.);
#4647=FACE_BOUND('',#4377,.T.);
#4648=FACE_BOUND('',#4378,.T.);
#4649=FACE_BOUND('',#4379,.T.);
#4650=FACE_BOUND('',#4380,.T.);
#4651=FACE_BOUND('',#4381,.T.);
#4652=PLANE('',#6666);
#4653=PLANE('',#6668);
#4654=PLANE('',#6670);
#4655=PLANE('',#6671);
#4656=PLANE('',#6673);
#4657=PLANE('',#6675);
#4658=PLANE('',#6676);
#4659=PLANE('',#6681);
#4660=PLANE('',#6683);
#4661=PLANE('',#6685);
#4662=PLANE('',#6695);
#4663=PLANE('',#6698);
#4664=PLANE('',#6700);
#4665=PLANE('',#6711);
#4666=PLANE('',#6712);
#4667=PLANE('',#6713);
#4668=PLANE('',#6714);
#4669=PLANE('',#6715);
#4670=PLANE('',#6718);
#4671=PLANE('',#6720);
#4672=PLANE('',#6721);
#4673=PLANE('',#6722);
#4674=PLANE('',#6725);
#4675=PLANE('',#6730);
#4676=PLANE('',#6731);
#4677=PLANE('',#6732);
#4678=PLANE('',#6736);
#4679=PLANE('',#6737);
#4680=PLANE('',#6738);
#4681=PLANE('',#6739);
#4682=PLANE('',#6740);
#4683=PLANE('',#6741);
#4684=PLANE('',#6743);
#4685=PLANE('',#6745);
#4686=PLANE('',#6748);
#4687=PLANE('',#6751);
#4688=PLANE('',#6753);
#4689=PLANE('',#6754);
#4690=PLANE('',#6755);
#4691=PLANE('',#6758);
#4692=PLANE('',#6759);
#4693=PLANE('',#6760);
#4694=PLANE('',#6781);
#4695=PLANE('',#6782);
#4696=PLANE('',#6783);
#4697=PLANE('',#6784);
#4698=PLANE('',#6785);
#4699=PLANE('',#6786);
#4700=PLANE('',#6787);
#4701=PLANE('',#6788);
#4702=PLANE('',#6789);
#4703=PLANE('',#6790);
#4704=PLANE('',#6791);
#4705=PLANE('',#6793);
#4706=PLANE('',#6794);
#4707=PLANE('',#6796);
#4708=PLANE('',#6797);
#4709=PLANE('',#6798);
#4710=PLANE('',#6799);
#4711=PLANE('',#6800);
#4712=PLANE('',#6801);
#4713=PLANE('',#6804);
#4714=PLANE('',#6805);
#4715=PLANE('',#6808);
#4716=PLANE('',#6809);
#4717=PLANE('',#6811);
#4718=PLANE('',#6814);
#4719=PLANE('',#6816);
#4720=PLANE('',#6819);
#4721=PLANE('',#6821);
#4722=PLANE('',#6822);
#4723=PLANE('',#6823);
#4724=PLANE('',#6825);
#4725=PLANE('',#6829);
#4726=PLANE('',#6832);
#4727=PLANE('',#6835);
#4728=PLANE('',#6838);
#4729=PLANE('',#6839);
#4730=PLANE('',#6842);
#4731=PLANE('',#6845);
#4732=PLANE('',#6848);
#4733=PLANE('',#6851);
#4734=PLANE('',#6852);
#4735=PLANE('',#6855);
#4736=PLANE('',#6858);
#4737=PLANE('',#6861);
#4738=PLANE('',#6864);
#4739=PLANE('',#6865);
#4740=PLANE('',#6868);
#4741=PLANE('',#6871);
#4742=PLANE('',#6874);
#4743=PLANE('',#6877);
#4744=PLANE('',#6878);
#4745=PLANE('',#6879);
#4746=PLANE('',#6884);
#4747=PLANE('',#6889);
#4748=PLANE('',#6892);
#4749=PLANE('',#6895);
#4750=PLANE('',#6902);
#4751=PLANE('',#6904);
#4752=PLANE('',#6905);
#4753=PLANE('',#6907);
#4754=PLANE('',#6910);
#4755=PLANE('',#6912);
#4756=PLANE('',#6916);
#4757=PLANE('',#6918);
#4758=PLANE('',#6919);
#4759=PLANE('',#6921);
#4760=PLANE('',#6923);
#4761=PLANE('',#6926);
#4762=PLANE('',#6929);
#4763=PLANE('',#6933);
#4764=PLANE('',#6935);
#4765=PLANE('',#6938);
#4766=PLANE('',#6939);
#4767=PLANE('',#6943);
#4768=PLANE('',#6945);
#4769=PLANE('',#6948);
#4770=PLANE('',#6955);
#4771=PLANE('',#6956);
#4772=PLANE('',#6961);
#4773=PLANE('',#6969);
#4774=PLANE('',#6973);
#4775=PLANE('',#6974);
#4776=PLANE('',#6976);
#4777=PLANE('',#6978);
#4778=PLANE('',#6979);
#4779=PLANE('',#6980);
#4780=PLANE('',#6982);
#4781=PLANE('',#6987);
#4782=PLANE('',#6991);
#4783=PLANE('',#6992);
#4784=PLANE('',#6993);
#4785=PLANE('',#6997);
#4786=PLANE('',#7001);
#4787=PLANE('',#7002);
#4788=PLANE('',#7006);
#4789=PLANE('',#7010);
#4790=PLANE('',#7011);
#4791=PLANE('',#7012);
#4792=PLANE('',#7016);
#4793=PLANE('',#7020);
#4794=PLANE('',#7021);
#4795=PLANE('',#7022);
#4796=PLANE('',#7027);
#4797=PLANE('',#7033);
#4798=PLANE('',#7035);
#4799=PLANE('',#7036);
#4800=PLANE('',#7037);
#4801=PLANE('',#7039);
#4802=PLANE('',#7042);
#4803=PLANE('',#7043);
#4804=PLANE('',#7044);
#4805=PLANE('',#7045);
#4806=PLANE('',#7046);
#4807=PLANE('',#7047);
#4808=PLANE('',#7048);
#4809=PLANE('',#7049);
#4810=PLANE('',#7050);
#4811=PLANE('',#7051);
#4812=PLANE('',#7052);
#4813=PLANE('',#7053);
#4814=PLANE('',#7054);
#4815=PLANE('',#7055);
#4816=PLANE('',#7056);
#4817=PLANE('',#7057);
#4818=PLANE('',#7058);
#4819=PLANE('',#7059);
#4820=PLANE('',#7060);
#4821=PLANE('',#7061);
#4822=PLANE('',#7062);
#4823=PLANE('',#7063);
#4824=PLANE('',#7064);
#4825=PLANE('',#7065);
#4826=PLANE('',#7066);
#4827=PLANE('',#7067);
#4828=PLANE('',#7068);
#4829=PLANE('',#7069);
#4830=PLANE('',#7070);
#4831=PLANE('',#7071);
#4832=PLANE('',#7072);
#4833=PLANE('',#7073);
#4834=PLANE('',#7074);
#4835=STYLED_ITEM('',(#5058),#6400);
#4836=STYLED_ITEM('',(#5059),#6401);
#4837=STYLED_ITEM('',(#5060),#6402);
#4838=STYLED_ITEM('',(#5061),#6403);
#4839=STYLED_ITEM('',(#5062),#6404);
#4840=STYLED_ITEM('',(#5063),#6405);
#4841=STYLED_ITEM('',(#5064),#6406);
#4842=STYLED_ITEM('',(#5065),#6407);
#4843=STYLED_ITEM('',(#5066),#6408);
#4844=STYLED_ITEM('',(#5067),#6409);
#4845=STYLED_ITEM('',(#5068),#6410);
#4846=STYLED_ITEM('',(#5069),#6411);
#4847=STYLED_ITEM('',(#5070),#6412);
#4848=STYLED_ITEM('',(#5071),#6413);
#4849=STYLED_ITEM('',(#5072),#6414);
#4850=STYLED_ITEM('',(#5073),#6415);
#4851=STYLED_ITEM('',(#5074),#6416);
#4852=STYLED_ITEM('',(#5075),#6417);
#4853=STYLED_ITEM('',(#5076),#6418);
#4854=STYLED_ITEM('',(#5077),#6419);
#4855=STYLED_ITEM('',(#5078),#6420);
#4856=STYLED_ITEM('',(#5079),#6421);
#4857=STYLED_ITEM('',(#5080),#6422);
#4858=STYLED_ITEM('',(#5081),#6423);
#4859=STYLED_ITEM('',(#5082),#6424);
#4860=STYLED_ITEM('',(#5083),#6425);
#4861=STYLED_ITEM('',(#5084),#6426);
#4862=STYLED_ITEM('',(#5085),#6427);
#4863=STYLED_ITEM('',(#5086),#6428);
#4864=STYLED_ITEM('',(#5087),#6429);
#4865=STYLED_ITEM('',(#5088),#6430);
#4866=STYLED_ITEM('',(#5089),#6431);
#4867=STYLED_ITEM('',(#5090),#6432);
#4868=STYLED_ITEM('',(#5091),#6433);
#4869=STYLED_ITEM('',(#5092),#6434);
#4870=STYLED_ITEM('',(#5093),#6435);
#4871=STYLED_ITEM('',(#5094),#6436);
#4872=STYLED_ITEM('',(#5095),#6437);
#4873=STYLED_ITEM('',(#5096),#6438);
#4874=STYLED_ITEM('',(#5097),#6439);
#4875=STYLED_ITEM('',(#5098),#6440);
#4876=STYLED_ITEM('',(#5099),#6441);
#4877=STYLED_ITEM('',(#5100),#6442);
#4878=STYLED_ITEM('',(#5101),#6443);
#4879=STYLED_ITEM('',(#5102),#6444);
#4880=STYLED_ITEM('',(#5103),#6445);
#4881=STYLED_ITEM('',(#5104),#6446);
#4882=STYLED_ITEM('',(#5105),#6447);
#4883=STYLED_ITEM('',(#5106),#6448);
#4884=STYLED_ITEM('',(#5107),#6449);
#4885=STYLED_ITEM('',(#5108),#6450);
#4886=STYLED_ITEM('',(#5109),#6451);
#4887=STYLED_ITEM('',(#5110),#6452);
#4888=STYLED_ITEM('',(#5111),#6453);
#4889=STYLED_ITEM('',(#5112),#6454);
#4890=STYLED_ITEM('',(#5113),#6455);
#4891=STYLED_ITEM('',(#5114),#6456);
#4892=STYLED_ITEM('',(#5115),#6457);
#4893=STYLED_ITEM('',(#5116),#6458);
#4894=STYLED_ITEM('',(#5117),#6459);
#4895=STYLED_ITEM('',(#5118),#6460);
#4896=STYLED_ITEM('',(#5119),#6461);
#4897=STYLED_ITEM('',(#5120),#6462);
#4898=STYLED_ITEM('',(#5121),#6463);
#4899=STYLED_ITEM('',(#5122),#6464);
#4900=STYLED_ITEM('',(#5123),#6465);
#4901=STYLED_ITEM('',(#5124),#6466);
#4902=STYLED_ITEM('',(#5125),#6467);
#4903=STYLED_ITEM('',(#5126),#6468);
#4904=STYLED_ITEM('',(#5127),#6469);
#4905=STYLED_ITEM('',(#5128),#6470);
#4906=STYLED_ITEM('',(#5129),#6471);
#4907=STYLED_ITEM('',(#5130),#6472);
#4908=STYLED_ITEM('',(#5131),#6473);
#4909=STYLED_ITEM('',(#5132),#6474);
#4910=STYLED_ITEM('',(#5133),#6475);
#4911=STYLED_ITEM('',(#5134),#6476);
#4912=STYLED_ITEM('',(#5135),#6477);
#4913=STYLED_ITEM('',(#5136),#6478);
#4914=STYLED_ITEM('',(#5137),#6479);
#4915=STYLED_ITEM('',(#5138),#6480);
#4916=STYLED_ITEM('',(#5139),#6481);
#4917=STYLED_ITEM('',(#5140),#6482);
#4918=STYLED_ITEM('',(#5141),#6483);
#4919=STYLED_ITEM('',(#5142),#6484);
#4920=STYLED_ITEM('',(#5143),#6485);
#4921=STYLED_ITEM('',(#5144),#6486);
#4922=STYLED_ITEM('',(#5145),#6487);
#4923=STYLED_ITEM('',(#5146),#6488);
#4924=STYLED_ITEM('',(#5147),#6489);
#4925=STYLED_ITEM('',(#5148),#6490);
#4926=STYLED_ITEM('',(#5149),#6491);
#4927=STYLED_ITEM('',(#5150),#6492);
#4928=STYLED_ITEM('',(#5151),#6493);
#4929=STYLED_ITEM('',(#5152),#6494);
#4930=STYLED_ITEM('',(#5153),#6495);
#4931=STYLED_ITEM('',(#5154),#6496);
#4932=STYLED_ITEM('',(#5155),#6497);
#4933=STYLED_ITEM('',(#5156),#6498);
#4934=STYLED_ITEM('',(#5157),#6499);
#4935=STYLED_ITEM('',(#5158),#6500);
#4936=STYLED_ITEM('',(#5159),#6501);
#4937=STYLED_ITEM('',(#5160),#6502);
#4938=STYLED_ITEM('',(#5161),#6503);
#4939=STYLED_ITEM('',(#5162),#6504);
#4940=STYLED_ITEM('',(#5163),#6505);
#4941=STYLED_ITEM('',(#5164),#6506);
#4942=STYLED_ITEM('',(#5165),#6507);
#4943=STYLED_ITEM('',(#5166),#6508);
#4944=STYLED_ITEM('',(#5167),#6509);
#4945=STYLED_ITEM('',(#5168),#6510);
#4946=STYLED_ITEM('',(#5169),#6511);
#4947=STYLED_ITEM('',(#5170),#6512);
#4948=STYLED_ITEM('',(#5171),#6513);
#4949=STYLED_ITEM('',(#5172),#6514);
#4950=STYLED_ITEM('',(#5173),#6515);
#4951=STYLED_ITEM('',(#5174),#6516);
#4952=STYLED_ITEM('',(#5175),#6517);
#4953=STYLED_ITEM('',(#5176),#6518);
#4954=STYLED_ITEM('',(#5177),#6519);
#4955=STYLED_ITEM('',(#5178),#6520);
#4956=STYLED_ITEM('',(#5179),#6521);
#4957=STYLED_ITEM('',(#5180),#6522);
#4958=STYLED_ITEM('',(#5181),#6523);
#4959=STYLED_ITEM('',(#5182),#6524);
#4960=STYLED_ITEM('',(#5183),#6525);
#4961=STYLED_ITEM('',(#5184),#6526);
#4962=STYLED_ITEM('',(#5185),#6527);
#4963=STYLED_ITEM('',(#5186),#6528);
#4964=STYLED_ITEM('',(#5187),#6529);
#4965=STYLED_ITEM('',(#5188),#6530);
#4966=STYLED_ITEM('',(#5189),#6531);
#4967=STYLED_ITEM('',(#5190),#6532);
#4968=STYLED_ITEM('',(#5191),#6533);
#4969=STYLED_ITEM('',(#5192),#6534);
#4970=STYLED_ITEM('',(#5193),#6535);
#4971=STYLED_ITEM('',(#5194),#6536);
#4972=STYLED_ITEM('',(#5195),#6537);
#4973=STYLED_ITEM('',(#5196),#6538);
#4974=STYLED_ITEM('',(#5197),#6539);
#4975=STYLED_ITEM('',(#5198),#6540);
#4976=STYLED_ITEM('',(#5199),#6541);
#4977=STYLED_ITEM('',(#5200),#6542);
#4978=STYLED_ITEM('',(#5201),#6543);
#4979=STYLED_ITEM('',(#5202),#6544);
#4980=STYLED_ITEM('',(#5203),#6545);
#4981=STYLED_ITEM('',(#5204),#6546);
#4982=STYLED_ITEM('',(#5205),#6547);
#4983=STYLED_ITEM('',(#5206),#6548);
#4984=STYLED_ITEM('',(#5207),#6549);
#4985=STYLED_ITEM('',(#5208),#6550);
#4986=STYLED_ITEM('',(#5209),#6551);
#4987=STYLED_ITEM('',(#5210),#6552);
#4988=STYLED_ITEM('',(#5211),#6553);
#4989=STYLED_ITEM('',(#5212),#6554);
#4990=STYLED_ITEM('',(#5213),#6555);
#4991=STYLED_ITEM('',(#5214),#6556);
#4992=STYLED_ITEM('',(#5215),#6557);
#4993=STYLED_ITEM('',(#5216),#6558);
#4994=STYLED_ITEM('',(#5217),#6559);
#4995=STYLED_ITEM('',(#5218),#6560);
#4996=STYLED_ITEM('',(#5219),#6561);
#4997=STYLED_ITEM('',(#5220),#6562);
#4998=STYLED_ITEM('',(#5221),#6563);
#4999=STYLED_ITEM('',(#5222),#6564);
#5000=STYLED_ITEM('',(#5223),#6565);
#5001=STYLED_ITEM('',(#5224),#6566);
#5002=STYLED_ITEM('',(#5225),#6567);
#5003=STYLED_ITEM('',(#5226),#6568);
#5004=STYLED_ITEM('',(#5227),#6569);
#5005=STYLED_ITEM('',(#5228),#6570);
#5006=STYLED_ITEM('',(#5229),#6571);
#5007=STYLED_ITEM('',(#5230),#6572);
#5008=STYLED_ITEM('',(#5231),#6573);
#5009=STYLED_ITEM('',(#5232),#6574);
#5010=STYLED_ITEM('',(#5233),#6575);
#5011=STYLED_ITEM('',(#5234),#6576);
#5012=STYLED_ITEM('',(#5235),#6577);
#5013=STYLED_ITEM('',(#5236),#6578);
#5014=STYLED_ITEM('',(#5237),#6579);
#5015=STYLED_ITEM('',(#5238),#6580);
#5016=STYLED_ITEM('',(#5239),#6581);
#5017=STYLED_ITEM('',(#5240),#6582);
#5018=STYLED_ITEM('',(#5241),#6583);
#5019=STYLED_ITEM('',(#5242),#6584);
#5020=STYLED_ITEM('',(#5243),#6585);
#5021=STYLED_ITEM('',(#5244),#6586);
#5022=STYLED_ITEM('',(#5245),#6587);
#5023=STYLED_ITEM('',(#5246),#6588);
#5024=STYLED_ITEM('',(#5247),#6589);
#5025=STYLED_ITEM('',(#5248),#6590);
#5026=STYLED_ITEM('',(#5249),#6591);
#5027=STYLED_ITEM('',(#5250),#6592);
#5028=STYLED_ITEM('',(#5251),#6593);
#5029=STYLED_ITEM('',(#5252),#6594);
#5030=STYLED_ITEM('',(#5253),#6595);
#5031=STYLED_ITEM('',(#5254),#6596);
#5032=STYLED_ITEM('',(#5255),#6597);
#5033=STYLED_ITEM('',(#5256),#6598);
#5034=STYLED_ITEM('',(#5257),#6599);
#5035=STYLED_ITEM('',(#5258),#6600);
#5036=STYLED_ITEM('',(#5259),#6601);
#5037=STYLED_ITEM('',(#5260),#6602);
#5038=STYLED_ITEM('',(#5261),#6603);
#5039=STYLED_ITEM('',(#5262),#6604);
#5040=STYLED_ITEM('',(#5263),#6605);
#5041=STYLED_ITEM('',(#5264),#6606);
#5042=STYLED_ITEM('',(#5265),#6607);
#5043=STYLED_ITEM('',(#5266),#6608);
#5044=STYLED_ITEM('',(#5267),#6609);
#5045=STYLED_ITEM('',(#5268),#6610);
#5046=STYLED_ITEM('',(#5269),#6611);
#5047=STYLED_ITEM('',(#5270),#6612);
#5048=STYLED_ITEM('',(#5271),#6613);
#5049=STYLED_ITEM('',(#5272),#6614);
#5050=STYLED_ITEM('',(#5273),#6615);
#5051=STYLED_ITEM('',(#5274),#6616);
#5052=STYLED_ITEM('',(#5275),#6617);
#5053=STYLED_ITEM('',(#5276),#6618);
#5054=STYLED_ITEM('',(#5277),#6619);
#5055=STYLED_ITEM('',(#5278),#6620);
#5056=STYLED_ITEM('',(#5279),#6621);
#5057=STYLED_ITEM('',(#5280),#6658);
#5058=PRESENTATION_STYLE_ASSIGNMENT((#5281));
#5059=PRESENTATION_STYLE_ASSIGNMENT((#5282));
#5060=PRESENTATION_STYLE_ASSIGNMENT((#5283));
#5061=PRESENTATION_STYLE_ASSIGNMENT((#5284));
#5062=PRESENTATION_STYLE_ASSIGNMENT((#5285));
#5063=PRESENTATION_STYLE_ASSIGNMENT((#5286));
#5064=PRESENTATION_STYLE_ASSIGNMENT((#5287));
#5065=PRESENTATION_STYLE_ASSIGNMENT((#5288));
#5066=PRESENTATION_STYLE_ASSIGNMENT((#5289));
#5067=PRESENTATION_STYLE_ASSIGNMENT((#5290));
#5068=PRESENTATION_STYLE_ASSIGNMENT((#5291));
#5069=PRESENTATION_STYLE_ASSIGNMENT((#5292));
#5070=PRESENTATION_STYLE_ASSIGNMENT((#5293));
#5071=PRESENTATION_STYLE_ASSIGNMENT((#5294));
#5072=PRESENTATION_STYLE_ASSIGNMENT((#5295));
#5073=PRESENTATION_STYLE_ASSIGNMENT((#5296));
#5074=PRESENTATION_STYLE_ASSIGNMENT((#5297));
#5075=PRESENTATION_STYLE_ASSIGNMENT((#5298));
#5076=PRESENTATION_STYLE_ASSIGNMENT((#5299));
#5077=PRESENTATION_STYLE_ASSIGNMENT((#5300));
#5078=PRESENTATION_STYLE_ASSIGNMENT((#5301));
#5079=PRESENTATION_STYLE_ASSIGNMENT((#5302));
#5080=PRESENTATION_STYLE_ASSIGNMENT((#5303));
#5081=PRESENTATION_STYLE_ASSIGNMENT((#5304));
#5082=PRESENTATION_STYLE_ASSIGNMENT((#5305));
#5083=PRESENTATION_STYLE_ASSIGNMENT((#5306));
#5084=PRESENTATION_STYLE_ASSIGNMENT((#5307));
#5085=PRESENTATION_STYLE_ASSIGNMENT((#5308));
#5086=PRESENTATION_STYLE_ASSIGNMENT((#5309));
#5087=PRESENTATION_STYLE_ASSIGNMENT((#5310));
#5088=PRESENTATION_STYLE_ASSIGNMENT((#5311));
#5089=PRESENTATION_STYLE_ASSIGNMENT((#5312));
#5090=PRESENTATION_STYLE_ASSIGNMENT((#5313));
#5091=PRESENTATION_STYLE_ASSIGNMENT((#5314));
#5092=PRESENTATION_STYLE_ASSIGNMENT((#5315));
#5093=PRESENTATION_STYLE_ASSIGNMENT((#5316));
#5094=PRESENTATION_STYLE_ASSIGNMENT((#5317));
#5095=PRESENTATION_STYLE_ASSIGNMENT((#5318));
#5096=PRESENTATION_STYLE_ASSIGNMENT((#5319));
#5097=PRESENTATION_STYLE_ASSIGNMENT((#5320));
#5098=PRESENTATION_STYLE_ASSIGNMENT((#5321));
#5099=PRESENTATION_STYLE_ASSIGNMENT((#5322));
#5100=PRESENTATION_STYLE_ASSIGNMENT((#5323));
#5101=PRESENTATION_STYLE_ASSIGNMENT((#5324));
#5102=PRESENTATION_STYLE_ASSIGNMENT((#5325));
#5103=PRESENTATION_STYLE_ASSIGNMENT((#5326));
#5104=PRESENTATION_STYLE_ASSIGNMENT((#5327));
#5105=PRESENTATION_STYLE_ASSIGNMENT((#5328));
#5106=PRESENTATION_STYLE_ASSIGNMENT((#5329));
#5107=PRESENTATION_STYLE_ASSIGNMENT((#5330));
#5108=PRESENTATION_STYLE_ASSIGNMENT((#5331));
#5109=PRESENTATION_STYLE_ASSIGNMENT((#5332));
#5110=PRESENTATION_STYLE_ASSIGNMENT((#5333));
#5111=PRESENTATION_STYLE_ASSIGNMENT((#5334));
#5112=PRESENTATION_STYLE_ASSIGNMENT((#5335));
#5113=PRESENTATION_STYLE_ASSIGNMENT((#5336));
#5114=PRESENTATION_STYLE_ASSIGNMENT((#5337));
#5115=PRESENTATION_STYLE_ASSIGNMENT((#5338));
#5116=PRESENTATION_STYLE_ASSIGNMENT((#5339));
#5117=PRESENTATION_STYLE_ASSIGNMENT((#5340));
#5118=PRESENTATION_STYLE_ASSIGNMENT((#5341));
#5119=PRESENTATION_STYLE_ASSIGNMENT((#5342));
#5120=PRESENTATION_STYLE_ASSIGNMENT((#5343));
#5121=PRESENTATION_STYLE_ASSIGNMENT((#5344));
#5122=PRESENTATION_STYLE_ASSIGNMENT((#5345));
#5123=PRESENTATION_STYLE_ASSIGNMENT((#5346));
#5124=PRESENTATION_STYLE_ASSIGNMENT((#5347));
#5125=PRESENTATION_STYLE_ASSIGNMENT((#5348));
#5126=PRESENTATION_STYLE_ASSIGNMENT((#5349));
#5127=PRESENTATION_STYLE_ASSIGNMENT((#5350));
#5128=PRESENTATION_STYLE_ASSIGNMENT((#5351));
#5129=PRESENTATION_STYLE_ASSIGNMENT((#5352));
#5130=PRESENTATION_STYLE_ASSIGNMENT((#5353));
#5131=PRESENTATION_STYLE_ASSIGNMENT((#5354));
#5132=PRESENTATION_STYLE_ASSIGNMENT((#5355));
#5133=PRESENTATION_STYLE_ASSIGNMENT((#5356));
#5134=PRESENTATION_STYLE_ASSIGNMENT((#5357));
#5135=PRESENTATION_STYLE_ASSIGNMENT((#5358));
#5136=PRESENTATION_STYLE_ASSIGNMENT((#5359));
#5137=PRESENTATION_STYLE_ASSIGNMENT((#5360));
#5138=PRESENTATION_STYLE_ASSIGNMENT((#5361));
#5139=PRESENTATION_STYLE_ASSIGNMENT((#5362));
#5140=PRESENTATION_STYLE_ASSIGNMENT((#5363));
#5141=PRESENTATION_STYLE_ASSIGNMENT((#5364));
#5142=PRESENTATION_STYLE_ASSIGNMENT((#5365));
#5143=PRESENTATION_STYLE_ASSIGNMENT((#5366));
#5144=PRESENTATION_STYLE_ASSIGNMENT((#5367));
#5145=PRESENTATION_STYLE_ASSIGNMENT((#5368));
#5146=PRESENTATION_STYLE_ASSIGNMENT((#5369));
#5147=PRESENTATION_STYLE_ASSIGNMENT((#5370));
#5148=PRESENTATION_STYLE_ASSIGNMENT((#5371));
#5149=PRESENTATION_STYLE_ASSIGNMENT((#5372));
#5150=PRESENTATION_STYLE_ASSIGNMENT((#5373));
#5151=PRESENTATION_STYLE_ASSIGNMENT((#5374));
#5152=PRESENTATION_STYLE_ASSIGNMENT((#5375));
#5153=PRESENTATION_STYLE_ASSIGNMENT((#5376));
#5154=PRESENTATION_STYLE_ASSIGNMENT((#5377));
#5155=PRESENTATION_STYLE_ASSIGNMENT((#5378));
#5156=PRESENTATION_STYLE_ASSIGNMENT((#5379));
#5157=PRESENTATION_STYLE_ASSIGNMENT((#5380));
#5158=PRESENTATION_STYLE_ASSIGNMENT((#5381));
#5159=PRESENTATION_STYLE_ASSIGNMENT((#5382));
#5160=PRESENTATION_STYLE_ASSIGNMENT((#5383));
#5161=PRESENTATION_STYLE_ASSIGNMENT((#5384));
#5162=PRESENTATION_STYLE_ASSIGNMENT((#5385));
#5163=PRESENTATION_STYLE_ASSIGNMENT((#5386));
#5164=PRESENTATION_STYLE_ASSIGNMENT((#5387));
#5165=PRESENTATION_STYLE_ASSIGNMENT((#5388));
#5166=PRESENTATION_STYLE_ASSIGNMENT((#5389));
#5167=PRESENTATION_STYLE_ASSIGNMENT((#5390));
#5168=PRESENTATION_STYLE_ASSIGNMENT((#5391));
#5169=PRESENTATION_STYLE_ASSIGNMENT((#5392));
#5170=PRESENTATION_STYLE_ASSIGNMENT((#5393));
#5171=PRESENTATION_STYLE_ASSIGNMENT((#5394));
#5172=PRESENTATION_STYLE_ASSIGNMENT((#5395));
#5173=PRESENTATION_STYLE_ASSIGNMENT((#5396));
#5174=PRESENTATION_STYLE_ASSIGNMENT((#5397));
#5175=PRESENTATION_STYLE_ASSIGNMENT((#5398));
#5176=PRESENTATION_STYLE_ASSIGNMENT((#5399));
#5177=PRESENTATION_STYLE_ASSIGNMENT((#5400));
#5178=PRESENTATION_STYLE_ASSIGNMENT((#5401));
#5179=PRESENTATION_STYLE_ASSIGNMENT((#5402));
#5180=PRESENTATION_STYLE_ASSIGNMENT((#5403));
#5181=PRESENTATION_STYLE_ASSIGNMENT((#5404));
#5182=PRESENTATION_STYLE_ASSIGNMENT((#5405));
#5183=PRESENTATION_STYLE_ASSIGNMENT((#5406));
#5184=PRESENTATION_STYLE_ASSIGNMENT((#5407));
#5185=PRESENTATION_STYLE_ASSIGNMENT((#5408));
#5186=PRESENTATION_STYLE_ASSIGNMENT((#5409));
#5187=PRESENTATION_STYLE_ASSIGNMENT((#5410));
#5188=PRESENTATION_STYLE_ASSIGNMENT((#5411));
#5189=PRESENTATION_STYLE_ASSIGNMENT((#5412));
#5190=PRESENTATION_STYLE_ASSIGNMENT((#5413));
#5191=PRESENTATION_STYLE_ASSIGNMENT((#5414));
#5192=PRESENTATION_STYLE_ASSIGNMENT((#5415));
#5193=PRESENTATION_STYLE_ASSIGNMENT((#5416));
#5194=PRESENTATION_STYLE_ASSIGNMENT((#5417));
#5195=PRESENTATION_STYLE_ASSIGNMENT((#5418));
#5196=PRESENTATION_STYLE_ASSIGNMENT((#5419));
#5197=PRESENTATION_STYLE_ASSIGNMENT((#5420));
#5198=PRESENTATION_STYLE_ASSIGNMENT((#5421));
#5199=PRESENTATION_STYLE_ASSIGNMENT((#5422));
#5200=PRESENTATION_STYLE_ASSIGNMENT((#5423));
#5201=PRESENTATION_STYLE_ASSIGNMENT((#5424));
#5202=PRESENTATION_STYLE_ASSIGNMENT((#5425));
#5203=PRESENTATION_STYLE_ASSIGNMENT((#5426));
#5204=PRESENTATION_STYLE_ASSIGNMENT((#5427));
#5205=PRESENTATION_STYLE_ASSIGNMENT((#5428));
#5206=PRESENTATION_STYLE_ASSIGNMENT((#5429));
#5207=PRESENTATION_STYLE_ASSIGNMENT((#5430));
#5208=PRESENTATION_STYLE_ASSIGNMENT((#5431));
#5209=PRESENTATION_STYLE_ASSIGNMENT((#5432));
#5210=PRESENTATION_STYLE_ASSIGNMENT((#5433));
#5211=PRESENTATION_STYLE_ASSIGNMENT((#5434));
#5212=PRESENTATION_STYLE_ASSIGNMENT((#5435));
#5213=PRESENTATION_STYLE_ASSIGNMENT((#5436));
#5214=PRESENTATION_STYLE_ASSIGNMENT((#5437));
#5215=PRESENTATION_STYLE_ASSIGNMENT((#5438));
#5216=PRESENTATION_STYLE_ASSIGNMENT((#5439));
#5217=PRESENTATION_STYLE_ASSIGNMENT((#5440));
#5218=PRESENTATION_STYLE_ASSIGNMENT((#5441));
#5219=PRESENTATION_STYLE_ASSIGNMENT((#5442));
#5220=PRESENTATION_STYLE_ASSIGNMENT((#5443));
#5221=PRESENTATION_STYLE_ASSIGNMENT((#5444));
#5222=PRESENTATION_STYLE_ASSIGNMENT((#5445));
#5223=PRESENTATION_STYLE_ASSIGNMENT((#5446));
#5224=PRESENTATION_STYLE_ASSIGNMENT((#5447));
#5225=PRESENTATION_STYLE_ASSIGNMENT((#5448));
#5226=PRESENTATION_STYLE_ASSIGNMENT((#5449));
#5227=PRESENTATION_STYLE_ASSIGNMENT((#5450));
#5228=PRESENTATION_STYLE_ASSIGNMENT((#5451));
#5229=PRESENTATION_STYLE_ASSIGNMENT((#5452));
#5230=PRESENTATION_STYLE_ASSIGNMENT((#5453));
#5231=PRESENTATION_STYLE_ASSIGNMENT((#5454));
#5232=PRESENTATION_STYLE_ASSIGNMENT((#5455));
#5233=PRESENTATION_STYLE_ASSIGNMENT((#5456));
#5234=PRESENTATION_STYLE_ASSIGNMENT((#5457));
#5235=PRESENTATION_STYLE_ASSIGNMENT((#5458));
#5236=PRESENTATION_STYLE_ASSIGNMENT((#5459));
#5237=PRESENTATION_STYLE_ASSIGNMENT((#5460));
#5238=PRESENTATION_STYLE_ASSIGNMENT((#5461));
#5239=PRESENTATION_STYLE_ASSIGNMENT((#5462));
#5240=PRESENTATION_STYLE_ASSIGNMENT((#5463));
#5241=PRESENTATION_STYLE_ASSIGNMENT((#5464));
#5242=PRESENTATION_STYLE_ASSIGNMENT((#5465));
#5243=PRESENTATION_STYLE_ASSIGNMENT((#5466));
#5244=PRESENTATION_STYLE_ASSIGNMENT((#5467));
#5245=PRESENTATION_STYLE_ASSIGNMENT((#5468));
#5246=PRESENTATION_STYLE_ASSIGNMENT((#5469));
#5247=PRESENTATION_STYLE_ASSIGNMENT((#5470));
#5248=PRESENTATION_STYLE_ASSIGNMENT((#5471));
#5249=PRESENTATION_STYLE_ASSIGNMENT((#5472));
#5250=PRESENTATION_STYLE_ASSIGNMENT((#5473));
#5251=PRESENTATION_STYLE_ASSIGNMENT((#5474));
#5252=PRESENTATION_STYLE_ASSIGNMENT((#5475));
#5253=PRESENTATION_STYLE_ASSIGNMENT((#5476));
#5254=PRESENTATION_STYLE_ASSIGNMENT((#5477));
#5255=PRESENTATION_STYLE_ASSIGNMENT((#5478));
#5256=PRESENTATION_STYLE_ASSIGNMENT((#5479));
#5257=PRESENTATION_STYLE_ASSIGNMENT((#5480));
#5258=PRESENTATION_STYLE_ASSIGNMENT((#5481));
#5259=PRESENTATION_STYLE_ASSIGNMENT((#5482));
#5260=PRESENTATION_STYLE_ASSIGNMENT((#5483));
#5261=PRESENTATION_STYLE_ASSIGNMENT((#5484));
#5262=PRESENTATION_STYLE_ASSIGNMENT((#5485));
#5263=PRESENTATION_STYLE_ASSIGNMENT((#5486));
#5264=PRESENTATION_STYLE_ASSIGNMENT((#5487));
#5265=PRESENTATION_STYLE_ASSIGNMENT((#5488));
#5266=PRESENTATION_STYLE_ASSIGNMENT((#5489));
#5267=PRESENTATION_STYLE_ASSIGNMENT((#5490));
#5268=PRESENTATION_STYLE_ASSIGNMENT((#5491));
#5269=PRESENTATION_STYLE_ASSIGNMENT((#5492));
#5270=PRESENTATION_STYLE_ASSIGNMENT((#5493));
#5271=PRESENTATION_STYLE_ASSIGNMENT((#5494));
#5272=PRESENTATION_STYLE_ASSIGNMENT((#5495));
#5273=PRESENTATION_STYLE_ASSIGNMENT((#5496));
#5274=PRESENTATION_STYLE_ASSIGNMENT((#5497));
#5275=PRESENTATION_STYLE_ASSIGNMENT((#5498));
#5276=PRESENTATION_STYLE_ASSIGNMENT((#5499));
#5277=PRESENTATION_STYLE_ASSIGNMENT((#5500));
#5278=PRESENTATION_STYLE_ASSIGNMENT((#5501));
#5279=PRESENTATION_STYLE_ASSIGNMENT((#5502));
#5280=PRESENTATION_STYLE_ASSIGNMENT((#5503));
#5281=SURFACE_STYLE_USAGE(.BOTH.,#5504);
#5282=SURFACE_STYLE_USAGE(.BOTH.,#5505);
#5283=SURFACE_STYLE_USAGE(.BOTH.,#5506);
#5284=SURFACE_STYLE_USAGE(.BOTH.,#5507);
#5285=SURFACE_STYLE_USAGE(.BOTH.,#5508);
#5286=SURFACE_STYLE_USAGE(.BOTH.,#5509);
#5287=SURFACE_STYLE_USAGE(.BOTH.,#5510);
#5288=SURFACE_STYLE_USAGE(.BOTH.,#5511);
#5289=SURFACE_STYLE_USAGE(.BOTH.,#5512);
#5290=SURFACE_STYLE_USAGE(.BOTH.,#5513);
#5291=SURFACE_STYLE_USAGE(.BOTH.,#5514);
#5292=SURFACE_STYLE_USAGE(.BOTH.,#5515);
#5293=SURFACE_STYLE_USAGE(.BOTH.,#5516);
#5294=SURFACE_STYLE_USAGE(.BOTH.,#5517);
#5295=SURFACE_STYLE_USAGE(.BOTH.,#5518);
#5296=SURFACE_STYLE_USAGE(.BOTH.,#5519);
#5297=SURFACE_STYLE_USAGE(.BOTH.,#5520);
#5298=SURFACE_STYLE_USAGE(.BOTH.,#5521);
#5299=SURFACE_STYLE_USAGE(.BOTH.,#5522);
#5300=SURFACE_STYLE_USAGE(.BOTH.,#5523);
#5301=SURFACE_STYLE_USAGE(.BOTH.,#5524);
#5302=SURFACE_STYLE_USAGE(.BOTH.,#5525);
#5303=SURFACE_STYLE_USAGE(.BOTH.,#5526);
#5304=SURFACE_STYLE_USAGE(.BOTH.,#5527);
#5305=SURFACE_STYLE_USAGE(.BOTH.,#5528);
#5306=SURFACE_STYLE_USAGE(.BOTH.,#5529);
#5307=SURFACE_STYLE_USAGE(.BOTH.,#5530);
#5308=SURFACE_STYLE_USAGE(.BOTH.,#5531);
#5309=SURFACE_STYLE_USAGE(.BOTH.,#5532);
#5310=SURFACE_STYLE_USAGE(.BOTH.,#5533);
#5311=SURFACE_STYLE_USAGE(.BOTH.,#5534);
#5312=SURFACE_STYLE_USAGE(.BOTH.,#5535);
#5313=SURFACE_STYLE_USAGE(.BOTH.,#5536);
#5314=SURFACE_STYLE_USAGE(.BOTH.,#5537);
#5315=SURFACE_STYLE_USAGE(.BOTH.,#5538);
#5316=SURFACE_STYLE_USAGE(.BOTH.,#5539);
#5317=SURFACE_STYLE_USAGE(.BOTH.,#5540);
#5318=SURFACE_STYLE_USAGE(.BOTH.,#5541);
#5319=SURFACE_STYLE_USAGE(.BOTH.,#5542);
#5320=SURFACE_STYLE_USAGE(.BOTH.,#5543);
#5321=SURFACE_STYLE_USAGE(.BOTH.,#5544);
#5322=SURFACE_STYLE_USAGE(.BOTH.,#5545);
#5323=SURFACE_STYLE_USAGE(.BOTH.,#5546);
#5324=SURFACE_STYLE_USAGE(.BOTH.,#5547);
#5325=SURFACE_STYLE_USAGE(.BOTH.,#5548);
#5326=SURFACE_STYLE_USAGE(.BOTH.,#5549);
#5327=SURFACE_STYLE_USAGE(.BOTH.,#5550);
#5328=SURFACE_STYLE_USAGE(.BOTH.,#5551);
#5329=SURFACE_STYLE_USAGE(.BOTH.,#5552);
#5330=SURFACE_STYLE_USAGE(.BOTH.,#5553);
#5331=SURFACE_STYLE_USAGE(.BOTH.,#5554);
#5332=SURFACE_STYLE_USAGE(.BOTH.,#5555);
#5333=SURFACE_STYLE_USAGE(.BOTH.,#5556);
#5334=SURFACE_STYLE_USAGE(.BOTH.,#5557);
#5335=SURFACE_STYLE_USAGE(.BOTH.,#5558);
#5336=SURFACE_STYLE_USAGE(.BOTH.,#5559);
#5337=SURFACE_STYLE_USAGE(.BOTH.,#5560);
#5338=SURFACE_STYLE_USAGE(.BOTH.,#5561);
#5339=SURFACE_STYLE_USAGE(.BOTH.,#5562);
#5340=SURFACE_STYLE_USAGE(.BOTH.,#5563);
#5341=SURFACE_STYLE_USAGE(.BOTH.,#5564);
#5342=SURFACE_STYLE_USAGE(.BOTH.,#5565);
#5343=SURFACE_STYLE_USAGE(.BOTH.,#5566);
#5344=SURFACE_STYLE_USAGE(.BOTH.,#5567);
#5345=SURFACE_STYLE_USAGE(.BOTH.,#5568);
#5346=SURFACE_STYLE_USAGE(.BOTH.,#5569);
#5347=SURFACE_STYLE_USAGE(.BOTH.,#5570);
#5348=SURFACE_STYLE_USAGE(.BOTH.,#5571);
#5349=SURFACE_STYLE_USAGE(.BOTH.,#5572);
#5350=SURFACE_STYLE_USAGE(.BOTH.,#5573);
#5351=SURFACE_STYLE_USAGE(.BOTH.,#5574);
#5352=SURFACE_STYLE_USAGE(.BOTH.,#5575);
#5353=SURFACE_STYLE_USAGE(.BOTH.,#5576);
#5354=SURFACE_STYLE_USAGE(.BOTH.,#5577);
#5355=SURFACE_STYLE_USAGE(.BOTH.,#5578);
#5356=SURFACE_STYLE_USAGE(.BOTH.,#5579);
#5357=SURFACE_STYLE_USAGE(.BOTH.,#5580);
#5358=SURFACE_STYLE_USAGE(.BOTH.,#5581);
#5359=SURFACE_STYLE_USAGE(.BOTH.,#5582);
#5360=SURFACE_STYLE_USAGE(.BOTH.,#5583);
#5361=SURFACE_STYLE_USAGE(.BOTH.,#5584);
#5362=SURFACE_STYLE_USAGE(.BOTH.,#5585);
#5363=SURFACE_STYLE_USAGE(.BOTH.,#5586);
#5364=SURFACE_STYLE_USAGE(.BOTH.,#5587);
#5365=SURFACE_STYLE_USAGE(.BOTH.,#5588);
#5366=SURFACE_STYLE_USAGE(.BOTH.,#5589);
#5367=SURFACE_STYLE_USAGE(.BOTH.,#5590);
#5368=SURFACE_STYLE_USAGE(.BOTH.,#5591);
#5369=SURFACE_STYLE_USAGE(.BOTH.,#5592);
#5370=SURFACE_STYLE_USAGE(.BOTH.,#5593);
#5371=SURFACE_STYLE_USAGE(.BOTH.,#5594);
#5372=SURFACE_STYLE_USAGE(.BOTH.,#5595);
#5373=SURFACE_STYLE_USAGE(.BOTH.,#5596);
#5374=SURFACE_STYLE_USAGE(.BOTH.,#5597);
#5375=SURFACE_STYLE_USAGE(.BOTH.,#5598);
#5376=SURFACE_STYLE_USAGE(.BOTH.,#5599);
#5377=SURFACE_STYLE_USAGE(.BOTH.,#5600);
#5378=SURFACE_STYLE_USAGE(.BOTH.,#5601);
#5379=SURFACE_STYLE_USAGE(.BOTH.,#5602);
#5380=SURFACE_STYLE_USAGE(.BOTH.,#5603);
#5381=SURFACE_STYLE_USAGE(.BOTH.,#5604);
#5382=SURFACE_STYLE_USAGE(.BOTH.,#5605);
#5383=SURFACE_STYLE_USAGE(.BOTH.,#5606);
#5384=SURFACE_STYLE_USAGE(.BOTH.,#5607);
#5385=SURFACE_STYLE_USAGE(.BOTH.,#5608);
#5386=SURFACE_STYLE_USAGE(.BOTH.,#5609);
#5387=SURFACE_STYLE_USAGE(.BOTH.,#5610);
#5388=SURFACE_STYLE_USAGE(.BOTH.,#5611);
#5389=SURFACE_STYLE_USAGE(.BOTH.,#5612);
#5390=SURFACE_STYLE_USAGE(.BOTH.,#5613);
#5391=SURFACE_STYLE_USAGE(.BOTH.,#5614);
#5392=SURFACE_STYLE_USAGE(.BOTH.,#5615);
#5393=SURFACE_STYLE_USAGE(.BOTH.,#5616);
#5394=SURFACE_STYLE_USAGE(.BOTH.,#5617);
#5395=SURFACE_STYLE_USAGE(.BOTH.,#5618);
#5396=SURFACE_STYLE_USAGE(.BOTH.,#5619);
#5397=SURFACE_STYLE_USAGE(.BOTH.,#5620);
#5398=SURFACE_STYLE_USAGE(.BOTH.,#5621);
#5399=SURFACE_STYLE_USAGE(.BOTH.,#5622);
#5400=SURFACE_STYLE_USAGE(.BOTH.,#5623);
#5401=SURFACE_STYLE_USAGE(.BOTH.,#5624);
#5402=SURFACE_STYLE_USAGE(.BOTH.,#5625);
#5403=SURFACE_STYLE_USAGE(.BOTH.,#5626);
#5404=SURFACE_STYLE_USAGE(.BOTH.,#5627);
#5405=SURFACE_STYLE_USAGE(.BOTH.,#5628);
#5406=SURFACE_STYLE_USAGE(.BOTH.,#5629);
#5407=SURFACE_STYLE_USAGE(.BOTH.,#5630);
#5408=SURFACE_STYLE_USAGE(.BOTH.,#5631);
#5409=SURFACE_STYLE_USAGE(.BOTH.,#5632);
#5410=SURFACE_STYLE_USAGE(.BOTH.,#5633);
#5411=SURFACE_STYLE_USAGE(.BOTH.,#5634);
#5412=SURFACE_STYLE_USAGE(.BOTH.,#5635);
#5413=SURFACE_STYLE_USAGE(.BOTH.,#5636);
#5414=SURFACE_STYLE_USAGE(.BOTH.,#5637);
#5415=SURFACE_STYLE_USAGE(.BOTH.,#5638);
#5416=SURFACE_STYLE_USAGE(.BOTH.,#5639);
#5417=SURFACE_STYLE_USAGE(.BOTH.,#5640);
#5418=SURFACE_STYLE_USAGE(.BOTH.,#5641);
#5419=SURFACE_STYLE_USAGE(.BOTH.,#5642);
#5420=SURFACE_STYLE_USAGE(.BOTH.,#5643);
#5421=SURFACE_STYLE_USAGE(.BOTH.,#5644);
#5422=SURFACE_STYLE_USAGE(.BOTH.,#5645);
#5423=SURFACE_STYLE_USAGE(.BOTH.,#5646);
#5424=SURFACE_STYLE_USAGE(.BOTH.,#5647);
#5425=SURFACE_STYLE_USAGE(.BOTH.,#5648);
#5426=SURFACE_STYLE_USAGE(.BOTH.,#5649);
#5427=SURFACE_STYLE_USAGE(.BOTH.,#5650);
#5428=SURFACE_STYLE_USAGE(.BOTH.,#5651);
#5429=SURFACE_STYLE_USAGE(.BOTH.,#5652);
#5430=SURFACE_STYLE_USAGE(.BOTH.,#5653);
#5431=SURFACE_STYLE_USAGE(.BOTH.,#5654);
#5432=SURFACE_STYLE_USAGE(.BOTH.,#5655);
#5433=SURFACE_STYLE_USAGE(.BOTH.,#5656);
#5434=SURFACE_STYLE_USAGE(.BOTH.,#5657);
#5435=SURFACE_STYLE_USAGE(.BOTH.,#5658);
#5436=SURFACE_STYLE_USAGE(.BOTH.,#5659);
#5437=SURFACE_STYLE_USAGE(.BOTH.,#5660);
#5438=SURFACE_STYLE_USAGE(.BOTH.,#5661);
#5439=SURFACE_STYLE_USAGE(.BOTH.,#5662);
#5440=SURFACE_STYLE_USAGE(.BOTH.,#5663);
#5441=SURFACE_STYLE_USAGE(.BOTH.,#5664);
#5442=SURFACE_STYLE_USAGE(.BOTH.,#5665);
#5443=SURFACE_STYLE_USAGE(.BOTH.,#5666);
#5444=SURFACE_STYLE_USAGE(.BOTH.,#5667);
#5445=SURFACE_STYLE_USAGE(.BOTH.,#5668);
#5446=SURFACE_STYLE_USAGE(.BOTH.,#5669);
#5447=SURFACE_STYLE_USAGE(.BOTH.,#5670);
#5448=SURFACE_STYLE_USAGE(.BOTH.,#5671);
#5449=SURFACE_STYLE_USAGE(.BOTH.,#5672);
#5450=SURFACE_STYLE_USAGE(.BOTH.,#5673);
#5451=SURFACE_STYLE_USAGE(.BOTH.,#5674);
#5452=SURFACE_STYLE_USAGE(.BOTH.,#5675);
#5453=SURFACE_STYLE_USAGE(.BOTH.,#5676);
#5454=SURFACE_STYLE_USAGE(.BOTH.,#5677);
#5455=SURFACE_STYLE_USAGE(.BOTH.,#5678);
#5456=SURFACE_STYLE_USAGE(.BOTH.,#5679);
#5457=SURFACE_STYLE_USAGE(.BOTH.,#5680);
#5458=SURFACE_STYLE_USAGE(.BOTH.,#5681);
#5459=SURFACE_STYLE_USAGE(.BOTH.,#5682);
#5460=SURFACE_STYLE_USAGE(.BOTH.,#5683);
#5461=SURFACE_STYLE_USAGE(.BOTH.,#5684);
#5462=SURFACE_STYLE_USAGE(.BOTH.,#5685);
#5463=SURFACE_STYLE_USAGE(.BOTH.,#5686);
#5464=SURFACE_STYLE_USAGE(.BOTH.,#5687);
#5465=SURFACE_STYLE_USAGE(.BOTH.,#5688);
#5466=SURFACE_STYLE_USAGE(.BOTH.,#5689);
#5467=SURFACE_STYLE_USAGE(.BOTH.,#5690);
#5468=SURFACE_STYLE_USAGE(.BOTH.,#5691);
#5469=SURFACE_STYLE_USAGE(.BOTH.,#5692);
#5470=SURFACE_STYLE_USAGE(.BOTH.,#5693);
#5471=SURFACE_STYLE_USAGE(.BOTH.,#5694);
#5472=SURFACE_STYLE_USAGE(.BOTH.,#5695);
#5473=SURFACE_STYLE_USAGE(.BOTH.,#5696);
#5474=SURFACE_STYLE_USAGE(.BOTH.,#5697);
#5475=SURFACE_STYLE_USAGE(.BOTH.,#5698);
#5476=SURFACE_STYLE_USAGE(.BOTH.,#5699);
#5477=SURFACE_STYLE_USAGE(.BOTH.,#5700);
#5478=SURFACE_STYLE_USAGE(.BOTH.,#5701);
#5479=SURFACE_STYLE_USAGE(.BOTH.,#5702);
#5480=SURFACE_STYLE_USAGE(.BOTH.,#5703);
#5481=SURFACE_STYLE_USAGE(.BOTH.,#5704);
#5482=SURFACE_STYLE_USAGE(.BOTH.,#5705);
#5483=SURFACE_STYLE_USAGE(.BOTH.,#5706);
#5484=SURFACE_STYLE_USAGE(.BOTH.,#5707);
#5485=SURFACE_STYLE_USAGE(.BOTH.,#5708);
#5486=SURFACE_STYLE_USAGE(.BOTH.,#5709);
#5487=SURFACE_STYLE_USAGE(.BOTH.,#5710);
#5488=SURFACE_STYLE_USAGE(.BOTH.,#5711);
#5489=SURFACE_STYLE_USAGE(.BOTH.,#5712);
#5490=SURFACE_STYLE_USAGE(.BOTH.,#5713);
#5491=SURFACE_STYLE_USAGE(.BOTH.,#5714);
#5492=SURFACE_STYLE_USAGE(.BOTH.,#5715);
#5493=SURFACE_STYLE_USAGE(.BOTH.,#5716);
#5494=SURFACE_STYLE_USAGE(.BOTH.,#5717);
#5495=SURFACE_STYLE_USAGE(.BOTH.,#5718);
#5496=SURFACE_STYLE_USAGE(.BOTH.,#5719);
#5497=SURFACE_STYLE_USAGE(.BOTH.,#5720);
#5498=SURFACE_STYLE_USAGE(.BOTH.,#5721);
#5499=SURFACE_STYLE_USAGE(.BOTH.,#5722);
#5500=SURFACE_STYLE_USAGE(.BOTH.,#5723);
#5501=SURFACE_STYLE_USAGE(.BOTH.,#5724);
#5502=SURFACE_STYLE_USAGE(.BOTH.,#5725);
#5503=SURFACE_STYLE_USAGE(.BOTH.,#5726);
#5504=SURFACE_SIDE_STYLE('',(#5727));
#5505=SURFACE_SIDE_STYLE('',(#5728));
#5506=SURFACE_SIDE_STYLE('',(#5729));
#5507=SURFACE_SIDE_STYLE('',(#5730));
#5508=SURFACE_SIDE_STYLE('',(#5731));
#5509=SURFACE_SIDE_STYLE('',(#5732));
#5510=SURFACE_SIDE_STYLE('',(#5733));
#5511=SURFACE_SIDE_STYLE('',(#5734));
#5512=SURFACE_SIDE_STYLE('',(#5735));
#5513=SURFACE_SIDE_STYLE('',(#5736));
#5514=SURFACE_SIDE_STYLE('',(#5737));
#5515=SURFACE_SIDE_STYLE('',(#5738));
#5516=SURFACE_SIDE_STYLE('',(#5739));
#5517=SURFACE_SIDE_STYLE('',(#5740));
#5518=SURFACE_SIDE_STYLE('',(#5741));
#5519=SURFACE_SIDE_STYLE('',(#5742));
#5520=SURFACE_SIDE_STYLE('',(#5743));
#5521=SURFACE_SIDE_STYLE('',(#5744));
#5522=SURFACE_SIDE_STYLE('',(#5745));
#5523=SURFACE_SIDE_STYLE('',(#5746));
#5524=SURFACE_SIDE_STYLE('',(#5747));
#5525=SURFACE_SIDE_STYLE('',(#5748));
#5526=SURFACE_SIDE_STYLE('',(#5749));
#5527=SURFACE_SIDE_STYLE('',(#5750));
#5528=SURFACE_SIDE_STYLE('',(#5751));
#5529=SURFACE_SIDE_STYLE('',(#5752));
#5530=SURFACE_SIDE_STYLE('',(#5753));
#5531=SURFACE_SIDE_STYLE('',(#5754));
#5532=SURFACE_SIDE_STYLE('',(#5755));
#5533=SURFACE_SIDE_STYLE('',(#5756));
#5534=SURFACE_SIDE_STYLE('',(#5757));
#5535=SURFACE_SIDE_STYLE('',(#5758));
#5536=SURFACE_SIDE_STYLE('',(#5759));
#5537=SURFACE_SIDE_STYLE('',(#5760));
#5538=SURFACE_SIDE_STYLE('',(#5761));
#5539=SURFACE_SIDE_STYLE('',(#5762));
#5540=SURFACE_SIDE_STYLE('',(#5763));
#5541=SURFACE_SIDE_STYLE('',(#5764));
#5542=SURFACE_SIDE_STYLE('',(#5765));
#5543=SURFACE_SIDE_STYLE('',(#5766));
#5544=SURFACE_SIDE_STYLE('',(#5767));
#5545=SURFACE_SIDE_STYLE('',(#5768));
#5546=SURFACE_SIDE_STYLE('',(#5769));
#5547=SURFACE_SIDE_STYLE('',(#5770));
#5548=SURFACE_SIDE_STYLE('',(#5771));
#5549=SURFACE_SIDE_STYLE('',(#5772));
#5550=SURFACE_SIDE_STYLE('',(#5773));
#5551=SURFACE_SIDE_STYLE('',(#5774));
#5552=SURFACE_SIDE_STYLE('',(#5775));
#5553=SURFACE_SIDE_STYLE('',(#5776));
#5554=SURFACE_SIDE_STYLE('',(#5777));
#5555=SURFACE_SIDE_STYLE('',(#5778));
#5556=SURFACE_SIDE_STYLE('',(#5779));
#5557=SURFACE_SIDE_STYLE('',(#5780));
#5558=SURFACE_SIDE_STYLE('',(#5781));
#5559=SURFACE_SIDE_STYLE('',(#5782));
#5560=SURFACE_SIDE_STYLE('',(#5783));
#5561=SURFACE_SIDE_STYLE('',(#5784));
#5562=SURFACE_SIDE_STYLE('',(#5785));
#5563=SURFACE_SIDE_STYLE('',(#5786));
#5564=SURFACE_SIDE_STYLE('',(#5787));
#5565=SURFACE_SIDE_STYLE('',(#5788));
#5566=SURFACE_SIDE_STYLE('',(#5789));
#5567=SURFACE_SIDE_STYLE('',(#5790));
#5568=SURFACE_SIDE_STYLE('',(#5791));
#5569=SURFACE_SIDE_STYLE('',(#5792));
#5570=SURFACE_SIDE_STYLE('',(#5793));
#5571=SURFACE_SIDE_STYLE('',(#5794));
#5572=SURFACE_SIDE_STYLE('',(#5795));
#5573=SURFACE_SIDE_STYLE('',(#5796));
#5574=SURFACE_SIDE_STYLE('',(#5797));
#5575=SURFACE_SIDE_STYLE('',(#5798));
#5576=SURFACE_SIDE_STYLE('',(#5799));
#5577=SURFACE_SIDE_STYLE('',(#5800));
#5578=SURFACE_SIDE_STYLE('',(#5801));
#5579=SURFACE_SIDE_STYLE('',(#5802));
#5580=SURFACE_SIDE_STYLE('',(#5803));
#5581=SURFACE_SIDE_STYLE('',(#5804));
#5582=SURFACE_SIDE_STYLE('',(#5805));
#5583=SURFACE_SIDE_STYLE('',(#5806));
#5584=SURFACE_SIDE_STYLE('',(#5807));
#5585=SURFACE_SIDE_STYLE('',(#5808));
#5586=SURFACE_SIDE_STYLE('',(#5809));
#5587=SURFACE_SIDE_STYLE('',(#5810));
#5588=SURFACE_SIDE_STYLE('',(#5811));
#5589=SURFACE_SIDE_STYLE('',(#5812));
#5590=SURFACE_SIDE_STYLE('',(#5813));
#5591=SURFACE_SIDE_STYLE('',(#5814));
#5592=SURFACE_SIDE_STYLE('',(#5815));
#5593=SURFACE_SIDE_STYLE('',(#5816));
#5594=SURFACE_SIDE_STYLE('',(#5817));
#5595=SURFACE_SIDE_STYLE('',(#5818));
#5596=SURFACE_SIDE_STYLE('',(#5819));
#5597=SURFACE_SIDE_STYLE('',(#5820));
#5598=SURFACE_SIDE_STYLE('',(#5821));
#5599=SURFACE_SIDE_STYLE('',(#5822));
#5600=SURFACE_SIDE_STYLE('',(#5823));
#5601=SURFACE_SIDE_STYLE('',(#5824));
#5602=SURFACE_SIDE_STYLE('',(#5825));
#5603=SURFACE_SIDE_STYLE('',(#5826));
#5604=SURFACE_SIDE_STYLE('',(#5827));
#5605=SURFACE_SIDE_STYLE('',(#5828));
#5606=SURFACE_SIDE_STYLE('',(#5829));
#5607=SURFACE_SIDE_STYLE('',(#5830));
#5608=SURFACE_SIDE_STYLE('',(#5831));
#5609=SURFACE_SIDE_STYLE('',(#5832));
#5610=SURFACE_SIDE_STYLE('',(#5833));
#5611=SURFACE_SIDE_STYLE('',(#5834));
#5612=SURFACE_SIDE_STYLE('',(#5835));
#5613=SURFACE_SIDE_STYLE('',(#5836));
#5614=SURFACE_SIDE_STYLE('',(#5837));
#5615=SURFACE_SIDE_STYLE('',(#5838));
#5616=SURFACE_SIDE_STYLE('',(#5839));
#5617=SURFACE_SIDE_STYLE('',(#5840));
#5618=SURFACE_SIDE_STYLE('',(#5841));
#5619=SURFACE_SIDE_STYLE('',(#5842));
#5620=SURFACE_SIDE_STYLE('',(#5843));
#5621=SURFACE_SIDE_STYLE('',(#5844));
#5622=SURFACE_SIDE_STYLE('',(#5845));
#5623=SURFACE_SIDE_STYLE('',(#5846));
#5624=SURFACE_SIDE_STYLE('',(#5847));
#5625=SURFACE_SIDE_STYLE('',(#5848));
#5626=SURFACE_SIDE_STYLE('',(#5849));
#5627=SURFACE_SIDE_STYLE('',(#5850));
#5628=SURFACE_SIDE_STYLE('',(#5851));
#5629=SURFACE_SIDE_STYLE('',(#5852));
#5630=SURFACE_SIDE_STYLE('',(#5853));
#5631=SURFACE_SIDE_STYLE('',(#5854));
#5632=SURFACE_SIDE_STYLE('',(#5855));
#5633=SURFACE_SIDE_STYLE('',(#5856));
#5634=SURFACE_SIDE_STYLE('',(#5857));
#5635=SURFACE_SIDE_STYLE('',(#5858));
#5636=SURFACE_SIDE_STYLE('',(#5859));
#5637=SURFACE_SIDE_STYLE('',(#5860));
#5638=SURFACE_SIDE_STYLE('',(#5861));
#5639=SURFACE_SIDE_STYLE('',(#5862));
#5640=SURFACE_SIDE_STYLE('',(#5863));
#5641=SURFACE_SIDE_STYLE('',(#5864));
#5642=SURFACE_SIDE_STYLE('',(#5865));
#5643=SURFACE_SIDE_STYLE('',(#5866));
#5644=SURFACE_SIDE_STYLE('',(#5867));
#5645=SURFACE_SIDE_STYLE('',(#5868));
#5646=SURFACE_SIDE_STYLE('',(#5869));
#5647=SURFACE_SIDE_STYLE('',(#5870));
#5648=SURFACE_SIDE_STYLE('',(#5871));
#5649=SURFACE_SIDE_STYLE('',(#5872));
#5650=SURFACE_SIDE_STYLE('',(#5873));
#5651=SURFACE_SIDE_STYLE('',(#5874));
#5652=SURFACE_SIDE_STYLE('',(#5875));
#5653=SURFACE_SIDE_STYLE('',(#5876));
#5654=SURFACE_SIDE_STYLE('',(#5877));
#5655=SURFACE_SIDE_STYLE('',(#5878));
#5656=SURFACE_SIDE_STYLE('',(#5879));
#5657=SURFACE_SIDE_STYLE('',(#5880));
#5658=SURFACE_SIDE_STYLE('',(#5881));
#5659=SURFACE_SIDE_STYLE('',(#5882));
#5660=SURFACE_SIDE_STYLE('',(#5883));
#5661=SURFACE_SIDE_STYLE('',(#5884));
#5662=SURFACE_SIDE_STYLE('',(#5885));
#5663=SURFACE_SIDE_STYLE('',(#5886));
#5664=SURFACE_SIDE_STYLE('',(#5887));
#5665=SURFACE_SIDE_STYLE('',(#5888));
#5666=SURFACE_SIDE_STYLE('',(#5889));
#5667=SURFACE_SIDE_STYLE('',(#5890));
#5668=SURFACE_SIDE_STYLE('',(#5891));
#5669=SURFACE_SIDE_STYLE('',(#5892));
#5670=SURFACE_SIDE_STYLE('',(#5893));
#5671=SURFACE_SIDE_STYLE('',(#5894));
#5672=SURFACE_SIDE_STYLE('',(#5895));
#5673=SURFACE_SIDE_STYLE('',(#5896));
#5674=SURFACE_SIDE_STYLE('',(#5897));
#5675=SURFACE_SIDE_STYLE('',(#5898));
#5676=SURFACE_SIDE_STYLE('',(#5899));
#5677=SURFACE_SIDE_STYLE('',(#5900));
#5678=SURFACE_SIDE_STYLE('',(#5901));
#5679=SURFACE_SIDE_STYLE('',(#5902));
#5680=SURFACE_SIDE_STYLE('',(#5903));
#5681=SURFACE_SIDE_STYLE('',(#5904));
#5682=SURFACE_SIDE_STYLE('',(#5905));
#5683=SURFACE_SIDE_STYLE('',(#5906));
#5684=SURFACE_SIDE_STYLE('',(#5907));
#5685=SURFACE_SIDE_STYLE('',(#5908));
#5686=SURFACE_SIDE_STYLE('',(#5909));
#5687=SURFACE_SIDE_STYLE('',(#5910));
#5688=SURFACE_SIDE_STYLE('',(#5911));
#5689=SURFACE_SIDE_STYLE('',(#5912));
#5690=SURFACE_SIDE_STYLE('',(#5913));
#5691=SURFACE_SIDE_STYLE('',(#5914));
#5692=SURFACE_SIDE_STYLE('',(#5915));
#5693=SURFACE_SIDE_STYLE('',(#5916));
#5694=SURFACE_SIDE_STYLE('',(#5917));
#5695=SURFACE_SIDE_STYLE('',(#5918));
#5696=SURFACE_SIDE_STYLE('',(#5919));
#5697=SURFACE_SIDE_STYLE('',(#5920));
#5698=SURFACE_SIDE_STYLE('',(#5921));
#5699=SURFACE_SIDE_STYLE('',(#5922));
#5700=SURFACE_SIDE_STYLE('',(#5923));
#5701=SURFACE_SIDE_STYLE('',(#5924));
#5702=SURFACE_SIDE_STYLE('',(#5925));
#5703=SURFACE_SIDE_STYLE('',(#5926));
#5704=SURFACE_SIDE_STYLE('',(#5927));
#5705=SURFACE_SIDE_STYLE('',(#5928));
#5706=SURFACE_SIDE_STYLE('',(#5929));
#5707=SURFACE_SIDE_STYLE('',(#5930));
#5708=SURFACE_SIDE_STYLE('',(#5931));
#5709=SURFACE_SIDE_STYLE('',(#5932));
#5710=SURFACE_SIDE_STYLE('',(#5933));
#5711=SURFACE_SIDE_STYLE('',(#5934));
#5712=SURFACE_SIDE_STYLE('',(#5935));
#5713=SURFACE_SIDE_STYLE('',(#5936));
#5714=SURFACE_SIDE_STYLE('',(#5937));
#5715=SURFACE_SIDE_STYLE('',(#5938));
#5716=SURFACE_SIDE_STYLE('',(#5939));
#5717=SURFACE_SIDE_STYLE('',(#5940));
#5718=SURFACE_SIDE_STYLE('',(#5941));
#5719=SURFACE_SIDE_STYLE('',(#5942));
#5720=SURFACE_SIDE_STYLE('',(#5943));
#5721=SURFACE_SIDE_STYLE('',(#5944));
#5722=SURFACE_SIDE_STYLE('',(#5945));
#5723=SURFACE_SIDE_STYLE('',(#5946));
#5724=SURFACE_SIDE_STYLE('',(#5947));
#5725=SURFACE_SIDE_STYLE('',(#5948));
#5726=SURFACE_SIDE_STYLE('',(#5949));
#5727=SURFACE_STYLE_FILL_AREA(#5950);
#5728=SURFACE_STYLE_FILL_AREA(#5951);
#5729=SURFACE_STYLE_FILL_AREA(#5952);
#5730=SURFACE_STYLE_FILL_AREA(#5953);
#5731=SURFACE_STYLE_FILL_AREA(#5954);
#5732=SURFACE_STYLE_FILL_AREA(#5955);
#5733=SURFACE_STYLE_FILL_AREA(#5956);
#5734=SURFACE_STYLE_FILL_AREA(#5957);
#5735=SURFACE_STYLE_FILL_AREA(#5958);
#5736=SURFACE_STYLE_FILL_AREA(#5959);
#5737=SURFACE_STYLE_FILL_AREA(#5960);
#5738=SURFACE_STYLE_FILL_AREA(#5961);
#5739=SURFACE_STYLE_FILL_AREA(#5962);
#5740=SURFACE_STYLE_FILL_AREA(#5963);
#5741=SURFACE_STYLE_FILL_AREA(#5964);
#5742=SURFACE_STYLE_FILL_AREA(#5965);
#5743=SURFACE_STYLE_FILL_AREA(#5966);
#5744=SURFACE_STYLE_FILL_AREA(#5967);
#5745=SURFACE_STYLE_FILL_AREA(#5968);
#5746=SURFACE_STYLE_FILL_AREA(#5969);
#5747=SURFACE_STYLE_FILL_AREA(#5970);
#5748=SURFACE_STYLE_FILL_AREA(#5971);
#5749=SURFACE_STYLE_FILL_AREA(#5972);
#5750=SURFACE_STYLE_FILL_AREA(#5973);
#5751=SURFACE_STYLE_FILL_AREA(#5974);
#5752=SURFACE_STYLE_FILL_AREA(#5975);
#5753=SURFACE_STYLE_FILL_AREA(#5976);
#5754=SURFACE_STYLE_FILL_AREA(#5977);
#5755=SURFACE_STYLE_FILL_AREA(#5978);
#5756=SURFACE_STYLE_FILL_AREA(#5979);
#5757=SURFACE_STYLE_FILL_AREA(#5980);
#5758=SURFACE_STYLE_FILL_AREA(#5981);
#5759=SURFACE_STYLE_FILL_AREA(#5982);
#5760=SURFACE_STYLE_FILL_AREA(#5983);
#5761=SURFACE_STYLE_FILL_AREA(#5984);
#5762=SURFACE_STYLE_FILL_AREA(#5985);
#5763=SURFACE_STYLE_FILL_AREA(#5986);
#5764=SURFACE_STYLE_FILL_AREA(#5987);
#5765=SURFACE_STYLE_FILL_AREA(#5988);
#5766=SURFACE_STYLE_FILL_AREA(#5989);
#5767=SURFACE_STYLE_FILL_AREA(#5990);
#5768=SURFACE_STYLE_FILL_AREA(#5991);
#5769=SURFACE_STYLE_FILL_AREA(#5992);
#5770=SURFACE_STYLE_FILL_AREA(#5993);
#5771=SURFACE_STYLE_FILL_AREA(#5994);
#5772=SURFACE_STYLE_FILL_AREA(#5995);
#5773=SURFACE_STYLE_FILL_AREA(#5996);
#5774=SURFACE_STYLE_FILL_AREA(#5997);
#5775=SURFACE_STYLE_FILL_AREA(#5998);
#5776=SURFACE_STYLE_FILL_AREA(#5999);
#5777=SURFACE_STYLE_FILL_AREA(#6000);
#5778=SURFACE_STYLE_FILL_AREA(#6001);
#5779=SURFACE_STYLE_FILL_AREA(#6002);
#5780=SURFACE_STYLE_FILL_AREA(#6003);
#5781=SURFACE_STYLE_FILL_AREA(#6004);
#5782=SURFACE_STYLE_FILL_AREA(#6005);
#5783=SURFACE_STYLE_FILL_AREA(#6006);
#5784=SURFACE_STYLE_FILL_AREA(#6007);
#5785=SURFACE_STYLE_FILL_AREA(#6008);
#5786=SURFACE_STYLE_FILL_AREA(#6009);
#5787=SURFACE_STYLE_FILL_AREA(#6010);
#5788=SURFACE_STYLE_FILL_AREA(#6011);
#5789=SURFACE_STYLE_FILL_AREA(#6012);
#5790=SURFACE_STYLE_FILL_AREA(#6013);
#5791=SURFACE_STYLE_FILL_AREA(#6014);
#5792=SURFACE_STYLE_FILL_AREA(#6015);
#5793=SURFACE_STYLE_FILL_AREA(#6016);
#5794=SURFACE_STYLE_FILL_AREA(#6017);
#5795=SURFACE_STYLE_FILL_AREA(#6018);
#5796=SURFACE_STYLE_FILL_AREA(#6019);
#5797=SURFACE_STYLE_FILL_AREA(#6020);
#5798=SURFACE_STYLE_FILL_AREA(#6021);
#5799=SURFACE_STYLE_FILL_AREA(#6022);
#5800=SURFACE_STYLE_FILL_AREA(#6023);
#5801=SURFACE_STYLE_FILL_AREA(#6024);
#5802=SURFACE_STYLE_FILL_AREA(#6025);
#5803=SURFACE_STYLE_FILL_AREA(#6026);
#5804=SURFACE_STYLE_FILL_AREA(#6027);
#5805=SURFACE_STYLE_FILL_AREA(#6028);
#5806=SURFACE_STYLE_FILL_AREA(#6029);
#5807=SURFACE_STYLE_FILL_AREA(#6030);
#5808=SURFACE_STYLE_FILL_AREA(#6031);
#5809=SURFACE_STYLE_FILL_AREA(#6032);
#5810=SURFACE_STYLE_FILL_AREA(#6033);
#5811=SURFACE_STYLE_FILL_AREA(#6034);
#5812=SURFACE_STYLE_FILL_AREA(#6035);
#5813=SURFACE_STYLE_FILL_AREA(#6036);
#5814=SURFACE_STYLE_FILL_AREA(#6037);
#5815=SURFACE_STYLE_FILL_AREA(#6038);
#5816=SURFACE_STYLE_FILL_AREA(#6039);
#5817=SURFACE_STYLE_FILL_AREA(#6040);
#5818=SURFACE_STYLE_FILL_AREA(#6041);
#5819=SURFACE_STYLE_FILL_AREA(#6042);
#5820=SURFACE_STYLE_FILL_AREA(#6043);
#5821=SURFACE_STYLE_FILL_AREA(#6044);
#5822=SURFACE_STYLE_FILL_AREA(#6045);
#5823=SURFACE_STYLE_FILL_AREA(#6046);
#5824=SURFACE_STYLE_FILL_AREA(#6047);
#5825=SURFACE_STYLE_FILL_AREA(#6048);
#5826=SURFACE_STYLE_FILL_AREA(#6049);
#5827=SURFACE_STYLE_FILL_AREA(#6050);
#5828=SURFACE_STYLE_FILL_AREA(#6051);
#5829=SURFACE_STYLE_FILL_AREA(#6052);
#5830=SURFACE_STYLE_FILL_AREA(#6053);
#5831=SURFACE_STYLE_FILL_AREA(#6054);
#5832=SURFACE_STYLE_FILL_AREA(#6055);
#5833=SURFACE_STYLE_FILL_AREA(#6056);
#5834=SURFACE_STYLE_FILL_AREA(#6057);
#5835=SURFACE_STYLE_FILL_AREA(#6058);
#5836=SURFACE_STYLE_FILL_AREA(#6059);
#5837=SURFACE_STYLE_FILL_AREA(#6060);
#5838=SURFACE_STYLE_FILL_AREA(#6061);
#5839=SURFACE_STYLE_FILL_AREA(#6062);
#5840=SURFACE_STYLE_FILL_AREA(#6063);
#5841=SURFACE_STYLE_FILL_AREA(#6064);
#5842=SURFACE_STYLE_FILL_AREA(#6065);
#5843=SURFACE_STYLE_FILL_AREA(#6066);
#5844=SURFACE_STYLE_FILL_AREA(#6067);
#5845=SURFACE_STYLE_FILL_AREA(#6068);
#5846=SURFACE_STYLE_FILL_AREA(#6069);
#5847=SURFACE_STYLE_FILL_AREA(#6070);
#5848=SURFACE_STYLE_FILL_AREA(#6071);
#5849=SURFACE_STYLE_FILL_AREA(#6072);
#5850=SURFACE_STYLE_FILL_AREA(#6073);
#5851=SURFACE_STYLE_FILL_AREA(#6074);
#5852=SURFACE_STYLE_FILL_AREA(#6075);
#5853=SURFACE_STYLE_FILL_AREA(#6076);
#5854=SURFACE_STYLE_FILL_AREA(#6077);
#5855=SURFACE_STYLE_FILL_AREA(#6078);
#5856=SURFACE_STYLE_FILL_AREA(#6079);
#5857=SURFACE_STYLE_FILL_AREA(#6080);
#5858=SURFACE_STYLE_FILL_AREA(#6081);
#5859=SURFACE_STYLE_FILL_AREA(#6082);
#5860=SURFACE_STYLE_FILL_AREA(#6083);
#5861=SURFACE_STYLE_FILL_AREA(#6084);
#5862=SURFACE_STYLE_FILL_AREA(#6085);
#5863=SURFACE_STYLE_FILL_AREA(#6086);
#5864=SURFACE_STYLE_FILL_AREA(#6087);
#5865=SURFACE_STYLE_FILL_AREA(#6088);
#5866=SURFACE_STYLE_FILL_AREA(#6089);
#5867=SURFACE_STYLE_FILL_AREA(#6090);
#5868=SURFACE_STYLE_FILL_AREA(#6091);
#5869=SURFACE_STYLE_FILL_AREA(#6092);
#5870=SURFACE_STYLE_FILL_AREA(#6093);
#5871=SURFACE_STYLE_FILL_AREA(#6094);
#5872=SURFACE_STYLE_FILL_AREA(#6095);
#5873=SURFACE_STYLE_FILL_AREA(#6096);
#5874=SURFACE_STYLE_FILL_AREA(#6097);
#5875=SURFACE_STYLE_FILL_AREA(#6098);
#5876=SURFACE_STYLE_FILL_AREA(#6099);
#5877=SURFACE_STYLE_FILL_AREA(#6100);
#5878=SURFACE_STYLE_FILL_AREA(#6101);
#5879=SURFACE_STYLE_FILL_AREA(#6102);
#5880=SURFACE_STYLE_FILL_AREA(#6103);
#5881=SURFACE_STYLE_FILL_AREA(#6104);
#5882=SURFACE_STYLE_FILL_AREA(#6105);
#5883=SURFACE_STYLE_FILL_AREA(#6106);
#5884=SURFACE_STYLE_FILL_AREA(#6107);
#5885=SURFACE_STYLE_FILL_AREA(#6108);
#5886=SURFACE_STYLE_FILL_AREA(#6109);
#5887=SURFACE_STYLE_FILL_AREA(#6110);
#5888=SURFACE_STYLE_FILL_AREA(#6111);
#5889=SURFACE_STYLE_FILL_AREA(#6112);
#5890=SURFACE_STYLE_FILL_AREA(#6113);
#5891=SURFACE_STYLE_FILL_AREA(#6114);
#5892=SURFACE_STYLE_FILL_AREA(#6115);
#5893=SURFACE_STYLE_FILL_AREA(#6116);
#5894=SURFACE_STYLE_FILL_AREA(#6117);
#5895=SURFACE_STYLE_FILL_AREA(#6118);
#5896=SURFACE_STYLE_FILL_AREA(#6119);
#5897=SURFACE_STYLE_FILL_AREA(#6120);
#5898=SURFACE_STYLE_FILL_AREA(#6121);
#5899=SURFACE_STYLE_FILL_AREA(#6122);
#5900=SURFACE_STYLE_FILL_AREA(#6123);
#5901=SURFACE_STYLE_FILL_AREA(#6124);
#5902=SURFACE_STYLE_FILL_AREA(#6125);
#5903=SURFACE_STYLE_FILL_AREA(#6126);
#5904=SURFACE_STYLE_FILL_AREA(#6127);
#5905=SURFACE_STYLE_FILL_AREA(#6128);
#5906=SURFACE_STYLE_FILL_AREA(#6129);
#5907=SURFACE_STYLE_FILL_AREA(#6130);
#5908=SURFACE_STYLE_FILL_AREA(#6131);
#5909=SURFACE_STYLE_FILL_AREA(#6132);
#5910=SURFACE_STYLE_FILL_AREA(#6133);
#5911=SURFACE_STYLE_FILL_AREA(#6134);
#5912=SURFACE_STYLE_FILL_AREA(#6135);
#5913=SURFACE_STYLE_FILL_AREA(#6136);
#5914=SURFACE_STYLE_FILL_AREA(#6137);
#5915=SURFACE_STYLE_FILL_AREA(#6138);
#5916=SURFACE_STYLE_FILL_AREA(#6139);
#5917=SURFACE_STYLE_FILL_AREA(#6140);
#5918=SURFACE_STYLE_FILL_AREA(#6141);
#5919=SURFACE_STYLE_FILL_AREA(#6142);
#5920=SURFACE_STYLE_FILL_AREA(#6143);
#5921=SURFACE_STYLE_FILL_AREA(#6144);
#5922=SURFACE_STYLE_FILL_AREA(#6145);
#5923=SURFACE_STYLE_FILL_AREA(#6146);
#5924=SURFACE_STYLE_FILL_AREA(#6147);
#5925=SURFACE_STYLE_FILL_AREA(#6148);
#5926=SURFACE_STYLE_FILL_AREA(#6149);
#5927=SURFACE_STYLE_FILL_AREA(#6150);
#5928=SURFACE_STYLE_FILL_AREA(#6151);
#5929=SURFACE_STYLE_FILL_AREA(#6152);
#5930=SURFACE_STYLE_FILL_AREA(#6153);
#5931=SURFACE_STYLE_FILL_AREA(#6154);
#5932=SURFACE_STYLE_FILL_AREA(#6155);
#5933=SURFACE_STYLE_FILL_AREA(#6156);
#5934=SURFACE_STYLE_FILL_AREA(#6157);
#5935=SURFACE_STYLE_FILL_AREA(#6158);
#5936=SURFACE_STYLE_FILL_AREA(#6159);
#5937=SURFACE_STYLE_FILL_AREA(#6160);
#5938=SURFACE_STYLE_FILL_AREA(#6161);
#5939=SURFACE_STYLE_FILL_AREA(#6162);
#5940=SURFACE_STYLE_FILL_AREA(#6163);
#5941=SURFACE_STYLE_FILL_AREA(#6164);
#5942=SURFACE_STYLE_FILL_AREA(#6165);
#5943=SURFACE_STYLE_FILL_AREA(#6166);
#5944=SURFACE_STYLE_FILL_AREA(#6167);
#5945=SURFACE_STYLE_FILL_AREA(#6168);
#5946=SURFACE_STYLE_FILL_AREA(#6169);
#5947=SURFACE_STYLE_FILL_AREA(#6170);
#5948=SURFACE_STYLE_FILL_AREA(#6171);
#5949=SURFACE_STYLE_FILL_AREA(#6172);
#5950=FILL_AREA_STYLE('',(#6173));
#5951=FILL_AREA_STYLE('',(#6174));
#5952=FILL_AREA_STYLE('',(#6175));
#5953=FILL_AREA_STYLE('',(#6176));
#5954=FILL_AREA_STYLE('',(#6177));
#5955=FILL_AREA_STYLE('',(#6178));
#5956=FILL_AREA_STYLE('',(#6179));
#5957=FILL_AREA_STYLE('',(#6180));
#5958=FILL_AREA_STYLE('',(#6181));
#5959=FILL_AREA_STYLE('',(#6182));
#5960=FILL_AREA_STYLE('',(#6183));
#5961=FILL_AREA_STYLE('',(#6184));
#5962=FILL_AREA_STYLE('',(#6185));
#5963=FILL_AREA_STYLE('',(#6186));
#5964=FILL_AREA_STYLE('',(#6187));
#5965=FILL_AREA_STYLE('',(#6188));
#5966=FILL_AREA_STYLE('',(#6189));
#5967=FILL_AREA_STYLE('',(#6190));
#5968=FILL_AREA_STYLE('',(#6191));
#5969=FILL_AREA_STYLE('',(#6192));
#5970=FILL_AREA_STYLE('',(#6193));
#5971=FILL_AREA_STYLE('',(#6194));
#5972=FILL_AREA_STYLE('',(#6195));
#5973=FILL_AREA_STYLE('',(#6196));
#5974=FILL_AREA_STYLE('',(#6197));
#5975=FILL_AREA_STYLE('',(#6198));
#5976=FILL_AREA_STYLE('',(#6199));
#5977=FILL_AREA_STYLE('',(#6200));
#5978=FILL_AREA_STYLE('',(#6201));
#5979=FILL_AREA_STYLE('',(#6202));
#5980=FILL_AREA_STYLE('',(#6203));
#5981=FILL_AREA_STYLE('',(#6204));
#5982=FILL_AREA_STYLE('',(#6205));
#5983=FILL_AREA_STYLE('',(#6206));
#5984=FILL_AREA_STYLE('',(#6207));
#5985=FILL_AREA_STYLE('',(#6208));
#5986=FILL_AREA_STYLE('',(#6209));
#5987=FILL_AREA_STYLE('',(#6210));
#5988=FILL_AREA_STYLE('',(#6211));
#5989=FILL_AREA_STYLE('',(#6212));
#5990=FILL_AREA_STYLE('',(#6213));
#5991=FILL_AREA_STYLE('',(#6214));
#5992=FILL_AREA_STYLE('',(#6215));
#5993=FILL_AREA_STYLE('',(#6216));
#5994=FILL_AREA_STYLE('',(#6217));
#5995=FILL_AREA_STYLE('',(#6218));
#5996=FILL_AREA_STYLE('',(#6219));
#5997=FILL_AREA_STYLE('',(#6220));
#5998=FILL_AREA_STYLE('',(#6221));
#5999=FILL_AREA_STYLE('',(#6222));
#6000=FILL_AREA_STYLE('',(#6223));
#6001=FILL_AREA_STYLE('',(#6224));
#6002=FILL_AREA_STYLE('',(#6225));
#6003=FILL_AREA_STYLE('',(#6226));
#6004=FILL_AREA_STYLE('',(#6227));
#6005=FILL_AREA_STYLE('',(#6228));
#6006=FILL_AREA_STYLE('',(#6229));
#6007=FILL_AREA_STYLE('',(#6230));
#6008=FILL_AREA_STYLE('',(#6231));
#6009=FILL_AREA_STYLE('',(#6232));
#6010=FILL_AREA_STYLE('',(#6233));
#6011=FILL_AREA_STYLE('',(#6234));
#6012=FILL_AREA_STYLE('',(#6235));
#6013=FILL_AREA_STYLE('',(#6236));
#6014=FILL_AREA_STYLE('',(#6237));
#6015=FILL_AREA_STYLE('',(#6238));
#6016=FILL_AREA_STYLE('',(#6239));
#6017=FILL_AREA_STYLE('',(#6240));
#6018=FILL_AREA_STYLE('',(#6241));
#6019=FILL_AREA_STYLE('',(#6242));
#6020=FILL_AREA_STYLE('',(#6243));
#6021=FILL_AREA_STYLE('',(#6244));
#6022=FILL_AREA_STYLE('',(#6245));
#6023=FILL_AREA_STYLE('',(#6246));
#6024=FILL_AREA_STYLE('',(#6247));
#6025=FILL_AREA_STYLE('',(#6248));
#6026=FILL_AREA_STYLE('',(#6249));
#6027=FILL_AREA_STYLE('',(#6250));
#6028=FILL_AREA_STYLE('',(#6251));
#6029=FILL_AREA_STYLE('',(#6252));
#6030=FILL_AREA_STYLE('',(#6253));
#6031=FILL_AREA_STYLE('',(#6254));
#6032=FILL_AREA_STYLE('',(#6255));
#6033=FILL_AREA_STYLE('',(#6256));
#6034=FILL_AREA_STYLE('',(#6257));
#6035=FILL_AREA_STYLE('',(#6258));
#6036=FILL_AREA_STYLE('',(#6259));
#6037=FILL_AREA_STYLE('',(#6260));
#6038=FILL_AREA_STYLE('',(#6261));
#6039=FILL_AREA_STYLE('',(#6262));
#6040=FILL_AREA_STYLE('',(#6263));
#6041=FILL_AREA_STYLE('',(#6264));
#6042=FILL_AREA_STYLE('',(#6265));
#6043=FILL_AREA_STYLE('',(#6266));
#6044=FILL_AREA_STYLE('',(#6267));
#6045=FILL_AREA_STYLE('',(#6268));
#6046=FILL_AREA_STYLE('',(#6269));
#6047=FILL_AREA_STYLE('',(#6270));
#6048=FILL_AREA_STYLE('',(#6271));
#6049=FILL_AREA_STYLE('',(#6272));
#6050=FILL_AREA_STYLE('',(#6273));
#6051=FILL_AREA_STYLE('',(#6274));
#6052=FILL_AREA_STYLE('',(#6275));
#6053=FILL_AREA_STYLE('',(#6276));
#6054=FILL_AREA_STYLE('',(#6277));
#6055=FILL_AREA_STYLE('',(#6278));
#6056=FILL_AREA_STYLE('',(#6279));
#6057=FILL_AREA_STYLE('',(#6280));
#6058=FILL_AREA_STYLE('',(#6281));
#6059=FILL_AREA_STYLE('',(#6282));
#6060=FILL_AREA_STYLE('',(#6283));
#6061=FILL_AREA_STYLE('',(#6284));
#6062=FILL_AREA_STYLE('',(#6285));
#6063=FILL_AREA_STYLE('',(#6286));
#6064=FILL_AREA_STYLE('',(#6287));
#6065=FILL_AREA_STYLE('',(#6288));
#6066=FILL_AREA_STYLE('',(#6289));
#6067=FILL_AREA_STYLE('',(#6290));
#6068=FILL_AREA_STYLE('',(#6291));
#6069=FILL_AREA_STYLE('',(#6292));
#6070=FILL_AREA_STYLE('',(#6293));
#6071=FILL_AREA_STYLE('',(#6294));
#6072=FILL_AREA_STYLE('',(#6295));
#6073=FILL_AREA_STYLE('',(#6296));
#6074=FILL_AREA_STYLE('',(#6297));
#6075=FILL_AREA_STYLE('',(#6298));
#6076=FILL_AREA_STYLE('',(#6299));
#6077=FILL_AREA_STYLE('',(#6300));
#6078=FILL_AREA_STYLE('',(#6301));
#6079=FILL_AREA_STYLE('',(#6302));
#6080=FILL_AREA_STYLE('',(#6303));
#6081=FILL_AREA_STYLE('',(#6304));
#6082=FILL_AREA_STYLE('',(#6305));
#6083=FILL_AREA_STYLE('',(#6306));
#6084=FILL_AREA_STYLE('',(#6307));
#6085=FILL_AREA_STYLE('',(#6308));
#6086=FILL_AREA_STYLE('',(#6309));
#6087=FILL_AREA_STYLE('',(#6310));
#6088=FILL_AREA_STYLE('',(#6311));
#6089=FILL_AREA_STYLE('',(#6312));
#6090=FILL_AREA_STYLE('',(#6313));
#6091=FILL_AREA_STYLE('',(#6314));
#6092=FILL_AREA_STYLE('',(#6315));
#6093=FILL_AREA_STYLE('',(#6316));
#6094=FILL_AREA_STYLE('',(#6317));
#6095=FILL_AREA_STYLE('',(#6318));
#6096=FILL_AREA_STYLE('',(#6319));
#6097=FILL_AREA_STYLE('',(#6320));
#6098=FILL_AREA_STYLE('',(#6321));
#6099=FILL_AREA_STYLE('',(#6322));
#6100=FILL_AREA_STYLE('',(#6323));
#6101=FILL_AREA_STYLE('',(#6324));
#6102=FILL_AREA_STYLE('',(#6325));
#6103=FILL_AREA_STYLE('',(#6326));
#6104=FILL_AREA_STYLE('',(#6327));
#6105=FILL_AREA_STYLE('',(#6328));
#6106=FILL_AREA_STYLE('',(#6329));
#6107=FILL_AREA_STYLE('',(#6330));
#6108=FILL_AREA_STYLE('',(#6331));
#6109=FILL_AREA_STYLE('',(#6332));
#6110=FILL_AREA_STYLE('',(#6333));
#6111=FILL_AREA_STYLE('',(#6334));
#6112=FILL_AREA_STYLE('',(#6335));
#6113=FILL_AREA_STYLE('',(#6336));
#6114=FILL_AREA_STYLE('',(#6337));
#6115=FILL_AREA_STYLE('',(#6338));
#6116=FILL_AREA_STYLE('',(#6339));
#6117=FILL_AREA_STYLE('',(#6340));
#6118=FILL_AREA_STYLE('',(#6341));
#6119=FILL_AREA_STYLE('',(#6342));
#6120=FILL_AREA_STYLE('',(#6343));
#6121=FILL_AREA_STYLE('',(#6344));
#6122=FILL_AREA_STYLE('',(#6345));
#6123=FILL_AREA_STYLE('',(#6346));
#6124=FILL_AREA_STYLE('',(#6347));
#6125=FILL_AREA_STYLE('',(#6348));
#6126=FILL_AREA_STYLE('',(#6349));
#6127=FILL_AREA_STYLE('',(#6350));
#6128=FILL_AREA_STYLE('',(#6351));
#6129=FILL_AREA_STYLE('',(#6352));
#6130=FILL_AREA_STYLE('',(#6353));
#6131=FILL_AREA_STYLE('',(#6354));
#6132=FILL_AREA_STYLE('',(#6355));
#6133=FILL_AREA_STYLE('',(#6356));
#6134=FILL_AREA_STYLE('',(#6357));
#6135=FILL_AREA_STYLE('',(#6358));
#6136=FILL_AREA_STYLE('',(#6359));
#6137=FILL_AREA_STYLE('',(#6360));
#6138=FILL_AREA_STYLE('',(#6361));
#6139=FILL_AREA_STYLE('',(#6362));
#6140=FILL_AREA_STYLE('',(#6363));
#6141=FILL_AREA_STYLE('',(#6364));
#6142=FILL_AREA_STYLE('',(#6365));
#6143=FILL_AREA_STYLE('',(#6366));
#6144=FILL_AREA_STYLE('',(#6367));
#6145=FILL_AREA_STYLE('',(#6368));
#6146=FILL_AREA_STYLE('',(#6369));
#6147=FILL_AREA_STYLE('',(#6370));
#6148=FILL_AREA_STYLE('',(#6371));
#6149=FILL_AREA_STYLE('',(#6372));
#6150=FILL_AREA_STYLE('',(#6373));
#6151=FILL_AREA_STYLE('',(#6374));
#6152=FILL_AREA_STYLE('',(#6375));
#6153=FILL_AREA_STYLE('',(#6376));
#6154=FILL_AREA_STYLE('',(#6377));
#6155=FILL_AREA_STYLE('',(#6378));
#6156=FILL_AREA_STYLE('',(#6379));
#6157=FILL_AREA_STYLE('',(#6380));
#6158=FILL_AREA_STYLE('',(#6381));
#6159=FILL_AREA_STYLE('',(#6382));
#6160=FILL_AREA_STYLE('',(#6383));
#6161=FILL_AREA_STYLE('',(#6384));
#6162=FILL_AREA_STYLE('',(#6385));
#6163=FILL_AREA_STYLE('',(#6386));
#6164=FILL_AREA_STYLE('',(#6387));
#6165=FILL_AREA_STYLE('',(#6388));
#6166=FILL_AREA_STYLE('',(#6389));
#6167=FILL_AREA_STYLE('',(#6390));
#6168=FILL_AREA_STYLE('',(#6391));
#6169=FILL_AREA_STYLE('',(#6392));
#6170=FILL_AREA_STYLE('',(#6393));
#6171=FILL_AREA_STYLE('',(#6394));
#6172=FILL_AREA_STYLE('',(#6395));
#6173=FILL_AREA_STYLE_COLOUR('',#6396);
#6174=FILL_AREA_STYLE_COLOUR('',#6396);
#6175=FILL_AREA_STYLE_COLOUR('',#6396);
#6176=FILL_AREA_STYLE_COLOUR('',#6396);
#6177=FILL_AREA_STYLE_COLOUR('',#6396);
#6178=FILL_AREA_STYLE_COLOUR('',#6396);
#6179=FILL_AREA_STYLE_COLOUR('',#6397);
#6180=FILL_AREA_STYLE_COLOUR('',#6397);
#6181=FILL_AREA_STYLE_COLOUR('',#6397);
#6182=FILL_AREA_STYLE_COLOUR('',#6397);
#6183=FILL_AREA_STYLE_COLOUR('',#6396);
#6184=FILL_AREA_STYLE_COLOUR('',#6396);
#6185=FILL_AREA_STYLE_COLOUR('',#6397);
#6186=FILL_AREA_STYLE_COLOUR('',#6396);
#6187=FILL_AREA_STYLE_COLOUR('',#6396);
#6188=FILL_AREA_STYLE_COLOUR('',#6396);
#6189=FILL_AREA_STYLE_COLOUR('',#6396);
#6190=FILL_AREA_STYLE_COLOUR('',#6396);
#6191=FILL_AREA_STYLE_COLOUR('',#6396);
#6192=FILL_AREA_STYLE_COLOUR('',#6396);
#6193=FILL_AREA_STYLE_COLOUR('',#6396);
#6194=FILL_AREA_STYLE_COLOUR('',#6396);
#6195=FILL_AREA_STYLE_COLOUR('',#6397);
#6196=FILL_AREA_STYLE_COLOUR('',#6396);
#6197=FILL_AREA_STYLE_COLOUR('',#6398);
#6198=FILL_AREA_STYLE_COLOUR('',#6398);
#6199=FILL_AREA_STYLE_COLOUR('',#6398);
#6200=FILL_AREA_STYLE_COLOUR('',#6396);
#6201=FILL_AREA_STYLE_COLOUR('',#6398);
#6202=FILL_AREA_STYLE_COLOUR('',#6396);
#6203=FILL_AREA_STYLE_COLOUR('',#6396);
#6204=FILL_AREA_STYLE_COLOUR('',#6396);
#6205=FILL_AREA_STYLE_COLOUR('',#6396);
#6206=FILL_AREA_STYLE_COLOUR('',#6396);
#6207=FILL_AREA_STYLE_COLOUR('',#6396);
#6208=FILL_AREA_STYLE_COLOUR('',#6396);
#6209=FILL_AREA_STYLE_COLOUR('',#6396);
#6210=FILL_AREA_STYLE_COLOUR('',#6396);
#6211=FILL_AREA_STYLE_COLOUR('',#6396);
#6212=FILL_AREA_STYLE_COLOUR('',#6396);
#6213=FILL_AREA_STYLE_COLOUR('',#6396);
#6214=FILL_AREA_STYLE_COLOUR('',#6396);
#6215=FILL_AREA_STYLE_COLOUR('',#6396);
#6216=FILL_AREA_STYLE_COLOUR('',#6396);
#6217=FILL_AREA_STYLE_COLOUR('',#6396);
#6218=FILL_AREA_STYLE_COLOUR('',#6396);
#6219=FILL_AREA_STYLE_COLOUR('',#6396);
#6220=FILL_AREA_STYLE_COLOUR('',#6396);
#6221=FILL_AREA_STYLE_COLOUR('',#6396);
#6222=FILL_AREA_STYLE_COLOUR('',#6396);
#6223=FILL_AREA_STYLE_COLOUR('',#6396);
#6224=FILL_AREA_STYLE_COLOUR('',#6396);
#6225=FILL_AREA_STYLE_COLOUR('',#6396);
#6226=FILL_AREA_STYLE_COLOUR('',#6396);
#6227=FILL_AREA_STYLE_COLOUR('',#6396);
#6228=FILL_AREA_STYLE_COLOUR('',#6396);
#6229=FILL_AREA_STYLE_COLOUR('',#6396);
#6230=FILL_AREA_STYLE_COLOUR('',#6396);
#6231=FILL_AREA_STYLE_COLOUR('',#6396);
#6232=FILL_AREA_STYLE_COLOUR('',#6396);
#6233=FILL_AREA_STYLE_COLOUR('',#6396);
#6234=FILL_AREA_STYLE_COLOUR('',#6396);
#6235=FILL_AREA_STYLE_COLOUR('',#6396);
#6236=FILL_AREA_STYLE_COLOUR('',#6396);
#6237=FILL_AREA_STYLE_COLOUR('',#6396);
#6238=FILL_AREA_STYLE_COLOUR('',#6396);
#6239=FILL_AREA_STYLE_COLOUR('',#6396);
#6240=FILL_AREA_STYLE_COLOUR('',#6396);
#6241=FILL_AREA_STYLE_COLOUR('',#6396);
#6242=FILL_AREA_STYLE_COLOUR('',#6396);
#6243=FILL_AREA_STYLE_COLOUR('',#6396);
#6244=FILL_AREA_STYLE_COLOUR('',#6396);
#6245=FILL_AREA_STYLE_COLOUR('',#6396);
#6246=FILL_AREA_STYLE_COLOUR('',#6396);
#6247=FILL_AREA_STYLE_COLOUR('',#6396);
#6248=FILL_AREA_STYLE_COLOUR('',#6396);
#6249=FILL_AREA_STYLE_COLOUR('',#6396);
#6250=FILL_AREA_STYLE_COLOUR('',#6396);
#6251=FILL_AREA_STYLE_COLOUR('',#6396);
#6252=FILL_AREA_STYLE_COLOUR('',#6396);
#6253=FILL_AREA_STYLE_COLOUR('',#6396);
#6254=FILL_AREA_STYLE_COLOUR('',#6396);
#6255=FILL_AREA_STYLE_COLOUR('',#6396);
#6256=FILL_AREA_STYLE_COLOUR('',#6396);
#6257=FILL_AREA_STYLE_COLOUR('',#6396);
#6258=FILL_AREA_STYLE_COLOUR('',#6396);
#6259=FILL_AREA_STYLE_COLOUR('',#6396);
#6260=FILL_AREA_STYLE_COLOUR('',#6396);
#6261=FILL_AREA_STYLE_COLOUR('',#6396);
#6262=FILL_AREA_STYLE_COLOUR('',#6396);
#6263=FILL_AREA_STYLE_COLOUR('',#6396);
#6264=FILL_AREA_STYLE_COLOUR('',#6396);
#6265=FILL_AREA_STYLE_COLOUR('',#6396);
#6266=FILL_AREA_STYLE_COLOUR('',#6396);
#6267=FILL_AREA_STYLE_COLOUR('',#6396);
#6268=FILL_AREA_STYLE_COLOUR('',#6396);
#6269=FILL_AREA_STYLE_COLOUR('',#6396);
#6270=FILL_AREA_STYLE_COLOUR('',#6396);
#6271=FILL_AREA_STYLE_COLOUR('',#6396);
#6272=FILL_AREA_STYLE_COLOUR('',#6396);
#6273=FILL_AREA_STYLE_COLOUR('',#6396);
#6274=FILL_AREA_STYLE_COLOUR('',#6396);
#6275=FILL_AREA_STYLE_COLOUR('',#6396);
#6276=FILL_AREA_STYLE_COLOUR('',#6396);
#6277=FILL_AREA_STYLE_COLOUR('',#6396);
#6278=FILL_AREA_STYLE_COLOUR('',#6396);
#6279=FILL_AREA_STYLE_COLOUR('',#6396);
#6280=FILL_AREA_STYLE_COLOUR('',#6396);
#6281=FILL_AREA_STYLE_COLOUR('',#6396);
#6282=FILL_AREA_STYLE_COLOUR('',#6396);
#6283=FILL_AREA_STYLE_COLOUR('',#6396);
#6284=FILL_AREA_STYLE_COLOUR('',#6396);
#6285=FILL_AREA_STYLE_COLOUR('',#6396);
#6286=FILL_AREA_STYLE_COLOUR('',#6396);
#6287=FILL_AREA_STYLE_COLOUR('',#6396);
#6288=FILL_AREA_STYLE_COLOUR('',#6396);
#6289=FILL_AREA_STYLE_COLOUR('',#6396);
#6290=FILL_AREA_STYLE_COLOUR('',#6396);
#6291=FILL_AREA_STYLE_COLOUR('',#6396);
#6292=FILL_AREA_STYLE_COLOUR('',#6396);
#6293=FILL_AREA_STYLE_COLOUR('',#6396);
#6294=FILL_AREA_STYLE_COLOUR('',#6396);
#6295=FILL_AREA_STYLE_COLOUR('',#6396);
#6296=FILL_AREA_STYLE_COLOUR('',#6396);
#6297=FILL_AREA_STYLE_COLOUR('',#6396);
#6298=FILL_AREA_STYLE_COLOUR('',#6396);
#6299=FILL_AREA_STYLE_COLOUR('',#6397);
#6300=FILL_AREA_STYLE_COLOUR('',#6397);
#6301=FILL_AREA_STYLE_COLOUR('',#6397);
#6302=FILL_AREA_STYLE_COLOUR('',#6397);
#6303=FILL_AREA_STYLE_COLOUR('',#6397);
#6304=FILL_AREA_STYLE_COLOUR('',#6397);
#6305=FILL_AREA_STYLE_COLOUR('',#6397);
#6306=FILL_AREA_STYLE_COLOUR('',#6397);
#6307=FILL_AREA_STYLE_COLOUR('',#6397);
#6308=FILL_AREA_STYLE_COLOUR('',#6397);
#6309=FILL_AREA_STYLE_COLOUR('',#6397);
#6310=FILL_AREA_STYLE_COLOUR('',#6397);
#6311=FILL_AREA_STYLE_COLOUR('',#6397);
#6312=FILL_AREA_STYLE_COLOUR('',#6397);
#6313=FILL_AREA_STYLE_COLOUR('',#6397);
#6314=FILL_AREA_STYLE_COLOUR('',#6397);
#6315=FILL_AREA_STYLE_COLOUR('',#6397);
#6316=FILL_AREA_STYLE_COLOUR('',#6397);
#6317=FILL_AREA_STYLE_COLOUR('',#6397);
#6318=FILL_AREA_STYLE_COLOUR('',#6397);
#6319=FILL_AREA_STYLE_COLOUR('',#6397);
#6320=FILL_AREA_STYLE_COLOUR('',#6397);
#6321=FILL_AREA_STYLE_COLOUR('',#6397);
#6322=FILL_AREA_STYLE_COLOUR('',#6397);
#6323=FILL_AREA_STYLE_COLOUR('',#6397);
#6324=FILL_AREA_STYLE_COLOUR('',#6397);
#6325=FILL_AREA_STYLE_COLOUR('',#6396);
#6326=FILL_AREA_STYLE_COLOUR('',#6397);
#6327=FILL_AREA_STYLE_COLOUR('',#6397);
#6328=FILL_AREA_STYLE_COLOUR('',#6397);
#6329=FILL_AREA_STYLE_COLOUR('',#6397);
#6330=FILL_AREA_STYLE_COLOUR('',#6397);
#6331=FILL_AREA_STYLE_COLOUR('',#6397);
#6332=FILL_AREA_STYLE_COLOUR('',#6397);
#6333=FILL_AREA_STYLE_COLOUR('',#6396);
#6334=FILL_AREA_STYLE_COLOUR('',#6397);
#6335=FILL_AREA_STYLE_COLOUR('',#6397);
#6336=FILL_AREA_STYLE_COLOUR('',#6397);
#6337=FILL_AREA_STYLE_COLOUR('',#6397);
#6338=FILL_AREA_STYLE_COLOUR('',#6397);
#6339=FILL_AREA_STYLE_COLOUR('',#6397);
#6340=FILL_AREA_STYLE_COLOUR('',#6397);
#6341=FILL_AREA_STYLE_COLOUR('',#6397);
#6342=FILL_AREA_STYLE_COLOUR('',#6397);
#6343=FILL_AREA_STYLE_COLOUR('',#6398);
#6344=FILL_AREA_STYLE_COLOUR('',#6397);
#6345=FILL_AREA_STYLE_COLOUR('',#6397);
#6346=FILL_AREA_STYLE_COLOUR('',#6397);
#6347=FILL_AREA_STYLE_COLOUR('',#6397);
#6348=FILL_AREA_STYLE_COLOUR('',#6397);
#6349=FILL_AREA_STYLE_COLOUR('',#6397);
#6350=FILL_AREA_STYLE_COLOUR('',#6397);
#6351=FILL_AREA_STYLE_COLOUR('',#6397);
#6352=FILL_AREA_STYLE_COLOUR('',#6397);
#6353=FILL_AREA_STYLE_COLOUR('',#6397);
#6354=FILL_AREA_STYLE_COLOUR('',#6397);
#6355=FILL_AREA_STYLE_COLOUR('',#6397);
#6356=FILL_AREA_STYLE_COLOUR('',#6397);
#6357=FILL_AREA_STYLE_COLOUR('',#6397);
#6358=FILL_AREA_STYLE_COLOUR('',#6397);
#6359=FILL_AREA_STYLE_COLOUR('',#6397);
#6360=FILL_AREA_STYLE_COLOUR('',#6397);
#6361=FILL_AREA_STYLE_COLOUR('',#6397);
#6362=FILL_AREA_STYLE_COLOUR('',#6399);
#6363=FILL_AREA_STYLE_COLOUR('',#6399);
#6364=FILL_AREA_STYLE_COLOUR('',#6399);
#6365=FILL_AREA_STYLE_COLOUR('',#6399);
#6366=FILL_AREA_STYLE_COLOUR('',#6398);
#6367=FILL_AREA_STYLE_COLOUR('',#6399);
#6368=FILL_AREA_STYLE_COLOUR('',#6399);
#6369=FILL_AREA_STYLE_COLOUR('',#6399);
#6370=FILL_AREA_STYLE_COLOUR('',#6399);
#6371=FILL_AREA_STYLE_COLOUR('',#6399);
#6372=FILL_AREA_STYLE_COLOUR('',#6399);
#6373=FILL_AREA_STYLE_COLOUR('',#6398);
#6374=FILL_AREA_STYLE_COLOUR('',#6398);
#6375=FILL_AREA_STYLE_COLOUR('',#6398);
#6376=FILL_AREA_STYLE_COLOUR('',#6398);
#6377=FILL_AREA_STYLE_COLOUR('',#6398);
#6378=FILL_AREA_STYLE_COLOUR('',#6398);
#6379=FILL_AREA_STYLE_COLOUR('',#6398);
#6380=FILL_AREA_STYLE_COLOUR('',#6398);
#6381=FILL_AREA_STYLE_COLOUR('',#6398);
#6382=FILL_AREA_STYLE_COLOUR('',#6398);
#6383=FILL_AREA_STYLE_COLOUR('',#6398);
#6384=FILL_AREA_STYLE_COLOUR('',#6398);
#6385=FILL_AREA_STYLE_COLOUR('',#6398);
#6386=FILL_AREA_STYLE_COLOUR('',#6398);
#6387=FILL_AREA_STYLE_COLOUR('',#6398);
#6388=FILL_AREA_STYLE_COLOUR('',#6398);
#6389=FILL_AREA_STYLE_COLOUR('',#6398);
#6390=FILL_AREA_STYLE_COLOUR('',#6398);
#6391=FILL_AREA_STYLE_COLOUR('',#6398);
#6392=FILL_AREA_STYLE_COLOUR('',#6398);
#6393=FILL_AREA_STYLE_COLOUR('',#6398);
#6394=FILL_AREA_STYLE_COLOUR('',#6398);
#6395=FILL_AREA_STYLE_COLOUR('',#10);
#6396=COLOUR_RGB('',0.200000002980232,0.200000002980232,0.200000002980232);
#6397=COLOUR_RGB('',0.75300002098083,0.75300002098083,0.75300002098083);
#6398=COLOUR_RGB('',0.72500002384186,0.72500002384186,0.);
#6399=COLOUR_RGB('',0.77300000190735,0.77300000190735,0.);
#6400=ADVANCED_FACE('',(#4382),#4652,.T.);
#6401=ADVANCED_FACE('',(#4383),#4653,.T.);
#6402=ADVANCED_FACE('',(#4384),#4654,.T.);
#6403=ADVANCED_FACE('',(#4385),#4655,.T.);
#6404=ADVANCED_FACE('',(#4386),#4656,.T.);
#6405=ADVANCED_FACE('',(#4387),#4657,.T.);
#6406=ADVANCED_FACE('',(#4388),#4658,.T.);
#6407=ADVANCED_FACE('',(#4389),#4659,.T.);
#6408=ADVANCED_FACE('',(#4390),#4660,.T.);
#6409=ADVANCED_FACE('',(#4391),#4661,.T.);
#6410=ADVANCED_FACE('',(#4392),#4662,.T.);
#6411=ADVANCED_FACE('',(#4393),#4663,.T.);
#6412=ADVANCED_FACE('',(#4394),#4664,.F.);
#6413=ADVANCED_FACE('',(#4395),#4665,.T.);
#6414=ADVANCED_FACE('',(#4396),#4666,.T.);
#6415=ADVANCED_FACE('',(#4397),#4667,.F.);
#6416=ADVANCED_FACE('',(#4398),#4668,.F.);
#6417=ADVANCED_FACE('',(#4399),#4669,.T.);
#6418=ADVANCED_FACE('',(#4400),#4670,.T.);
#6419=ADVANCED_FACE('',(#4401),#4671,.F.);
#6420=ADVANCED_FACE('',(#4402),#4672,.T.);
#6421=ADVANCED_FACE('',(#4403),#4673,.F.);
#6422=ADVANCED_FACE('',(#4404,#4405),#4674,.F.);
#6423=ADVANCED_FACE('',(#4406),#4675,.F.);
#6424=ADVANCED_FACE('',(#4407),#4676,.F.);
#6425=ADVANCED_FACE('',(#4408),#4677,.F.);
#6426=ADVANCED_FACE('',(#4409),#4678,.F.);
#6427=ADVANCED_FACE('',(#4410),#4679,.F.);
#6428=ADVANCED_FACE('',(#4411),#4680,.F.);
#6429=ADVANCED_FACE('',(#4412),#4681,.F.);
#6430=ADVANCED_FACE('',(#4413),#4682,.F.);
#6431=ADVANCED_FACE('',(#4414),#4683,.F.);
#6432=ADVANCED_FACE('',(#4415),#4684,.T.);
#6433=ADVANCED_FACE('',(#4416),#4685,.F.);
#6434=ADVANCED_FACE('',(#4417),#4686,.T.);
#6435=ADVANCED_FACE('',(#4418),#4687,.F.);
#6436=ADVANCED_FACE('',(#4419),#4688,.F.);
#6437=ADVANCED_FACE('',(#4420),#4689,.F.);
#6438=ADVANCED_FACE('',(#4421),#4690,.F.);
#6439=ADVANCED_FACE('',(#4422),#4691,.F.);
#6440=ADVANCED_FACE('',(#4423),#4692,.F.);
#6441=ADVANCED_FACE('',(#4424,#4425,#4426,#4427,#4428,#4429,#4430,#4431,
#4432),#4693,.F.);
#6442=ADVANCED_FACE('',(#4433),#4694,.F.);
#6443=ADVANCED_FACE('',(#4434),#4695,.F.);
#6444=ADVANCED_FACE('',(#4435),#4696,.F.);
#6445=ADVANCED_FACE('',(#4436),#4697,.F.);
#6446=ADVANCED_FACE('',(#4437),#4698,.F.);
#6447=ADVANCED_FACE('',(#4438),#4699,.F.);
#6448=ADVANCED_FACE('',(#4439),#4700,.F.);
#6449=ADVANCED_FACE('',(#4440),#4701,.F.);
#6450=ADVANCED_FACE('',(#4441),#4702,.T.);
#6451=ADVANCED_FACE('',(#4442),#4703,.T.);
#6452=ADVANCED_FACE('',(#4443),#4704,.T.);
#6453=ADVANCED_FACE('',(#4444),#4705,.T.);
#6454=ADVANCED_FACE('',(#4445),#4706,.T.);
#6455=ADVANCED_FACE('',(#4446),#4707,.T.);
#6456=ADVANCED_FACE('',(#4447),#4708,.T.);
#6457=ADVANCED_FACE('',(#4448),#4709,.T.);
#6458=ADVANCED_FACE('',(#4449),#4710,.T.);
#6459=ADVANCED_FACE('',(#4450),#4711,.T.);
#6460=ADVANCED_FACE('',(#4451),#4712,.T.);
#6461=ADVANCED_FACE('',(#4452),#4713,.T.);
#6462=ADVANCED_FACE('',(#4453),#4714,.T.);
#6463=ADVANCED_FACE('',(#4454),#4715,.T.);
#6464=ADVANCED_FACE('',(#4455),#4716,.T.);
#6465=ADVANCED_FACE('',(#4456),#29,.T.);
#6466=ADVANCED_FACE('',(#4457),#4717,.T.);
#6467=ADVANCED_FACE('',(#4458),#30,.F.);
#6468=ADVANCED_FACE('',(#4459),#31,.F.);
#6469=ADVANCED_FACE('',(#4460),#4718,.T.);
#6470=ADVANCED_FACE('',(#4461),#32,.T.);
#6471=ADVANCED_FACE('',(#4462),#4719,.F.);
#6472=ADVANCED_FACE('',(#4463),#33,.F.);
#6473=ADVANCED_FACE('',(#4464),#34,.F.);
#6474=ADVANCED_FACE('',(#4465),#4720,.F.);
#6475=ADVANCED_FACE('',(#4466),#35,.T.);
#6476=ADVANCED_FACE('',(#4467),#4721,.T.);
#6477=ADVANCED_FACE('',(#4468),#4722,.T.);
#6478=ADVANCED_FACE('',(#4469),#4723,.T.);
#6479=ADVANCED_FACE('',(#4470),#4724,.T.);
#6480=ADVANCED_FACE('',(#4471),#36,.T.);
#6481=ADVANCED_FACE('',(#4472),#4725,.T.);
#6482=ADVANCED_FACE('',(#4473),#37,.T.);
#6483=ADVANCED_FACE('',(#4474),#4726,.T.);
#6484=ADVANCED_FACE('',(#4475),#38,.T.);
#6485=ADVANCED_FACE('',(#4476),#4727,.T.);
#6486=ADVANCED_FACE('',(#4477),#39,.T.);
#6487=ADVANCED_FACE('',(#4478),#4728,.T.);
#6488=ADVANCED_FACE('',(#4479),#4729,.F.);
#6489=ADVANCED_FACE('',(#4480),#40,.T.);
#6490=ADVANCED_FACE('',(#4481),#4730,.T.);
#6491=ADVANCED_FACE('',(#4482),#41,.T.);
#6492=ADVANCED_FACE('',(#4483),#4731,.T.);
#6493=ADVANCED_FACE('',(#4484),#42,.T.);
#6494=ADVANCED_FACE('',(#4485),#4732,.T.);
#6495=ADVANCED_FACE('',(#4486),#43,.T.);
#6496=ADVANCED_FACE('',(#4487),#4733,.T.);
#6497=ADVANCED_FACE('',(#4488),#4734,.F.);
#6498=ADVANCED_FACE('',(#4489),#44,.T.);
#6499=ADVANCED_FACE('',(#4490),#4735,.T.);
#6500=ADVANCED_FACE('',(#4491),#45,.T.);
#6501=ADVANCED_FACE('',(#4492),#4736,.T.);
#6502=ADVANCED_FACE('',(#4493),#46,.T.);
#6503=ADVANCED_FACE('',(#4494),#4737,.T.);
#6504=ADVANCED_FACE('',(#4495),#47,.T.);
#6505=ADVANCED_FACE('',(#4496),#4738,.T.);
#6506=ADVANCED_FACE('',(#4497),#4739,.F.);
#6507=ADVANCED_FACE('',(#4498),#48,.T.);
#6508=ADVANCED_FACE('',(#4499),#4740,.T.);
#6509=ADVANCED_FACE('',(#4500),#49,.T.);
#6510=ADVANCED_FACE('',(#4501),#4741,.T.);
#6511=ADVANCED_FACE('',(#4502),#50,.T.);
#6512=ADVANCED_FACE('',(#4503),#4742,.T.);
#6513=ADVANCED_FACE('',(#4504),#51,.T.);
#6514=ADVANCED_FACE('',(#4505),#4743,.T.);
#6515=ADVANCED_FACE('',(#4506),#4744,.F.);
#6516=ADVANCED_FACE('',(#4507),#4745,.F.);
#6517=ADVANCED_FACE('',(#4508,#4509),#27,.T.);
#6518=ADVANCED_FACE('',(#4510,#4511),#52,.T.);
#6519=ADVANCED_FACE('',(#4512),#4746,.F.);
#6520=ADVANCED_FACE('',(#4513,#4514),#28,.T.);
#6521=ADVANCED_FACE('',(#4515,#4516),#53,.T.);
#6522=ADVANCED_FACE('',(#4517),#4747,.T.);
#6523=ADVANCED_FACE('',(#4518,#4519),#54,.F.);
#6524=ADVANCED_FACE('',(#4520),#4748,.T.);
#6525=ADVANCED_FACE('',(#4521,#4522),#55,.F.);
#6526=ADVANCED_FACE('',(#4523),#4749,.T.);
#6527=ADVANCED_FACE('',(#4524),#56,.F.);
#6528=ADVANCED_FACE('',(#4525),#57,.T.);
#6529=ADVANCED_FACE('',(#4526),#4750,.T.);
#6530=ADVANCED_FACE('',(#4527),#58,.F.);
#6531=ADVANCED_FACE('',(#4528),#4751,.T.);
#6532=ADVANCED_FACE('',(#4529),#4752,.T.);
#6533=ADVANCED_FACE('',(#4530),#59,.F.);
#6534=ADVANCED_FACE('',(#4531),#4753,.T.);
#6535=ADVANCED_FACE('',(#4532),#60,.T.);
#6536=ADVANCED_FACE('',(#4533),#61,.F.);
#6537=ADVANCED_FACE('',(#4534),#4754,.T.);
#6538=ADVANCED_FACE('',(#4535),#4755,.T.);
#6539=ADVANCED_FACE('',(#4536),#62,.F.);
#6540=ADVANCED_FACE('',(#4537),#63,.T.);
#6541=ADVANCED_FACE('',(#4538),#4756,.T.);
#6542=ADVANCED_FACE('',(#4539),#64,.F.);
#6543=ADVANCED_FACE('',(#4540),#4757,.T.);
#6544=ADVANCED_FACE('',(#4541),#4758,.T.);
#6545=ADVANCED_FACE('',(#4542),#65,.F.);
#6546=ADVANCED_FACE('',(#4543),#4759,.T.);
#6547=ADVANCED_FACE('',(#4544),#66,.F.);
#6548=ADVANCED_FACE('',(#4545),#4760,.T.);
#6549=ADVANCED_FACE('',(#4546),#4761,.T.);
#6550=ADVANCED_FACE('',(#4547),#67,.T.);
#6551=ADVANCED_FACE('',(#4548),#68,.F.);
#6552=ADVANCED_FACE('',(#4549),#4762,.F.);
#6553=ADVANCED_FACE('',(#4550),#69,.T.);
#6554=ADVANCED_FACE('',(#4551),#4763,.T.);
#6555=ADVANCED_FACE('',(#4552),#70,.T.);
#6556=ADVANCED_FACE('',(#4553),#4764,.T.);
#6557=ADVANCED_FACE('',(#4554),#71,.F.);
#6558=ADVANCED_FACE('',(#4555),#72,.F.);
#6559=ADVANCED_FACE('',(#4556),#4765,.T.);
#6560=ADVANCED_FACE('',(#4557),#4766,.T.);
#6561=ADVANCED_FACE('',(#4558),#73,.T.);
#6562=ADVANCED_FACE('',(#4559),#4767,.F.);
#6563=ADVANCED_FACE('',(#4560),#74,.T.);
#6564=ADVANCED_FACE('',(#4561),#4768,.F.);
#6565=ADVANCED_FACE('',(#4562),#75,.F.);
#6566=ADVANCED_FACE('',(#4563),#76,.F.);
#6567=ADVANCED_FACE('',(#4564),#4769,.F.);
#6568=ADVANCED_FACE('',(#4565),#77,.T.);
#6569=ADVANCED_FACE('',(#4566),#78,.T.);
#6570=ADVANCED_FACE('',(#4567),#79,.F.);
#6571=ADVANCED_FACE('',(#4568),#80,.T.);
#6572=ADVANCED_FACE('',(#4569),#4770,.T.);
#6573=ADVANCED_FACE('',(#4570),#4771,.T.);
#6574=ADVANCED_FACE('',(#4571),#4772,.T.);
#6575=ADVANCED_FACE('',(#4572),#81,.T.);
#6576=ADVANCED_FACE('',(#4573),#4773,.T.);
#6577=ADVANCED_FACE('',(#4574),#82,.F.);
#6578=ADVANCED_FACE('',(#4575),#4774,.F.);
#6579=ADVANCED_FACE('',(#4576),#4775,.T.);
#6580=ADVANCED_FACE('',(#4577),#83,.F.);
#6581=ADVANCED_FACE('',(#4578),#4776,.T.);
#6582=ADVANCED_FACE('',(#4579),#84,.T.);
#6583=ADVANCED_FACE('',(#4580),#4777,.T.);
#6584=ADVANCED_FACE('',(#4581),#4778,.T.);
#6585=ADVANCED_FACE('',(#4582),#4779,.T.);
#6586=ADVANCED_FACE('',(#4583),#85,.F.);
#6587=ADVANCED_FACE('',(#4584),#4780,.T.);
#6588=ADVANCED_FACE('',(#4585),#86,.T.);
#6589=ADVANCED_FACE('',(#4586),#87,.F.);
#6590=ADVANCED_FACE('',(#4587),#4781,.T.);
#6591=ADVANCED_FACE('',(#4588),#88,.F.);
#6592=ADVANCED_FACE('',(#4589),#4782,.T.);
#6593=ADVANCED_FACE('',(#4590),#4783,.T.);
#6594=ADVANCED_FACE('',(#4591),#4784,.T.);
#6595=ADVANCED_FACE('',(#4592),#89,.T.);
#6596=ADVANCED_FACE('',(#4593),#4785,.T.);
#6597=ADVANCED_FACE('',(#4594),#90,.T.);
#6598=ADVANCED_FACE('',(#4595),#4786,.T.);
#6599=ADVANCED_FACE('',(#4596),#4787,.F.);
#6600=ADVANCED_FACE('',(#4597),#91,.T.);
#6601=ADVANCED_FACE('',(#4598),#4788,.F.);
#6602=ADVANCED_FACE('',(#4599),#92,.T.);
#6603=ADVANCED_FACE('',(#4600),#4789,.F.);
#6604=ADVANCED_FACE('',(#4601),#4790,.F.);
#6605=ADVANCED_FACE('',(#4602),#4791,.F.);
#6606=ADVANCED_FACE('',(#4603),#93,.F.);
#6607=ADVANCED_FACE('',(#4604),#4792,.F.);
#6608=ADVANCED_FACE('',(#4605),#94,.F.);
#6609=ADVANCED_FACE('',(#4606),#4793,.F.);
#6610=ADVANCED_FACE('',(#4607),#4794,.T.);
#6611=ADVANCED_FACE('',(#4608),#4795,.T.);
#6612=ADVANCED_FACE('',(#4609),#4796,.F.);
#6613=ADVANCED_FACE('',(#4610),#95,.T.);
#6614=ADVANCED_FACE('',(#4611),#4797,.F.);
#6615=ADVANCED_FACE('',(#4612),#96,.T.);
#6616=ADVANCED_FACE('',(#4613),#4798,.F.);
#6617=ADVANCED_FACE('',(#4614),#4799,.F.);
#6618=ADVANCED_FACE('',(#4615),#4800,.F.);
#6619=ADVANCED_FACE('',(#4616),#97,.F.);
#6620=ADVANCED_FACE('',(#4617),#4801,.F.);
#6621=ADVANCED_FACE('',(#4618),#98,.F.);
#6622=ADVANCED_FACE('',(#4619),#4802,.F.);
#6623=ADVANCED_FACE('',(#4620),#4803,.T.);
#6624=ADVANCED_FACE('',(#4621),#4804,.T.);
#6625=ADVANCED_FACE('',(#4622),#4805,.T.);
#6626=ADVANCED_FACE('',(#4623),#4806,.T.);
#6627=ADVANCED_FACE('',(#4624),#4807,.T.);
#6628=ADVANCED_FACE('',(#4625),#4808,.T.);
#6629=ADVANCED_FACE('',(#4626),#4809,.T.);
#6630=ADVANCED_FACE('',(#4627),#4810,.T.);
#6631=ADVANCED_FACE('',(#4628),#4811,.T.);
#6632=ADVANCED_FACE('',(#4629),#4812,.T.);
#6633=ADVANCED_FACE('',(#4630),#4813,.T.);
#6634=ADVANCED_FACE('',(#4631),#4814,.T.);
#6635=ADVANCED_FACE('',(#4632),#4815,.T.);
#6636=ADVANCED_FACE('',(#4633),#4816,.T.);
#6637=ADVANCED_FACE('',(#4634),#4817,.T.);
#6638=ADVANCED_FACE('',(#4635),#4818,.T.);
#6639=ADVANCED_FACE('',(#4636),#4819,.T.);
#6640=ADVANCED_FACE('',(#4637),#4820,.T.);
#6641=ADVANCED_FACE('',(#4638),#4821,.T.);
#6642=ADVANCED_FACE('',(#4639),#4822,.T.);
#6643=ADVANCED_FACE('',(#4640),#4823,.F.);
#6644=ADVANCED_FACE('',(#4641),#4824,.T.);
#6645=ADVANCED_FACE('',(#4642),#4825,.F.);
#6646=ADVANCED_FACE('',(#4643),#4826,.F.);
#6647=ADVANCED_FACE('',(#4644),#4827,.F.);
#6648=ADVANCED_FACE('',(#4645),#4828,.F.);
#6649=ADVANCED_FACE('',(#4646),#4829,.F.);
#6650=ADVANCED_FACE('',(#4647),#4830,.F.);
#6651=ADVANCED_FACE('',(#4648),#4831,.F.);
#6652=ADVANCED_FACE('',(#4649),#4832,.F.);
#6653=ADVANCED_FACE('',(#4650),#4833,.T.);
#6654=ADVANCED_FACE('',(#4651),#4834,.F.);
#6655=CLOSED_SHELL('',(#6400,#6401,#6402,#6403,#6404,#6405,#6406,#6407,
#6408,#6409,#6410,#6411,#6412,#6413,#6414,#6415,#6416,#6417,#6418,#6419,
#6420,#6421,#6422,#6423,#6424,#6425,#6426,#6427,#6428,#6429,#6430,#6431,
#6432,#6433,#6434,#6435,#6436,#6437,#6438,#6439,#6440,#6441,#6442,#6443,
#6444,#6445,#6446,#6447,#6448,#6449,#6450,#6451,#6452,#6453,#6454,#6455,
#6456,#6457,#6458,#6459,#6460,#6461,#6462,#6463,#6464,#6465,#6466,#6467,
#6468,#6469,#6470,#6471,#6472,#6473,#6474,#6475,#6476,#6477,#6478,#6479,
#6480,#6481,#6482,#6483,#6484,#6485,#6486,#6487,#6488,#6489,#6490,#6491,
#6492,#6493,#6494,#6495,#6496,#6497,#6498,#6499,#6500,#6501,#6502,#6503,
#6504,#6505,#6506,#6507,#6508,#6509,#6510,#6511,#6512,#6513,#6514,#6515,
#6516,#6517,#6518,#6519,#6520,#6521,#6522,#6523,#6524,#6525,#6526,#6527,
#6528,#6529,#6530,#6531,#6532,#6533,#6534,#6535,#6536,#6537,#6538,#6539,
#6540,#6541,#6542,#6543,#6544,#6545,#6546,#6547,#6548,#6549,#6550,#6551,
#6552,#6553,#6554,#6555,#6556,#6557,#6558,#6559,#6560,#6561,#6562,#6563,
#6564,#6565,#6566,#6567,#6568,#6569,#6570,#6571,#6572,#6573,#6574,#6575,
#6576,#6577,#6578,#6579,#6580,#6581,#6582,#6583,#6584,#6585,#6586,#6587,
#6588,#6589,#6590,#6591,#6592,#6593,#6594,#6595,#6596,#6597,#6598,#6599,
#6600,#6601,#6602,#6603,#6604,#6605,#6606,#6607,#6608,#6609,#6610,#6611,
#6612,#6613,#6614,#6615,#6616,#6617,#6618,#6619,#6620,#6621));
#6656=CLOSED_SHELL('',(#6622,#6623,#6624,#6625,#6626,#6627,#6628,#6629,
#6630,#6631,#6632,#6633,#6634,#6635,#6636,#6637,#6638,#6639,#6640,#6641,
#6642,#6643,#6644,#6645,#6646,#6647,#6648,#6649,#6650,#6651,#6652,#6653,
#6654));
#6657=MANIFOLD_SOLID_BREP('12A-12_c',#6655);
#6658=MANIFOLD_SOLID_BREP('2Side setting_s',#6656);
#6659=SHAPE_DEFINITION_REPRESENTATION(#9985,#6662);
#6660=SHAPE_DEFINITION_REPRESENTATION(#9986,#6663);
#6661=SHAPE_DEFINITION_REPRESENTATION(#9988,#6664);
#6662=SHAPE_REPRESENTATION('CL-SB-12A-12T',(#6665,#7041,#7075),#9976);
#6663=SHAPE_REPRESENTATION('12A-12_c',(#6665),#9977);
#6664=SHAPE_REPRESENTATION('2Side setting_s',(#6665),#9978);
#6665=AXIS2_PLACEMENT_3D('',#8479,#7076,#7077);
#6666=AXIS2_PLACEMENT_3D('',#8480,#7078,#7079);
#6667=AXIS2_PLACEMENT_3D('',#8484,#7081,#7082);
#6668=AXIS2_PLACEMENT_3D('',#8489,#7085,#7086);
#6669=AXIS2_PLACEMENT_3D('',#8493,#7088,#7089);
#6670=AXIS2_PLACEMENT_3D('',#8498,#7092,#7093);
#6671=AXIS2_PLACEMENT_3D('',#8501,#7096,#7097);
#6672=AXIS2_PLACEMENT_3D('',#8505,#7099,#7100);
#6673=AXIS2_PLACEMENT_3D('',#8510,#7103,#7104);
#6674=AXIS2_PLACEMENT_3D('',#8514,#7106,#7107);
#6675=AXIS2_PLACEMENT_3D('',#8519,#7110,#7111);
#6676=AXIS2_PLACEMENT_3D('',#8528,#7116,#7117);
#6677=AXIS2_PLACEMENT_3D('',#8544,#7125,#7126);
#6678=AXIS2_PLACEMENT_3D('',#8550,#7129,#7130);
#6679=AXIS2_PLACEMENT_3D('',#8554,#7132,#7133);
#6680=AXIS2_PLACEMENT_3D('',#8560,#7136,#7137);
#6681=AXIS2_PLACEMENT_3D('',#8569,#7142,#7143);
#6682=AXIS2_PLACEMENT_3D('',#8570,#7144,#7145);
#6683=AXIS2_PLACEMENT_3D('',#8582,#7151,#7152);
#6684=AXIS2_PLACEMENT_3D('',#8583,#7153,#7154);
#6685=AXIS2_PLACEMENT_3D('',#8595,#7160,#7161);
#6686=AXIS2_PLACEMENT_3D('',#8596,#7162,#7163);
#6687=AXIS2_PLACEMENT_3D('',#8601,#7165,#7166);
#6688=AXIS2_PLACEMENT_3D('',#8605,#7168,#7169);
#6689=AXIS2_PLACEMENT_3D('',#8613,#7173,#7174);
#6690=AXIS2_PLACEMENT_3D('',#8617,#7176,#7177);
#6691=AXIS2_PLACEMENT_3D('',#8621,#7179,#7180);
#6692=AXIS2_PLACEMENT_3D('',#8625,#7182,#7183);
#6693=AXIS2_PLACEMENT_3D('',#8633,#7187,#7188);
#6694=AXIS2_PLACEMENT_3D('',#8637,#7190,#7191);
#6695=AXIS2_PLACEMENT_3D('',#8644,#7195,#7196);
#6696=AXIS2_PLACEMENT_3D('',#8648,#7198,#7199);
#6697=AXIS2_PLACEMENT_3D('',#8652,#7201,#7202);
#6698=AXIS2_PLACEMENT_3D('',#8669,#7211,#7212);
#6699=AXIS2_PLACEMENT_3D('',#8675,#7215,#7216);
#6700=AXIS2_PLACEMENT_3D('',#8682,#7220,#7221);
#6701=AXIS2_PLACEMENT_3D('',#8683,#7222,#7223);
#6702=AXIS2_PLACEMENT_3D('',#8685,#7224,#7225);
#6703=AXIS2_PLACEMENT_3D('',#8703,#7234,#7235);
#6704=AXIS2_PLACEMENT_3D('',#8707,#7237,#7238);
#6705=AXIS2_PLACEMENT_3D('',#8719,#7244,#7245);
#6706=AXIS2_PLACEMENT_3D('',#8721,#7246,#7247);
#6707=AXIS2_PLACEMENT_3D('',#8729,#7251,#7252);
#6708=AXIS2_PLACEMENT_3D('',#8731,#7253,#7254);
#6709=AXIS2_PLACEMENT_3D('',#8755,#7266,#7267);
#6710=AXIS2_PLACEMENT_3D('',#8757,#7268,#7269);
#6711=AXIS2_PLACEMENT_3D('',#8759,#7271,#7272);
#6712=AXIS2_PLACEMENT_3D('',#8768,#7277,#7278);
#6713=AXIS2_PLACEMENT_3D('',#8774,#7282,#7283);
#6714=AXIS2_PLACEMENT_3D('',#8787,#7291,#7292);
#6715=AXIS2_PLACEMENT_3D('',#8800,#7300,#7301);
#6716=AXIS2_PLACEMENT_3D('',#8801,#7302,#7303);
#6717=AXIS2_PLACEMENT_3D('',#8822,#7313,#7314);
#6718=AXIS2_PLACEMENT_3D('',#8825,#7316,#7317);
#6719=AXIS2_PLACEMENT_3D('',#8829,#7319,#7320);
#6720=AXIS2_PLACEMENT_3D('',#8835,#7324,#7325);
#6721=AXIS2_PLACEMENT_3D('',#8873,#7346,#7347);
#6722=AXIS2_PLACEMENT_3D('',#8875,#7349,#7350);
#6723=AXIS2_PLACEMENT_3D('',#8879,#7352,#7353);
#6724=AXIS2_PLACEMENT_3D('',#8890,#7359,#7360);
#6725=AXIS2_PLACEMENT_3D('',#8891,#7361,#7362);
#6726=AXIS2_PLACEMENT_3D('',#8928,#7385,#7386);
#6727=AXIS2_PLACEMENT_3D('',#8930,#7387,#7388);
#6728=AXIS2_PLACEMENT_3D('',#8934,#7390,#7391);
#6729=AXIS2_PLACEMENT_3D('',#8935,#7392,#7393);
#6730=AXIS2_PLACEMENT_3D('',#8938,#7395,#7396);
#6731=AXIS2_PLACEMENT_3D('',#8944,#7400,#7401);
#6732=AXIS2_PLACEMENT_3D('',#8949,#7405,#7406);
#6733=AXIS2_PLACEMENT_3D('',#8964,#7415,#7416);
#6734=AXIS2_PLACEMENT_3D('',#8965,#7417,#7418);
#6735=AXIS2_PLACEMENT_3D('',#8969,#7420,#7421);
#6736=AXIS2_PLACEMENT_3D('',#8987,#7433,#7434);
#6737=AXIS2_PLACEMENT_3D('',#8995,#7439,#7440);
#6738=AXIS2_PLACEMENT_3D('',#8999,#7443,#7444);
#6739=AXIS2_PLACEMENT_3D('',#9003,#7447,#7448);
#6740=AXIS2_PLACEMENT_3D('',#9012,#7453,#7454);
#6741=AXIS2_PLACEMENT_3D('',#9015,#7457,#7458);
#6742=AXIS2_PLACEMENT_3D('',#9016,#7459,#7460);
#6743=AXIS2_PLACEMENT_3D('',#9024,#7465,#7466);
#6744=AXIS2_PLACEMENT_3D('',#9028,#7469,#7470);
#6745=AXIS2_PLACEMENT_3D('',#9029,#7471,#7472);
#6746=AXIS2_PLACEMENT_3D('',#9033,#7474,#7475);
#6747=AXIS2_PLACEMENT_3D('',#9038,#7479,#7480);
#6748=AXIS2_PLACEMENT_3D('',#9039,#7481,#7482);
#6749=AXIS2_PLACEMENT_3D('',#9040,#7483,#7484);
#6750=AXIS2_PLACEMENT_3D('',#9044,#7486,#7487);
#6751=AXIS2_PLACEMENT_3D('',#9046,#7489,#7490);
#6752=AXIS2_PLACEMENT_3D('',#9047,#7491,#7492);
#6753=AXIS2_PLACEMENT_3D('',#9051,#7495,#7496);
#6754=AXIS2_PLACEMENT_3D('',#9059,#7502,#7503);
#6755=AXIS2_PLACEMENT_3D('',#9068,#7510,#7511);
#6756=AXIS2_PLACEMENT_3D('',#9069,#7512,#7513);
#6757=AXIS2_PLACEMENT_3D('',#9078,#7518,#7519);
#6758=AXIS2_PLACEMENT_3D('',#9081,#7521,#7522);
#6759=AXIS2_PLACEMENT_3D('',#9085,#7526,#7527);
#6760=AXIS2_PLACEMENT_3D('',#9087,#7529,#7530);
#6761=AXIS2_PLACEMENT_3D('',#9088,#7531,#7532);
#6762=AXIS2_PLACEMENT_3D('',#9090,#7533,#7534);
#6763=AXIS2_PLACEMENT_3D('',#9092,#7535,#7536);
#6764=AXIS2_PLACEMENT_3D('',#9094,#7537,#7538);
#6765=AXIS2_PLACEMENT_3D('',#9099,#7540,#7541);
#6766=AXIS2_PLACEMENT_3D('',#9103,#7543,#7544);
#6767=AXIS2_PLACEMENT_3D('',#9107,#7546,#7547);
#6768=AXIS2_PLACEMENT_3D('',#9111,#7549,#7550);
#6769=AXIS2_PLACEMENT_3D('',#9115,#7552,#7553);
#6770=AXIS2_PLACEMENT_3D('',#9119,#7555,#7556);
#6771=AXIS2_PLACEMENT_3D('',#9123,#7558,#7559);
#6772=AXIS2_PLACEMENT_3D('',#9127,#7561,#7562);
#6773=AXIS2_PLACEMENT_3D('',#9131,#7564,#7565);
#6774=AXIS2_PLACEMENT_3D('',#9135,#7567,#7568);
#6775=AXIS2_PLACEMENT_3D('',#9139,#7570,#7571);
#6776=AXIS2_PLACEMENT_3D('',#9143,#7573,#7574);
#6777=AXIS2_PLACEMENT_3D('',#9147,#7576,#7577);
#6778=AXIS2_PLACEMENT_3D('',#9151,#7579,#7580);
#6779=AXIS2_PLACEMENT_3D('',#9155,#7582,#7583);
#6780=AXIS2_PLACEMENT_3D('',#9159,#7585,#7586);
#6781=AXIS2_PLACEMENT_3D('',#9161,#7588,#7589);
#6782=AXIS2_PLACEMENT_3D('',#9163,#7591,#7592);
#6783=AXIS2_PLACEMENT_3D('',#9165,#7594,#7595);
#6784=AXIS2_PLACEMENT_3D('',#9171,#7599,#7600);
#6785=AXIS2_PLACEMENT_3D('',#9177,#7604,#7605);
#6786=AXIS2_PLACEMENT_3D('',#9180,#7608,#7609);
#6787=AXIS2_PLACEMENT_3D('',#9183,#7612,#7613);
#6788=AXIS2_PLACEMENT_3D('',#9189,#7617,#7618);
#6789=AXIS2_PLACEMENT_3D('',#9192,#7621,#7622);
#6790=AXIS2_PLACEMENT_3D('',#9194,#7624,#7625);
#6791=AXIS2_PLACEMENT_3D('',#9196,#7627,#7628);
#6792=AXIS2_PLACEMENT_3D('',#9197,#7629,#7630);
#6793=AXIS2_PLACEMENT_3D('',#9200,#7632,#7633);
#6794=AXIS2_PLACEMENT_3D('',#9202,#7635,#7636);
#6795=AXIS2_PLACEMENT_3D('',#9205,#7638,#7639);
#6796=AXIS2_PLACEMENT_3D('',#9206,#7640,#7641);
#6797=AXIS2_PLACEMENT_3D('',#9208,#7643,#7644);
#6798=AXIS2_PLACEMENT_3D('',#9210,#7646,#7647);
#6799=AXIS2_PLACEMENT_3D('',#9211,#7648,#7649);
#6800=AXIS2_PLACEMENT_3D('',#9212,#7650,#7651);
#6801=AXIS2_PLACEMENT_3D('',#9213,#7652,#7653);
#6802=AXIS2_PLACEMENT_3D('',#9214,#7654,#7655);
#6803=AXIS2_PLACEMENT_3D('',#9218,#7657,#7658);
#6804=AXIS2_PLACEMENT_3D('',#9220,#7660,#7661);
#6805=AXIS2_PLACEMENT_3D('',#9221,#7662,#7663);
#6806=AXIS2_PLACEMENT_3D('',#9222,#7664,#7665);
#6807=AXIS2_PLACEMENT_3D('',#9225,#7667,#7668);
#6808=AXIS2_PLACEMENT_3D('',#9228,#7670,#7671);
#6809=AXIS2_PLACEMENT_3D('',#9229,#7672,#7673);
#6810=AXIS2_PLACEMENT_3D('',#9230,#7674,#7675);
#6811=AXIS2_PLACEMENT_3D('',#9232,#7677,#7678);
#6812=AXIS2_PLACEMENT_3D('',#9234,#7680,#7681);
#6813=AXIS2_PLACEMENT_3D('',#9235,#7682,#7683);
#6814=AXIS2_PLACEMENT_3D('',#9237,#7685,#7686);
#6815=AXIS2_PLACEMENT_3D('',#9239,#7688,#7689);
#6816=AXIS2_PLACEMENT_3D('',#9240,#7690,#7691);
#6817=AXIS2_PLACEMENT_3D('',#9242,#7693,#7694);
#6818=AXIS2_PLACEMENT_3D('',#9243,#7695,#7696);
#6819=AXIS2_PLACEMENT_3D('',#9245,#7698,#7699);
#6820=AXIS2_PLACEMENT_3D('',#9247,#7701,#7702);
#6821=AXIS2_PLACEMENT_3D('',#9248,#7703,#7704);
#6822=AXIS2_PLACEMENT_3D('',#9249,#7705,#7706);
#6823=AXIS2_PLACEMENT_3D('',#9251,#7708,#7709);
#6824=AXIS2_PLACEMENT_3D('',#9252,#7710,#7711);
#6825=AXIS2_PLACEMENT_3D('',#9253,#7712,#7713);
#6826=AXIS2_PLACEMENT_3D('',#9254,#7714,#7715);
#6827=AXIS2_PLACEMENT_3D('',#9255,#7716,#7717);
#6828=AXIS2_PLACEMENT_3D('',#9258,#7719,#7720);
#6829=AXIS2_PLACEMENT_3D('',#9261,#7722,#7723);
#6830=AXIS2_PLACEMENT_3D('',#9265,#7726,#7727);
#6831=AXIS2_PLACEMENT_3D('',#9266,#7728,#7729);
#6832=AXIS2_PLACEMENT_3D('',#9269,#7731,#7732);
#6833=AXIS2_PLACEMENT_3D('',#9273,#7735,#7736);
#6834=AXIS2_PLACEMENT_3D('',#9274,#7737,#7738);
#6835=AXIS2_PLACEMENT_3D('',#9277,#7740,#7741);
#6836=AXIS2_PLACEMENT_3D('',#9281,#7744,#7745);
#6837=AXIS2_PLACEMENT_3D('',#9282,#7746,#7747);
#6838=AXIS2_PLACEMENT_3D('',#9285,#7749,#7750);
#6839=AXIS2_PLACEMENT_3D('',#9287,#7752,#7753);
#6840=AXIS2_PLACEMENT_3D('',#9288,#7754,#7755);
#6841=AXIS2_PLACEMENT_3D('',#9291,#7757,#7758);
#6842=AXIS2_PLACEMENT_3D('',#9294,#7760,#7761);
#6843=AXIS2_PLACEMENT_3D('',#9298,#7764,#7765);
#6844=AXIS2_PLACEMENT_3D('',#9299,#7766,#7767);
#6845=AXIS2_PLACEMENT_3D('',#9302,#7769,#7770);
#6846=AXIS2_PLACEMENT_3D('',#9306,#7773,#7774);
#6847=AXIS2_PLACEMENT_3D('',#9307,#7775,#7776);
#6848=AXIS2_PLACEMENT_3D('',#9310,#7778,#7779);
#6849=AXIS2_PLACEMENT_3D('',#9314,#7782,#7783);
#6850=AXIS2_PLACEMENT_3D('',#9315,#7784,#7785);
#6851=AXIS2_PLACEMENT_3D('',#9318,#7787,#7788);
#6852=AXIS2_PLACEMENT_3D('',#9320,#7790,#7791);
#6853=AXIS2_PLACEMENT_3D('',#9321,#7792,#7793);
#6854=AXIS2_PLACEMENT_3D('',#9324,#7795,#7796);
#6855=AXIS2_PLACEMENT_3D('',#9327,#7798,#7799);
#6856=AXIS2_PLACEMENT_3D('',#9331,#7802,#7803);
#6857=AXIS2_PLACEMENT_3D('',#9332,#7804,#7805);
#6858=AXIS2_PLACEMENT_3D('',#9335,#7807,#7808);
#6859=AXIS2_PLACEMENT_3D('',#9339,#7811,#7812);
#6860=AXIS2_PLACEMENT_3D('',#9340,#7813,#7814);
#6861=AXIS2_PLACEMENT_3D('',#9343,#7816,#7817);
#6862=AXIS2_PLACEMENT_3D('',#9347,#7820,#7821);
#6863=AXIS2_PLACEMENT_3D('',#9348,#7822,#7823);
#6864=AXIS2_PLACEMENT_3D('',#9351,#7825,#7826);
#6865=AXIS2_PLACEMENT_3D('',#9353,#7828,#7829);
#6866=AXIS2_PLACEMENT_3D('',#9354,#7830,#7831);
#6867=AXIS2_PLACEMENT_3D('',#9357,#7833,#7834);
#6868=AXIS2_PLACEMENT_3D('',#9360,#7836,#7837);
#6869=AXIS2_PLACEMENT_3D('',#9364,#7840,#7841);
#6870=AXIS2_PLACEMENT_3D('',#9365,#7842,#7843);
#6871=AXIS2_PLACEMENT_3D('',#9368,#7845,#7846);
#6872=AXIS2_PLACEMENT_3D('',#9372,#7849,#7850);
#6873=AXIS2_PLACEMENT_3D('',#9373,#7851,#7852);
#6874=AXIS2_PLACEMENT_3D('',#9376,#7854,#7855);
#6875=AXIS2_PLACEMENT_3D('',#9380,#7858,#7859);
#6876=AXIS2_PLACEMENT_3D('',#9381,#7860,#7861);
#6877=AXIS2_PLACEMENT_3D('',#9384,#7863,#7864);
#6878=AXIS2_PLACEMENT_3D('',#9386,#7866,#7867);
#6879=AXIS2_PLACEMENT_3D('',#9387,#7868,#7869);
#6880=AXIS2_PLACEMENT_3D('',#9388,#7870,#7871);
#6881=AXIS2_PLACEMENT_3D('',#9390,#7872,#7873);
#6882=AXIS2_PLACEMENT_3D('',#9391,#7874,#7875);
#6883=AXIS2_PLACEMENT_3D('',#9393,#7876,#7877);
#6884=AXIS2_PLACEMENT_3D('',#9394,#7878,#7879);
#6885=AXIS2_PLACEMENT_3D('',#9395,#7880,#7881);
#6886=AXIS2_PLACEMENT_3D('',#9397,#7882,#7883);
#6887=AXIS2_PLACEMENT_3D('',#9398,#7884,#7885);
#6888=AXIS2_PLACEMENT_3D('',#9400,#7886,#7887);
#6889=AXIS2_PLACEMENT_3D('',#9401,#7888,#7889);
#6890=AXIS2_PLACEMENT_3D('',#9402,#7890,#7891);
#6891=AXIS2_PLACEMENT_3D('',#9404,#7892,#7893);
#6892=AXIS2_PLACEMENT_3D('',#9405,#7894,#7895);
#6893=AXIS2_PLACEMENT_3D('',#9406,#7896,#7897);
#6894=AXIS2_PLACEMENT_3D('',#9408,#7898,#7899);
#6895=AXIS2_PLACEMENT_3D('',#9409,#7900,#7901);
#6896=AXIS2_PLACEMENT_3D('',#9411,#7903,#7904);
#6897=AXIS2_PLACEMENT_3D('',#9414,#7906,#7907);
#6898=AXIS2_PLACEMENT_3D('',#9418,#7909,#7910);
#6899=AXIS2_PLACEMENT_3D('',#9421,#7912,#7913);
#6900=AXIS2_PLACEMENT_3D('',#9422,#7914,#7915);
#6901=AXIS2_PLACEMENT_3D('',#9429,#7917,#7918);
#6902=AXIS2_PLACEMENT_3D('',#9431,#7920,#7921);
#6903=AXIS2_PLACEMENT_3D('',#9433,#7923,#7924);
#6904=AXIS2_PLACEMENT_3D('',#9435,#7926,#7927);
#6905=AXIS2_PLACEMENT_3D('',#9436,#7928,#7929);
#6906=AXIS2_PLACEMENT_3D('',#9438,#7931,#7932);
#6907=AXIS2_PLACEMENT_3D('',#9440,#7934,#7935);
#6908=AXIS2_PLACEMENT_3D('',#9442,#7937,#7938);
#6909=AXIS2_PLACEMENT_3D('',#9444,#7940,#7941);
#6910=AXIS2_PLACEMENT_3D('',#9452,#7943,#7944);
#6911=AXIS2_PLACEMENT_3D('',#9453,#7945,#7946);
#6912=AXIS2_PLACEMENT_3D('',#9455,#7948,#7949);
#6913=AXIS2_PLACEMENT_3D('',#9456,#7950,#7951);
#6914=AXIS2_PLACEMENT_3D('',#9460,#7954,#7955);
#6915=AXIS2_PLACEMENT_3D('',#9467,#7957,#7958);
#6916=AXIS2_PLACEMENT_3D('',#9469,#7960,#7961);
#6917=AXIS2_PLACEMENT_3D('',#9471,#7963,#7964);
#6918=AXIS2_PLACEMENT_3D('',#9473,#7966,#7967);
#6919=AXIS2_PLACEMENT_3D('',#9474,#7968,#7969);
#6920=AXIS2_PLACEMENT_3D('',#9476,#7971,#7972);
#6921=AXIS2_PLACEMENT_3D('',#9478,#7974,#7975);
#6922=AXIS2_PLACEMENT_3D('',#9480,#7977,#7978);
#6923=AXIS2_PLACEMENT_3D('',#9482,#7980,#7981);
#6924=AXIS2_PLACEMENT_3D('',#9483,#7982,#7983);
#6925=AXIS2_PLACEMENT_3D('',#9487,#7985,#7986);
#6926=AXIS2_PLACEMENT_3D('',#9489,#7988,#7989);
#6927=AXIS2_PLACEMENT_3D('',#9491,#7991,#7992);
#6928=AXIS2_PLACEMENT_3D('',#9493,#7994,#7995);
#6929=AXIS2_PLACEMENT_3D('',#9499,#7996,#7997);
#6930=AXIS2_PLACEMENT_3D('',#9500,#7998,#7999);
#6931=AXIS2_PLACEMENT_3D('',#9501,#8000,#8001);
#6932=AXIS2_PLACEMENT_3D('',#9502,#8002,#8003);
#6933=AXIS2_PLACEMENT_3D('',#9504,#8005,#8006);
#6934=AXIS2_PLACEMENT_3D('',#9506,#8008,#8009);
#6935=AXIS2_PLACEMENT_3D('',#9507,#8010,#8011);
#6936=AXIS2_PLACEMENT_3D('',#9509,#8013,#8014);
#6937=AXIS2_PLACEMENT_3D('',#9510,#8015,#8016);
#6938=AXIS2_PLACEMENT_3D('',#9512,#8018,#8019);
#6939=AXIS2_PLACEMENT_3D('',#9513,#8020,#8021);
#6940=AXIS2_PLACEMENT_3D('',#9514,#8022,#8023);
#6941=AXIS2_PLACEMENT_3D('',#9515,#8024,#8025);
#6942=AXIS2_PLACEMENT_3D('',#9516,#8026,#8027);
#6943=AXIS2_PLACEMENT_3D('',#9518,#8029,#8030);
#6944=AXIS2_PLACEMENT_3D('',#9520,#8032,#8033);
#6945=AXIS2_PLACEMENT_3D('',#9521,#8034,#8035);
#6946=AXIS2_PLACEMENT_3D('',#9523,#8037,#8038);
#6947=AXIS2_PLACEMENT_3D('',#9524,#8039,#8040);
#6948=AXIS2_PLACEMENT_3D('',#9526,#8042,#8043);
#6949=AXIS2_PLACEMENT_3D('',#9527,#8044,#8045);
#6950=AXIS2_PLACEMENT_3D('',#9528,#8046,#8047);
#6951=AXIS2_PLACEMENT_3D('',#9529,#8048,#8049);
#6952=AXIS2_PLACEMENT_3D('',#9530,#8050,#8051);
#6953=AXIS2_PLACEMENT_3D('',#9533,#8053,#8054);
#6954=AXIS2_PLACEMENT_3D('',#9534,#8055,#8056);
#6955=AXIS2_PLACEMENT_3D('',#9537,#8058,#8059);
#6956=AXIS2_PLACEMENT_3D('',#9543,#8063,#8064);
#6957=AXIS2_PLACEMENT_3D('',#9551,#8068,#8069);
#6958=AXIS2_PLACEMENT_3D('',#9555,#8071,#8072);
#6959=AXIS2_PLACEMENT_3D('',#9563,#8076,#8077);
#6960=AXIS2_PLACEMENT_3D('',#9567,#8079,#8080);
#6961=AXIS2_PLACEMENT_3D('',#9568,#8081,#8082);
#6962=AXIS2_PLACEMENT_3D('',#9572,#8084,#8085);
#6963=AXIS2_PLACEMENT_3D('',#9576,#8087,#8088);
#6964=AXIS2_PLACEMENT_3D('',#9584,#8092,#8093);
#6965=AXIS2_PLACEMENT_3D('',#9588,#8095,#8096);
#6966=AXIS2_PLACEMENT_3D('',#9593,#8099,#8100);
#6967=AXIS2_PLACEMENT_3D('',#9594,#8101,#8102);
#6968=AXIS2_PLACEMENT_3D('',#9596,#8103,#8104);
#6969=AXIS2_PLACEMENT_3D('',#9599,#8106,#8107);
#6970=AXIS2_PLACEMENT_3D('',#9602,#8110,#8111);
#6971=AXIS2_PLACEMENT_3D('',#9603,#8112,#8113);
#6972=AXIS2_PLACEMENT_3D('',#9604,#8114,#8115);
#6973=AXIS2_PLACEMENT_3D('',#9605,#8116,#8117);
#6974=AXIS2_PLACEMENT_3D('',#9607,#8119,#8120);
#6975=AXIS2_PLACEMENT_3D('',#9609,#8122,#8123);
#6976=AXIS2_PLACEMENT_3D('',#9611,#8125,#8126);
#6977=AXIS2_PLACEMENT_3D('',#9613,#8128,#8129);
#6978=AXIS2_PLACEMENT_3D('',#9615,#8131,#8132);
#6979=AXIS2_PLACEMENT_3D('',#9617,#8134,#8135);
#6980=AXIS2_PLACEMENT_3D('',#9619,#8137,#8138);
#6981=AXIS2_PLACEMENT_3D('',#9621,#8140,#8141);
#6982=AXIS2_PLACEMENT_3D('',#9623,#8143,#8144);
#6983=AXIS2_PLACEMENT_3D('',#9625,#8146,#8147);
#6984=AXIS2_PLACEMENT_3D('',#9626,#8148,#8149);
#6985=AXIS2_PLACEMENT_3D('',#9627,#8150,#8151);
#6986=AXIS2_PLACEMENT_3D('',#9631,#8153,#8154);
#6987=AXIS2_PLACEMENT_3D('',#9632,#8155,#8156);
#6988=AXIS2_PLACEMENT_3D('',#9638,#8160,#8161);
#6989=AXIS2_PLACEMENT_3D('',#9639,#8162,#8163);
#6990=AXIS2_PLACEMENT_3D('',#9643,#8165,#8166);
#6991=AXIS2_PLACEMENT_3D('',#9644,#8167,#8168);
#6992=AXIS2_PLACEMENT_3D('',#9650,#8172,#8173);
#6993=AXIS2_PLACEMENT_3D('',#9656,#8177,#8178);
#6994=AXIS2_PLACEMENT_3D('',#9662,#8182,#8183);
#6995=AXIS2_PLACEMENT_3D('',#9663,#8184,#8185);
#6996=AXIS2_PLACEMENT_3D('',#9667,#8187,#8188);
#6997=AXIS2_PLACEMENT_3D('',#9668,#8189,#8190);
#6998=AXIS2_PLACEMENT_3D('',#9674,#8194,#8195);
#6999=AXIS2_PLACEMENT_3D('',#9675,#8196,#8197);
#7000=AXIS2_PLACEMENT_3D('',#9676,#8198,#8199);
#7001=AXIS2_PLACEMENT_3D('',#9677,#8200,#8201);
#7002=AXIS2_PLACEMENT_3D('',#9678,#8202,#8203);
#7003=AXIS2_PLACEMENT_3D('',#9679,#8204,#8205);
#7004=AXIS2_PLACEMENT_3D('',#9680,#8206,#8207);
#7005=AXIS2_PLACEMENT_3D('',#9682,#8208,#8209);
#7006=AXIS2_PLACEMENT_3D('',#9685,#8211,#8212);
#7007=AXIS2_PLACEMENT_3D('',#9691,#8216,#8217);
#7008=AXIS2_PLACEMENT_3D('',#9692,#8218,#8219);
#7009=AXIS2_PLACEMENT_3D('',#9694,#8220,#8221);
#7010=AXIS2_PLACEMENT_3D('',#9697,#8223,#8224);
#7011=AXIS2_PLACEMENT_3D('',#9703,#8228,#8229);
#7012=AXIS2_PLACEMENT_3D('',#9709,#8233,#8234);
#7013=AXIS2_PLACEMENT_3D('',#9715,#8238,#8239);
#7014=AXIS2_PLACEMENT_3D('',#9716,#8240,#8241);
#7015=AXIS2_PLACEMENT_3D('',#9718,#8242,#8243);
#7016=AXIS2_PLACEMENT_3D('',#9721,#8245,#8246);
#7017=AXIS2_PLACEMENT_3D('',#9727,#8250,#8251);
#7018=AXIS2_PLACEMENT_3D('',#9728,#8252,#8253);
#7019=AXIS2_PLACEMENT_3D('',#9729,#8254,#8255);
#7020=AXIS2_PLACEMENT_3D('',#9730,#8256,#8257);
#7021=AXIS2_PLACEMENT_3D('',#9731,#8258,#8259);
#7022=AXIS2_PLACEMENT_3D('',#9732,#8260,#8261);
#7023=AXIS2_PLACEMENT_3D('',#9733,#8262,#8263);
#7024=AXIS2_PLACEMENT_3D('',#9737,#8265,#8266);
#7025=AXIS2_PLACEMENT_3D('',#9745,#8270,#8271);
#7026=AXIS2_PLACEMENT_3D('',#9749,#8273,#8274);
#7027=AXIS2_PLACEMENT_3D('',#9750,#8275,#8276);
#7028=AXIS2_PLACEMENT_3D('',#9751,#8277,#8278);
#7029=AXIS2_PLACEMENT_3D('',#9753,#8279,#8280);
#7030=AXIS2_PLACEMENT_3D('',#9757,#8282,#8283);
#7031=AXIS2_PLACEMENT_3D('',#9765,#8287,#8288);
#7032=AXIS2_PLACEMENT_3D('',#9768,#8290,#8291);
#7033=AXIS2_PLACEMENT_3D('',#9770,#8293,#8294);
#7034=AXIS2_PLACEMENT_3D('',#9772,#8296,#8297);
#7035=AXIS2_PLACEMENT_3D('',#9774,#8299,#8300);
#7036=AXIS2_PLACEMENT_3D('',#9776,#8302,#8303);
#7037=AXIS2_PLACEMENT_3D('',#9778,#8305,#8306);
#7038=AXIS2_PLACEMENT_3D('',#9780,#8308,#8309);
#7039=AXIS2_PLACEMENT_3D('',#9782,#8311,#8312);
#7040=AXIS2_PLACEMENT_3D('',#9784,#8314,#8315);
#7041=AXIS2_PLACEMENT_3D('',#9785,#8316,#8317);
#7042=AXIS2_PLACEMENT_3D('',#9786,#8318,#8319);
#7043=AXIS2_PLACEMENT_3D('',#9795,#8324,#8325);
#7044=AXIS2_PLACEMENT_3D('',#9804,#8330,#8331);
#7045=AXIS2_PLACEMENT_3D('',#9810,#8335,#8336);
#7046=AXIS2_PLACEMENT_3D('',#9816,#8340,#8341);
#7047=AXIS2_PLACEMENT_3D('',#9821,#8345,#8346);
#7048=AXIS2_PLACEMENT_3D('',#9833,#8353,#8354);
#7049=AXIS2_PLACEMENT_3D('',#9841,#8359,#8360);
#7050=AXIS2_PLACEMENT_3D('',#9847,#8364,#8365);
#7051=AXIS2_PLACEMENT_3D('',#9853,#8369,#8370);
#7052=AXIS2_PLACEMENT_3D('',#9859,#8374,#8375);
#7053=AXIS2_PLACEMENT_3D('',#9867,#8380,#8381);
#7054=AXIS2_PLACEMENT_3D('',#9873,#8385,#8386);
#7055=AXIS2_PLACEMENT_3D('',#9881,#8391,#8392);
#7056=AXIS2_PLACEMENT_3D('',#9887,#8396,#8397);
#7057=AXIS2_PLACEMENT_3D('',#9895,#8402,#8403);
#7058=AXIS2_PLACEMENT_3D('',#9901,#8407,#8408);
#7059=AXIS2_PLACEMENT_3D('',#9909,#8413,#8414);
#7060=AXIS2_PLACEMENT_3D('',#9915,#8418,#8419);
#7061=AXIS2_PLACEMENT_3D('',#9923,#8424,#8425);
#7062=AXIS2_PLACEMENT_3D('',#9929,#8429,#8430);
#7063=AXIS2_PLACEMENT_3D('',#9934,#8434,#8435);
#7064=AXIS2_PLACEMENT_3D('',#9935,#8436,#8437);
#7065=AXIS2_PLACEMENT_3D('',#9946,#8445,#8446);
#7066=AXIS2_PLACEMENT_3D('',#9947,#8447,#8448);
#7067=AXIS2_PLACEMENT_3D('',#9948,#8449,#8450);
#7068=AXIS2_PLACEMENT_3D('',#9949,#8451,#8452);
#7069=AXIS2_PLACEMENT_3D('',#9951,#8454,#8455);
#7070=AXIS2_PLACEMENT_3D('',#9957,#8459,#8460);
#7071=AXIS2_PLACEMENT_3D('',#9963,#8464,#8465);
#7072=AXIS2_PLACEMENT_3D('',#9969,#8469,#8470);
#7073=AXIS2_PLACEMENT_3D('',#9972,#8473,#8474);
#7074=AXIS2_PLACEMENT_3D('',#9973,#8475,#8476);
#7075=AXIS2_PLACEMENT_3D('',#9974,#8477,#8478);
#7076=DIRECTION('',(0.,0.,1.));
#7077=DIRECTION('',(1.,0.,0.));
#7078=DIRECTION('',(1.,0.,0.));
#7079=DIRECTION('',(0.,0.,-1.));
#7080=DIRECTION('',(0.,0.,-1.));
#7081=DIRECTION('',(1.,0.,0.));
#7082=DIRECTION('',(0.,0.,-1.));
#7083=DIRECTION('',(0.,0.,-1.));
#7084=DIRECTION('',(0.,-1.,0.));
#7085=DIRECTION('',(-1.,0.,0.));
#7086=DIRECTION('',(0.,0.,1.));
#7087=DIRECTION('',(0.,0.,-1.));
#7088=DIRECTION('',(1.,0.,0.));
#7089=DIRECTION('',(0.,0.,-1.));
#7090=DIRECTION('',(0.,0.,-1.));
#7091=DIRECTION('',(0.,1.,0.));
#7092=DIRECTION('',(0.,-1.,0.));
#7093=DIRECTION('',(0.,0.,-1.));
#7094=DIRECTION('',(-1.,0.,0.));
#7095=DIRECTION('',(-1.,0.,0.));
#7096=DIRECTION('',(1.,0.,0.));
#7097=DIRECTION('',(0.,0.,-1.));
#7098=DIRECTION('',(0.,0.,-1.));
#7099=DIRECTION('',(1.,0.,0.));
#7100=DIRECTION('',(0.,0.,-1.));
#7101=DIRECTION('',(0.,0.,-1.));
#7102=DIRECTION('',(0.,1.,0.));
#7103=DIRECTION('',(-1.,0.,0.));
#7104=DIRECTION('',(0.,0.,1.));
#7105=DIRECTION('',(0.,0.,-1.));
#7106=DIRECTION('',(1.,0.,0.));
#7107=DIRECTION('',(0.,0.,-1.));
#7108=DIRECTION('',(0.,0.,-1.));
#7109=DIRECTION('',(0.,-1.,0.));
#7110=DIRECTION('',(0.,-1.,0.));
#7111=DIRECTION('',(0.,0.,-1.));
#7112=DIRECTION('',(0.,0.,-1.));
#7113=DIRECTION('',(1.,0.,0.));
#7114=DIRECTION('',(0.,0.,-1.));
#7115=DIRECTION('',(-1.,0.,0.));
#7116=DIRECTION('',(1.,0.,0.));
#7117=DIRECTION('',(0.,0.,-1.));
#7118=DIRECTION('',(0.,1.,0.));
#7119=DIRECTION('',(0.,0.,-1.));
#7120=DIRECTION('',(0.,1.,0.));
#7121=DIRECTION('',(0.,0.,1.));
#7122=DIRECTION('',(0.,-1.,0.));
#7123=DIRECTION('',(0.,0.,-1.));
#7124=DIRECTION('',(0.,1.,0.));
#7125=DIRECTION('',(1.,0.,0.));
#7126=DIRECTION('',(0.,0.,-1.));
#7127=DIRECTION('',(0.,0.,1.));
#7128=DIRECTION('',(0.,-1.,0.));
#7129=DIRECTION('',(1.,0.,0.));
#7130=DIRECTION('',(0.,0.,-1.));
#7131=DIRECTION('',(0.,0.,-1.));
#7132=DIRECTION('',(1.,0.,0.));
#7133=DIRECTION('',(0.,0.,-1.));
#7134=DIRECTION('',(0.,1.,0.));
#7135=DIRECTION('',(0.,0.,1.));
#7136=DIRECTION('',(1.,0.,0.));
#7137=DIRECTION('',(0.,0.,-1.));
#7138=DIRECTION('',(0.,-1.,0.));
#7139=DIRECTION('',(0.,0.,-1.));
#7140=DIRECTION('',(0.,1.,0.));
#7141=DIRECTION('',(0.,0.,1.));
#7142=DIRECTION('',(0.,0.,1.));
#7143=DIRECTION('',(1.,0.,0.));
#7144=DIRECTION('',(0.,0.,1.));
#7145=DIRECTION('',(1.,0.,0.));
#7146=DIRECTION('',(0.,1.,0.));
#7147=DIRECTION('',(-0.345707660946943,-0.938342268664581,0.));
#7148=DIRECTION('',(0.,-1.,0.));
#7149=DIRECTION('',(-1.,0.,0.));
#7150=DIRECTION('',(0.,1.,0.));
#7151=DIRECTION('',(0.,0.,-1.));
#7152=DIRECTION('',(-1.,0.,0.));
#7153=DIRECTION('',(0.,0.,-1.));
#7154=DIRECTION('',(-1.,0.,0.));
#7155=DIRECTION('',(0.,1.,0.));
#7156=DIRECTION('',(1.,0.,0.));
#7157=DIRECTION('',(0.,1.,0.));
#7158=DIRECTION('',(0.345707660946943,0.938342268664581,0.));
#7159=DIRECTION('',(0.,1.,0.));
#7160=DIRECTION('',(0.,1.,0.));
#7161=DIRECTION('',(0.,0.,1.));
#7162=DIRECTION('',(0.,1.,0.));
#7163=DIRECTION('',(1.,0.,0.));
#7164=DIRECTION('',(0.,0.,-1.));
#7165=DIRECTION('',(0.,1.,0.));
#7166=DIRECTION('',(1.,0.,0.));
#7167=DIRECTION('',(1.,0.,0.));
#7168=DIRECTION('',(0.,1.,0.));
#7169=DIRECTION('',(1.,0.,0.));
#7170=DIRECTION('',(0.,0.,1.));
#7171=DIRECTION('',(1.,0.,0.));
#7172=DIRECTION('',(0.,0.,-1.));
#7173=DIRECTION('',(0.,1.,0.));
#7174=DIRECTION('',(1.,0.,0.));
#7175=DIRECTION('',(1.,0.,0.));
#7176=DIRECTION('',(0.,1.,0.));
#7177=DIRECTION('',(1.,0.,0.));
#7178=DIRECTION('',(0.,0.,-1.));
#7179=DIRECTION('',(0.,1.,0.));
#7180=DIRECTION('',(1.,0.,0.));
#7181=DIRECTION('',(-1.,0.,0.));
#7182=DIRECTION('',(0.,1.,0.));
#7183=DIRECTION('',(1.,0.,0.));
#7184=DIRECTION('',(-5.78241158658921E-15,0.,-1.));
#7185=DIRECTION('',(-1.,0.,0.));
#7186=DIRECTION('',(6.50521303491311E-15,0.,1.));
#7187=DIRECTION('',(0.,1.,0.));
#7188=DIRECTION('',(1.,0.,0.));
#7189=DIRECTION('',(-1.,0.,0.));
#7190=DIRECTION('',(0.,1.,0.));
#7191=DIRECTION('',(1.,0.,0.));
#7192=DIRECTION('',(-1.,0.,0.));
#7193=DIRECTION('',(0.,0.,1.));
#7194=DIRECTION('',(-1.,0.,0.));
#7195=DIRECTION('',(-1.,0.,0.));
#7196=DIRECTION('',(0.,0.,1.));
#7197=DIRECTION('',(0.,1.,0.));
#7198=DIRECTION('',(1.,0.,0.));
#7199=DIRECTION('',(0.,0.,-1.));
#7200=DIRECTION('',(0.,0.,-1.));
#7201=DIRECTION('',(1.,0.,0.));
#7202=DIRECTION('',(0.,0.,-1.));
#7203=DIRECTION('',(0.,1.,0.));
#7204=DIRECTION('',(0.,0.,1.));
#7205=DIRECTION('',(0.,-1.,0.));
#7206=DIRECTION('',(0.,-0.976220395964215,0.216780392340893));
#7207=DIRECTION('',(0.,0.,1.));
#7208=DIRECTION('',(0.,0.976220395964215,0.216780392340893));
#7209=DIRECTION('',(0.,1.,0.));
#7210=DIRECTION('',(0.,0.,1.));
#7211=DIRECTION('',(-1.,0.,0.));
#7212=DIRECTION('',(0.,0.,1.));
#7213=DIRECTION('',(0.,1.,0.));
#7214=DIRECTION('',(0.,0.,1.));
#7215=DIRECTION('',(1.,0.,0.));
#7216=DIRECTION('',(0.,0.,-1.));
#7217=DIRECTION('',(0.,0.,1.));
#7218=DIRECTION('',(0.,1.,0.));
#7219=DIRECTION('',(0.,0.,-1.));
#7220=DIRECTION('',(0.,1.,0.));
#7221=DIRECTION('',(0.,0.,1.));
#7222=DIRECTION('',(0.,1.,0.));
#7223=DIRECTION('',(1.,0.,0.));
#7224=DIRECTION('',(0.,1.,0.));
#7225=DIRECTION('',(1.,0.,0.));
#7226=DIRECTION('',(0.,0.,-1.));
#7227=DIRECTION('',(-1.,0.,0.));
#7228=DIRECTION('',(0.,0.,1.));
#7229=DIRECTION('',(-1.,0.,0.));
#7230=DIRECTION('',(0.,0.,-1.));
#7231=DIRECTION('',(-1.,0.,0.));
#7232=DIRECTION('',(0.,0.,1.));
#7233=DIRECTION('',(-1.,0.,0.));
#7234=DIRECTION('',(0.,1.,0.));
#7235=DIRECTION('',(1.,0.,0.));
#7236=DIRECTION('',(-1.,0.,0.));
#7237=DIRECTION('',(0.,1.,0.));
#7238=DIRECTION('',(1.,0.,0.));
#7239=DIRECTION('',(0.,0.,1.));
#7240=DIRECTION('',(-1.,0.,0.));
#7241=DIRECTION('',(0.,0.,-1.));
#7242=DIRECTION('',(-1.,0.,0.));
#7243=DIRECTION('',(0.,0.,1.));
#7244=DIRECTION('',(0.,1.,0.));
#7245=DIRECTION('',(1.,0.,0.));
#7246=DIRECTION('',(0.,1.,0.));
#7247=DIRECTION('',(1.,0.,0.));
#7248=DIRECTION('',(-1.,0.,0.));
#7249=DIRECTION('',(0.,0.,-1.));
#7250=DIRECTION('',(1.,0.,0.));
#7251=DIRECTION('',(0.,1.,0.));
#7252=DIRECTION('',(1.,0.,0.));
#7253=DIRECTION('',(0.,1.,0.));
#7254=DIRECTION('',(1.,0.,0.));
#7255=DIRECTION('',(0.,0.,1.));
#7256=DIRECTION('',(-1.,0.,0.));
#7257=DIRECTION('',(0.,0.,-1.));
#7258=DIRECTION('',(1.,0.,0.));
#7259=DIRECTION('',(0.,0.,-1.));
#7260=DIRECTION('',(1.,0.,0.));
#7261=DIRECTION('',(0.,0.,-1.));
#7262=DIRECTION('',(1.,0.,0.));
#7263=DIRECTION('',(0.,0.,1.));
#7264=DIRECTION('',(-1.,0.,0.));
#7265=DIRECTION('',(0.,0.,-1.));
#7266=DIRECTION('',(0.,1.,0.));
#7267=DIRECTION('',(1.,0.,0.));
#7268=DIRECTION('',(0.,1.,0.));
#7269=DIRECTION('',(1.,0.,0.));
#7270=DIRECTION('',(0.,0.,-1.));
#7271=DIRECTION('',(-8.67361737988403E-16,-1.,0.));
#7272=DIRECTION('',(1.,-8.67361737988403E-16,0.));
#7273=DIRECTION('',(0.,0.,-1.));
#7274=DIRECTION('',(1.,-8.67361737988403E-16,0.));
#7275=DIRECTION('',(0.,0.,-1.));
#7276=DIRECTION('',(-1.,8.67361737988403E-16,0.));
#7277=DIRECTION('',(-8.67361737988403E-16,-1.,0.));
#7278=DIRECTION('',(1.,-8.67361737988403E-16,0.));
#7279=DIRECTION('',(-1.,8.67361737988403E-16,0.));
#7280=DIRECTION('',(0.,0.,-1.));
#7281=DIRECTION('',(-1.,8.67361737988403E-16,0.));
#7282=DIRECTION('',(0.,0.,-1.));
#7283=DIRECTION('',(-1.,0.,0.));
#7284=DIRECTION('',(1.,0.,0.));
#7285=DIRECTION('',(0.,1.,0.));
#7286=DIRECTION('',(0.345707660946943,-0.938342268664581,0.));
#7287=DIRECTION('',(0.,1.,0.));
#7288=DIRECTION('',(-1.,0.,0.));
#7289=DIRECTION('',(0.,1.,0.));
#7290=DIRECTION('',(1.,0.,0.));
#7291=DIRECTION('',(0.,0.,1.));
#7292=DIRECTION('',(1.,0.,0.));
#7293=DIRECTION('',(1.,0.,0.));
#7294=DIRECTION('',(-1.,0.,0.));
#7295=DIRECTION('',(0.,-1.,0.));
#7296=DIRECTION('',(-1.,0.,0.));
#7297=DIRECTION('',(0.,-1.,0.));
#7298=DIRECTION('',(-0.345707660946943,0.938342268664581,0.));
#7299=DIRECTION('',(0.,-1.,0.));
#7300=DIRECTION('',(1.,0.,0.));
#7301=DIRECTION('',(0.,0.,-1.));
#7302=DIRECTION('',(1.,0.,0.));
#7303=DIRECTION('',(0.,0.,-1.));
#7304=DIRECTION('',(0.,-1.,0.));
#7305=DIRECTION('',(0.,0.,-1.));
#7306=DIRECTION('',(0.,-1.,0.));
#7307=DIRECTION('',(0.,-0.976220395964215,-0.216780392340893));
#7308=DIRECTION('',(0.,0.,-1.));
#7309=DIRECTION('',(0.,0.976220395964215,-0.216780392340893));
#7310=DIRECTION('',(0.,1.,0.));
#7311=DIRECTION('',(0.,0.,-1.));
#7312=DIRECTION('',(0.,-1.,0.));
#7313=DIRECTION('',(1.,0.,0.));
#7314=DIRECTION('',(0.,0.,-1.));
#7315=DIRECTION('',(0.,0.,-1.));
#7316=DIRECTION('',(1.,0.,0.));
#7317=DIRECTION('',(0.,0.,-1.));
#7318=DIRECTION('',(0.,0.,1.));
#7319=DIRECTION('',(1.,0.,0.));
#7320=DIRECTION('',(0.,0.,-1.));
#7321=DIRECTION('',(0.,0.,1.));
#7322=DIRECTION('',(0.,0.,-1.));
#7323=DIRECTION('',(0.,-1.,0.));
#7324=DIRECTION('',(0.,-1.,0.));
#7325=DIRECTION('',(0.,0.,-1.));
#7326=DIRECTION('',(-1.,0.,0.));
#7327=DIRECTION('',(0.,0.,1.));
#7328=DIRECTION('',(0.,0.,1.));
#7329=DIRECTION('',(-1.,0.,0.));
#7330=DIRECTION('',(0.,0.,1.));
#7331=DIRECTION('',(1.,0.,0.));
#7332=DIRECTION('',(0.,0.,-1.));
#7333=DIRECTION('',(1.,0.,0.));
#7334=DIRECTION('',(0.,0.,-1.));
#7335=DIRECTION('',(1.,0.,0.));
#7336=DIRECTION('',(0.,0.,-1.));
#7337=DIRECTION('',(0.,0.,1.));
#7338=DIRECTION('',(0.,0.,1.));
#7339=DIRECTION('',(0.,0.,-1.));
#7340=DIRECTION('',(-1.,0.,0.));
#7341=DIRECTION('',(0.,0.,1.));
#7342=DIRECTION('',(1.,0.,0.));
#7343=DIRECTION('',(0.,0.,1.));
#7344=DIRECTION('',(-1.,0.,0.));
#7345=DIRECTION('',(0.,0.,1.));
#7346=DIRECTION('',(0.,-1.,0.));
#7347=DIRECTION('',(0.,0.,-1.));
#7348=DIRECTION('',(-1.,0.,0.));
#7349=DIRECTION('',(0.,-1.,0.));
#7350=DIRECTION('',(0.,0.,-1.));
#7351=DIRECTION('',(-1.,0.,0.));
#7352=DIRECTION('',(0.,1.,0.));
#7353=DIRECTION('',(1.,0.,0.));
#7354=DIRECTION('',(0.,0.,1.));
#7355=DIRECTION('',(-1.,0.,0.));
#7356=DIRECTION('',(0.,0.,-1.));
#7357=DIRECTION('',(1.,-1.86931409049225E-17,0.));
#7358=DIRECTION('',(-5.78241158658921E-15,0.,-1.));
#7359=DIRECTION('',(0.,1.,0.));
#7360=DIRECTION('',(1.,0.,0.));
#7361=DIRECTION('',(0.,0.,-1.));
#7362=DIRECTION('',(-1.,0.,0.));
#7363=DIRECTION('',(-1.,0.,0.));
#7364=DIRECTION('',(0.,-1.,0.));
#7365=DIRECTION('',(0.,1.,0.));
#7366=DIRECTION('',(-1.,0.,0.));
#7367=DIRECTION('',(1.,0.,0.));
#7368=DIRECTION('',(1.,0.,0.));
#7369=DIRECTION('',(0.345707660946943,-0.938342268664581,0.));
#7370=DIRECTION('',(-1.,0.,0.));
#7371=DIRECTION('',(0.,1.,0.));
#7372=DIRECTION('',(1.,-1.86931409049225E-17,0.));
#7373=DIRECTION('',(0.,1.,0.));
#7374=DIRECTION('',(0.,1.,0.));
#7375=DIRECTION('',(1.,-1.86931409049225E-17,0.));
#7376=DIRECTION('',(0.,-1.,0.));
#7377=DIRECTION('',(-1.,0.,0.));
#7378=DIRECTION('',(0.345707660946943,0.938342268664581,0.));
#7379=DIRECTION('',(0.,-1.,0.));
#7380=DIRECTION('',(0.,1.,0.));
#7381=DIRECTION('',(-1.,0.,0.));
#7382=DIRECTION('',(0.,-1.,0.));
#7383=DIRECTION('',(-1.,0.,0.));
#7384=DIRECTION('',(-1.,0.,0.));
#7385=DIRECTION('',(0.,0.,-1.));
#7386=DIRECTION('',(-1.,0.,0.));
#7387=DIRECTION('',(0.,0.,-1.));
#7388=DIRECTION('',(-1.,0.,0.));
#7389=DIRECTION('',(0.,1.,0.));
#7390=DIRECTION('',(0.,0.,-1.));
#7391=DIRECTION('',(-1.,0.,0.));
#7392=DIRECTION('',(0.,0.,-1.));
#7393=DIRECTION('',(-1.,0.,0.));
#7394=DIRECTION('',(0.,-1.,0.));
#7395=DIRECTION('',(0.,1.,0.));
#7396=DIRECTION('',(0.,0.,1.));
#7397=DIRECTION('',(0.,0.,-1.));
#7398=DIRECTION('',(0.,0.,-1.));
#7399=DIRECTION('',(-1.,0.,0.));
#7400=DIRECTION('',(0.,1.,0.));
#7401=DIRECTION('',(0.,0.,1.));
#7402=DIRECTION('',(-1.,0.,0.));
#7403=DIRECTION('',(0.,0.,-1.));
#7404=DIRECTION('',(-1.,0.,0.));
#7405=DIRECTION('',(0.,0.,1.));
#7406=DIRECTION('',(1.,0.,0.));
#7407=DIRECTION('',(-1.,0.,0.));
#7408=DIRECTION('',(-1.,0.,0.));
#7409=DIRECTION('',(0.,1.,0.));
#7410=DIRECTION('',(-1.,0.,0.));
#7411=DIRECTION('',(0.,1.,0.));
#7412=DIRECTION('',(0.345707660946943,0.938342268664581,0.));
#7413=DIRECTION('',(-1.,0.,0.));
#7414=DIRECTION('',(0.233445363855905,-0.972369920397677,0.));
#7415=DIRECTION('',(0.,0.,1.));
#7416=DIRECTION('',(1.,0.,0.));
#7417=DIRECTION('',(0.,0.,1.));
#7418=DIRECTION('',(1.,0.,0.));
#7419=DIRECTION('',(0.,1.,0.));
#7420=DIRECTION('',(0.,0.,1.));
#7421=DIRECTION('',(1.,0.,0.));
#7422=DIRECTION('',(1.,-1.86931409049225E-17,0.));
#7423=DIRECTION('',(0.,1.,0.));
#7424=DIRECTION('',(0.,1.,0.));
#7425=DIRECTION('',(0.,1.,0.));
#7426=DIRECTION('',(-1.,0.,0.));
#7427=DIRECTION('',(0.345707660946943,-0.938342268664581,0.));
#7428=DIRECTION('',(-1.,0.,0.));
#7429=DIRECTION('',(0.,-1.,0.));
#7430=DIRECTION('',(1.,0.,0.));
#7431=DIRECTION('',(1.,0.,0.));
#7432=DIRECTION('',(1.,0.,0.));
#7433=DIRECTION('',(0.,1.,0.));
#7434=DIRECTION('',(0.,0.,1.));
#7435=DIRECTION('',(-1.,0.,0.));
#7436=DIRECTION('',(0.,0.,-1.));
#7437=DIRECTION('',(0.,0.,-1.));
#7438=DIRECTION('',(0.,0.,-1.));
#7439=DIRECTION('',(0.,1.,0.));
#7440=DIRECTION('',(0.,0.,1.));
#7441=DIRECTION('',(-1.,0.,0.));
#7442=DIRECTION('',(0.,0.,-1.));
#7443=DIRECTION('',(0.,1.,0.));
#7444=DIRECTION('',(0.,0.,1.));
#7445=DIRECTION('',(0.,0.,-1.));
#7446=DIRECTION('',(-1.,0.,0.));
#7447=DIRECTION('',(0.,0.,1.));
#7448=DIRECTION('',(1.,0.,0.));
#7449=DIRECTION('',(0.,1.,0.));
#7450=DIRECTION('',(-1.,0.,0.));
#7451=DIRECTION('',(-0.345707660946943,-0.938342268664581,0.));
#7452=DIRECTION('',(-1.,0.,0.));
#7453=DIRECTION('',(0.,-1.,0.));
#7454=DIRECTION('',(0.,0.,-1.));
#7455=DIRECTION('',(0.,0.,1.));
#7456=DIRECTION('',(0.,0.,-1.));
#7457=DIRECTION('',(0.,-1.,0.));
#7458=DIRECTION('',(0.,0.,-1.));
#7459=DIRECTION('',(0.,1.,0.));
#7460=DIRECTION('',(1.,0.,0.));
#7461=DIRECTION('',(-1.,0.,0.));
#7462=DIRECTION('',(0.,0.,-1.));
#7463=DIRECTION('',(-1.,0.,0.));
#7464=DIRECTION('',(0.,0.,-1.));
#7465=DIRECTION('',(0.,0.,1.));
#7466=DIRECTION('',(1.,0.,0.));
#7467=DIRECTION('',(0.233445363855905,-0.972369920397677,0.));
#7468=DIRECTION('',(0.,-1.,0.));
#7469=DIRECTION('',(0.,0.,1.));
#7470=DIRECTION('',(1.,0.,0.));
#7471=DIRECTION('',(0.,-1.,0.));
#7472=DIRECTION('',(0.,0.,-1.));
#7473=DIRECTION('',(1.,0.,0.));
#7474=DIRECTION('',(0.,1.,0.));
#7475=DIRECTION('',(1.,0.,0.));
#7476=DIRECTION('',(0.,0.,-1.));
#7477=DIRECTION('',(0.,0.,-1.));
#7478=DIRECTION('',(0.,0.,1.));
#7479=DIRECTION('',(0.,1.,0.));
#7480=DIRECTION('',(1.,0.,0.));
#7481=DIRECTION('',(0.,0.,-1.));
#7482=DIRECTION('',(-1.,0.,0.));
#7483=DIRECTION('',(0.,0.,-1.));
#7484=DIRECTION('',(-1.,0.,0.));
#7485=DIRECTION('',(0.,1.,0.));
#7486=DIRECTION('',(0.,0.,-1.));
#7487=DIRECTION('',(-1.,0.,0.));
#7488=DIRECTION('',(0.,-1.,0.));
#7489=DIRECTION('',(0.,-1.,0.));
#7490=DIRECTION('',(0.,0.,-1.));
#7491=DIRECTION('',(0.,1.,0.));
#7492=DIRECTION('',(1.,0.,0.));
#7493=DIRECTION('',(6.50521303491311E-15,0.,1.));
#7494=DIRECTION('',(0.,0.,1.));
#7495=DIRECTION('',(0.,0.,-1.));
#7496=DIRECTION('',(-1.,0.,0.));
#7497=DIRECTION('',(0.,1.,0.));
#7498=DIRECTION('',(-1.,0.,0.));
#7499=DIRECTION('',(0.,-1.,0.));
#7500=DIRECTION('',(0.,-1.,0.));
#7501=DIRECTION('',(0.345707660946943,0.938342268664581,0.));
#7502=DIRECTION('',(0.,0.,1.));
#7503=DIRECTION('',(1.,0.,0.));
#7504=DIRECTION('',(0.,1.,0.));
#7505=DIRECTION('',(-1.,0.,0.));
#7506=DIRECTION('',(0.,-1.,0.));
#7507=DIRECTION('',(-0.345707660946943,-0.938342268664581,0.));
#7508=DIRECTION('',(0.,1.,0.));
#7509=DIRECTION('',(0.,-1.,0.));
#7510=DIRECTION('',(0.,-1.,0.));
#7511=DIRECTION('',(0.,0.,-1.));
#7512=DIRECTION('',(0.,1.,0.));
#7513=DIRECTION('',(1.,0.,0.));
#7514=DIRECTION('',(0.,0.,-1.));
#7515=DIRECTION('',(0.,0.,-1.));
#7516=DIRECTION('',(-1.,0.,0.));
#7517=DIRECTION('',(0.,0.,1.));
#7518=DIRECTION('',(0.,1.,0.));
#7519=DIRECTION('',(1.,0.,0.));
#7520=DIRECTION('',(1.,0.,0.));
#7521=DIRECTION('',(0.,0.,-1.));
#7522=DIRECTION('',(-1.,0.,0.));
#7523=DIRECTION('',(-1.,0.,0.));
#7524=DIRECTION('',(1.,0.,0.));
#7525=DIRECTION('',(1.,0.,0.));
#7526=DIRECTION('',(0.,0.216780392340893,-0.976220395964215));
#7527=DIRECTION('',(0.,0.976220395964215,0.216780392340893));
#7528=DIRECTION('',(-1.,0.,0.));
#7529=DIRECTION('',(0.,1.,0.));
#7530=DIRECTION('',(0.,0.,1.));
#7531=DIRECTION('',(0.,-1.,0.));
#7532=DIRECTION('',(0.,0.,-1.));
#7533=DIRECTION('',(0.,-1.,0.));
#7534=DIRECTION('',(0.,0.,-1.));
#7535=DIRECTION('',(0.,1.,0.));
#7536=DIRECTION('',(0.,0.,1.));
#7537=DIRECTION('',(0.,1.,0.));
#7538=DIRECTION('',(0.,0.,1.));
#7539=DIRECTION('',(-1.,0.,0.));
#7540=DIRECTION('',(0.,1.,0.));
#7541=DIRECTION('',(1.,0.,0.));
#7542=DIRECTION('',(0.,0.,1.));
#7543=DIRECTION('',(0.,1.,0.));
#7544=DIRECTION('',(1.,0.,0.));
#7545=DIRECTION('',(1.,0.,0.));
#7546=DIRECTION('',(0.,1.,0.));
#7547=DIRECTION('',(1.,0.,0.));
#7548=DIRECTION('',(0.,0.,-1.));
#7549=DIRECTION('',(0.,1.,0.));
#7550=DIRECTION('',(1.,0.,0.));
#7551=DIRECTION('',(-1.,0.,0.));
#7552=DIRECTION('',(0.,1.,0.));
#7553=DIRECTION('',(1.,0.,0.));
#7554=DIRECTION('',(0.,0.,1.));
#7555=DIRECTION('',(0.,1.,0.));
#7556=DIRECTION('',(1.,0.,0.));
#7557=DIRECTION('',(1.,0.,0.));
#7558=DIRECTION('',(0.,1.,0.));
#7559=DIRECTION('',(1.,0.,0.));
#7560=DIRECTION('',(0.,0.,-1.));
#7561=DIRECTION('',(0.,1.,0.));
#7562=DIRECTION('',(1.,0.,0.));
#7563=DIRECTION('',(-1.,0.,0.));
#7564=DIRECTION('',(0.,1.,0.));
#7565=DIRECTION('',(1.,0.,0.));
#7566=DIRECTION('',(0.,0.,1.));
#7567=DIRECTION('',(0.,1.,0.));
#7568=DIRECTION('',(1.,0.,0.));
#7569=DIRECTION('',(1.,0.,0.));
#7570=DIRECTION('',(0.,1.,0.));
#7571=DIRECTION('',(1.,0.,0.));
#7572=DIRECTION('',(0.,0.,-1.));
#7573=DIRECTION('',(0.,1.,0.));
#7574=DIRECTION('',(1.,0.,0.));
#7575=DIRECTION('',(-1.,0.,0.));
#7576=DIRECTION('',(0.,1.,0.));
#7577=DIRECTION('',(1.,0.,0.));
#7578=DIRECTION('',(0.,0.,1.));
#7579=DIRECTION('',(0.,1.,0.));
#7580=DIRECTION('',(1.,0.,0.));
#7581=DIRECTION('',(1.,0.,0.));
#7582=DIRECTION('',(0.,1.,0.));
#7583=DIRECTION('',(1.,0.,0.));
#7584=DIRECTION('',(0.,0.,-1.));
#7585=DIRECTION('',(0.,1.,0.));
#7586=DIRECTION('',(1.,0.,0.));
#7587=DIRECTION('',(-1.,0.,0.));
#7588=DIRECTION('',(0.,0.216780392340893,0.976220395964215));
#7589=DIRECTION('',(0.,-0.976220395964215,0.216780392340893));
#7590=DIRECTION('',(-1.,0.,0.));
#7591=DIRECTION('',(0.,0.,1.));
#7592=DIRECTION('',(1.,0.,0.));
#7593=DIRECTION('',(-1.,0.,0.));
#7594=DIRECTION('',(0.,-1.,0.));
#7595=DIRECTION('',(0.,0.,-1.));
#7596=DIRECTION('',(-1.,0.,0.));
#7597=DIRECTION('',(0.,0.,1.));
#7598=DIRECTION('',(0.,0.,-1.));
#7599=DIRECTION('',(0.,-1.,0.));
#7600=DIRECTION('',(0.,0.,-1.));
#7601=DIRECTION('',(0.,0.,-1.));
#7602=DIRECTION('',(-1.,0.,0.));
#7603=DIRECTION('',(0.,0.,1.));
#7604=DIRECTION('',(0.,0.,-1.));
#7605=DIRECTION('',(-1.,0.,0.));
#7606=DIRECTION('',(-0.233445363855905,0.972369920397677,0.));
#7607=DIRECTION('',(0.345707660946943,0.938342268664581,0.));
#7608=DIRECTION('',(0.,0.,-1.));
#7609=DIRECTION('',(-1.,0.,0.));
#7610=DIRECTION('',(0.,1.,0.));
#7611=DIRECTION('',(0.345707660946943,-0.938342268664581,0.));
#7612=DIRECTION('',(0.,0.,1.));
#7613=DIRECTION('',(1.,0.,0.));
#7614=DIRECTION('',(0.,-1.,0.));
#7615=DIRECTION('',(-1.,0.,0.));
#7616=DIRECTION('',(-0.345707660946943,0.938342268664581,0.));
#7617=DIRECTION('',(0.,-1.,0.));
#7618=DIRECTION('',(0.,0.,-1.));
#7619=DIRECTION('',(0.,0.,-1.));
#7620=DIRECTION('',(0.,0.,1.));
#7621=DIRECTION('',(-0.938342268664581,0.345707660946943,0.));
#7622=DIRECTION('',(-0.345707660946943,-0.938342268664581,0.));
#7623=DIRECTION('',(0.,0.,1.));
#7624=DIRECTION('',(-0.938342268664581,0.345707660946943,0.));
#7625=DIRECTION('',(-0.345707660946943,-0.938342268664581,0.));
#7626=DIRECTION('',(0.,0.,1.));
#7627=DIRECTION('',(-1.,0.,0.));
#7628=DIRECTION('',(0.,0.,1.));
#7629=DIRECTION('',(1.,0.,0.));
#7630=DIRECTION('',(0.,0.,-1.));
#7631=DIRECTION('',(0.,0.,1.));
#7632=DIRECTION('',(0.,-1.,0.));
#7633=DIRECTION('',(0.,0.,-1.));
#7634=DIRECTION('',(0.,0.,-1.));
#7635=DIRECTION('',(1.,0.,0.));
#7636=DIRECTION('',(0.,0.,-1.));
#7637=DIRECTION('',(0.,0.,1.));
#7638=DIRECTION('',(1.,0.,0.));
#7639=DIRECTION('',(0.,0.,-1.));
#7640=DIRECTION('',(0.938342268664581,0.345707660946943,0.));
#7641=DIRECTION('',(-0.345707660946943,0.938342268664581,0.));
#7642=DIRECTION('',(-0.345707660946943,0.938342268664581,0.));
#7643=DIRECTION('',(0.938342268664581,0.345707660946943,0.));
#7644=DIRECTION('',(-0.345707660946943,0.938342268664581,0.));
#7645=DIRECTION('',(-0.345707660946943,0.938342268664581,0.));
#7646=DIRECTION('',(-1.,0.,0.));
#7647=DIRECTION('',(0.,0.,1.));
#7648=DIRECTION('',(-1.,0.,0.));
#7649=DIRECTION('',(0.,0.,1.));
#7650=DIRECTION('',(-1.,0.,0.));
#7651=DIRECTION('',(0.,0.,1.));
#7652=DIRECTION('',(0.,0.,-1.));
#7653=DIRECTION('',(-1.,0.,0.));
#7654=DIRECTION('',(0.,0.,-1.));
#7655=DIRECTION('',(-1.,0.,0.));
#7656=DIRECTION('',(0.,-1.,0.));
#7657=DIRECTION('',(0.,0.,-1.));
#7658=DIRECTION('',(-1.,0.,0.));
#7659=DIRECTION('',(0.,-1.,0.));
#7660=DIRECTION('',(1.,0.,0.));
#7661=DIRECTION('',(0.,0.,-1.));
#7662=DIRECTION('',(0.,0.,1.));
#7663=DIRECTION('',(1.,0.,0.));
#7664=DIRECTION('',(0.,0.,1.));
#7665=DIRECTION('',(1.,0.,0.));
#7666=DIRECTION('',(0.,-1.,0.));
#7667=DIRECTION('',(0.,0.,1.));
#7668=DIRECTION('',(1.,0.,0.));
#7669=DIRECTION('',(0.,1.,0.));
#7670=DIRECTION('',(1.,0.,0.));
#7671=DIRECTION('',(0.,0.,-1.));
#7672=DIRECTION('',(-1.,0.,0.));
#7673=DIRECTION('',(0.,0.,1.));
#7674=DIRECTION('',(0.,0.,-1.));
#7675=DIRECTION('',(-1.,0.,0.));
#7676=DIRECTION('',(0.,0.,-1.));
#7677=DIRECTION('',(1.,0.,0.));
#7678=DIRECTION('',(0.,0.,-1.));
#7679=DIRECTION('',(0.,0.,-1.));
#7680=DIRECTION('',(0.,0.,-1.));
#7681=DIRECTION('',(-1.,0.,0.));
#7682=DIRECTION('',(0.,0.,-1.));
#7683=DIRECTION('',(-1.,0.,0.));
#7684=DIRECTION('',(0.,0.,-1.));
#7685=DIRECTION('',(-1.,0.,0.));
#7686=DIRECTION('',(0.,0.,1.));
#7687=DIRECTION('',(0.,0.,-1.));
#7688=DIRECTION('',(0.,0.,-1.));
#7689=DIRECTION('',(-1.,0.,0.));
#7690=DIRECTION('',(-0.972369920397677,-0.233445363855905,0.));
#7691=DIRECTION('',(0.233445363855905,-0.972369920397677,0.));
#7692=DIRECTION('',(0.,0.,1.));
#7693=DIRECTION('',(0.,0.,1.));
#7694=DIRECTION('',(1.,0.,0.));
#7695=DIRECTION('',(0.,0.,1.));
#7696=DIRECTION('',(1.,0.,0.));
#7697=DIRECTION('',(0.,0.,1.));
#7698=DIRECTION('',(1.,0.,0.));
#7699=DIRECTION('',(0.,0.,-1.));
#7700=DIRECTION('',(0.,0.,1.));
#7701=DIRECTION('',(0.,0.,1.));
#7702=DIRECTION('',(1.,0.,0.));
#7703=DIRECTION('',(1.,0.,0.));
#7704=DIRECTION('',(0.,0.,-1.));
#7705=DIRECTION('',(0.,-1.,0.));
#7706=DIRECTION('',(0.,0.,-1.));
#7707=DIRECTION('',(-1.,0.,0.));
#7708=DIRECTION('',(1.,0.,0.));
#7709=DIRECTION('',(0.,0.,-1.));
#7710=DIRECTION('',(1.,0.,0.));
#7711=DIRECTION('',(0.,0.,-1.));
#7712=DIRECTION('',(-1.,0.,0.));
#7713=DIRECTION('',(0.,0.,1.));
#7714=DIRECTION('',(1.,0.,0.));
#7715=DIRECTION('',(0.,0.,-1.));
#7716=DIRECTION('',(0.,1.,0.));
#7717=DIRECTION('',(0.,0.,1.));
#7718=DIRECTION('',(0.,1.,0.));
#7719=DIRECTION('',(0.,1.,0.));
#7720=DIRECTION('',(1.,0.,0.));
#7721=DIRECTION('',(0.,1.,0.));
#7722=DIRECTION('',(-1.,0.,0.));
#7723=DIRECTION('',(0.,0.,1.));
#7724=DIRECTION('',(0.,0.,1.));
#7725=DIRECTION('',(0.,1.,0.));
#7726=DIRECTION('',(0.,1.,0.));
#7727=DIRECTION('',(0.,0.,1.));
#7728=DIRECTION('',(0.,1.,0.));
#7729=DIRECTION('',(1.,0.,0.));
#7730=DIRECTION('',(0.,1.,0.));
#7731=DIRECTION('',(0.,0.,1.));
#7732=DIRECTION('',(1.,0.,0.));
#7733=DIRECTION('',(1.,0.,0.));
#7734=DIRECTION('',(0.,1.,0.));
#7735=DIRECTION('',(0.,1.,0.));
#7736=DIRECTION('',(0.,0.,1.));
#7737=DIRECTION('',(0.,1.,0.));
#7738=DIRECTION('',(1.,0.,0.));
#7739=DIRECTION('',(0.,1.,0.));
#7740=DIRECTION('',(1.,0.,0.));
#7741=DIRECTION('',(0.,0.,-1.));
#7742=DIRECTION('',(0.,0.,-1.));
#7743=DIRECTION('',(0.,1.,0.));
#7744=DIRECTION('',(0.,1.,0.));
#7745=DIRECTION('',(0.,0.,1.));
#7746=DIRECTION('',(0.,1.,0.));
#7747=DIRECTION('',(1.,0.,0.));
#7748=DIRECTION('',(0.,1.,0.));
#7749=DIRECTION('',(0.,0.,-1.));
#7750=DIRECTION('',(-1.,0.,0.));
#7751=DIRECTION('',(-1.,0.,0.));
#7752=DIRECTION('',(0.,1.,0.));
#7753=DIRECTION('',(0.,0.,1.));
#7754=DIRECTION('',(0.,1.,0.));
#7755=DIRECTION('',(0.,0.,1.));
#7756=DIRECTION('',(0.,1.,0.));
#7757=DIRECTION('',(0.,1.,0.));
#7758=DIRECTION('',(1.,0.,0.));
#7759=DIRECTION('',(0.,1.,0.));
#7760=DIRECTION('',(-1.,0.,0.));
#7761=DIRECTION('',(0.,0.,1.));
#7762=DIRECTION('',(0.,0.,1.));
#7763=DIRECTION('',(0.,1.,0.));
#7764=DIRECTION('',(0.,1.,0.));
#7765=DIRECTION('',(0.,0.,1.));
#7766=DIRECTION('',(0.,1.,0.));
#7767=DIRECTION('',(1.,0.,0.));
#7768=DIRECTION('',(0.,1.,0.));
#7769=DIRECTION('',(0.,0.,1.));
#7770=DIRECTION('',(1.,0.,0.));
#7771=DIRECTION('',(1.,0.,0.));
#7772=DIRECTION('',(0.,1.,0.));
#7773=DIRECTION('',(0.,1.,0.));
#7774=DIRECTION('',(0.,0.,1.));
#7775=DIRECTION('',(0.,1.,0.));
#7776=DIRECTION('',(1.,0.,0.));
#7777=DIRECTION('',(0.,1.,0.));
#7778=DIRECTION('',(1.,0.,0.));
#7779=DIRECTION('',(0.,0.,-1.));
#7780=DIRECTION('',(0.,0.,-1.));
#7781=DIRECTION('',(0.,1.,0.));
#7782=DIRECTION('',(0.,1.,0.));
#7783=DIRECTION('',(0.,0.,1.));
#7784=DIRECTION('',(0.,1.,0.));
#7785=DIRECTION('',(1.,0.,0.));
#7786=DIRECTION('',(0.,1.,0.));
#7787=DIRECTION('',(0.,0.,-1.));
#7788=DIRECTION('',(-1.,0.,0.));
#7789=DIRECTION('',(-1.,0.,0.));
#7790=DIRECTION('',(0.,1.,0.));
#7791=DIRECTION('',(0.,0.,1.));
#7792=DIRECTION('',(0.,1.,0.));
#7793=DIRECTION('',(0.,0.,1.));
#7794=DIRECTION('',(0.,1.,0.));
#7795=DIRECTION('',(0.,1.,0.));
#7796=DIRECTION('',(1.,0.,0.));
#7797=DIRECTION('',(0.,1.,0.));
#7798=DIRECTION('',(-1.,0.,0.));
#7799=DIRECTION('',(0.,0.,1.));
#7800=DIRECTION('',(0.,0.,1.));
#7801=DIRECTION('',(0.,1.,0.));
#7802=DIRECTION('',(0.,1.,0.));
#7803=DIRECTION('',(0.,0.,1.));
#7804=DIRECTION('',(0.,1.,0.));
#7805=DIRECTION('',(1.,0.,0.));
#7806=DIRECTION('',(0.,1.,0.));
#7807=DIRECTION('',(0.,0.,1.));
#7808=DIRECTION('',(1.,0.,0.));
#7809=DIRECTION('',(1.,0.,0.));
#7810=DIRECTION('',(0.,1.,0.));
#7811=DIRECTION('',(0.,1.,0.));
#7812=DIRECTION('',(0.,0.,1.));
#7813=DIRECTION('',(0.,1.,0.));
#7814=DIRECTION('',(1.,0.,0.));
#7815=DIRECTION('',(0.,1.,0.));
#7816=DIRECTION('',(1.,0.,0.));
#7817=DIRECTION('',(0.,0.,-1.));
#7818=DIRECTION('',(0.,0.,-1.));
#7819=DIRECTION('',(0.,1.,0.));
#7820=DIRECTION('',(0.,1.,0.));
#7821=DIRECTION('',(0.,0.,1.));
#7822=DIRECTION('',(0.,1.,0.));
#7823=DIRECTION('',(1.,0.,0.));
#7824=DIRECTION('',(0.,1.,0.));
#7825=DIRECTION('',(0.,0.,-1.));
#7826=DIRECTION('',(-1.,0.,0.));
#7827=DIRECTION('',(-1.,0.,0.));
#7828=DIRECTION('',(0.,1.,0.));
#7829=DIRECTION('',(0.,0.,1.));
#7830=DIRECTION('',(0.,1.,0.));
#7831=DIRECTION('',(0.,0.,1.));
#7832=DIRECTION('',(0.,1.,0.));
#7833=DIRECTION('',(0.,1.,0.));
#7834=DIRECTION('',(1.,0.,0.));
#7835=DIRECTION('',(0.,1.,0.));
#7836=DIRECTION('',(-1.,0.,0.));
#7837=DIRECTION('',(0.,0.,1.));
#7838=DIRECTION('',(0.,0.,1.));
#7839=DIRECTION('',(0.,1.,0.));
#7840=DIRECTION('',(0.,1.,0.));
#7841=DIRECTION('',(0.,0.,1.));
#7842=DIRECTION('',(0.,1.,0.));
#7843=DIRECTION('',(1.,0.,0.));
#7844=DIRECTION('',(0.,1.,0.));
#7845=DIRECTION('',(0.,0.,1.));
#7846=DIRECTION('',(1.,0.,0.));
#7847=DIRECTION('',(1.,0.,0.));
#7848=DIRECTION('',(0.,1.,0.));
#7849=DIRECTION('',(0.,1.,0.));
#7850=DIRECTION('',(0.,0.,1.));
#7851=DIRECTION('',(0.,1.,0.));
#7852=DIRECTION('',(1.,0.,0.));
#7853=DIRECTION('',(0.,1.,0.));
#7854=DIRECTION('',(1.,0.,0.));
#7855=DIRECTION('',(0.,0.,-1.));
#7856=DIRECTION('',(0.,0.,-1.));
#7857=DIRECTION('',(0.,1.,0.));
#7858=DIRECTION('',(0.,1.,0.));
#7859=DIRECTION('',(0.,0.,1.));
#7860=DIRECTION('',(0.,1.,0.));
#7861=DIRECTION('',(1.,0.,0.));
#7862=DIRECTION('',(0.,1.,0.));
#7863=DIRECTION('',(0.,0.,-1.));
#7864=DIRECTION('',(-1.,0.,0.));
#7865=DIRECTION('',(-1.,0.,0.));
#7866=DIRECTION('',(0.,1.,0.));
#7867=DIRECTION('',(0.,0.,1.));
#7868=DIRECTION('',(0.,1.,0.));
#7869=DIRECTION('',(0.,0.,1.));
#7870=DIRECTION('',(0.,1.,0.));
#7871=DIRECTION('',(0.,0.,1.));
#7872=DIRECTION('',(0.,1.,0.));
#7873=DIRECTION('',(0.,0.,1.));
#7874=DIRECTION('',(0.,1.,0.));
#7875=DIRECTION('',(0.,0.,1.));
#7876=DIRECTION('',(0.,1.,0.));
#7877=DIRECTION('',(0.,0.,1.));
#7878=DIRECTION('',(0.,1.,0.));
#7879=DIRECTION('',(0.,0.,1.));
#7880=DIRECTION('',(0.,1.,0.));
#7881=DIRECTION('',(0.,0.,1.));
#7882=DIRECTION('',(0.,1.,0.));
#7883=DIRECTION('',(0.,0.,1.));
#7884=DIRECTION('',(0.,1.,0.));
#7885=DIRECTION('',(0.,0.,1.));
#7886=DIRECTION('',(0.,1.,0.));
#7887=DIRECTION('',(0.,0.,1.));
#7888=DIRECTION('',(0.,-1.,0.));
#7889=DIRECTION('',(0.,0.,-1.));
#7890=DIRECTION('',(0.,-1.,0.));
#7891=DIRECTION('',(0.,0.,-1.));
#7892=DIRECTION('',(0.,-1.,0.));
#7893=DIRECTION('',(0.,0.,-1.));
#7894=DIRECTION('',(0.,-1.,0.));
#7895=DIRECTION('',(0.,0.,-1.));
#7896=DIRECTION('',(0.,-1.,0.));
#7897=DIRECTION('',(0.,0.,-1.));
#7898=DIRECTION('',(0.,-1.,0.));
#7899=DIRECTION('',(0.,0.,-1.));
#7900=DIRECTION('',(-1.,0.,0.));
#7901=DIRECTION('',(0.,0.,1.));
#7902=DIRECTION('',(0.,0.,-1.));
#7903=DIRECTION('',(1.,0.,0.));
#7904=DIRECTION('',(0.,0.,-1.));
#7905=DIRECTION('',(0.,0.,1.));
#7906=DIRECTION('',(1.,0.,0.));
#7907=DIRECTION('',(0.,0.,-1.));
#7908=DIRECTION('',(0.,0.,-1.));
#7909=DIRECTION('',(1.,0.,0.));
#7910=DIRECTION('',(0.,0.,-1.));
#7911=DIRECTION('',(0.,0.,1.));
#7912=DIRECTION('',(1.,0.,0.));
#7913=DIRECTION('',(0.,0.,-1.));
#7914=DIRECTION('',(0.,1.,0.));
#7915=DIRECTION('',(0.,0.,1.));
#7916=DIRECTION('',(0.,1.,0.));
#7917=DIRECTION('',(0.,1.,0.));
#7918=DIRECTION('',(0.,0.,1.));
#7919=DIRECTION('',(0.,1.,0.));
#7920=DIRECTION('',(0.,0.,1.));
#7921=DIRECTION('',(1.,0.,0.));
#7922=DIRECTION('',(0.,1.,0.));
#7923=DIRECTION('',(0.,1.,0.));
#7924=DIRECTION('',(0.,0.,1.));
#7925=DIRECTION('',(0.,1.,0.));
#7926=DIRECTION('',(-1.,0.,0.));
#7927=DIRECTION('',(0.,0.,1.));
#7928=DIRECTION('',(1.,0.,0.));
#7929=DIRECTION('',(0.,0.,-1.));
#7930=DIRECTION('',(0.,1.,0.));
#7931=DIRECTION('',(0.,1.,0.));
#7932=DIRECTION('',(0.,0.,1.));
#7933=DIRECTION('',(0.,1.,0.));
#7934=DIRECTION('',(0.,0.,1.));
#7935=DIRECTION('',(1.,0.,0.));
#7936=DIRECTION('',(0.,1.,0.));
#7937=DIRECTION('',(0.,1.,0.));
#7938=DIRECTION('',(0.,0.,1.));
#7939=DIRECTION('',(0.,1.,0.));
#7940=DIRECTION('',(0.,1.,0.));
#7941=DIRECTION('',(0.,0.,1.));
#7942=DIRECTION('',(0.,1.,0.));
#7943=DIRECTION('',(0.,0.,1.));
#7944=DIRECTION('',(1.,0.,0.));
#7945=DIRECTION('',(0.,0.,1.));
#7946=DIRECTION('',(1.,0.,0.));
#7947=DIRECTION('',(0.,-1.,0.));
#7948=DIRECTION('',(0.,0.,-1.));
#7949=DIRECTION('',(-1.,0.,0.));
#7950=DIRECTION('',(0.,0.,-1.));
#7951=DIRECTION('',(-1.,0.,0.));
#7952=DIRECTION('',(0.,1.,0.));
#7953=DIRECTION('',(0.,1.,0.));
#7954=DIRECTION('',(0.,1.,0.));
#7955=DIRECTION('',(0.,0.,1.));
#7956=DIRECTION('',(0.,1.,0.));
#7957=DIRECTION('',(0.,1.,0.));
#7958=DIRECTION('',(0.,0.,1.));
#7959=DIRECTION('',(0.,1.,0.));
#7960=DIRECTION('',(0.,0.,-1.));
#7961=DIRECTION('',(-1.,0.,0.));
#7962=DIRECTION('',(0.,1.,0.));
#7963=DIRECTION('',(0.,1.,0.));
#7964=DIRECTION('',(0.,0.,1.));
#7965=DIRECTION('',(0.,1.,0.));
#7966=DIRECTION('',(1.,0.,-5.78241158658921E-15));
#7967=DIRECTION('',(-5.78241158658921E-15,0.,-1.));
#7968=DIRECTION('',(-1.,0.,6.50521303491311E-15));
#7969=DIRECTION('',(6.50521303491311E-15,0.,1.));
#7970=DIRECTION('',(0.,1.,0.));
#7971=DIRECTION('',(0.,1.,0.));
#7972=DIRECTION('',(0.,0.,1.));
#7973=DIRECTION('',(0.,1.,0.));
#7974=DIRECTION('',(0.,0.,-1.));
#7975=DIRECTION('',(-1.,0.,0.));
#7976=DIRECTION('',(0.,1.,0.));
#7977=DIRECTION('',(0.,1.,0.));
#7978=DIRECTION('',(0.,0.,1.));
#7979=DIRECTION('',(0.,1.,0.));
#7980=DIRECTION('',(-1.,0.,0.));
#7981=DIRECTION('',(0.,0.,1.));
#7982=DIRECTION('',(1.,0.,0.));
#7983=DIRECTION('',(0.,0.,-1.));
#7984=DIRECTION('',(0.,0.,-1.));
#7985=DIRECTION('',(1.,0.,0.));
#7986=DIRECTION('',(0.,0.,-1.));
#7987=DIRECTION('',(0.,1.,0.));
#7988=DIRECTION('',(0.,0.,-1.));
#7989=DIRECTION('',(-1.,0.,0.));
#7990=DIRECTION('',(0.,1.,0.));
#7991=DIRECTION('',(0.,1.,0.));
#7992=DIRECTION('',(0.,0.,1.));
#7993=DIRECTION('',(0.,1.,0.));
#7994=DIRECTION('',(0.,1.,0.));
#7995=DIRECTION('',(0.,0.,1.));
#7996=DIRECTION('',(1.,0.,0.));
#7997=DIRECTION('',(0.,0.,-1.));
#7998=DIRECTION('',(1.,0.,0.));
#7999=DIRECTION('',(0.,0.,-1.));
#8000=DIRECTION('',(1.,0.,0.));
#8001=DIRECTION('',(0.,0.,-1.));
#8002=DIRECTION('',(1.,0.,0.));
#8003=DIRECTION('',(0.,0.,-1.));
#8004=DIRECTION('',(1.,0.,0.));
#8005=DIRECTION('',(0.,-1.,0.));
#8006=DIRECTION('',(0.,0.,-1.));
#8007=DIRECTION('',(1.,0.,0.));
#8008=DIRECTION('',(1.,0.,0.));
#8009=DIRECTION('',(0.,0.,-1.));
#8010=DIRECTION('',(0.,1.,0.));
#8011=DIRECTION('',(0.,0.,1.));
#8012=DIRECTION('',(1.,0.,0.));
#8013=DIRECTION('',(1.,0.,0.));
#8014=DIRECTION('',(0.,0.,-1.));
#8015=DIRECTION('',(1.,0.,0.));
#8016=DIRECTION('',(0.,0.,-1.));
#8017=DIRECTION('',(1.,0.,0.));
#8018=DIRECTION('',(0.,1.,0.));
#8019=DIRECTION('',(0.,0.,1.));
#8020=DIRECTION('',(1.,0.,0.));
#8021=DIRECTION('',(0.,0.,-1.));
#8022=DIRECTION('',(1.,0.,0.));
#8023=DIRECTION('',(0.,0.,-1.));
#8024=DIRECTION('',(1.,0.,0.));
#8025=DIRECTION('',(0.,0.,-1.));
#8026=DIRECTION('',(-1.,0.,0.));
#8027=DIRECTION('',(0.,0.,1.));
#8028=DIRECTION('',(-1.,0.,0.));
#8029=DIRECTION('',(0.,1.,0.));
#8030=DIRECTION('',(0.,0.,1.));
#8031=DIRECTION('',(-1.,0.,0.));
#8032=DIRECTION('',(-1.,0.,0.));
#8033=DIRECTION('',(0.,0.,1.));
#8034=DIRECTION('',(0.,-1.,0.));
#8035=DIRECTION('',(0.,0.,-1.));
#8036=DIRECTION('',(-1.,0.,0.));
#8037=DIRECTION('',(-1.,0.,0.));
#8038=DIRECTION('',(0.,0.,1.));
#8039=DIRECTION('',(-1.,0.,0.));
#8040=DIRECTION('',(0.,0.,1.));
#8041=DIRECTION('',(-1.,0.,0.));
#8042=DIRECTION('',(0.,-1.,0.));
#8043=DIRECTION('',(0.,0.,-1.));
#8044=DIRECTION('',(0.,0.,-1.));
#8045=DIRECTION('',(-1.,0.,0.));
#8046=DIRECTION('',(0.,0.,-1.));
#8047=DIRECTION('',(-1.,0.,0.));
#8048=DIRECTION('',(1.,0.,0.));
#8049=DIRECTION('',(0.,0.,-1.));
#8050=DIRECTION('',(1.,0.,0.));
#8051=DIRECTION('',(0.,0.,-1.));
#8052=DIRECTION('',(1.,0.,0.));
#8053=DIRECTION('',(1.,0.,0.));
#8054=DIRECTION('',(0.,0.,-1.));
#8055=DIRECTION('',(1.,0.,0.));
#8056=DIRECTION('',(0.,0.,-1.));
#8057=DIRECTION('',(1.,0.,0.));
#8058=DIRECTION('',(1.,0.,0.));
#8059=DIRECTION('',(0.,0.,-1.));
#8060=DIRECTION('',(0.,-1.,0.));
#8061=DIRECTION('',(1.22464679914735E-16,0.,-1.));
#8062=DIRECTION('',(0.,-1.,0.));
#8063=DIRECTION('',(0.,1.,0.));
#8064=DIRECTION('',(0.,0.,1.));
#8065=DIRECTION('',(1.,0.,1.91724522101769E-16));
#8066=DIRECTION('',(1.22464679914735E-16,0.,-1.));
#8067=DIRECTION('',(1.,0.,1.91724522101769E-16));
#8068=DIRECTION('',(0.,1.,0.));
#8069=DIRECTION('',(1.,0.,0.));
#8070=DIRECTION('',(0.676618982094545,0.,0.736333316555309));
#8071=DIRECTION('',(0.,1.,0.));
#8072=DIRECTION('',(1.,0.,0.));
#8073=DIRECTION('',(0.73633331655531,0.,-0.676618982094545));
#8074=DIRECTION('',(-0.676618982094545,0.,-0.73633331655531));
#8075=DIRECTION('',(-0.736333316555309,0.,0.676618982094545));
#8076=DIRECTION('',(0.,1.,0.));
#8077=DIRECTION('',(1.,0.,0.));
#8078=DIRECTION('',(-0.676618982094545,0.,-0.73633331655531));
#8079=DIRECTION('',(0.,1.,0.));
#8080=DIRECTION('',(1.,0.,0.));
#8081=DIRECTION('',(0.,-1.,0.));
#8082=DIRECTION('',(0.,0.,-1.));
#8083=DIRECTION('',(-1.,0.,-1.24099780020061E-16));
#8084=DIRECTION('',(0.,1.,0.));
#8085=DIRECTION('',(1.,0.,0.));
#8086=DIRECTION('',(-0.676618982094545,0.,-0.73633331655531));
#8087=DIRECTION('',(0.,1.,0.));
#8088=DIRECTION('',(1.,0.,0.));
#8089=DIRECTION('',(-0.736333316555309,0.,0.676618982094545));
#8090=DIRECTION('',(-0.676618982094545,0.,-0.73633331655531));
#8091=DIRECTION('',(0.73633331655531,0.,-0.676618982094545));
#8092=DIRECTION('',(0.,1.,0.));
#8093=DIRECTION('',(1.,0.,0.));
#8094=DIRECTION('',(0.676618982094545,0.,0.736333316555309));
#8095=DIRECTION('',(0.,1.,0.));
#8096=DIRECTION('',(1.,0.,0.));
#8097=DIRECTION('',(-1.,0.,-1.24099780020061E-16));
#8098=DIRECTION('',(1.22464679914735E-16,0.,-1.));
#8099=DIRECTION('',(1.22464679914735E-16,0.,-1.));
#8100=DIRECTION('',(-1.,0.,-1.22464679914735E-16));
#8101=DIRECTION('',(1.22464679914735E-16,0.,-1.));
#8102=DIRECTION('',(-1.,0.,-1.22464679914735E-16));
#8103=DIRECTION('',(1.22464679914735E-16,0.,-1.));
#8104=DIRECTION('',(-1.,0.,-1.22464679914735E-16));
#8105=DIRECTION('',(1.22464679914735E-16,0.,-1.));
#8106=DIRECTION('',(-0.942641491092179,-0.333806859233771,-1.15440288480952E-16));
#8107=DIRECTION('',(0.333806859233771,-0.942641491092179,0.));
#8108=DIRECTION('',(-0.33380685923377,0.942641491092178,0.));
#8109=DIRECTION('',(-0.33380685923377,0.942641491092178,0.));
#8110=DIRECTION('',(1.22464679914735E-16,0.,-1.));
#8111=DIRECTION('',(-1.,0.,-1.22464679914735E-16));
#8112=DIRECTION('',(1.22464679914735E-16,0.,-1.));
#8113=DIRECTION('',(-1.,0.,-1.22464679914735E-16));
#8114=DIRECTION('',(1.22464679914735E-16,0.,-1.));
#8115=DIRECTION('',(-1.,0.,-1.22464679914735E-16));
#8116=DIRECTION('',(1.22464679914735E-16,0.,-1.));
#8117=DIRECTION('',(-1.,0.,-1.22464679914735E-16));
#8118=DIRECTION('',(0.,1.,0.));
#8119=DIRECTION('',(1.22464679914735E-16,0.,-1.));
#8120=DIRECTION('',(-1.,0.,-1.22464679914735E-16));
#8121=DIRECTION('',(0.,1.,0.));
#8122=DIRECTION('',(0.,1.,0.));
#8123=DIRECTION('',(0.,0.,1.));
#8124=DIRECTION('',(0.,1.,0.));
#8125=DIRECTION('',(-0.736333316555309,0.,0.676618982094545));
#8126=DIRECTION('',(0.676618982094545,0.,0.736333316555309));
#8127=DIRECTION('',(0.,1.,0.));
#8128=DIRECTION('',(0.,1.,0.));
#8129=DIRECTION('',(0.,0.,1.));
#8130=DIRECTION('',(0.,1.,0.));
#8131=DIRECTION('',(0.676618982094545,0.,0.73633331655531));
#8132=DIRECTION('',(0.73633331655531,0.,-0.676618982094545));
#8133=DIRECTION('',(0.,1.,0.));
#8134=DIRECTION('',(0.736333316555309,0.,-0.676618982094545));
#8135=DIRECTION('',(-0.676618982094545,0.,-0.736333316555309));
#8136=DIRECTION('',(0.,1.,0.));
#8137=DIRECTION('',(-0.676618982094545,0.,-0.736333316555309));
#8138=DIRECTION('',(-0.736333316555309,0.,0.676618982094545));
#8139=DIRECTION('',(0.,1.,0.));
#8140=DIRECTION('',(0.,1.,0.));
#8141=DIRECTION('',(0.,0.,1.));
#8142=DIRECTION('',(0.,1.,0.));
#8143=DIRECTION('',(0.73633331655531,0.,-0.676618982094545));
#8144=DIRECTION('',(-0.676618982094545,0.,-0.73633331655531));
#8145=DIRECTION('',(0.,1.,0.));
#8146=DIRECTION('',(0.,1.,0.));
#8147=DIRECTION('',(0.,0.,1.));
#8148=DIRECTION('',(1.,0.,0.));
#8149=DIRECTION('',(0.,0.,-1.));
#8150=DIRECTION('',(1.,0.,0.));
#8151=DIRECTION('',(0.,0.,-1.));
#8152=DIRECTION('',(1.,0.,0.));
#8153=DIRECTION('',(1.,0.,0.));
#8154=DIRECTION('',(0.,0.,-1.));
#8155=DIRECTION('',(0.,0.,-1.));
#8156=DIRECTION('',(-1.,0.,0.));
#8157=DIRECTION('',(0.,1.,0.));
#8158=DIRECTION('',(1.,0.,0.));
#8159=DIRECTION('',(0.,1.,0.));
#8160=DIRECTION('',(1.,0.,0.));
#8161=DIRECTION('',(0.,0.,-1.));
#8162=DIRECTION('',(1.,0.,0.));
#8163=DIRECTION('',(0.,0.,-1.));
#8164=DIRECTION('',(1.,0.,0.));
#8165=DIRECTION('',(1.,0.,0.));
#8166=DIRECTION('',(0.,0.,-1.));
#8167=DIRECTION('',(0.,1.,0.));
#8168=DIRECTION('',(0.,0.,1.));
#8169=DIRECTION('',(0.,0.,1.));
#8170=DIRECTION('',(1.,0.,0.));
#8171=DIRECTION('',(0.,0.,1.));
#8172=DIRECTION('',(0.,0.,-1.));
#8173=DIRECTION('',(-1.,0.,0.));
#8174=DIRECTION('',(0.,1.,0.));
#8175=DIRECTION('',(1.,0.,0.));
#8176=DIRECTION('',(0.,1.,0.));
#8177=DIRECTION('',(0.,-1.,0.));
#8178=DIRECTION('',(0.,0.,-1.));
#8179=DIRECTION('',(0.,0.,-1.));
#8180=DIRECTION('',(1.,0.,0.));
#8181=DIRECTION('',(0.,0.,-1.));
#8182=DIRECTION('',(1.,0.,0.));
#8183=DIRECTION('',(0.,0.,-1.));
#8184=DIRECTION('',(1.,0.,0.));
#8185=DIRECTION('',(0.,0.,-1.));
#8186=DIRECTION('',(1.,0.,0.));
#8187=DIRECTION('',(1.,0.,0.));
#8188=DIRECTION('',(0.,0.,-1.));
#8189=DIRECTION('',(0.,0.,1.));
#8190=DIRECTION('',(1.,0.,0.));
#8191=DIRECTION('',(0.,-1.,0.));
#8192=DIRECTION('',(1.,0.,0.));
#8193=DIRECTION('',(0.,-1.,0.));
#8194=DIRECTION('',(1.,0.,0.));
#8195=DIRECTION('',(0.,0.,-1.));
#8196=DIRECTION('',(1.,0.,0.));
#8197=DIRECTION('',(0.,0.,-1.));
#8198=DIRECTION('',(1.,0.,0.));
#8199=DIRECTION('',(0.,0.,-1.));
#8200=DIRECTION('',(1.,0.,0.));
#8201=DIRECTION('',(0.,0.,-1.));
#8202=DIRECTION('',(1.,0.,0.));
#8203=DIRECTION('',(0.,0.,-1.));
#8204=DIRECTION('',(-1.,0.,0.));
#8205=DIRECTION('',(0.,0.,1.));
#8206=DIRECTION('',(1.,0.,0.));
#8207=DIRECTION('',(0.,0.,-1.));
#8208=DIRECTION('',(1.,0.,0.));
#8209=DIRECTION('',(0.,0.,-1.));
#8210=DIRECTION('',(-1.,0.,0.));
#8211=DIRECTION('',(0.,0.,1.));
#8212=DIRECTION('',(1.,0.,0.));
#8213=DIRECTION('',(0.,1.,0.));
#8214=DIRECTION('',(0.,1.,0.));
#8215=DIRECTION('',(-1.,0.,0.));
#8216=DIRECTION('',(-1.,0.,0.));
#8217=DIRECTION('',(0.,0.,1.));
#8218=DIRECTION('',(1.,0.,0.));
#8219=DIRECTION('',(0.,0.,-1.));
#8220=DIRECTION('',(1.,0.,0.));
#8221=DIRECTION('',(0.,0.,-1.));
#8222=DIRECTION('',(-1.,0.,0.));
#8223=DIRECTION('',(0.,1.,0.));
#8224=DIRECTION('',(0.,0.,1.));
#8225=DIRECTION('',(0.,0.,-1.));
#8226=DIRECTION('',(0.,0.,-1.));
#8227=DIRECTION('',(-1.,0.,0.));
#8228=DIRECTION('',(0.,0.,-1.));
#8229=DIRECTION('',(-1.,0.,0.));
#8230=DIRECTION('',(0.,-1.,0.));
#8231=DIRECTION('',(0.,-1.,0.));
#8232=DIRECTION('',(-1.,0.,0.));
#8233=DIRECTION('',(0.,-1.,0.));
#8234=DIRECTION('',(0.,0.,-1.));
#8235=DIRECTION('',(0.,0.,1.));
#8236=DIRECTION('',(0.,0.,1.));
#8237=DIRECTION('',(-1.,0.,0.));
#8238=DIRECTION('',(-1.,0.,0.));
#8239=DIRECTION('',(0.,0.,1.));
#8240=DIRECTION('',(1.,0.,0.));
#8241=DIRECTION('',(0.,0.,-1.));
#8242=DIRECTION('',(1.,0.,0.));
#8243=DIRECTION('',(0.,0.,-1.));
#8244=DIRECTION('',(-1.,0.,0.));
#8245=DIRECTION('',(0.,0.,-1.));
#8246=DIRECTION('',(-1.,0.,0.));
#8247=DIRECTION('',(0.,-1.,0.));
#8248=DIRECTION('',(0.,-1.,0.));
#8249=DIRECTION('',(-1.,0.,0.));
#8250=DIRECTION('',(-1.,0.,0.));
#8251=DIRECTION('',(0.,0.,1.));
#8252=DIRECTION('',(1.,0.,0.));
#8253=DIRECTION('',(0.,0.,-1.));
#8254=DIRECTION('',(1.,0.,0.));
#8255=DIRECTION('',(0.,0.,-1.));
#8256=DIRECTION('',(1.,0.,0.));
#8257=DIRECTION('',(0.,0.,-1.));
#8258=DIRECTION('',(1.,0.,0.));
#8259=DIRECTION('',(0.,0.,-1.));
#8260=DIRECTION('',(1.,0.,0.));
#8261=DIRECTION('',(0.,0.,-1.));
#8262=DIRECTION('',(1.,0.,0.));
#8263=DIRECTION('',(0.,0.,-1.));
#8264=DIRECTION('',(0.,-1.,0.));
#8265=DIRECTION('',(1.,0.,0.));
#8266=DIRECTION('',(0.,0.,-1.));
#8267=DIRECTION('',(0.,0.,-1.));
#8268=DIRECTION('',(0.,1.,0.));
#8269=DIRECTION('',(0.,0.,1.));
#8270=DIRECTION('',(1.,0.,0.));
#8271=DIRECTION('',(0.,0.,-1.));
#8272=DIRECTION('',(0.,1.,0.));
#8273=DIRECTION('',(1.,0.,0.));
#8274=DIRECTION('',(0.,0.,-1.));
#8275=DIRECTION('',(1.,0.,0.));
#8276=DIRECTION('',(0.,0.,-1.));
#8277=DIRECTION('',(1.,0.,0.));
#8278=DIRECTION('',(0.,0.,-1.));
#8279=DIRECTION('',(1.,0.,0.));
#8280=DIRECTION('',(0.,0.,-1.));
#8281=DIRECTION('',(0.,1.,0.));
#8282=DIRECTION('',(1.,0.,0.));
#8283=DIRECTION('',(0.,0.,-1.));
#8284=DIRECTION('',(0.,0.,1.));
#8285=DIRECTION('',(0.,1.,0.));
#8286=DIRECTION('',(0.,0.,-1.));
#8287=DIRECTION('',(1.,0.,0.));
#8288=DIRECTION('',(0.,0.,-1.));
#8289=DIRECTION('',(0.,-1.,0.));
#8290=DIRECTION('',(-1.,0.,0.));
#8291=DIRECTION('',(0.,0.,1.));
#8292=DIRECTION('',(-1.,0.,0.));
#8293=DIRECTION('',(0.,0.,-1.));
#8294=DIRECTION('',(-1.,0.,0.));
#8295=DIRECTION('',(-1.,0.,0.));
#8296=DIRECTION('',(-1.,0.,0.));
#8297=DIRECTION('',(0.,0.,1.));
#8298=DIRECTION('',(-1.,0.,0.));
#8299=DIRECTION('',(0.,1.,0.));
#8300=DIRECTION('',(0.,0.,1.));
#8301=DIRECTION('',(-1.,0.,0.));
#8302=DIRECTION('',(0.,0.,1.));
#8303=DIRECTION('',(1.,0.,0.));
#8304=DIRECTION('',(-1.,0.,0.));
#8305=DIRECTION('',(0.,-1.,0.));
#8306=DIRECTION('',(0.,0.,-1.));
#8307=DIRECTION('',(-1.,0.,0.));
#8308=DIRECTION('',(-1.,0.,0.));
#8309=DIRECTION('',(0.,0.,1.));
#8310=DIRECTION('',(-1.,0.,0.));
#8311=DIRECTION('',(0.,0.,1.));
#8312=DIRECTION('',(1.,0.,0.));
#8313=DIRECTION('',(-1.,0.,0.));
#8314=DIRECTION('',(-1.,0.,0.));
#8315=DIRECTION('',(0.,0.,1.));
#8316=DIRECTION('',(0.,0.,1.));
#8317=DIRECTION('',(1.,0.,0.));
#8318=DIRECTION('',(0.,-0.707106781186547,-0.707106781186548));
#8319=DIRECTION('',(0.,0.707106781186548,-0.707106781186547));
#8320=DIRECTION('',(0.,-0.707106781186548,0.707106781186547));
#8321=DIRECTION('',(-1.,0.,0.));
#8322=DIRECTION('',(0.,-0.707106781186548,0.707106781186547));
#8323=DIRECTION('',(-1.,0.,0.));
#8324=DIRECTION('',(-0.707106781186534,0.,-0.707106781186561));
#8325=DIRECTION('',(-0.707106781186561,0.,0.707106781186534));
#8326=DIRECTION('',(-0.707106781186561,0.,0.707106781186534));
#8327=DIRECTION('',(0.,1.,0.));
#8328=DIRECTION('',(-0.707106781186561,0.,0.707106781186534));
#8329=DIRECTION('',(0.,1.,0.));
#8330=DIRECTION('',(-1.,0.,0.));
#8331=DIRECTION('',(0.,0.,1.));
#8332=DIRECTION('',(0.,0.,1.));
#8333=DIRECTION('',(0.,0.,1.));
#8334=DIRECTION('',(0.,1.,0.));
#8335=DIRECTION('',(-0.707106781186532,0.,0.707106781186563));
#8336=DIRECTION('',(0.707106781186563,0.,0.707106781186532));
#8337=DIRECTION('',(0.707106781186563,0.,0.707106781186532));
#8338=DIRECTION('',(0.707106781186563,0.,0.707106781186532));
#8339=DIRECTION('',(0.,1.,0.));
#8340=DIRECTION('',(-1.,0.,0.));
#8341=DIRECTION('',(0.,0.,1.));
#8342=DIRECTION('',(0.,0.,1.));
#8343=DIRECTION('',(0.,0.,1.));
#8344=DIRECTION('',(0.,1.,0.));
#8345=DIRECTION('',(0.,0.,1.));
#8346=DIRECTION('',(1.,0.,0.));
#8347=DIRECTION('',(0.,1.,0.));
#8348=DIRECTION('',(-1.,0.,0.));
#8349=DIRECTION('',(0.,1.,0.));
#8350=DIRECTION('',(1.,0.,0.));
#8351=DIRECTION('',(0.,1.,0.));
#8352=DIRECTION('',(-1.,0.,0.));
#8353=DIRECTION('',(1.,0.,-4.33680868994202E-16));
#8354=DIRECTION('',(-4.33680868994202E-16,0.,-1.));
#8355=DIRECTION('',(-3.06658683336675E-16,0.707106781186548,-0.707106781186547));
#8356=DIRECTION('',(-4.33680868994202E-16,0.,-1.));
#8357=DIRECTION('',(0.,1.,0.));
#8358=DIRECTION('',(-4.33680868994202E-16,0.,-1.));
#8359=DIRECTION('',(0.707106781186533,0.,0.707106781186562));
#8360=DIRECTION('',(0.707106781186562,0.,-0.707106781186533));
#8361=DIRECTION('',(0.707106781186562,0.,-0.707106781186533));
#8362=DIRECTION('',(0.707106781186562,0.,-0.707106781186533));
#8363=DIRECTION('',(0.,1.,0.));
#8364=DIRECTION('',(1.,0.,0.));
#8365=DIRECTION('',(0.,0.,-1.));
#8366=DIRECTION('',(0.,0.,-1.));
#8367=DIRECTION('',(0.,0.,-1.));
#8368=DIRECTION('',(0.,1.,0.));
#8369=DIRECTION('',(0.707106781186533,0.,-0.707106781186562));
#8370=DIRECTION('',(-0.707106781186562,0.,-0.707106781186533));
#8371=DIRECTION('',(-0.707106781186562,0.,-0.707106781186533));
#8372=DIRECTION('',(-0.707106781186562,0.,-0.707106781186533));
#8373=DIRECTION('',(0.,1.,0.));
#8374=DIRECTION('',(1.,0.,0.));
#8375=DIRECTION('',(0.,0.,-1.));
#8376=DIRECTION('',(0.,-0.707106781186548,-0.707106781186547));
#8377=DIRECTION('',(0.,0.,-1.));
#8378=DIRECTION('',(0.,0.,-1.));
#8379=DIRECTION('',(0.,1.,0.));
#8380=DIRECTION('',(0.,0.,-1.));
#8381=DIRECTION('',(-1.,0.,0.));
#8382=DIRECTION('',(-1.,0.,0.));
#8383=DIRECTION('',(-1.,0.,0.));
#8384=DIRECTION('',(0.,1.,0.));
#8385=DIRECTION('',(-0.384615384615359,0.,-0.923076923076934));
#8386=DIRECTION('',(-0.923076923076934,0.,0.384615384615359));
#8387=DIRECTION('',(-0.861549790341303,0.358979079308848,0.358979079308848));
#8388=DIRECTION('',(-0.923076923076934,0.,0.384615384615359));
#8389=DIRECTION('',(0.,1.,0.));
#8390=DIRECTION('',(-0.923076923076934,0.,0.384615384615359));
#8391=DIRECTION('',(0.,0.,-1.));
#8392=DIRECTION('',(-1.,0.,0.));
#8393=DIRECTION('',(-1.,0.,0.));
#8394=DIRECTION('',(-1.,0.,0.));
#8395=DIRECTION('',(0.,1.,0.));
#8396=DIRECTION('',(0.53868677574718,0.,-0.842506117268657));
#8397=DIRECTION('',(-0.842506117268657,0.,-0.53868677574718));
#8398=DIRECTION('',(-0.741732537970507,-0.474253540901821,-0.474253540901821));
#8399=DIRECTION('',(-0.842506117268657,0.,-0.53868677574718));
#8400=DIRECTION('',(-0.842506117268657,0.,-0.53868677574718));
#8401=DIRECTION('',(0.,1.,0.));
#8402=DIRECTION('',(1.59051663445306E-15,0.,-1.));
#8403=DIRECTION('',(-1.,0.,-1.59051663445306E-15));
#8404=DIRECTION('',(-1.,0.,0.));
#8405=DIRECTION('',(-1.,0.,-1.59051663445306E-15));
#8406=DIRECTION('',(0.,1.,0.));
#8407=DIRECTION('',(-0.538686775747198,0.,-0.842506117268645));
#8408=DIRECTION('',(-0.842506117268645,0.,0.538686775747198));
#8409=DIRECTION('',(-0.741732537970491,0.474253540901833,0.474253540901833));
#8410=DIRECTION('',(-0.842506117268645,0.,0.538686775747198));
#8411=DIRECTION('',(0.,1.,0.));
#8412=DIRECTION('',(-0.842506117268645,0.,0.538686775747198));
#8413=DIRECTION('',(0.,0.,-1.));
#8414=DIRECTION('',(-1.,0.,0.));
#8415=DIRECTION('',(-1.,0.,0.));
#8416=DIRECTION('',(-1.,0.,0.));
#8417=DIRECTION('',(0.,1.,0.));
#8418=DIRECTION('',(0.384615384615374,0.,-0.923076923076928));
#8419=DIRECTION('',(-0.923076923076928,0.,-0.384615384615374));
#8420=DIRECTION('',(-0.861549790341293,-0.35897907930886,-0.35897907930886));
#8421=DIRECTION('',(-0.923076923076928,0.,-0.384615384615374));
#8422=DIRECTION('',(-0.923076923076928,0.,-0.384615384615374));
#8423=DIRECTION('',(0.,1.,0.));
#8424=DIRECTION('',(-1.62630325872826E-15,0.,-1.));
#8425=DIRECTION('',(-1.,0.,1.62630325872826E-15));
#8426=DIRECTION('',(-1.,0.,0.));
#8427=DIRECTION('',(-1.,0.,1.62630325872826E-15));
#8428=DIRECTION('',(0.,1.,0.));
#8429=DIRECTION('',(-1.,0.,0.));
#8430=DIRECTION('',(0.,0.,1.));
#8431=DIRECTION('',(0.,0.707106781186548,0.707106781186547));
#8432=DIRECTION('',(0.,0.,1.));
#8433=DIRECTION('',(0.,0.,1.));
#8434=DIRECTION('',(0.,1.,0.));
#8435=DIRECTION('',(0.,0.,1.));
#8436=DIRECTION('',(0.,1.,0.));
#8437=DIRECTION('',(0.,0.,1.));
#8438=DIRECTION('',(0.,0.,1.));
#8439=DIRECTION('',(-1.,0.,0.));
#8440=DIRECTION('',(1.,0.,0.));
#8441=DIRECTION('',(1.,0.,0.));
#8442=DIRECTION('',(1.,0.,0.));
#8443=DIRECTION('',(0.,0.,1.));
#8444=DIRECTION('',(-1.,0.,0.));
#8445=DIRECTION('',(0.,-0.707106781186547,0.707106781186548));
#8446=DIRECTION('',(0.,-0.707106781186548,-0.707106781186547));
#8447=DIRECTION('',(0.,-0.707106781186547,0.707106781186548));
#8448=DIRECTION('',(0.,-0.707106781186548,-0.707106781186547));
#8449=DIRECTION('',(0.,-0.707106781186547,0.707106781186548));
#8450=DIRECTION('',(0.,-0.707106781186548,-0.707106781186547));
#8451=DIRECTION('',(0.,-0.707106781186547,-0.707106781186548));
#8452=DIRECTION('',(0.,0.707106781186548,-0.707106781186547));
#8453=DIRECTION('',(0.,-0.707106781186548,0.707106781186547));
#8454=DIRECTION('',(0.,0.,-1.));
#8455=DIRECTION('',(-1.,0.,0.));
#8456=DIRECTION('',(0.,-1.,0.));
#8457=DIRECTION('',(-1.,0.,0.));
#8458=DIRECTION('',(0.,-1.,0.));
#8459=DIRECTION('',(0.,1.,0.));
#8460=DIRECTION('',(0.,0.,1.));
#8461=DIRECTION('',(0.,0.,-1.));
#8462=DIRECTION('',(-1.,0.,0.));
#8463=DIRECTION('',(0.,0.,-1.));
#8464=DIRECTION('',(0.,0.248689887164854,0.968583161128631));
#8465=DIRECTION('',(0.,-0.968583161128631,0.248689887164854));
#8466=DIRECTION('',(0.,0.968583161128631,-0.248689887164854));
#8467=DIRECTION('',(-1.,0.,0.));
#8468=DIRECTION('',(0.,0.968583161128631,-0.248689887164854));
#8469=DIRECTION('',(0.,1.,-1.21011975062165E-16));
#8470=DIRECTION('',(0.,1.21011975062165E-16,1.));
#8471=DIRECTION('',(0.,-1.21011975062165E-16,-1.));
#8472=DIRECTION('',(0.,-1.21011975062165E-16,-1.));
#8473=DIRECTION('',(1.,0.,0.));
#8474=DIRECTION('',(0.,0.,-1.));
#8475=DIRECTION('',(1.,0.,0.));
#8476=DIRECTION('',(0.,0.,-1.));
#8477=DIRECTION('',(0.,0.,1.));
#8478=DIRECTION('',(1.,0.,0.));
#8479=CARTESIAN_POINT('',(0.,0.,0.));
#8480=CARTESIAN_POINT('',(-2.8,-2.2,2.));
#8481=CARTESIAN_POINT('',(-2.8,-2.45,2.));
#8482=CARTESIAN_POINT('',(-2.8,-2.45,1.75));
#8483=CARTESIAN_POINT('',(-2.8,-2.45,1.72080992435478));
#8484=CARTESIAN_POINT('',(-2.8,-2.6,1.35));
#8485=CARTESIAN_POINT('',(-2.8,-2.2,1.35));
#8486=CARTESIAN_POINT('',(-2.8,-2.2,2.));
#8487=CARTESIAN_POINT('',(-2.8,-2.2,1.75));
#8488=CARTESIAN_POINT('',(-2.8,0.,1.75));
#8489=CARTESIAN_POINT('',(-2.2,-2.45,2.));
#8490=CARTESIAN_POINT('',(-2.2,-2.2,2.));
#8491=CARTESIAN_POINT('',(-2.2,-2.2,1.75));
#8492=CARTESIAN_POINT('',(-2.2,-2.2,1.35));
#8493=CARTESIAN_POINT('',(-2.2,-2.6,1.35));
#8494=CARTESIAN_POINT('',(-2.2,-2.45,1.72080992435478));
#8495=CARTESIAN_POINT('',(-2.2,-2.45,2.));
#8496=CARTESIAN_POINT('',(-2.2,-2.45,1.75));
#8497=CARTESIAN_POINT('',(-2.2,0.,1.75));
#8498=CARTESIAN_POINT('',(-2.2,-2.2,2.));
#8499=CARTESIAN_POINT('',(-2.2,-2.2,1.35));
#8500=CARTESIAN_POINT('',(4.25,-2.2,1.75));
#8501=CARTESIAN_POINT('',(-0.3,-2.2,2.));
#8502=CARTESIAN_POINT('',(-0.3,-2.2,2.));
#8503=CARTESIAN_POINT('',(-0.3,-2.2,-1.35));
#8504=CARTESIAN_POINT('',(-0.3,-2.2,-1.75));
#8505=CARTESIAN_POINT('',(-0.3,-2.6,-1.35));
#8506=CARTESIAN_POINT('',(-0.3,-2.45,-1.72080992435478));
#8507=CARTESIAN_POINT('',(-0.3,-2.45,2.));
#8508=CARTESIAN_POINT('',(-0.3,-2.45,-1.75));
#8509=CARTESIAN_POINT('',(-0.3,-2.45,-1.75));
#8510=CARTESIAN_POINT('',(0.3,-2.45,2.));
#8511=CARTESIAN_POINT('',(0.3,-2.45,2.));
#8512=CARTESIAN_POINT('',(0.3,-2.45,-1.72080992435478));
#8513=CARTESIAN_POINT('',(0.3,-2.45,-1.75));
#8514=CARTESIAN_POINT('',(0.3,-2.6,-1.35));
#8515=CARTESIAN_POINT('',(0.3,-2.2,-1.35));
#8516=CARTESIAN_POINT('',(0.3,-2.2,2.));
#8517=CARTESIAN_POINT('',(0.3,-2.2,-1.75));
#8518=CARTESIAN_POINT('',(0.3,-2.45,-1.75));
#8519=CARTESIAN_POINT('',(2.8,-2.2,2.));
#8520=CARTESIAN_POINT('',(2.2,-2.2,2.));
#8521=CARTESIAN_POINT('',(2.2,-2.2,1.75));
#8522=CARTESIAN_POINT('',(2.2,-2.2,1.35));
#8523=CARTESIAN_POINT('',(2.2,-2.2,1.35));
#8524=CARTESIAN_POINT('',(2.8,-2.2,1.35));
#8525=CARTESIAN_POINT('',(2.8,-2.2,2.));
#8526=CARTESIAN_POINT('',(2.8,-2.2,1.75));
#8527=CARTESIAN_POINT('',(4.25,-2.2,1.75));
#8528=CARTESIAN_POINT('',(4.25,0.,0.));
#8529=CARTESIAN_POINT('',(4.25,-0.25,-1.));
#8530=CARTESIAN_POINT('',(4.25,-0.95,-1.));
#8531=CARTESIAN_POINT('',(4.25,-0.25,-1.));
#8532=CARTESIAN_POINT('',(4.25,-0.25,1.2));
#8533=CARTESIAN_POINT('',(4.25,-0.25,1.));
#8534=CARTESIAN_POINT('',(4.25,-0.25,1.));
#8535=CARTESIAN_POINT('',(4.25,-0.95,1.));
#8536=CARTESIAN_POINT('',(4.25,-0.95,0.));
#8537=CARTESIAN_POINT('',(4.25,-0.95,1.75));
#8538=CARTESIAN_POINT('',(4.25,0.,1.75));
#8539=CARTESIAN_POINT('',(4.25,-1.35,1.75));
#8540=CARTESIAN_POINT('',(4.25,-1.35,0.));
#8541=CARTESIAN_POINT('',(4.25,-1.35,1.));
#8542=CARTESIAN_POINT('',(4.25,-1.25,1.));
#8543=CARTESIAN_POINT('',(4.25,-1.12,1.));
#8544=CARTESIAN_POINT('',(4.25,-1.245,1.));
#8545=CARTESIAN_POINT('',(4.25,-1.37,1.));
#8546=CARTESIAN_POINT('',(4.25,-1.37,1.));
#8547=CARTESIAN_POINT('',(4.25,-1.37,1.75));
#8548=CARTESIAN_POINT('',(4.25,-1.37,1.75));
#8549=CARTESIAN_POINT('',(4.25,-2.,1.75));
#8550=CARTESIAN_POINT('',(4.25,-2.,1.55));
#8551=CARTESIAN_POINT('',(4.25,-2.2,1.55));
#8552=CARTESIAN_POINT('',(4.25,-2.2,1.55));
#8553=CARTESIAN_POINT('',(4.25,-2.2,-1.55));
#8554=CARTESIAN_POINT('',(4.25,-2.,-1.55));
#8555=CARTESIAN_POINT('',(4.25,-2.,-1.75));
#8556=CARTESIAN_POINT('',(4.25,-2.,-1.75));
#8557=CARTESIAN_POINT('',(4.25,-1.37,-1.75));
#8558=CARTESIAN_POINT('',(4.25,-1.37,-1.75));
#8559=CARTESIAN_POINT('',(4.25,-1.37,-1.));
#8560=CARTESIAN_POINT('',(4.25,-1.245,-1.));
#8561=CARTESIAN_POINT('',(4.25,-1.12,-1.));
#8562=CARTESIAN_POINT('',(4.25,-0.25,-1.));
#8563=CARTESIAN_POINT('',(4.25,-1.35,-1.));
#8564=CARTESIAN_POINT('',(4.25,-1.35,0.));
#8565=CARTESIAN_POINT('',(4.25,-1.35,-1.75));
#8566=CARTESIAN_POINT('',(4.25,-2.45,-1.75));
#8567=CARTESIAN_POINT('',(4.25,-0.95,-1.75));
#8568=CARTESIAN_POINT('',(4.25,-0.95,0.));
#8569=CARTESIAN_POINT('',(-4.25,-0.25,1.));
#8570=CARTESIAN_POINT('',(-4.,-0.250000000000001,1.));
#8571=CARTESIAN_POINT('',(-4.25,-0.25,1.));
#8572=CARTESIAN_POINT('',(-4.20000000000001,-0.100000000000008,1.));
#8573=CARTESIAN_POINT('',(-4.25,-0.25,1.));
#8574=CARTESIAN_POINT('',(-4.25,-0.95,1.));
#8575=CARTESIAN_POINT('',(-4.25,-0.95,1.));
#8576=CARTESIAN_POINT('',(-4.,-0.27143370348351,1.));
#8577=CARTESIAN_POINT('',(-4.,0.,1.));
#8578=CARTESIAN_POINT('',(-4.,-0.25,1.));
#8579=CARTESIAN_POINT('',(-4.2,-0.25,1.));
#8580=CARTESIAN_POINT('',(-4.2,-0.25,1.));
#8581=CARTESIAN_POINT('',(-4.20000000000001,-0.25,1.));
#8582=CARTESIAN_POINT('',(-4.2,-0.25,-1.));
#8583=CARTESIAN_POINT('',(-4.,-0.250000000000001,-1.));
#8584=CARTESIAN_POINT('',(-4.2,-0.100000000000001,-1.));
#8585=CARTESIAN_POINT('',(-4.25,-0.25,-1.));
#8586=CARTESIAN_POINT('',(-4.2,-0.25,-1.));
#8587=CARTESIAN_POINT('',(-4.2,-0.25,-1.));
#8588=CARTESIAN_POINT('',(-4.2,-0.25,-1.));
#8589=CARTESIAN_POINT('',(-4.,-0.25,-1.));
#8590=CARTESIAN_POINT('',(-4.,-1.12,-1.));
#8591=CARTESIAN_POINT('',(-4.,-0.271433703483512,-1.));
#8592=CARTESIAN_POINT('',(-3.00705833427467,2.4236732915891,-1.));
#8593=CARTESIAN_POINT('',(-4.25,-0.95,-1.));
#8594=CARTESIAN_POINT('',(-4.25,-0.25,-1.));
#8595=CARTESIAN_POINT('',(-4.2,0.,1.2));
#8596=CARTESIAN_POINT('',(-3.8,0.,-1.2));
#8597=CARTESIAN_POINT('',(-3.8,0.,-1.4));
#8598=CARTESIAN_POINT('',(-4.,-1.62630325872826E-16,-1.2));
#8599=CARTESIAN_POINT('',(-4.,-1.62630325872826E-16,1.2));
#8600=CARTESIAN_POINT('',(-4.,0.,1.2));
#8601=CARTESIAN_POINT('',(-3.8,0.,1.2));
#8602=CARTESIAN_POINT('',(-3.79999999999999,0.,1.4));
#8603=CARTESIAN_POINT('',(-3.79999999999999,0.,1.4));
#8604=CARTESIAN_POINT('',(-3.25,0.,1.4));
#8605=CARTESIAN_POINT('',(-3.25,0.,1.6));
#8606=CARTESIAN_POINT('',(-3.05,0.,1.6));
#8607=CARTESIAN_POINT('',(-3.05,0.,1.6));
#8608=CARTESIAN_POINT('',(-3.05,0.,1.75));
#8609=CARTESIAN_POINT('',(-3.05,0.,1.75));
#8610=CARTESIAN_POINT('',(3.05,0.,1.75));
#8611=CARTESIAN_POINT('',(3.05,0.,1.75));
#8612=CARTESIAN_POINT('',(3.05,0.,1.6));
#8613=CARTESIAN_POINT('',(3.25,0.,1.6));
#8614=CARTESIAN_POINT('',(3.25,0.,1.4));
#8615=CARTESIAN_POINT('',(3.25,0.,1.4));
#8616=CARTESIAN_POINT('',(3.79999999999999,0.,1.4));
#8617=CARTESIAN_POINT('',(3.8,0.,1.2));
#8618=CARTESIAN_POINT('',(4.,0.,1.2));
#8619=CARTESIAN_POINT('',(4.,0.,1.2));
#8620=CARTESIAN_POINT('',(4.,0.,-1.19999997658692));
#8621=CARTESIAN_POINT('',(3.8,0.,-1.2));
#8622=CARTESIAN_POINT('',(3.8,0.,-1.4));
#8623=CARTESIAN_POINT('',(3.8,0.,-1.4));
#8624=CARTESIAN_POINT('',(3.25,0.,-1.4));
#8625=CARTESIAN_POINT('',(3.25,0.,-1.6));
#8626=CARTESIAN_POINT('',(3.05,0.,-1.6));
#8627=CARTESIAN_POINT('',(3.05,0.,-1.6));
#8628=CARTESIAN_POINT('',(3.05,0.,-1.75));
#8629=CARTESIAN_POINT('',(3.05,0.,-1.75));
#8630=CARTESIAN_POINT('',(1.05,0.,-1.75));
#8631=CARTESIAN_POINT('',(1.05,0.,-1.75));
#8632=CARTESIAN_POINT('',(1.05,0.,-1.65));
#8633=CARTESIAN_POINT('',(0.85,0.,-1.65));
#8634=CARTESIAN_POINT('',(0.85,0.,-1.45));
#8635=CARTESIAN_POINT('',(0.85,0.,-1.45));
#8636=CARTESIAN_POINT('',(-1.8,0.,-1.45));
#8637=CARTESIAN_POINT('',(-1.925,0.,-1.45));
#8638=CARTESIAN_POINT('',(-2.05,0.,-1.45));
#8639=CARTESIAN_POINT('',(-2.05,0.,-1.45));
#8640=CARTESIAN_POINT('',(-3.05,5.42101086242752E-17,-1.45));
#8641=CARTESIAN_POINT('',(-3.05,0.,-1.45));
#8642=CARTESIAN_POINT('',(-3.05,0.,-1.4));
#8643=CARTESIAN_POINT('',(-3.05,0.,-1.4));
#8644=CARTESIAN_POINT('',(-4.,-4.,4.25));
#8645=CARTESIAN_POINT('',(-4.,0.,1.75));
#8646=CARTESIAN_POINT('',(-4.,-2.45,1.75));
#8647=CARTESIAN_POINT('',(-4.,-2.,1.75));
#8648=CARTESIAN_POINT('',(-4.,-2.,1.55));
#8649=CARTESIAN_POINT('',(-4.,-2.2,1.55));
#8650=CARTESIAN_POINT('',(-4.,-2.2,1.55));
#8651=CARTESIAN_POINT('',(-4.,-2.2,-1.55));
#8652=CARTESIAN_POINT('',(-4.,-2.,-1.55));
#8653=CARTESIAN_POINT('',(-4.,-2.,-1.75));
#8654=CARTESIAN_POINT('',(-4.,-4.,-1.75));
#8655=CARTESIAN_POINT('',(-4.,-2.45,-1.75));
#8656=CARTESIAN_POINT('',(-4.,-2.45,-1.4));
#8657=CARTESIAN_POINT('',(-4.,-2.45,-1.4));
#8658=CARTESIAN_POINT('',(-4.,-2.74967311138127,-1.4));
#8659=CARTESIAN_POINT('',(-4.,-2.74967311138127,-1.4));
#8660=CARTESIAN_POINT('',(-4.,-3.2,-1.3));
#8661=CARTESIAN_POINT('',(-4.,-3.2,-1.3));
#8662=CARTESIAN_POINT('',(-4.,-3.2,1.3));
#8663=CARTESIAN_POINT('',(-4.,-3.2,1.3));
#8664=CARTESIAN_POINT('',(-4.,-2.74967311138127,1.4));
#8665=CARTESIAN_POINT('',(-4.,-2.74967311138127,1.4));
#8666=CARTESIAN_POINT('',(-4.,-2.45,1.4));
#8667=CARTESIAN_POINT('',(-4.,-2.45,1.4));
#8668=CARTESIAN_POINT('',(-4.,-2.45,1.75));
#8669=CARTESIAN_POINT('',(-4.,-4.,4.25));
#8670=CARTESIAN_POINT('',(-4.,-4.,-1.75));
#8671=CARTESIAN_POINT('',(-4.,-1.37,-1.75));
#8672=CARTESIAN_POINT('',(-4.,-1.35,-1.75));
#8673=CARTESIAN_POINT('',(-4.,-1.37,-1.75));
#8674=CARTESIAN_POINT('',(-4.,-1.37,-1.));
#8675=CARTESIAN_POINT('',(-4.,-1.245,-1.));
#8676=CARTESIAN_POINT('',(-4.,-1.25,-0.875100040032032));
#8677=CARTESIAN_POINT('',(-4.,-1.25,-1.));
#8678=CARTESIAN_POINT('',(-4.,-1.25,-1.));
#8679=CARTESIAN_POINT('',(-4.,-2.,-1.));
#8680=CARTESIAN_POINT('',(-4.,-1.35,-1.));
#8681=CARTESIAN_POINT('',(-4.,-1.35,4.25));
#8682=CARTESIAN_POINT('',(-4.2,-0.25,1.2));
#8683=CARTESIAN_POINT('',(-4.2,-0.25,-1.2));
#8684=CARTESIAN_POINT('',(-4.,-0.25,-1.19999997658691));
#8685=CARTESIAN_POINT('',(-3.8,-0.25,-1.2));
#8686=CARTESIAN_POINT('',(-3.99210331267794,-0.25,-1.25564456180223));
#8687=CARTESIAN_POINT('',(-3.99210331267794,-0.25,-1.45));
#8688=CARTESIAN_POINT('',(-3.99210331267794,-0.25,-1.));
#8689=CARTESIAN_POINT('',(4.25,-0.25,-1.));
#8690=CARTESIAN_POINT('',(-3.5,-0.25,-1.));
#8691=CARTESIAN_POINT('',(-3.5,-0.25,-1.45));
#8692=CARTESIAN_POINT('',(-3.5,-0.25,-1.35));
#8693=CARTESIAN_POINT('',(4.25,-0.25,-1.35));
#8694=CARTESIAN_POINT('',(-3.08998031022997,-0.25,-1.35));
#8695=CARTESIAN_POINT('',(-3.08998031022997,-0.25,-1.45));
#8696=CARTESIAN_POINT('',(-3.08998031022997,-0.25,-1.4));
#8697=CARTESIAN_POINT('',(-3.05,-0.25,-1.4));
#8698=CARTESIAN_POINT('',(-3.05,-0.25,-1.4));
#8699=CARTESIAN_POINT('',(-3.05,-0.25,-1.45));
#8700=CARTESIAN_POINT('',(-3.05,-0.25,-1.45));
#8701=CARTESIAN_POINT('',(-2.05,-0.25,-1.45));
#8702=CARTESIAN_POINT('',(-2.05,-0.25,-1.45));
#8703=CARTESIAN_POINT('',(-1.925,-0.25,-1.45));
#8704=CARTESIAN_POINT('',(-1.8,-0.25,-1.45));
#8705=CARTESIAN_POINT('',(0.85,-0.25,-1.45));
#8706=CARTESIAN_POINT('',(0.85,-0.25,-1.45));
#8707=CARTESIAN_POINT('',(0.85,-0.25,-1.65));
#8708=CARTESIAN_POINT('',(0.95,-0.25,-1.47679491924311));
#8709=CARTESIAN_POINT('',(0.95,-0.25,-2.));
#8710=CARTESIAN_POINT('',(0.95,-0.25,-1.35));
#8711=CARTESIAN_POINT('',(4.25,-0.25,-1.35));
#8712=CARTESIAN_POINT('',(3.5,-0.25,-1.35));
#8713=CARTESIAN_POINT('',(3.5,-0.25,-1.45));
#8714=CARTESIAN_POINT('',(3.5,-0.25,-1.));
#8715=CARTESIAN_POINT('',(4.25,-0.25,-1.));
#8716=CARTESIAN_POINT('',(3.99210331267794,-0.25,-1.));
#8717=CARTESIAN_POINT('',(3.99210331267794,-0.25,4.25));
#8718=CARTESIAN_POINT('',(3.99210331267794,-0.25,-1.25564456180222));
#8719=CARTESIAN_POINT('',(3.8,-0.25,-1.2));
#8720=CARTESIAN_POINT('',(4.,-0.25,-1.19999997658692));
#8721=CARTESIAN_POINT('',(4.2,-0.25,-1.2));
#8722=CARTESIAN_POINT('',(4.2,-0.25,-1.));
#8723=CARTESIAN_POINT('',(-4.2,-0.25,-1.));
#8724=CARTESIAN_POINT('',(4.,-0.25,-1.));
#8725=CARTESIAN_POINT('',(4.,-0.25,1.2));
#8726=CARTESIAN_POINT('',(4.,-0.25,1.));
#8727=CARTESIAN_POINT('',(-4.2,-0.25,1.));
#8728=CARTESIAN_POINT('',(4.2,-0.25,1.));
#8729=CARTESIAN_POINT('',(4.2,-0.25,1.2));
#8730=CARTESIAN_POINT('',(4.,-0.25,1.20000000000001));
#8731=CARTESIAN_POINT('',(3.8,-0.25,1.2));
#8732=CARTESIAN_POINT('',(3.99210331267794,-0.25,1.25564456180221));
#8733=CARTESIAN_POINT('',(3.99210331267794,-0.25,1.));
#8734=CARTESIAN_POINT('',(3.99210331267794,-0.25,1.));
#8735=CARTESIAN_POINT('',(4.25,-0.25,1.));
#8736=CARTESIAN_POINT('',(3.5,-0.25,1.));
#8737=CARTESIAN_POINT('',(3.5,-0.25,1.));
#8738=CARTESIAN_POINT('',(3.5,-0.25,1.35));
#8739=CARTESIAN_POINT('',(4.25,-0.25,1.35));
#8740=CARTESIAN_POINT('',(1.9,-0.25,1.35));
#8741=CARTESIAN_POINT('',(1.9,-0.25,2.));
#8742=CARTESIAN_POINT('',(1.9,-0.25,1.75));
#8743=CARTESIAN_POINT('',(-3.05,-0.25,1.75));
#8744=CARTESIAN_POINT('',(-1.9,-0.25,1.75));
#8745=CARTESIAN_POINT('',(-1.9,-0.25,2.));
#8746=CARTESIAN_POINT('',(-1.9,-0.25,1.35));
#8747=CARTESIAN_POINT('',(4.25,-0.25,1.35));
#8748=CARTESIAN_POINT('',(-3.5,-0.25,1.35));
#8749=CARTESIAN_POINT('',(-3.5,-0.25,1.));
#8750=CARTESIAN_POINT('',(-3.5,-0.25,1.));
#8751=CARTESIAN_POINT('',(4.25,-0.25,1.));
#8752=CARTESIAN_POINT('',(-3.99210331267794,-0.25,1.));
#8753=CARTESIAN_POINT('',(-3.99210331267794,-0.25,4.25));
#8754=CARTESIAN_POINT('',(-3.99210331267794,-0.25,1.25564456180221));
#8755=CARTESIAN_POINT('',(-3.8,-0.25,1.2));
#8756=CARTESIAN_POINT('',(-4.,-0.25,1.2));
#8757=CARTESIAN_POINT('',(-4.2,-0.25,1.2));
#8758=CARTESIAN_POINT('',(-4.,-0.25,1.2));
#8759=CARTESIAN_POINT('',(-4.,-1.35,4.25));
#8760=CARTESIAN_POINT('',(-4.25,-1.35,0.));
#8761=CARTESIAN_POINT('',(-4.25,-1.35,1.75));
#8762=CARTESIAN_POINT('',(-4.25,-1.35,1.));
#8763=CARTESIAN_POINT('',(-4.,-1.35,1.));
#8764=CARTESIAN_POINT('',(-4.,-1.35,1.));
#8765=CARTESIAN_POINT('',(-4.,-1.35,4.25));
#8766=CARTESIAN_POINT('',(-4.,-1.35,1.75));
#8767=CARTESIAN_POINT('',(4.25,-1.35000000000001,1.75));
#8768=CARTESIAN_POINT('',(-4.,-1.35,4.25));
#8769=CARTESIAN_POINT('',(-4.,-1.35,-1.));
#8770=CARTESIAN_POINT('',(-4.25,-1.35,-1.));
#8771=CARTESIAN_POINT('',(-4.25,-1.35,0.));
#8772=CARTESIAN_POINT('',(-4.25,-1.35,-1.75));
#8773=CARTESIAN_POINT('',(-4.,-1.35,-1.75));
#8774=CARTESIAN_POINT('',(4.25,-0.25,-1.));
#8775=CARTESIAN_POINT('',(4.,-1.12,-1.));
#8776=CARTESIAN_POINT('',(4.,-1.12,-1.));
#8777=CARTESIAN_POINT('',(4.,-1.12,-1.));
#8778=CARTESIAN_POINT('',(4.,-0.271433703483511,-1.));
#8779=CARTESIAN_POINT('',(4.02292552239262,-0.333659650786185,-1.));
#8780=CARTESIAN_POINT('',(3.5,-0.25,-1.));
#8781=CARTESIAN_POINT('',(3.5,-1.25,-0.999999999999999));
#8782=CARTESIAN_POINT('',(4.25,-1.25,-1.));
#8783=CARTESIAN_POINT('',(4.,-1.25,-1.));
#8784=CARTESIAN_POINT('',(4.,-2.,-1.));
#8785=CARTESIAN_POINT('',(4.,-1.35,-1.));
#8786=CARTESIAN_POINT('',(4.25,-1.35,-1.));
#8787=CARTESIAN_POINT('',(4.25,-1.25,1.));
#8788=CARTESIAN_POINT('',(4.,-1.12,1.));
#8789=CARTESIAN_POINT('',(4.,-1.12,1.));
#8790=CARTESIAN_POINT('',(4.25,-1.35,1.));
#8791=CARTESIAN_POINT('',(4.,-1.35,1.));
#8792=CARTESIAN_POINT('',(4.,-1.,1.));
#8793=CARTESIAN_POINT('',(4.,-1.25,1.));
#8794=CARTESIAN_POINT('',(4.25,-1.25,1.));
#8795=CARTESIAN_POINT('',(3.5,-1.25,1.));
#8796=CARTESIAN_POINT('',(3.5,-1.25,1.));
#8797=CARTESIAN_POINT('',(4.3473176332603,-1.21414586394878,1.));
#8798=CARTESIAN_POINT('',(4.,-0.27143370348351,1.));
#8799=CARTESIAN_POINT('',(4.,0.,1.));
#8800=CARTESIAN_POINT('',(4.,-1.35,4.25));
#8801=CARTESIAN_POINT('',(4.,-2.,1.55));
#8802=CARTESIAN_POINT('',(4.,-2.,1.75));
#8803=CARTESIAN_POINT('',(4.,-2.2,1.55));
#8804=CARTESIAN_POINT('',(4.,0.,1.75));
#8805=CARTESIAN_POINT('',(4.,-2.45,1.75));
#8806=CARTESIAN_POINT('',(4.,-2.45,1.75));
#8807=CARTESIAN_POINT('',(4.,-2.45,1.4));
#8808=CARTESIAN_POINT('',(4.,-2.45,1.4));
#8809=CARTESIAN_POINT('',(4.,-2.74967311138127,1.4));
#8810=CARTESIAN_POINT('',(4.,-2.74967311138127,1.4));
#8811=CARTESIAN_POINT('',(4.,-3.2,1.3));
#8812=CARTESIAN_POINT('',(4.,-3.2,1.3));
#8813=CARTESIAN_POINT('',(4.,-3.2,-1.3));
#8814=CARTESIAN_POINT('',(4.,-3.2,-1.3));
#8815=CARTESIAN_POINT('',(4.,-2.74967311138127,-1.4));
#8816=CARTESIAN_POINT('',(4.,-2.74967311138127,-1.4));
#8817=CARTESIAN_POINT('',(4.,-2.45,-1.4));
#8818=CARTESIAN_POINT('',(4.,-2.45,-1.4));
#8819=CARTESIAN_POINT('',(4.,-2.45,-1.75));
#8820=CARTESIAN_POINT('',(4.,-1.35,-1.75));
#8821=CARTESIAN_POINT('',(4.,-2.,-1.75));
#8822=CARTESIAN_POINT('',(4.,-2.,-1.55));
#8823=CARTESIAN_POINT('',(4.,-2.2,-1.55));
#8824=CARTESIAN_POINT('',(4.,-2.2,1.55));
#8825=CARTESIAN_POINT('',(4.,-1.35,4.25));
#8826=CARTESIAN_POINT('',(4.,-1.37,1.));
#8827=CARTESIAN_POINT('',(4.,-1.37,1.));
#8828=CARTESIAN_POINT('',(4.,-1.37,1.75));
#8829=CARTESIAN_POINT('',(4.,-1.245,1.));
#8830=CARTESIAN_POINT('',(4.,-1.25,0.875100040032032));
#8831=CARTESIAN_POINT('',(4.,-1.25,-1.));
#8832=CARTESIAN_POINT('',(4.,-1.35,4.25));
#8833=CARTESIAN_POINT('',(4.,-1.35,1.75));
#8834=CARTESIAN_POINT('',(4.,0.,1.75));
#8835=CARTESIAN_POINT('',(4.25,-1.25,-1.));
#8836=CARTESIAN_POINT('',(4.25,-1.25,-1.));
#8837=CARTESIAN_POINT('',(-3.5,-1.25,-1.));
#8838=CARTESIAN_POINT('',(-4.,-1.25,-1.));
#8839=CARTESIAN_POINT('',(-4.,-1.25,0.875100040032032));
#8840=CARTESIAN_POINT('',(-4.,-1.25,-1.));
#8841=CARTESIAN_POINT('',(-4.,-1.25,1.));
#8842=CARTESIAN_POINT('',(4.25,-1.25,1.));
#8843=CARTESIAN_POINT('',(-3.5,-1.25,0.999999999999999));
#8844=CARTESIAN_POINT('',(-3.5,-1.25,-1.35));
#8845=CARTESIAN_POINT('',(-3.5,-1.25,1.35));
#8846=CARTESIAN_POINT('',(-3.5,-1.25,1.35));
#8847=CARTESIAN_POINT('',(-1.7,-1.25,1.35));
#8848=CARTESIAN_POINT('',(-1.7,-1.25,2.));
#8849=CARTESIAN_POINT('',(-1.7,-1.25,1.75));
#8850=CARTESIAN_POINT('',(4.25,-1.25,1.75));
#8851=CARTESIAN_POINT('',(1.7,-1.25,1.75));
#8852=CARTESIAN_POINT('',(1.7,-1.25,2.));
#8853=CARTESIAN_POINT('',(1.7,-1.25,1.35));
#8854=CARTESIAN_POINT('',(-3.5,-1.25,1.35));
#8855=CARTESIAN_POINT('',(3.5,-1.25,1.35));
#8856=CARTESIAN_POINT('',(3.5,-1.25,1.35));
#8857=CARTESIAN_POINT('',(4.,-1.25,-1.));
#8858=CARTESIAN_POINT('',(4.,-1.25,-0.875100040032032));
#8859=CARTESIAN_POINT('',(4.,-1.25,-1.));
#8860=CARTESIAN_POINT('',(3.5,-1.25,1.35));
#8861=CARTESIAN_POINT('',(3.5,-1.25,-1.35));
#8862=CARTESIAN_POINT('',(3.5,-1.25,-1.35));
#8863=CARTESIAN_POINT('',(0.75,-1.25,-1.35));
#8864=CARTESIAN_POINT('',(0.75,-1.25,-2.));
#8865=CARTESIAN_POINT('',(0.75,-1.25,-1.75));
#8866=CARTESIAN_POINT('',(4.25,-1.25,-1.75));
#8867=CARTESIAN_POINT('',(-2.77106790769135,-1.25,-1.75));
#8868=CARTESIAN_POINT('',(-2.77106790769135,-1.25,-2.));
#8869=CARTESIAN_POINT('',(-2.77106790769135,-1.25,-1.35));
#8870=CARTESIAN_POINT('',(3.5,-1.25,-1.35));
#8871=CARTESIAN_POINT('',(-3.5,-1.25,-1.35));
#8872=CARTESIAN_POINT('',(-3.5,-1.25,-1.35));
#8873=CARTESIAN_POINT('',(4.25,-1.35,4.25));
#8874=CARTESIAN_POINT('',(4.25,-1.35,1.75));
#8875=CARTESIAN_POINT('',(4.25,-0.25,-1.45));
#8876=CARTESIAN_POINT('',(3.8,-0.25,-1.4));
#8877=CARTESIAN_POINT('',(3.8,-0.25,-1.4));
#8878=CARTESIAN_POINT('',(3.25,-0.25,-1.4));
#8879=CARTESIAN_POINT('',(3.8,-0.25,-1.2));
#8880=CARTESIAN_POINT('',(3.99210331267794,-0.25,-1.45));
#8881=CARTESIAN_POINT('',(3.99210331267794,-0.25,-1.45));
#8882=CARTESIAN_POINT('',(4.25,-0.25,-1.45));
#8883=CARTESIAN_POINT('',(3.15,-0.25,-1.45));
#8884=CARTESIAN_POINT('',(3.15,-0.25,4.25));
#8885=CARTESIAN_POINT('',(3.15,-0.25,-1.75));
#8886=CARTESIAN_POINT('',(-2.65,-0.25,-1.75));
#8887=CARTESIAN_POINT('',(3.05,-0.25,-1.75));
#8888=CARTESIAN_POINT('',(3.05,-0.25,-1.6));
#8889=CARTESIAN_POINT('',(3.05,-0.25,-1.6));
#8890=CARTESIAN_POINT('',(3.25,-0.25,-1.6));
#8891=CARTESIAN_POINT('',(4.25,0.,1.75));
#8892=CARTESIAN_POINT('',(4.25,-2.45,1.75));
#8893=CARTESIAN_POINT('',(2.2,-2.45,1.75));
#8894=CARTESIAN_POINT('',(2.2,0.,1.75));
#8895=CARTESIAN_POINT('',(2.8,0.,1.75));
#8896=CARTESIAN_POINT('',(2.8,-2.45,1.75));
#8897=CARTESIAN_POINT('',(4.25,-2.45,1.75));
#8898=CARTESIAN_POINT('',(4.,-2.,1.75));
#8899=CARTESIAN_POINT('',(4.,-1.37,1.75));
#8900=CARTESIAN_POINT('',(3.9418274946757,-0.113538097495536,1.75));
#8901=CARTESIAN_POINT('',(3.89999735292006,0.,1.75));
#8902=CARTESIAN_POINT('',(4.25,0.,1.75));
#8903=CARTESIAN_POINT('',(3.15,0.,1.75));
#8904=CARTESIAN_POINT('',(3.15,0.,1.75));
#8905=CARTESIAN_POINT('',(3.15,-0.25,1.75));
#8906=CARTESIAN_POINT('',(4.25,-0.25,1.75));
#8907=CARTESIAN_POINT('',(3.05,-0.25,1.75));
#8908=CARTESIAN_POINT('',(3.05,-0.25,1.75));
#8909=CARTESIAN_POINT('',(-3.05,-0.25,1.75));
#8910=CARTESIAN_POINT('',(-3.05,-0.25,1.75));
#8911=CARTESIAN_POINT('',(4.25,-0.25,1.75));
#8912=CARTESIAN_POINT('',(-3.15,-0.25,1.75));
#8913=CARTESIAN_POINT('',(-3.15,0.,1.75));
#8914=CARTESIAN_POINT('',(-3.15,0.,1.75));
#8915=CARTESIAN_POINT('',(4.25,0.,1.75));
#8916=CARTESIAN_POINT('',(-3.89999735292006,0.,1.75));
#8917=CARTESIAN_POINT('',(-2.92596030655775,2.64379484487975,1.75));
#8918=CARTESIAN_POINT('',(-4.25,-0.95,1.75));
#8919=CARTESIAN_POINT('',(-4.25,0.,1.75));
#8920=CARTESIAN_POINT('',(-4.,0.,1.75));
#8921=CARTESIAN_POINT('',(-4.,-1.37,1.75));
#8922=CARTESIAN_POINT('',(-4.,-1.37,1.75));
#8923=CARTESIAN_POINT('',(-4.25,-1.37,1.75));
#8924=CARTESIAN_POINT('',(-4.25,-1.37,1.75));
#8925=CARTESIAN_POINT('',(-4.25,-2.,1.75));
#8926=CARTESIAN_POINT('',(-4.,-2.,1.75));
#8927=CARTESIAN_POINT('',(4.25,-2.45,1.75));
#8928=CARTESIAN_POINT('',(-1.9,-0.35,1.75));
#8929=CARTESIAN_POINT('',(-1.8,-0.35,1.75));
#8930=CARTESIAN_POINT('',(1.9,-0.35,1.75));
#8931=CARTESIAN_POINT('',(1.8,-0.35,1.75));
#8932=CARTESIAN_POINT('',(1.8,0.,1.75));
#8933=CARTESIAN_POINT('',(1.8,-1.15,1.75));
#8934=CARTESIAN_POINT('',(1.7,-1.15,1.75));
#8935=CARTESIAN_POINT('',(-1.7,-1.15,1.75));
#8936=CARTESIAN_POINT('',(-1.8,-1.15,1.75));
#8937=CARTESIAN_POINT('',(-1.8,0.,1.75));
#8938=CARTESIAN_POINT('',(4.25,-2.45,1.75));
#8939=CARTESIAN_POINT('',(2.8,-2.45,2.));
#8940=CARTESIAN_POINT('',(2.8,-2.45,1.72080992435478));
#8941=CARTESIAN_POINT('',(2.8,-2.45,1.75));
#8942=CARTESIAN_POINT('',(2.8,-2.45,1.4));
#8943=CARTESIAN_POINT('',(4.25,-2.45,1.4));
#8944=CARTESIAN_POINT('',(4.25,-2.45,-1.4));
#8945=CARTESIAN_POINT('',(4.25,-2.45,-1.4));
#8946=CARTESIAN_POINT('',(0.3,-2.45,-1.4));
#8947=CARTESIAN_POINT('',(0.3,-2.45,2.));
#8948=CARTESIAN_POINT('',(4.25,-2.45,-1.75));
#8949=CARTESIAN_POINT('',(4.25,-2.45,-1.75));
#8950=CARTESIAN_POINT('',(4.25,-2.45,-1.75));
#8951=CARTESIAN_POINT('',(-4.,-2.,-1.75));
#8952=CARTESIAN_POINT('',(-4.25,-2.,-1.75));
#8953=CARTESIAN_POINT('',(-4.25,-2.,-1.75));
#8954=CARTESIAN_POINT('',(-4.25,-1.37,-1.75));
#8955=CARTESIAN_POINT('',(-4.,-1.37,-1.75));
#8956=CARTESIAN_POINT('',(-4.25,-2.45,-1.75));
#8957=CARTESIAN_POINT('',(-4.25,-0.95,-1.75));
#8958=CARTESIAN_POINT('',(-4.25,-0.95,-1.75));
#8959=CARTESIAN_POINT('',(-3.89999735292006,0.,-1.75));
#8960=CARTESIAN_POINT('',(4.25,0.,-1.75));
#8961=CARTESIAN_POINT('',(-3.15,0.,-1.75));
#8962=CARTESIAN_POINT('',(-2.19058577731602,-3.99624784116707,-1.75));
#8963=CARTESIAN_POINT('',(-2.86830489973111,-1.17334453638559,-1.75));
#8964=CARTESIAN_POINT('',(-2.77106790769135,-1.15,-1.75));
#8965=CARTESIAN_POINT('',(0.75,-1.15,-1.75));
#8966=CARTESIAN_POINT('',(0.85,-1.15,-1.75));
#8967=CARTESIAN_POINT('',(0.85,-2.45,-1.75));
#8968=CARTESIAN_POINT('',(0.85,-0.35,-1.75));
#8969=CARTESIAN_POINT('',(0.95,-0.35,-1.75));
#8970=CARTESIAN_POINT('',(0.95,-0.25,-1.75));
#8971=CARTESIAN_POINT('',(-2.65,-0.25,-1.75));
#8972=CARTESIAN_POINT('',(1.05,-0.25,-1.75));
#8973=CARTESIAN_POINT('',(1.05,-0.25,-1.75));
#8974=CARTESIAN_POINT('',(3.05,-0.25,-1.75));
#8975=CARTESIAN_POINT('',(3.15,-0.25,-1.75));
#8976=CARTESIAN_POINT('',(3.15,0.,-1.75));
#8977=CARTESIAN_POINT('',(4.25,0.,-1.75));
#8978=CARTESIAN_POINT('',(3.89999735292006,5.42101086242752E-17,-1.75));
#8979=CARTESIAN_POINT('',(3.58683708974328,0.85,-1.75));
#8980=CARTESIAN_POINT('',(4.25,-1.35,-1.75));
#8981=CARTESIAN_POINT('',(4.,-1.35,-1.75));
#8982=CARTESIAN_POINT('',(4.,-1.35,-1.75));
#8983=CARTESIAN_POINT('',(4.,-1.37,-1.75));
#8984=CARTESIAN_POINT('',(4.,-1.37,-1.75));
#8985=CARTESIAN_POINT('',(4.,-2.,-1.75));
#8986=CARTESIAN_POINT('',(4.25,-2.2,-1.75));
#8987=CARTESIAN_POINT('',(4.25,-2.45,1.75));
#8988=CARTESIAN_POINT('',(4.25,-2.45,1.4));
#8989=CARTESIAN_POINT('',(2.2,-2.45,1.4));
#8990=CARTESIAN_POINT('',(-2.2,-2.45,1.4));
#8991=CARTESIAN_POINT('',(2.2,-2.45,1.75));
#8992=CARTESIAN_POINT('',(2.2,-2.45,1.72080992435478));
#8993=CARTESIAN_POINT('',(2.2,-2.45,2.));
#8994=CARTESIAN_POINT('',(-2.2,-2.45,1.75));
#8995=CARTESIAN_POINT('',(4.25,-2.45,1.75));
#8996=CARTESIAN_POINT('',(4.25,-2.45,1.4));
#8997=CARTESIAN_POINT('',(-2.8,-2.45,1.4));
#8998=CARTESIAN_POINT('',(-2.8,-2.45,1.75));
#8999=CARTESIAN_POINT('',(4.25,-2.45,-1.4));
#9000=CARTESIAN_POINT('',(-0.3,-2.45,2.));
#9001=CARTESIAN_POINT('',(-0.3,-2.45000000000001,-1.4));
#9002=CARTESIAN_POINT('',(4.25,-2.45,-1.4));
#9003=CARTESIAN_POINT('',(4.25,-0.25,1.45));
#9004=CARTESIAN_POINT('',(-3.15,-0.25,1.45));
#9005=CARTESIAN_POINT('',(-3.15,-0.25,1.45));
#9006=CARTESIAN_POINT('',(-3.15,0.,1.45));
#9007=CARTESIAN_POINT('',(4.25,-0.25,1.45));
#9008=CARTESIAN_POINT('',(-3.99210331267794,-0.25,1.45));
#9009=CARTESIAN_POINT('',(-3.00705833427467,2.4236732915891,1.45));
#9010=CARTESIAN_POINT('',(-3.89999735292006,0.,1.45));
#9011=CARTESIAN_POINT('',(4.25,0.,1.45));
#9012=CARTESIAN_POINT('',(4.25,0.,1.45));
#9013=CARTESIAN_POINT('',(-3.15,0.,1.45));
#9014=CARTESIAN_POINT('',(-3.89999735292006,0.,1.45));
#9015=CARTESIAN_POINT('',(4.25,-0.25,-1.45));
#9016=CARTESIAN_POINT('',(-3.8,-0.25,-1.2));
#9017=CARTESIAN_POINT('',(-3.8,-0.25,-1.4));
#9018=CARTESIAN_POINT('',(-3.05,-0.25,-1.4));
#9019=CARTESIAN_POINT('',(-3.08998031022997,-0.25,-1.45));
#9020=CARTESIAN_POINT('',(-3.08998031022997,-0.25,-1.45));
#9021=CARTESIAN_POINT('',(4.25,-0.25,-1.45));
#9022=CARTESIAN_POINT('',(-3.99210331267794,-0.25,-1.45));
#9023=CARTESIAN_POINT('',(-3.99210331267794,-0.25,-1.45));
#9024=CARTESIAN_POINT('',(3.5,1.25,-1.35));
#9025=CARTESIAN_POINT('',(-3.07134075526354,-0.327639334016263,-1.35));
#9026=CARTESIAN_POINT('',(-2.86830489973111,-1.17334453638559,-1.35));
#9027=CARTESIAN_POINT('',(-3.5,1.25,-1.35));
#9028=CARTESIAN_POINT('',(-2.77106790769135,-1.15,-1.35));
#9029=CARTESIAN_POINT('',(4.25,-0.25,1.));
#9030=CARTESIAN_POINT('',(-3.79999999999999,-0.25,1.4));
#9031=CARTESIAN_POINT('',(-3.79999999999999,-0.25,1.4));
#9032=CARTESIAN_POINT('',(-3.25,-0.25,1.4));
#9033=CARTESIAN_POINT('',(-3.8,-0.25,1.2));
#9034=CARTESIAN_POINT('',(-3.99210331267794,-0.25,1.));
#9035=CARTESIAN_POINT('',(-3.15,-0.25,2.));
#9036=CARTESIAN_POINT('',(-3.05,-0.25,1.6));
#9037=CARTESIAN_POINT('',(-3.05,-0.25,1.6));
#9038=CARTESIAN_POINT('',(-3.25,-0.25,1.6));
#9039=CARTESIAN_POINT('',(-3.5,1.25,1.35));
#9040=CARTESIAN_POINT('',(1.7,-1.15,1.35));
#9041=CARTESIAN_POINT('',(1.8,-1.15,1.35));
#9042=CARTESIAN_POINT('',(1.8,1.25,1.35));
#9043=CARTESIAN_POINT('',(1.8,-0.35,1.35));
#9044=CARTESIAN_POINT('',(1.9,-0.35,1.35));
#9045=CARTESIAN_POINT('',(3.5,1.25,1.35));
#9046=CARTESIAN_POINT('',(4.25,-0.25,-1.45));
#9047=CARTESIAN_POINT('',(0.85,-0.25,-1.65));
#9048=CARTESIAN_POINT('',(1.05,-0.25,-1.65));
#9049=CARTESIAN_POINT('',(1.05,-0.25,-1.75));
#9050=CARTESIAN_POINT('',(0.95,-0.25,-2.));
#9051=CARTESIAN_POINT('',(4.25,-0.25,-1.));
#9052=CARTESIAN_POINT('',(-4.,-1.12,-1.));
#9053=CARTESIAN_POINT('',(-4.,-1.12,-1.));
#9054=CARTESIAN_POINT('',(-4.,-1.12,-1.));
#9055=CARTESIAN_POINT('',(-4.25,-1.12,-1.));
#9056=CARTESIAN_POINT('',(-4.25,-0.25,-1.));
#9057=CARTESIAN_POINT('',(-3.5,-0.25,-1.));
#9058=CARTESIAN_POINT('',(-3.00705833427467,2.4236732915891,-1.));
#9059=CARTESIAN_POINT('',(4.25,-1.25,1.));
#9060=CARTESIAN_POINT('',(-4.25,-1.25,1.));
#9061=CARTESIAN_POINT('',(-4.25,-1.12,1.));
#9062=CARTESIAN_POINT('',(-4.,-1.12,1.));
#9063=CARTESIAN_POINT('',(-4.,-1.12,1.));
#9064=CARTESIAN_POINT('',(-4.,0.,1.));
#9065=CARTESIAN_POINT('',(-3.33145044514235,1.54318707842651,1.));
#9066=CARTESIAN_POINT('',(-3.5,-1.25,1.));
#9067=CARTESIAN_POINT('',(-4.,-1.,1.));
#9068=CARTESIAN_POINT('',(4.25,-0.25,1.));
#9069=CARTESIAN_POINT('',(3.25,-0.25,1.6));
#9070=CARTESIAN_POINT('',(3.25,-0.25,1.4));
#9071=CARTESIAN_POINT('',(3.05,-0.25,1.6));
#9072=CARTESIAN_POINT('',(3.05,-0.25,1.75));
#9073=CARTESIAN_POINT('',(3.15,-0.25,4.25));
#9074=CARTESIAN_POINT('',(3.15,-0.25,1.45));
#9075=CARTESIAN_POINT('',(4.25,-0.25,1.45));
#9076=CARTESIAN_POINT('',(3.99210331267794,-0.25,1.45));
#9077=CARTESIAN_POINT('',(3.99210331267794,-0.25,1.));
#9078=CARTESIAN_POINT('',(3.8,-0.25,1.2));
#9079=CARTESIAN_POINT('',(3.79999999999999,-0.25,1.4));
#9080=CARTESIAN_POINT('',(3.25,-0.25,1.4));
#9081=CARTESIAN_POINT('',(4.25,-2.45,1.4));
#9082=CARTESIAN_POINT('',(4.25,-2.74967311138127,1.4));
#9083=CARTESIAN_POINT('',(4.25,-2.45,1.4));
#9084=CARTESIAN_POINT('',(4.25,-2.45,1.4));
#9085=CARTESIAN_POINT('',(4.25,-2.74967311138127,1.4));
#9086=CARTESIAN_POINT('',(4.25,-3.2,1.3));
#9087=CARTESIAN_POINT('',(4.25,-3.2,1.3));
#9088=CARTESIAN_POINT('',(0.,-3.2,0.));
#9089=CARTESIAN_POINT('',(0.,-3.2,-0.4));
#9090=CARTESIAN_POINT('',(-1.5,-3.2,0.));
#9091=CARTESIAN_POINT('',(-1.5,-3.2,-0.5));
#9092=CARTESIAN_POINT('',(3.4,-3.2,0.));
#9093=CARTESIAN_POINT('',(3.4,-3.2,0.4));
#9094=CARTESIAN_POINT('',(-3.4,-3.2,0.));
#9095=CARTESIAN_POINT('',(-3.4,-3.2,0.4));
#9096=CARTESIAN_POINT('',(3.55,-3.2,0.65));
#9097=CARTESIAN_POINT('',(3.55,-3.2,0.65));
#9098=CARTESIAN_POINT('',(3.25,-3.2,0.65));
#9099=CARTESIAN_POINT('',(3.25,-3.2,0.750000000000001));
#9100=CARTESIAN_POINT('',(3.15,-3.2,0.75));
#9101=CARTESIAN_POINT('',(3.15,-3.2,0.75));
#9102=CARTESIAN_POINT('',(3.15,-3.2,1.05));
#9103=CARTESIAN_POINT('',(3.25,-3.2,1.05));
#9104=CARTESIAN_POINT('',(3.25,-3.2,1.15));
#9105=CARTESIAN_POINT('',(3.25,-3.2,1.15));
#9106=CARTESIAN_POINT('',(3.55,-3.2,1.15));
#9107=CARTESIAN_POINT('',(3.55,-3.2,1.05));
#9108=CARTESIAN_POINT('',(3.65,-3.2,1.05));
#9109=CARTESIAN_POINT('',(3.65,-3.2,1.05));
#9110=CARTESIAN_POINT('',(3.65,-3.2,0.75));
#9111=CARTESIAN_POINT('',(3.55,-3.2,0.75));
#9112=CARTESIAN_POINT('',(-3.25,-3.2,0.65));
#9113=CARTESIAN_POINT('',(-3.25,-3.2,0.65));
#9114=CARTESIAN_POINT('',(-3.55,-3.2,0.65));
#9115=CARTESIAN_POINT('',(-3.55,-3.2,0.75));
#9116=CARTESIAN_POINT('',(-3.65,-3.2,0.75));
#9117=CARTESIAN_POINT('',(-3.65,-3.2,0.75));
#9118=CARTESIAN_POINT('',(-3.65,-3.2,1.05));
#9119=CARTESIAN_POINT('',(-3.55,-3.2,1.05));
#9120=CARTESIAN_POINT('',(-3.55,-3.2,1.15));
#9121=CARTESIAN_POINT('',(-3.55,-3.2,1.15));
#9122=CARTESIAN_POINT('',(-3.25,-3.2,1.15));
#9123=CARTESIAN_POINT('',(-3.25,-3.2,1.05));
#9124=CARTESIAN_POINT('',(-3.15,-3.2,1.05));
#9125=CARTESIAN_POINT('',(-3.15,-3.2,1.05));
#9126=CARTESIAN_POINT('',(-3.15,-3.2,0.75));
#9127=CARTESIAN_POINT('',(-3.25,-3.2,0.750000000000001));
#9128=CARTESIAN_POINT('',(3.55,-3.2,-1.15));
#9129=CARTESIAN_POINT('',(3.55,-3.2,-1.15));
#9130=CARTESIAN_POINT('',(3.25,-3.2,-1.15));
#9131=CARTESIAN_POINT('',(3.25,-3.2,-1.05));
#9132=CARTESIAN_POINT('',(3.15,-3.2,-1.05));
#9133=CARTESIAN_POINT('',(3.15,-3.2,-1.05));
#9134=CARTESIAN_POINT('',(3.15,-3.2,-0.75));
#9135=CARTESIAN_POINT('',(3.25,-3.2,-0.750000000000001));
#9136=CARTESIAN_POINT('',(3.25,-3.2,-0.65));
#9137=CARTESIAN_POINT('',(3.25,-3.2,-0.65));
#9138=CARTESIAN_POINT('',(3.55,-3.2,-0.65));
#9139=CARTESIAN_POINT('',(3.55,-3.2,-0.75));
#9140=CARTESIAN_POINT('',(3.65,-3.2,-0.75));
#9141=CARTESIAN_POINT('',(3.65,-3.2,-0.75));
#9142=CARTESIAN_POINT('',(3.65,-3.2,-1.05));
#9143=CARTESIAN_POINT('',(3.55,-3.2,-1.05));
#9144=CARTESIAN_POINT('',(-3.25,-3.2,-1.15));
#9145=CARTESIAN_POINT('',(-3.25,-3.2,-1.15));
#9146=CARTESIAN_POINT('',(-3.55,-3.2,-1.15));
#9147=CARTESIAN_POINT('',(-3.55,-3.2,-1.05));
#9148=CARTESIAN_POINT('',(-3.65,-3.2,-1.05));
#9149=CARTESIAN_POINT('',(-3.65,-3.2,-1.05));
#9150=CARTESIAN_POINT('',(-3.65,-3.2,-0.75));
#9151=CARTESIAN_POINT('',(-3.55,-3.2,-0.75));
#9152=CARTESIAN_POINT('',(-3.55,-3.2,-0.65));
#9153=CARTESIAN_POINT('',(-3.55,-3.2,-0.65));
#9154=CARTESIAN_POINT('',(-3.25,-3.2,-0.65));
#9155=CARTESIAN_POINT('',(-3.25,-3.2,-0.750000000000001));
#9156=CARTESIAN_POINT('',(-3.15,-3.2,-0.75));
#9157=CARTESIAN_POINT('',(-3.15,-3.2,-0.75));
#9158=CARTESIAN_POINT('',(-3.15,-3.2,-1.05));
#9159=CARTESIAN_POINT('',(-3.25,-3.2,-1.05));
#9160=CARTESIAN_POINT('',(4.25,-3.2,-1.3));
#9161=CARTESIAN_POINT('',(4.25,-3.2,-1.3));
#9162=CARTESIAN_POINT('',(4.25,-2.74967311138127,-1.4));
#9163=CARTESIAN_POINT('',(4.25,-2.74967311138127,-1.4));
#9164=CARTESIAN_POINT('',(4.25,-2.45,-1.4));
#9165=CARTESIAN_POINT('',(4.25,0.,-1.75));
#9166=CARTESIAN_POINT('',(4.25,0.,-1.45));
#9167=CARTESIAN_POINT('',(-3.15,0.,-1.45));
#9168=CARTESIAN_POINT('',(-3.89999735292006,4.33680868994202E-16,-1.45));
#9169=CARTESIAN_POINT('',(-3.15,0.,-2.));
#9170=CARTESIAN_POINT('',(-3.89999735292006,0.,-1.75));
#9171=CARTESIAN_POINT('',(4.25,0.,-1.75));
#9172=CARTESIAN_POINT('',(3.15,0.,-1.75));
#9173=CARTESIAN_POINT('',(3.15,0.,-1.45));
#9174=CARTESIAN_POINT('',(4.25,0.,-1.45));
#9175=CARTESIAN_POINT('',(3.89999735292006,0.,-1.45));
#9176=CARTESIAN_POINT('',(3.89999735292006,0.,-1.75));
#9177=CARTESIAN_POINT('',(4.25,0.,-1.45));
#9178=CARTESIAN_POINT('',(-2.74672413949696,-1.67976484903632,-1.45));
#9179=CARTESIAN_POINT('',(-2.92596030655775,2.64379484487975,-1.45));
#9180=CARTESIAN_POINT('',(4.25,0.,-1.45));
#9181=CARTESIAN_POINT('',(3.15,0.,-1.45));
#9182=CARTESIAN_POINT('',(3.9418274946757,-0.113538097495536,-1.45));
#9183=CARTESIAN_POINT('',(4.25,-0.25,1.45));
#9184=CARTESIAN_POINT('',(3.15,-0.25,1.45));
#9185=CARTESIAN_POINT('',(3.15,0.,1.45));
#9186=CARTESIAN_POINT('',(4.25,0.,1.45));
#9187=CARTESIAN_POINT('',(3.89999735292006,0.,1.45));
#9188=CARTESIAN_POINT('',(4.02292552239262,-0.333659650786185,1.45));
#9189=CARTESIAN_POINT('',(4.25,0.,1.45));
#9190=CARTESIAN_POINT('',(3.15,0.,1.45));
#9191=CARTESIAN_POINT('',(3.89999735292006,0.,1.45));
#9192=CARTESIAN_POINT('',(-4.25,-0.95,4.25));
#9193=CARTESIAN_POINT('',(-4.25,-0.95,0.));
#9194=CARTESIAN_POINT('',(-4.25,-0.95,4.25));
#9195=CARTESIAN_POINT('',(-4.25,-0.95,0.));
#9196=CARTESIAN_POINT('',(-4.,-4.,4.25));
#9197=CARTESIAN_POINT('',(-4.,-1.245,1.));
#9198=CARTESIAN_POINT('',(-4.,-1.37,1.));
#9199=CARTESIAN_POINT('',(-4.,-1.37,1.));
#9200=CARTESIAN_POINT('',(4.25,-1.35,4.25));
#9201=CARTESIAN_POINT('',(4.,-1.35,4.25));
#9202=CARTESIAN_POINT('',(4.,-1.35,4.25));
#9203=CARTESIAN_POINT('',(4.,-1.37,-1.75));
#9204=CARTESIAN_POINT('',(4.,-1.37,-1.));
#9205=CARTESIAN_POINT('',(4.,-1.245,-1.));
#9206=CARTESIAN_POINT('',(3.58683708974328,0.85,4.25));
#9207=CARTESIAN_POINT('',(4.3473176332603,-1.21414586394878,1.));
#9208=CARTESIAN_POINT('',(3.58683708974328,0.85,4.25));
#9209=CARTESIAN_POINT('',(3.58683708974328,0.85,-1.));
#9210=CARTESIAN_POINT('',(3.15,-0.25,4.25));
#9211=CARTESIAN_POINT('',(3.15,-0.25,4.25));
#9212=CARTESIAN_POINT('',(3.5,1.25,1.35));
#9213=CARTESIAN_POINT('',(-3.5,1.25,1.35));
#9214=CARTESIAN_POINT('',(-1.9,-0.35,1.35));
#9215=CARTESIAN_POINT('',(-1.8,-0.35,1.35));
#9216=CARTESIAN_POINT('',(-1.8,1.25,1.35));
#9217=CARTESIAN_POINT('',(-1.8,-1.15,1.35));
#9218=CARTESIAN_POINT('',(-1.7,-1.15,1.35));
#9219=CARTESIAN_POINT('',(-3.5,1.25,1.35));
#9220=CARTESIAN_POINT('',(-3.5,1.25,-1.35));
#9221=CARTESIAN_POINT('',(3.5,1.25,-1.35));
#9222=CARTESIAN_POINT('',(0.75,-1.15,-1.35));
#9223=CARTESIAN_POINT('',(0.85,-1.15,-1.35));
#9224=CARTESIAN_POINT('',(3.5,1.25,-1.35));
#9225=CARTESIAN_POINT('',(0.95,-0.35,-1.35));
#9226=CARTESIAN_POINT('',(0.85,-0.35,-1.35));
#9227=CARTESIAN_POINT('',(0.85,1.25,-1.35));
#9228=CARTESIAN_POINT('',(-3.5,1.25,-1.35));
#9229=CARTESIAN_POINT('',(3.5,1.25,1.35));
#9230=CARTESIAN_POINT('',(-1.9,-0.35,2.));
#9231=CARTESIAN_POINT('',(-1.8,-0.35,2.));
#9232=CARTESIAN_POINT('',(-1.8,-0.35,2.));
#9233=CARTESIAN_POINT('',(-1.8,-1.15,2.));
#9234=CARTESIAN_POINT('',(-1.7,-1.15,2.));
#9235=CARTESIAN_POINT('',(1.7,-1.15,2.));
#9236=CARTESIAN_POINT('',(1.8,-1.15,2.));
#9237=CARTESIAN_POINT('',(1.8,-1.15,2.));
#9238=CARTESIAN_POINT('',(1.8,-0.35,2.));
#9239=CARTESIAN_POINT('',(1.9,-0.35,2.));
#9240=CARTESIAN_POINT('',(-3.15,0.,-2.));
#9241=CARTESIAN_POINT('',(-2.86830489973111,-1.17334453638559,-2.));
#9242=CARTESIAN_POINT('',(-2.77106790769135,-1.15,-2.));
#9243=CARTESIAN_POINT('',(0.75,-1.15,-2.));
#9244=CARTESIAN_POINT('',(0.85,-1.15,-2.));
#9245=CARTESIAN_POINT('',(0.85,-1.15,-2.));
#9246=CARTESIAN_POINT('',(0.85,-0.35,-2.));
#9247=CARTESIAN_POINT('',(0.95,-0.35,-2.));
#9248=CARTESIAN_POINT('',(-3.15,0.75,2.));
#9249=CARTESIAN_POINT('',(0.3,-2.2,2.));
#9250=CARTESIAN_POINT('',(0.3,-2.20000000000001,-1.35));
#9251=CARTESIAN_POINT('',(2.2,-2.2,2.));
#9252=CARTESIAN_POINT('',(2.2,-2.6,1.35));
#9253=CARTESIAN_POINT('',(2.8,-2.45,2.));
#9254=CARTESIAN_POINT('',(2.8,-2.6,1.35));
#9255=CARTESIAN_POINT('',(-3.55,-3.5,-1.05));
#9256=CARTESIAN_POINT('',(-3.55,-3.5,-1.15));
#9257=CARTESIAN_POINT('',(-3.55,-3.5,-1.15));
#9258=CARTESIAN_POINT('',(-3.55,-3.5,-1.05));
#9259=CARTESIAN_POINT('',(-3.65,-3.5,-1.05));
#9260=CARTESIAN_POINT('',(-3.65,-3.5,-1.05));
#9261=CARTESIAN_POINT('',(-3.65,-3.5,-1.05));
#9262=CARTESIAN_POINT('',(-3.65,-3.5,-1.05));
#9263=CARTESIAN_POINT('',(-3.65,-3.5,-0.75));
#9264=CARTESIAN_POINT('',(-3.65,-3.5,-0.75));
#9265=CARTESIAN_POINT('',(-3.55,-3.5,-0.75));
#9266=CARTESIAN_POINT('',(-3.55,-3.5,-0.75));
#9267=CARTESIAN_POINT('',(-3.55,-3.5,-0.65));
#9268=CARTESIAN_POINT('',(-3.55,-3.5,-0.65));
#9269=CARTESIAN_POINT('',(-3.55,-3.5,-0.65));
#9270=CARTESIAN_POINT('',(-3.55,-3.5,-0.65));
#9271=CARTESIAN_POINT('',(-3.25,-3.5,-0.65));
#9272=CARTESIAN_POINT('',(-3.25,-3.5,-0.65));
#9273=CARTESIAN_POINT('',(-3.25,-3.5,-0.750000000000001));
#9274=CARTESIAN_POINT('',(-3.25,-3.5,-0.750000000000001));
#9275=CARTESIAN_POINT('',(-3.15,-3.5,-0.75));
#9276=CARTESIAN_POINT('',(-3.15,-3.5,-0.75));
#9277=CARTESIAN_POINT('',(-3.15,-3.5,-0.75));
#9278=CARTESIAN_POINT('',(-3.15,-3.5,-0.75));
#9279=CARTESIAN_POINT('',(-3.15,-3.5,-1.05));
#9280=CARTESIAN_POINT('',(-3.15,-3.5,-1.05));
#9281=CARTESIAN_POINT('',(-3.25,-3.5,-1.05));
#9282=CARTESIAN_POINT('',(-3.25,-3.5,-1.05));
#9283=CARTESIAN_POINT('',(-3.25,-3.5,-1.15));
#9284=CARTESIAN_POINT('',(-3.25,-3.5,-1.15));
#9285=CARTESIAN_POINT('',(-3.25,-3.5,-1.15));
#9286=CARTESIAN_POINT('',(-3.25,-3.5,-1.15));
#9287=CARTESIAN_POINT('',(-3.55,-3.5,-1.05));
#9288=CARTESIAN_POINT('',(3.25,-3.5,-1.05));
#9289=CARTESIAN_POINT('',(3.25,-3.5,-1.15));
#9290=CARTESIAN_POINT('',(3.25,-3.5,-1.15));
#9291=CARTESIAN_POINT('',(3.25,-3.5,-1.05));
#9292=CARTESIAN_POINT('',(3.15,-3.5,-1.05));
#9293=CARTESIAN_POINT('',(3.15,-3.5,-1.05));
#9294=CARTESIAN_POINT('',(3.15,-3.5,-1.05));
#9295=CARTESIAN_POINT('',(3.15,-3.5,-1.05));
#9296=CARTESIAN_POINT('',(3.15,-3.5,-0.75));
#9297=CARTESIAN_POINT('',(3.15,-3.5,-0.75));
#9298=CARTESIAN_POINT('',(3.25,-3.5,-0.750000000000001));
#9299=CARTESIAN_POINT('',(3.25,-3.5,-0.750000000000001));
#9300=CARTESIAN_POINT('',(3.25,-3.5,-0.65));
#9301=CARTESIAN_POINT('',(3.25,-3.5,-0.65));
#9302=CARTESIAN_POINT('',(3.25,-3.5,-0.65));
#9303=CARTESIAN_POINT('',(3.25,-3.5,-0.65));
#9304=CARTESIAN_POINT('',(3.55,-3.5,-0.65));
#9305=CARTESIAN_POINT('',(3.55,-3.5,-0.65));
#9306=CARTESIAN_POINT('',(3.55,-3.5,-0.75));
#9307=CARTESIAN_POINT('',(3.55,-3.5,-0.75));
#9308=CARTESIAN_POINT('',(3.65,-3.5,-0.75));
#9309=CARTESIAN_POINT('',(3.65,-3.5,-0.75));
#9310=CARTESIAN_POINT('',(3.65,-3.5,-0.75));
#9311=CARTESIAN_POINT('',(3.65,-3.5,-0.75));
#9312=CARTESIAN_POINT('',(3.65,-3.5,-1.05));
#9313=CARTESIAN_POINT('',(3.65,-3.5,-1.05));
#9314=CARTESIAN_POINT('',(3.55,-3.5,-1.05));
#9315=CARTESIAN_POINT('',(3.55,-3.5,-1.05));
#9316=CARTESIAN_POINT('',(3.55,-3.5,-1.15));
#9317=CARTESIAN_POINT('',(3.55,-3.5,-1.15));
#9318=CARTESIAN_POINT('',(3.55,-3.5,-1.15));
#9319=CARTESIAN_POINT('',(3.55,-3.5,-1.15));
#9320=CARTESIAN_POINT('',(3.25,-3.5,-1.05));
#9321=CARTESIAN_POINT('',(-3.55,-3.5,0.75));
#9322=CARTESIAN_POINT('',(-3.55,-3.5,0.65));
#9323=CARTESIAN_POINT('',(-3.55,-3.5,0.65));
#9324=CARTESIAN_POINT('',(-3.55,-3.5,0.75));
#9325=CARTESIAN_POINT('',(-3.65,-3.5,0.75));
#9326=CARTESIAN_POINT('',(-3.65,-3.5,0.75));
#9327=CARTESIAN_POINT('',(-3.65,-3.5,0.75));
#9328=CARTESIAN_POINT('',(-3.65,-3.5,0.75));
#9329=CARTESIAN_POINT('',(-3.65,-3.5,1.05));
#9330=CARTESIAN_POINT('',(-3.65,-3.5,1.05));
#9331=CARTESIAN_POINT('',(-3.55,-3.5,1.05));
#9332=CARTESIAN_POINT('',(-3.55,-3.5,1.05));
#9333=CARTESIAN_POINT('',(-3.55,-3.5,1.15));
#9334=CARTESIAN_POINT('',(-3.55,-3.5,1.15));
#9335=CARTESIAN_POINT('',(-3.55,-3.5,1.15));
#9336=CARTESIAN_POINT('',(-3.55,-3.5,1.15));
#9337=CARTESIAN_POINT('',(-3.25,-3.5,1.15));
#9338=CARTESIAN_POINT('',(-3.25,-3.5,1.15));
#9339=CARTESIAN_POINT('',(-3.25,-3.5,1.05));
#9340=CARTESIAN_POINT('',(-3.25,-3.5,1.05));
#9341=CARTESIAN_POINT('',(-3.15,-3.5,1.05));
#9342=CARTESIAN_POINT('',(-3.15,-3.5,1.05));
#9343=CARTESIAN_POINT('',(-3.15,-3.5,1.05));
#9344=CARTESIAN_POINT('',(-3.15,-3.5,1.05));
#9345=CARTESIAN_POINT('',(-3.15,-3.5,0.75));
#9346=CARTESIAN_POINT('',(-3.15,-3.5,0.75));
#9347=CARTESIAN_POINT('',(-3.25,-3.5,0.750000000000001));
#9348=CARTESIAN_POINT('',(-3.25,-3.5,0.750000000000001));
#9349=CARTESIAN_POINT('',(-3.25,-3.5,0.65));
#9350=CARTESIAN_POINT('',(-3.25,-3.5,0.65));
#9351=CARTESIAN_POINT('',(-3.25,-3.5,0.65));
#9352=CARTESIAN_POINT('',(-3.25,-3.5,0.65));
#9353=CARTESIAN_POINT('',(-3.55,-3.5,0.75));
#9354=CARTESIAN_POINT('',(3.25,-3.5,0.750000000000001));
#9355=CARTESIAN_POINT('',(3.25,-3.5,0.65));
#9356=CARTESIAN_POINT('',(3.25,-3.5,0.65));
#9357=CARTESIAN_POINT('',(3.25,-3.5,0.750000000000001));
#9358=CARTESIAN_POINT('',(3.15,-3.5,0.75));
#9359=CARTESIAN_POINT('',(3.15,-3.5,0.75));
#9360=CARTESIAN_POINT('',(3.15,-3.5,0.75));
#9361=CARTESIAN_POINT('',(3.15,-3.5,0.75));
#9362=CARTESIAN_POINT('',(3.15,-3.5,1.05));
#9363=CARTESIAN_POINT('',(3.15,-3.5,1.05));
#9364=CARTESIAN_POINT('',(3.25,-3.5,1.05));
#9365=CARTESIAN_POINT('',(3.25,-3.5,1.05));
#9366=CARTESIAN_POINT('',(3.25,-3.5,1.15));
#9367=CARTESIAN_POINT('',(3.25,-3.5,1.15));
#9368=CARTESIAN_POINT('',(3.25,-3.5,1.15));
#9369=CARTESIAN_POINT('',(3.25,-3.5,1.15));
#9370=CARTESIAN_POINT('',(3.55,-3.5,1.15));
#9371=CARTESIAN_POINT('',(3.55,-3.5,1.15));
#9372=CARTESIAN_POINT('',(3.55,-3.5,1.05));
#9373=CARTESIAN_POINT('',(3.55,-3.5,1.05));
#9374=CARTESIAN_POINT('',(3.65,-3.5,1.05));
#9375=CARTESIAN_POINT('',(3.65,-3.5,1.05));
#9376=CARTESIAN_POINT('',(3.65,-3.5,1.05));
#9377=CARTESIAN_POINT('',(3.65,-3.5,1.05));
#9378=CARTESIAN_POINT('',(3.65,-3.5,0.75));
#9379=CARTESIAN_POINT('',(3.65,-3.5,0.75));
#9380=CARTESIAN_POINT('',(3.55,-3.5,0.75));
#9381=CARTESIAN_POINT('',(3.55,-3.5,0.75));
#9382=CARTESIAN_POINT('',(3.55,-3.5,0.65));
#9383=CARTESIAN_POINT('',(3.55,-3.5,0.65));
#9384=CARTESIAN_POINT('',(3.55,-3.5,0.65));
#9385=CARTESIAN_POINT('',(3.55,-3.5,0.65));
#9386=CARTESIAN_POINT('',(3.25,-3.5,0.750000000000001));
#9387=CARTESIAN_POINT('',(-3.4,-4.3,0.));
#9388=CARTESIAN_POINT('',(-3.4,-4.3,0.));
#9389=CARTESIAN_POINT('',(-3.4,-4.3,0.2));
#9390=CARTESIAN_POINT('',(-3.4,-4.3,0.));
#9391=CARTESIAN_POINT('',(-3.4,-4.1,0.));
#9392=CARTESIAN_POINT('',(-3.4,-4.1,0.4));
#9393=CARTESIAN_POINT('',(-3.4,-3.2,0.));
#9394=CARTESIAN_POINT('',(3.4,-4.3,0.));
#9395=CARTESIAN_POINT('',(3.4,-4.3,0.));
#9396=CARTESIAN_POINT('',(3.4,-4.3,0.2));
#9397=CARTESIAN_POINT('',(3.4,-4.3,0.));
#9398=CARTESIAN_POINT('',(3.4,-4.1,0.));
#9399=CARTESIAN_POINT('',(3.4,-4.1,0.4));
#9400=CARTESIAN_POINT('',(3.4,-3.2,0.));
#9401=CARTESIAN_POINT('',(-1.5,-2.9,0.));
#9402=CARTESIAN_POINT('',(-1.5,-2.9,0.));
#9403=CARTESIAN_POINT('',(-1.5,-2.9,-0.5));
#9404=CARTESIAN_POINT('',(-1.5,-3.2,0.));
#9405=CARTESIAN_POINT('',(0.,-2.9,0.));
#9406=CARTESIAN_POINT('',(0.,-2.9,0.));
#9407=CARTESIAN_POINT('',(0.,-2.9,-0.4));
#9408=CARTESIAN_POINT('',(0.,-3.2,0.));
#9409=CARTESIAN_POINT('',(-4.25,-0.25,-1.));
#9410=CARTESIAN_POINT('',(-4.25,-0.25,1.2));
#9411=CARTESIAN_POINT('',(-4.25,-1.245,-1.));
#9412=CARTESIAN_POINT('',(-4.25,-1.37,-1.));
#9413=CARTESIAN_POINT('',(-4.25,-1.37,-1.75));
#9414=CARTESIAN_POINT('',(-4.25,-2.,-1.55));
#9415=CARTESIAN_POINT('',(-4.25,-2.2,-1.55));
#9416=CARTESIAN_POINT('',(-4.25,-2.2,1.55));
#9417=CARTESIAN_POINT('',(-4.25,-2.2,1.55));
#9418=CARTESIAN_POINT('',(-4.25,-2.,1.55));
#9419=CARTESIAN_POINT('',(-4.25,-1.37,1.));
#9420=CARTESIAN_POINT('',(-4.25,-1.37,1.));
#9421=CARTESIAN_POINT('',(-4.25,-1.245,1.));
#9422=CARTESIAN_POINT('',(-4.2,-0.25,1.2));
#9423=CARTESIAN_POINT('',(-4.,-0.25,1.2));
#9424=CARTESIAN_POINT('',(-4.,-1.62630325872826E-16,1.2));
#9425=CARTESIAN_POINT('',(-4.,-1.62630325872828E-16,1.14206121972251));
#9426=CARTESIAN_POINT('',(-4.05563375419107,0.00733034203488903,1.02649988805115));
#9427=CARTESIAN_POINT('',(-4.16523578558476,-0.053647714112842,0.999999999999982));
#9428=CARTESIAN_POINT('',(-4.20000000000008,-0.0999999999999354,0.999999999999997));
#9429=CARTESIAN_POINT('',(-3.8,-0.25,1.2));
#9430=CARTESIAN_POINT('',(-3.79999999999999,-0.25,1.4));
#9431=CARTESIAN_POINT('',(-3.79999999999999,-0.25,1.4));
#9432=CARTESIAN_POINT('',(-3.25,-0.25,1.4));
#9433=CARTESIAN_POINT('',(-3.25,-0.25,1.6));
#9434=CARTESIAN_POINT('',(-3.05,-0.25,1.6));
#9435=CARTESIAN_POINT('',(-3.05,-0.25,1.6));
#9436=CARTESIAN_POINT('',(3.05,-0.25,1.75));
#9437=CARTESIAN_POINT('',(3.05,-0.25,1.6));
#9438=CARTESIAN_POINT('',(3.25,-0.25,1.6));
#9439=CARTESIAN_POINT('',(3.25,-0.25,1.4));
#9440=CARTESIAN_POINT('',(3.25,-0.25,1.4));
#9441=CARTESIAN_POINT('',(3.79999999999999,-0.25,1.4));
#9442=CARTESIAN_POINT('',(3.8,-0.25,1.2));
#9443=CARTESIAN_POINT('',(4.,-0.25,1.20000000000001));
#9444=CARTESIAN_POINT('',(4.2,-0.25,1.2));
#9445=CARTESIAN_POINT('',(4.20000000000001,-0.25,1.));
#9446=CARTESIAN_POINT('',(4.20000000000001,-0.100000000000008,1.));
#9447=CARTESIAN_POINT('',(4.20000000000001,-0.100000000000008,1.));
#9448=CARTESIAN_POINT('',(4.16528932490046,-0.0537190998672796,0.999999999999999));
#9449=CARTESIAN_POINT('',(4.05645786230694,0.00712040364459833,1.02576712145738));
#9450=CARTESIAN_POINT('',(4.,4.76456035591775E-19,1.1420582788527));
#9451=CARTESIAN_POINT('',(4.,4.76456035591557E-19,1.2));
#9452=CARTESIAN_POINT('',(4.20000000000001,-0.25,1.));
#9453=CARTESIAN_POINT('',(4.,-0.250000000000001,1.));
#9454=CARTESIAN_POINT('',(4.,0.,1.));
#9455=CARTESIAN_POINT('',(4.25,-0.25,-1.));
#9456=CARTESIAN_POINT('',(4.,-0.250000000000001,-1.));
#9457=CARTESIAN_POINT('',(4.2,-0.100000000000001,-1.));
#9458=CARTESIAN_POINT('',(4.,-1.12,-1.));
#9459=CARTESIAN_POINT('',(4.2,-0.25,-1.));
#9460=CARTESIAN_POINT('',(4.2,-0.25,-1.2));
#9461=CARTESIAN_POINT('',(4.,-0.25,-1.19999997658692));
#9462=CARTESIAN_POINT('',(4.,0.,-1.19999997658692));
#9463=CARTESIAN_POINT('',(4.00000000678263,-7.05958864215853E-23,-1.14206120024265));
#9464=CARTESIAN_POINT('',(4.05563376704455,0.00733033859791032,-1.02649988270955));
#9465=CARTESIAN_POINT('',(4.16523578795081,-0.0536477172675716,-0.999999999999983));
#9466=CARTESIAN_POINT('',(4.20000000000008,-0.0999999999999279,-0.999999999999997));
#9467=CARTESIAN_POINT('',(3.8,-0.25,-1.2));
#9468=CARTESIAN_POINT('',(3.8,-0.25,-1.4));
#9469=CARTESIAN_POINT('',(3.8,-0.25,-1.4));
#9470=CARTESIAN_POINT('',(3.25,-0.25,-1.4));
#9471=CARTESIAN_POINT('',(3.25,-0.25,-1.6));
#9472=CARTESIAN_POINT('',(3.05,-0.25,-1.6));
#9473=CARTESIAN_POINT('',(3.05,-0.25,-1.6));
#9474=CARTESIAN_POINT('',(1.05,-0.25,-1.75));
#9475=CARTESIAN_POINT('',(1.05,-0.25,-1.65));
#9476=CARTESIAN_POINT('',(0.85,-0.25,-1.65));
#9477=CARTESIAN_POINT('',(0.85,-0.25,-1.45));
#9478=CARTESIAN_POINT('',(0.85,-0.25,-1.45));
#9479=CARTESIAN_POINT('',(-1.8,-0.25,-1.45));
#9480=CARTESIAN_POINT('',(-1.925,-0.25,-1.45));
#9481=CARTESIAN_POINT('',(-2.05,-0.25,-1.45));
#9482=CARTESIAN_POINT('',(-3.05,-0.25,-1.45));
#9483=CARTESIAN_POINT('',(-3.05,-0.3,-1.45));
#9484=CARTESIAN_POINT('',(-3.05,-0.3,-1.75));
#9485=CARTESIAN_POINT('',(-3.05,-0.3,-1.5));
#9486=CARTESIAN_POINT('',(-3.05,-0.3,-1.5));
#9487=CARTESIAN_POINT('',(-3.05,-0.3,-1.45));
#9488=CARTESIAN_POINT('',(-3.05,-0.25,-1.4));
#9489=CARTESIAN_POINT('',(-3.05,-0.25,-1.4));
#9490=CARTESIAN_POINT('',(-3.8,-0.25,-1.4));
#9491=CARTESIAN_POINT('',(-3.8,-0.25,-1.2));
#9492=CARTESIAN_POINT('',(-4.,-0.25,-1.19999997658691));
#9493=CARTESIAN_POINT('',(-4.2,-0.25,-1.2));
#9494=CARTESIAN_POINT('',(-4.2,-0.100000000000001,-1.));
#9495=CARTESIAN_POINT('',(-4.16528932490046,-0.0537190998672757,-1.));
#9496=CARTESIAN_POINT('',(-4.05645786230694,0.00712040364459662,-1.02576712145738));
#9497=CARTESIAN_POINT('',(-4.,-1.56365259910885E-16,-1.1420582788527));
#9498=CARTESIAN_POINT('',(-4.,-1.56365259910884E-16,-1.2));
#9499=CARTESIAN_POINT('',(4.,-2.,1.55));
#9500=CARTESIAN_POINT('',(4.,-1.245,-1.));
#9501=CARTESIAN_POINT('',(4.,-1.245,1.));
#9502=CARTESIAN_POINT('',(4.,-2.,1.55));
#9503=CARTESIAN_POINT('',(4.,-2.2,1.55));
#9504=CARTESIAN_POINT('',(4.,-2.2,1.55));
#9505=CARTESIAN_POINT('',(4.,-2.2,-1.55));
#9506=CARTESIAN_POINT('',(4.,-2.,-1.55));
#9507=CARTESIAN_POINT('',(4.,-1.37,-1.75));
#9508=CARTESIAN_POINT('',(4.,-1.37,-1.));
#9509=CARTESIAN_POINT('',(4.,-1.245,-1.));
#9510=CARTESIAN_POINT('',(4.,-1.245,1.));
#9511=CARTESIAN_POINT('',(4.,-1.37,1.));
#9512=CARTESIAN_POINT('',(4.,-1.37,1.));
#9513=CARTESIAN_POINT('',(-4.,-2.,1.55));
#9514=CARTESIAN_POINT('',(-4.,-1.245,-1.));
#9515=CARTESIAN_POINT('',(-4.,-1.245,1.));
#9516=CARTESIAN_POINT('',(-4.,-2.,1.55));
#9517=CARTESIAN_POINT('',(-4.,-2.2,1.55));
#9518=CARTESIAN_POINT('',(-4.,-2.2,1.55));
#9519=CARTESIAN_POINT('',(-4.,-2.2,-1.55));
#9520=CARTESIAN_POINT('',(-4.,-2.,-1.55));
#9521=CARTESIAN_POINT('',(-4.,-1.37,-1.75));
#9522=CARTESIAN_POINT('',(-4.,-1.37,-1.));
#9523=CARTESIAN_POINT('',(-4.,-1.245,-1.));
#9524=CARTESIAN_POINT('',(-4.,-1.245,1.));
#9525=CARTESIAN_POINT('',(-4.,-1.37,1.));
#9526=CARTESIAN_POINT('',(-4.,-1.37,1.));
#9527=CARTESIAN_POINT('',(4.,-0.250000000000001,1.2));
#9528=CARTESIAN_POINT('',(-4.,-0.250000000000001,1.2));
#9529=CARTESIAN_POINT('',(-3.05,-0.3,-1.45));
#9530=CARTESIAN_POINT('',(-2.05,-0.3,-1.45));
#9531=CARTESIAN_POINT('',(-2.05,-0.3,-1.5));
#9532=CARTESIAN_POINT('',(-3.05,-0.3,-1.5));
#9533=CARTESIAN_POINT('',(-3.05,-0.3,-1.45));
#9534=CARTESIAN_POINT('',(-2.05,-0.3,-1.45));
#9535=CARTESIAN_POINT('',(-2.05,-0.3,-1.75));
#9536=CARTESIAN_POINT('',(-3.05,-0.3,-1.75));
#9537=CARTESIAN_POINT('',(-2.05,-0.3,-1.45));
#9538=CARTESIAN_POINT('',(-2.05,-0.3,-1.5));
#9539=CARTESIAN_POINT('',(-2.05,-0.35,-1.5));
#9540=CARTESIAN_POINT('',(-2.05,-0.35,-1.5));
#9541=CARTESIAN_POINT('',(-2.05,-0.35,-1.75));
#9542=CARTESIAN_POINT('',(-2.05,-0.3,-1.75));
#9543=CARTESIAN_POINT('',(-1.85,-0.55,-1.5));
#9544=CARTESIAN_POINT('',(-1.85,-0.55,-1.75));
#9545=CARTESIAN_POINT('',(-1.85,-0.55,-1.75));
#9546=CARTESIAN_POINT('',(-0.696629870583921,-0.55,-1.75));
#9547=CARTESIAN_POINT('',(-1.85,-0.55,-1.5));
#9548=CARTESIAN_POINT('',(-1.85,-0.55,-1.5));
#9549=CARTESIAN_POINT('',(-1.85,-0.55,-1.5));
#9550=CARTESIAN_POINT('',(-0.696629870583921,-0.55,-1.5));
#9551=CARTESIAN_POINT('',(-0.69662987058392,-0.55,-1.3));
#9552=CARTESIAN_POINT('',(-0.549363207272859,-0.55,-1.43532379641891));
#9553=CARTESIAN_POINT('',(-0.549363207272859,-0.55,-1.43532379641891));
#9554=CARTESIAN_POINT('',(-0.508113544921023,-0.55,-1.39043368619426));
#9555=CARTESIAN_POINT('',(0.00731977666769342,-0.55,-1.86406697366044));
#9556=CARTESIAN_POINT('',(0.480953064133875,-0.55,-1.34863365207173));
#9557=CARTESIAN_POINT('',(0.480953064133875,-0.55,-1.34863365207173));
#9558=CARTESIAN_POINT('',(0.551,-0.55,-1.413));
#9559=CARTESIAN_POINT('',(0.551,-0.55,-1.413));
#9560=CARTESIAN_POINT('',(0.381845254476364,-0.55,-1.59708332913883));
#9561=CARTESIAN_POINT('',(0.381845254476364,-0.55,-1.59708332913883));
#9562=CARTESIAN_POINT('',(0.274981652782473,-0.55,-1.49888603210583));
#9563=CARTESIAN_POINT('',(0.00433405994465524,-0.55,-1.79341935872795));
#9564=CARTESIAN_POINT('',(-0.290199266677469,-0.55,-1.52277176589013));
#9565=CARTESIAN_POINT('',(-0.290199266677469,-0.55,-1.52277176589013));
#9566=CARTESIAN_POINT('',(-0.365279878134031,-0.55,-1.60447854194255));
#9567=CARTESIAN_POINT('',(-0.696629870583921,-0.55,-1.3));
#9568=CARTESIAN_POINT('',(-0.719,-1.15,-1.5));
#9569=CARTESIAN_POINT('',(-0.719,-1.15,-1.75));
#9570=CARTESIAN_POINT('',(-0.696629870583921,-1.15,-1.75));
#9571=CARTESIAN_POINT('',(-2.46630716252719,-1.15,-1.75));
#9572=CARTESIAN_POINT('',(-0.696629870583921,-1.15,-1.3));
#9573=CARTESIAN_POINT('',(-0.365279878134031,-1.15,-1.60447854194255));
#9574=CARTESIAN_POINT('',(-0.290199266677469,-1.15,-1.52277176589013));
#9575=CARTESIAN_POINT('',(-0.290199266677469,-1.15,-1.52277176589013));
#9576=CARTESIAN_POINT('',(0.00433405994465524,-1.15,-1.79341935872795));
#9577=CARTESIAN_POINT('',(0.274981652782473,-1.15,-1.49888603210583));
#9578=CARTESIAN_POINT('',(0.381845254476364,-1.15,-1.59708332913883));
#9579=CARTESIAN_POINT('',(0.381845254476364,-1.15,-1.59708332913883));
#9580=CARTESIAN_POINT('',(0.551,-1.15,-1.413));
#9581=CARTESIAN_POINT('',(0.551,-1.15,-1.413));
#9582=CARTESIAN_POINT('',(0.480953064133875,-1.15,-1.34863365207173));
#9583=CARTESIAN_POINT('',(0.480953064133875,-1.15,-1.34863365207173));
#9584=CARTESIAN_POINT('',(0.00731977666769342,-1.15,-1.86406697366044));
#9585=CARTESIAN_POINT('',(-0.508113544921023,-1.15,-1.39043368619426));
#9586=CARTESIAN_POINT('',(-0.549363207272859,-1.15,-1.43532379641891));
#9587=CARTESIAN_POINT('',(-0.549363207272859,-1.15,-1.43532379641891));
#9588=CARTESIAN_POINT('',(-0.69662987058392,-1.15,-1.3));
#9589=CARTESIAN_POINT('',(-0.696629870583921,-1.15,-1.5));
#9590=CARTESIAN_POINT('',(-0.719,-1.15,-1.5));
#9591=CARTESIAN_POINT('',(-2.46630716252719,-1.15,-1.5));
#9592=CARTESIAN_POINT('',(-2.46630716252719,-1.15,-1.5));
#9593=CARTESIAN_POINT('',(-2.46630716252719,-0.749999999999998,-1.5));
#9594=CARTESIAN_POINT('',(-2.46630716252719,-0.749999999999998,-1.75));
#9595=CARTESIAN_POINT('',(-2.84336375896406,-0.883522743693508,-1.75));
#9596=CARTESIAN_POINT('',(-2.46630716252719,-0.749999999999998,-1.5));
#9597=CARTESIAN_POINT('',(-2.84336375896406,-0.883522743693508,-1.5));
#9598=CARTESIAN_POINT('',(-2.84336375896406,-0.883522743693508,-1.5));
#9599=CARTESIAN_POINT('',(-2.84336375896406,-0.883522743693508,-1.5));
#9600=CARTESIAN_POINT('',(-2.84336375896406,-0.883522743693508,-1.75));
#9601=CARTESIAN_POINT('',(-2.84336375896406,-0.883522743693508,-1.5));
#9602=CARTESIAN_POINT('',(-1.85,-0.35,-1.5));
#9603=CARTESIAN_POINT('',(-1.85,-0.35,-1.75));
#9604=CARTESIAN_POINT('',(-1.85,-0.35,-1.5));
#9605=CARTESIAN_POINT('',(-2.46630716252719,-0.749999999999998,-1.5));
#9606=CARTESIAN_POINT('',(-0.696629870583921,-1.15,-1.5));
#9607=CARTESIAN_POINT('',(-2.46630716252719,-0.749999999999998,-1.75));
#9608=CARTESIAN_POINT('',(-0.696629870583921,-1.15,-1.75));
#9609=CARTESIAN_POINT('',(-0.69662987058392,-1.15,-1.3));
#9610=CARTESIAN_POINT('',(-0.549363207272859,-1.15,-1.43532379641891));
#9611=CARTESIAN_POINT('',(-0.549363207272859,-1.15,-1.43532379641891));
#9612=CARTESIAN_POINT('',(-0.508113544921023,-1.15,-1.39043368619426));
#9613=CARTESIAN_POINT('',(0.00731977666769342,-1.15,-1.86406697366044));
#9614=CARTESIAN_POINT('',(0.480953064133875,-1.15,-1.34863365207173));
#9615=CARTESIAN_POINT('',(0.480953064133875,-1.15,-1.34863365207173));
#9616=CARTESIAN_POINT('',(0.551,-1.15,-1.413));
#9617=CARTESIAN_POINT('',(0.551,-1.15,-1.413));
#9618=CARTESIAN_POINT('',(0.381845254476364,-1.15,-1.59708332913883));
#9619=CARTESIAN_POINT('',(0.381845254476364,-1.15,-1.59708332913883));
#9620=CARTESIAN_POINT('',(0.274981652782473,-1.15,-1.49888603210583));
#9621=CARTESIAN_POINT('',(0.00433405994465524,-1.15,-1.79341935872795));
#9622=CARTESIAN_POINT('',(-0.290199266677469,-1.15,-1.52277176589013));
#9623=CARTESIAN_POINT('',(-0.290199266677469,-1.15,-1.52277176589013));
#9624=CARTESIAN_POINT('',(-0.365279878134031,-1.15,-1.60447854194255));
#9625=CARTESIAN_POINT('',(-0.696629870583921,-1.15,-1.3));
#9626=CARTESIAN_POINT('',(2.2,-2.55,1.4));
#9627=CARTESIAN_POINT('',(2.8,-2.55,1.4));
#9628=CARTESIAN_POINT('',(2.8,-2.55,1.5));
#9629=CARTESIAN_POINT('',(2.2,-2.55,1.5));
#9630=CARTESIAN_POINT('',(2.2,-2.55,1.5));
#9631=CARTESIAN_POINT('',(2.2,-2.55,1.4));
#9632=CARTESIAN_POINT('',(2.2,-3.1,1.5));
#9633=CARTESIAN_POINT('',(2.8,-3.1,1.5));
#9634=CARTESIAN_POINT('',(2.8,-3.1,1.5));
#9635=CARTESIAN_POINT('',(2.2,-3.1,1.5));
#9636=CARTESIAN_POINT('',(2.2,-3.1,1.5));
#9637=CARTESIAN_POINT('',(2.2,-3.1,1.5));
#9638=CARTESIAN_POINT('',(2.2,-3.1,1.35));
#9639=CARTESIAN_POINT('',(2.8,-3.1,1.35));
#9640=CARTESIAN_POINT('',(2.8,-3.25,1.35));
#9641=CARTESIAN_POINT('',(2.2,-3.25,1.35));
#9642=CARTESIAN_POINT('',(2.2,-3.25,1.35));
#9643=CARTESIAN_POINT('',(2.2,-3.1,1.35));
#9644=CARTESIAN_POINT('',(2.2,-3.25,0.75));
#9645=CARTESIAN_POINT('',(2.8,-3.25,0.75));
#9646=CARTESIAN_POINT('',(2.8,-3.25,0.75));
#9647=CARTESIAN_POINT('',(2.2,-3.25,0.75));
#9648=CARTESIAN_POINT('',(2.2,-3.25,0.75));
#9649=CARTESIAN_POINT('',(2.2,-3.25,0.75));
#9650=CARTESIAN_POINT('',(2.2,-3.5,0.75));
#9651=CARTESIAN_POINT('',(2.8,-3.5,0.75));
#9652=CARTESIAN_POINT('',(2.8,-3.5,0.75));
#9653=CARTESIAN_POINT('',(2.2,-3.5,0.75));
#9654=CARTESIAN_POINT('',(2.2,-3.5,0.75));
#9655=CARTESIAN_POINT('',(2.2,-3.5,0.75));
#9656=CARTESIAN_POINT('',(2.2,-3.5,1.35));
#9657=CARTESIAN_POINT('',(2.8,-3.5,1.35));
#9658=CARTESIAN_POINT('',(2.8,-3.5,1.35));
#9659=CARTESIAN_POINT('',(2.2,-3.5,1.35));
#9660=CARTESIAN_POINT('',(2.2,-3.5,1.35));
#9661=CARTESIAN_POINT('',(2.2,-3.5,1.35));
#9662=CARTESIAN_POINT('',(2.2,-3.1,1.35));
#9663=CARTESIAN_POINT('',(2.8,-3.1,1.35));
#9664=CARTESIAN_POINT('',(2.8,-3.1,1.75));
#9665=CARTESIAN_POINT('',(2.2,-3.1,1.75));
#9666=CARTESIAN_POINT('',(2.2,-3.1,1.75));
#9667=CARTESIAN_POINT('',(2.2,-3.1,1.35));
#9668=CARTESIAN_POINT('',(2.2,-2.6,1.75));
#9669=CARTESIAN_POINT('',(2.8,-2.6,1.75));
#9670=CARTESIAN_POINT('',(2.8,-2.6,1.75));
#9671=CARTESIAN_POINT('',(2.2,-2.6,1.75));
#9672=CARTESIAN_POINT('',(2.2,-2.6,1.75));
#9673=CARTESIAN_POINT('',(2.2,-2.6,1.75));
#9674=CARTESIAN_POINT('',(2.2,-2.6,1.35));
#9675=CARTESIAN_POINT('',(2.2,-2.6,1.35));
#9676=CARTESIAN_POINT('',(2.8,-2.6,1.35));
#9677=CARTESIAN_POINT('',(2.8,-2.6,1.35));
#9678=CARTESIAN_POINT('',(2.2,-2.6,1.35));
#9679=CARTESIAN_POINT('',(0.3,-2.6,-1.35));
#9680=CARTESIAN_POINT('',(-0.3,-2.6,-1.35));
#9681=CARTESIAN_POINT('',(-0.3,-2.6,-1.75));
#9682=CARTESIAN_POINT('',(0.3,-2.6,-1.35));
#9683=CARTESIAN_POINT('',(0.3,-2.6,-1.75));
#9684=CARTESIAN_POINT('',(0.3,-2.6,-1.75));
#9685=CARTESIAN_POINT('',(0.3,-3.1,-1.75));
#9686=CARTESIAN_POINT('',(-0.3,-3.1,-1.75));
#9687=CARTESIAN_POINT('',(-0.3,-3.1,-1.75));
#9688=CARTESIAN_POINT('',(0.3,-3.1,-1.75));
#9689=CARTESIAN_POINT('',(0.3,-3.1,-1.75));
#9690=CARTESIAN_POINT('',(0.3,-3.1,-1.75));
#9691=CARTESIAN_POINT('',(0.3,-3.1,-1.35));
#9692=CARTESIAN_POINT('',(-0.3,-3.1,-1.35));
#9693=CARTESIAN_POINT('',(-0.3,-3.5,-1.35));
#9694=CARTESIAN_POINT('',(0.3,-3.1,-1.35));
#9695=CARTESIAN_POINT('',(0.3,-3.5,-1.35));
#9696=CARTESIAN_POINT('',(0.3,-3.5,-1.35));
#9697=CARTESIAN_POINT('',(0.3,-3.5,-0.75));
#9698=CARTESIAN_POINT('',(-0.3,-3.5,-0.75));
#9699=CARTESIAN_POINT('',(-0.3,-3.5,-0.75));
#9700=CARTESIAN_POINT('',(0.3,-3.5,-0.75));
#9701=CARTESIAN_POINT('',(0.3,-3.5,-0.75));
#9702=CARTESIAN_POINT('',(0.3,-3.5,-0.75));
#9703=CARTESIAN_POINT('',(0.3,-3.25,-0.75));
#9704=CARTESIAN_POINT('',(-0.3,-3.25,-0.75));
#9705=CARTESIAN_POINT('',(-0.3,-3.25,-0.75));
#9706=CARTESIAN_POINT('',(0.3,-3.25,-0.75));
#9707=CARTESIAN_POINT('',(0.3,-3.25,-0.75));
#9708=CARTESIAN_POINT('',(0.3,-3.25,-0.75));
#9709=CARTESIAN_POINT('',(0.3,-3.25,-1.35));
#9710=CARTESIAN_POINT('',(-0.3,-3.25,-1.35));
#9711=CARTESIAN_POINT('',(-0.3,-3.25,-1.35));
#9712=CARTESIAN_POINT('',(0.3,-3.25,-1.35));
#9713=CARTESIAN_POINT('',(0.3,-3.25,-1.35));
#9714=CARTESIAN_POINT('',(0.3,-3.25,-1.35));
#9715=CARTESIAN_POINT('',(0.3,-3.1,-1.35));
#9716=CARTESIAN_POINT('',(-0.3,-3.1,-1.35));
#9717=CARTESIAN_POINT('',(-0.3,-3.1,-1.5));
#9718=CARTESIAN_POINT('',(0.3,-3.1,-1.35));
#9719=CARTESIAN_POINT('',(0.3,-3.1,-1.5));
#9720=CARTESIAN_POINT('',(0.3,-3.1,-1.5));
#9721=CARTESIAN_POINT('',(0.3,-2.54999999999999,-1.5));
#9722=CARTESIAN_POINT('',(-0.3,-2.54999999999999,-1.5));
#9723=CARTESIAN_POINT('',(-0.3,-2.54999999999999,-1.5));
#9724=CARTESIAN_POINT('',(0.3,-2.54999999999999,-1.5));
#9725=CARTESIAN_POINT('',(0.3,-2.54999999999999,-1.5));
#9726=CARTESIAN_POINT('',(0.3,-2.54999999999999,-1.5));
#9727=CARTESIAN_POINT('',(0.3,-2.55000000000001,-1.4));
#9728=CARTESIAN_POINT('',(-0.3,-2.55000000000001,-1.4));
#9729=CARTESIAN_POINT('',(0.3,-2.55000000000001,-1.4));
#9730=CARTESIAN_POINT('',(-0.3,-2.55000000000001,-1.4));
#9731=CARTESIAN_POINT('',(0.3,-2.55000000000001,-1.4));
#9732=CARTESIAN_POINT('',(-2.2,-2.6,1.35));
#9733=CARTESIAN_POINT('',(-2.2,-2.6,1.35));
#9734=CARTESIAN_POINT('',(-2.2,-2.6,1.75));
#9735=CARTESIAN_POINT('',(-2.2,-2.6,1.75));
#9736=CARTESIAN_POINT('',(-2.2,-3.1,1.75));
#9737=CARTESIAN_POINT('',(-2.2,-3.1,1.35));
#9738=CARTESIAN_POINT('',(-2.2,-3.5,1.35));
#9739=CARTESIAN_POINT('',(-2.2,-3.5,1.35));
#9740=CARTESIAN_POINT('',(-2.2,-3.5,0.75));
#9741=CARTESIAN_POINT('',(-2.2,-3.5,0.75));
#9742=CARTESIAN_POINT('',(-2.2,-3.25,0.75));
#9743=CARTESIAN_POINT('',(-2.2,-3.25,0.75));
#9744=CARTESIAN_POINT('',(-2.2,-3.25,1.35));
#9745=CARTESIAN_POINT('',(-2.2,-3.1,1.35));
#9746=CARTESIAN_POINT('',(-2.2,-3.1,1.5));
#9747=CARTESIAN_POINT('',(-2.2,-3.1,1.5));
#9748=CARTESIAN_POINT('',(-2.2,-2.55,1.5));
#9749=CARTESIAN_POINT('',(-2.2,-2.55,1.4));
#9750=CARTESIAN_POINT('',(-2.8,-2.6,1.35));
#9751=CARTESIAN_POINT('',(-2.8,-2.6,1.35));
#9752=CARTESIAN_POINT('',(-2.8,-2.6,1.75));
#9753=CARTESIAN_POINT('',(-2.8,-2.55,1.4));
#9754=CARTESIAN_POINT('',(-2.8,-2.55,1.5));
#9755=CARTESIAN_POINT('',(-2.8,-3.1,1.5));
#9756=CARTESIAN_POINT('',(-2.8,-3.1,1.5));
#9757=CARTESIAN_POINT('',(-2.8,-3.1,1.35));
#9758=CARTESIAN_POINT('',(-2.8,-3.25,1.35));
#9759=CARTESIAN_POINT('',(-2.8,-3.25,0.75));
#9760=CARTESIAN_POINT('',(-2.8,-3.25,0.75));
#9761=CARTESIAN_POINT('',(-2.8,-3.5,0.75));
#9762=CARTESIAN_POINT('',(-2.8,-3.5,0.75));
#9763=CARTESIAN_POINT('',(-2.8,-3.5,1.35));
#9764=CARTESIAN_POINT('',(-2.8,-3.5,1.35));
#9765=CARTESIAN_POINT('',(-2.8,-3.1,1.35));
#9766=CARTESIAN_POINT('',(-2.8,-3.1,1.75));
#9767=CARTESIAN_POINT('',(-2.8,-2.6,1.75));
#9768=CARTESIAN_POINT('',(-2.2,-2.6,1.35));
#9769=CARTESIAN_POINT('',(-2.2,-2.6,1.75));
#9770=CARTESIAN_POINT('',(-2.2,-2.6,1.75));
#9771=CARTESIAN_POINT('',(-2.2,-3.1,1.75));
#9772=CARTESIAN_POINT('',(-2.2,-3.1,1.35));
#9773=CARTESIAN_POINT('',(-2.2,-3.5,1.35));
#9774=CARTESIAN_POINT('',(-2.2,-3.5,1.35));
#9775=CARTESIAN_POINT('',(-2.2,-3.5,0.75));
#9776=CARTESIAN_POINT('',(-2.2,-3.5,0.75));
#9777=CARTESIAN_POINT('',(-2.2,-3.25,0.75));
#9778=CARTESIAN_POINT('',(-2.2,-3.25,0.75));
#9779=CARTESIAN_POINT('',(-2.2,-3.25,1.35));
#9780=CARTESIAN_POINT('',(-2.2,-3.1,1.35));
#9781=CARTESIAN_POINT('',(-2.2,-3.1,1.5));
#9782=CARTESIAN_POINT('',(-2.2,-3.1,1.5));
#9783=CARTESIAN_POINT('',(-2.2,-2.55,1.5));
#9784=CARTESIAN_POINT('',(-2.2,-2.55,1.4));
#9785=CARTESIAN_POINT('',(0.,0.,0.));
#9786=CARTESIAN_POINT('',(5.,0.,1.25));
#9787=CARTESIAN_POINT('',(-1.75,0.,1.25));
#9788=CARTESIAN_POINT('',(-1.75,0.,1.25));
#9789=CARTESIAN_POINT('',(-1.75,-0.15,1.4));
#9790=CARTESIAN_POINT('',(0.,0.,1.25));
#9791=CARTESIAN_POINT('',(-3.5,0.,1.25));
#9792=CARTESIAN_POINT('',(-3.5,-0.324999999999999,1.575));
#9793=CARTESIAN_POINT('',(-3.5,-0.15,1.4));
#9794=CARTESIAN_POINT('',(5.,-0.15,1.4));
#9795=CARTESIAN_POINT('',(-3.5,-1.,-0.899999999999998));
#9796=CARTESIAN_POINT('',(-3.5,0.,-0.899999999999998));
#9797=CARTESIAN_POINT('',(-3.5,0.,-0.899999999999998));
#9798=CARTESIAN_POINT('',(-3.7,0.,-0.700000000000006));
#9799=CARTESIAN_POINT('',(-3.5,-1.,-0.899999999999998));
#9800=CARTESIAN_POINT('',(-3.5,-1.,-0.899999999999998));
#9801=CARTESIAN_POINT('',(-3.5,-1.,-0.899999999999998));
#9802=CARTESIAN_POINT('',(-3.7,-1.,-0.700000000000006));
#9803=CARTESIAN_POINT('',(-3.7,-1.,-0.700000000000006));
#9804=CARTESIAN_POINT('',(-3.7,-1.,-0.700000000000006));
#9805=CARTESIAN_POINT('',(-3.7,0.,-0.700000000000006));
#9806=CARTESIAN_POINT('',(-3.7,0.,0.700000000000006));
#9807=CARTESIAN_POINT('',(-3.7,-1.,-0.700000000000006));
#9808=CARTESIAN_POINT('',(-3.7,-1.,0.700000000000006));
#9809=CARTESIAN_POINT('',(-3.7,-1.,0.700000000000006));
#9810=CARTESIAN_POINT('',(-3.7,-1.,0.700000000000006));
#9811=CARTESIAN_POINT('',(-3.7,0.,0.700000000000006));
#9812=CARTESIAN_POINT('',(-3.5,0.,0.899999999999997));
#9813=CARTESIAN_POINT('',(-3.7,-1.,0.700000000000006));
#9814=CARTESIAN_POINT('',(-3.5,-1.,0.899999999999997));
#9815=CARTESIAN_POINT('',(-3.5,-1.,0.899999999999997));
#9816=CARTESIAN_POINT('',(-3.5,-1.,0.899999999999997));
#9817=CARTESIAN_POINT('',(-3.5,0.,0.899999999999997));
#9818=CARTESIAN_POINT('',(-3.5,-1.,0.899999999999997));
#9819=CARTESIAN_POINT('',(-3.5,-1.,1.4));
#9820=CARTESIAN_POINT('',(-3.5,-1.,1.4));
#9821=CARTESIAN_POINT('',(-3.5,-1.,1.4));
#9822=CARTESIAN_POINT('',(-0.25,-1.,1.4));
#9823=CARTESIAN_POINT('',(-0.25,-0.9,1.4));
#9824=CARTESIAN_POINT('',(-0.25,-0.15,1.4));
#9825=CARTESIAN_POINT('',(-3.5,-0.9,1.4));
#9826=CARTESIAN_POINT('',(-1.75,-0.9,1.4));
#9827=CARTESIAN_POINT('',(-1.75,-1.,1.4));
#9828=CARTESIAN_POINT('',(-3.5,-1.,1.4));
#9829=CARTESIAN_POINT('',(1.7,-1.,1.4));
#9830=CARTESIAN_POINT('',(1.7,-1.,1.4));
#9831=CARTESIAN_POINT('',(1.7,-0.15,1.4));
#9832=CARTESIAN_POINT('',(5.,-0.15,1.4));
#9833=CARTESIAN_POINT('',(1.7,-1.,1.4));
#9834=CARTESIAN_POINT('',(1.7,-0.574999999999999,1.825));
#9835=CARTESIAN_POINT('',(1.7,0.,1.25));
#9836=CARTESIAN_POINT('',(1.7,-1.,1.4));
#9837=CARTESIAN_POINT('',(1.7,-1.,0.899999999999997));
#9838=CARTESIAN_POINT('',(1.7,-1.,0.899999999999997));
#9839=CARTESIAN_POINT('',(1.7,0.,0.899999999999997));
#9840=CARTESIAN_POINT('',(1.7,0.,1.4));
#9841=CARTESIAN_POINT('',(1.7,-1.,0.899999999999997));
#9842=CARTESIAN_POINT('',(1.7,0.,0.899999999999997));
#9843=CARTESIAN_POINT('',(1.9,0.,0.700000000000006));
#9844=CARTESIAN_POINT('',(1.7,-1.,0.899999999999997));
#9845=CARTESIAN_POINT('',(1.9,-1.,0.700000000000006));
#9846=CARTESIAN_POINT('',(1.9,-1.,0.700000000000006));
#9847=CARTESIAN_POINT('',(1.9,-1.,0.700000000000006));
#9848=CARTESIAN_POINT('',(1.9,0.,0.700000000000006));
#9849=CARTESIAN_POINT('',(1.9,0.,-0.700000000000006));
#9850=CARTESIAN_POINT('',(1.9,-1.,0.700000000000006));
#9851=CARTESIAN_POINT('',(1.9,-1.,-0.700000000000006));
#9852=CARTESIAN_POINT('',(1.9,-1.,-0.700000000000006));
#9853=CARTESIAN_POINT('',(1.9,-1.,-0.700000000000006));
#9854=CARTESIAN_POINT('',(1.9,0.,-0.700000000000006));
#9855=CARTESIAN_POINT('',(1.7,0.,-0.899999999999997));
#9856=CARTESIAN_POINT('',(1.9,-1.,-0.700000000000006));
#9857=CARTESIAN_POINT('',(1.7,-1.,-0.899999999999997));
#9858=CARTESIAN_POINT('',(1.7,-1.,-0.899999999999997));
#9859=CARTESIAN_POINT('',(1.7,-1.,-0.899999999999997));
#9860=CARTESIAN_POINT('',(1.7,-0.324999999999999,-1.575));
#9861=CARTESIAN_POINT('',(1.7,0.,-1.25));
#9862=CARTESIAN_POINT('',(1.7,-0.15,-1.4));
#9863=CARTESIAN_POINT('',(1.7,0.,-0.899999999999997));
#9864=CARTESIAN_POINT('',(1.7,-1.,-0.899999999999997));
#9865=CARTESIAN_POINT('',(1.7,-1.,-1.4));
#9866=CARTESIAN_POINT('',(1.7,-1.,-1.4));
#9867=CARTESIAN_POINT('',(1.7,-1.,-1.4));
#9868=CARTESIAN_POINT('',(5.,-0.15,-1.4));
#9869=CARTESIAN_POINT('',(0.7,-0.15,-1.4));
#9870=CARTESIAN_POINT('',(1.7,-1.,-1.4));
#9871=CARTESIAN_POINT('',(0.699999999999994,-1.,-1.4));
#9872=CARTESIAN_POINT('',(0.699999999999994,-1.,-1.4));
#9873=CARTESIAN_POINT('',(0.699999999999994,-1.,-1.4));
#9874=CARTESIAN_POINT('',(0.962886597938129,-0.259536082474212,-1.50953608247421));
#9875=CARTESIAN_POINT('',(0.339999999999971,0.,-1.25));
#9876=CARTESIAN_POINT('',(0.699999999999994,-1.,-1.4));
#9877=CARTESIAN_POINT('',(0.1,-1.,-1.15000000000002));
#9878=CARTESIAN_POINT('',(0.1,-1.,-1.15000000000002));
#9879=CARTESIAN_POINT('',(0.1,0.,-1.15000000000002));
#9880=CARTESIAN_POINT('',(0.699999999999994,0.,-1.4));
#9881=CARTESIAN_POINT('',(0.1,-1.,-1.15000000000002));
#9882=CARTESIAN_POINT('',(0.1,0.,-1.15000000000002));
#9883=CARTESIAN_POINT('',(-0.2,0.,-1.15000000000002));
#9884=CARTESIAN_POINT('',(0.1,-1.,-1.15000000000002));
#9885=CARTESIAN_POINT('',(-0.2,-1.,-1.15000000000002));
#9886=CARTESIAN_POINT('',(-0.2,-1.,-1.15000000000002));
#9887=CARTESIAN_POINT('',(-0.2,-1.,-1.15000000000002));
#9888=CARTESIAN_POINT('',(-0.586946210788061,-0.147408063163722,-1.39740806316372));
#9889=CARTESIAN_POINT('',(-0.356399999999982,0.,-1.25));
#9890=CARTESIAN_POINT('',(-0.590999999999996,-0.15,-1.4));
#9891=CARTESIAN_POINT('',(-0.2,0.,-1.15000000000002));
#9892=CARTESIAN_POINT('',(-0.2,-1.,-1.15000000000002));
#9893=CARTESIAN_POINT('',(-0.590999999999996,-1.,-1.4));
#9894=CARTESIAN_POINT('',(-0.590999999999996,-1.,-1.4));
#9895=CARTESIAN_POINT('',(-0.590999999999996,-1.,-1.4));
#9896=CARTESIAN_POINT('',(5.,-0.15,-1.4));
#9897=CARTESIAN_POINT('',(-1.409,-0.15,-1.4));
#9898=CARTESIAN_POINT('',(-0.590999999999996,-1.,-1.4));
#9899=CARTESIAN_POINT('',(-1.409,-1.,-1.4));
#9900=CARTESIAN_POINT('',(-1.409,-1.,-1.4));
#9901=CARTESIAN_POINT('',(-1.409,-1.,-1.4));
#9902=CARTESIAN_POINT('',(-1.10999610984558,-0.341178957899237,-1.59117895789924));
#9903=CARTESIAN_POINT('',(-1.6436,0.,-1.25));
#9904=CARTESIAN_POINT('',(-1.409,-1.,-1.4));
#9905=CARTESIAN_POINT('',(-1.8,-1.,-1.15000000000001));
#9906=CARTESIAN_POINT('',(-1.8,-1.,-1.15000000000001));
#9907=CARTESIAN_POINT('',(-1.8,0.,-1.15000000000001));
#9908=CARTESIAN_POINT('',(-1.409,0.,-1.4));
#9909=CARTESIAN_POINT('',(-1.8,-1.,-1.15000000000001));
#9910=CARTESIAN_POINT('',(-1.8,0.,-1.15000000000001));
#9911=CARTESIAN_POINT('',(-2.1,0.,-1.15000000000001));
#9912=CARTESIAN_POINT('',(-1.8,-1.,-1.15000000000001));
#9913=CARTESIAN_POINT('',(-2.1,-1.,-1.15000000000001));
#9914=CARTESIAN_POINT('',(-2.1,-1.,-1.15000000000001));
#9915=CARTESIAN_POINT('',(-2.1,-1.,-1.15000000000001));
#9916=CARTESIAN_POINT('',(-2.440206185567,-0.0417525773195856,-1.29175257731959));
#9917=CARTESIAN_POINT('',(-2.33999999999999,0.,-1.25));
#9918=CARTESIAN_POINT('',(-2.7,-0.15,-1.4));
#9919=CARTESIAN_POINT('',(-2.1,0.,-1.15000000000001));
#9920=CARTESIAN_POINT('',(-2.1,-1.,-1.15000000000001));
#9921=CARTESIAN_POINT('',(-2.7,-1.,-1.4));
#9922=CARTESIAN_POINT('',(-2.7,-1.,-1.4));
#9923=CARTESIAN_POINT('',(-2.7,-1.,-1.4));
#9924=CARTESIAN_POINT('',(5.,-0.15,-1.4));
#9925=CARTESIAN_POINT('',(-3.5,-0.15,-1.4));
#9926=CARTESIAN_POINT('',(-2.7,-1.,-1.4));
#9927=CARTESIAN_POINT('',(-3.5,-1.,-1.4));
#9928=CARTESIAN_POINT('',(-3.5,-1.,-1.4));
#9929=CARTESIAN_POINT('',(-3.5,-1.,-1.4));
#9930=CARTESIAN_POINT('',(-3.5,-0.574999999999999,-1.825));
#9931=CARTESIAN_POINT('',(-3.5,0.,-1.25));
#9932=CARTESIAN_POINT('',(-3.5,-1.,-1.4));
#9933=CARTESIAN_POINT('',(-3.5,0.,-1.4));
#9934=CARTESIAN_POINT('',(0.,-1.,0.));
#9935=CARTESIAN_POINT('',(0.,0.,0.));
#9936=CARTESIAN_POINT('',(-0.25,0.,0.9));
#9937=CARTESIAN_POINT('',(-0.25,0.,1.25));
#9938=CARTESIAN_POINT('',(-0.25,0.,3.75));
#9939=CARTESIAN_POINT('',(0.,0.,1.25));
#9940=CARTESIAN_POINT('',(0.,0.,-1.25));
#9941=CARTESIAN_POINT('',(0.,0.,-1.25));
#9942=CARTESIAN_POINT('',(0.,0.,-1.25));
#9943=CARTESIAN_POINT('',(-1.75,0.,0.9));
#9944=CARTESIAN_POINT('',(-1.75,0.,3.75));
#9945=CARTESIAN_POINT('',(-0.25,0.,3.75));
#9946=CARTESIAN_POINT('',(5.,-0.15,-1.4));
#9947=CARTESIAN_POINT('',(5.,-0.15,-1.4));
#9948=CARTESIAN_POINT('',(5.,-0.15,-1.4));
#9949=CARTESIAN_POINT('',(5.,0.,1.25));
#9950=CARTESIAN_POINT('',(-0.25,0.,1.25));
#9951=CARTESIAN_POINT('',(-0.25,0.,3.75));
#9952=CARTESIAN_POINT('',(-1.75,0.,3.75));
#9953=CARTESIAN_POINT('',(-1.75,-1.5,3.75));
#9954=CARTESIAN_POINT('',(-0.25,-1.5,3.75));
#9955=CARTESIAN_POINT('',(-0.25,-1.5,3.75));
#9956=CARTESIAN_POINT('',(-0.25,0.,3.75));
#9957=CARTESIAN_POINT('',(-0.25,-1.5,3.75));
#9958=CARTESIAN_POINT('',(-1.75,-1.5,3.75));
#9959=CARTESIAN_POINT('',(-1.75,-1.5,1.95));
#9960=CARTESIAN_POINT('',(-0.25,-1.5,1.95));
#9961=CARTESIAN_POINT('',(-0.25,-1.5,1.95));
#9962=CARTESIAN_POINT('',(-0.25,-1.5,3.75));
#9963=CARTESIAN_POINT('',(-0.25,-1.5,1.95));
#9964=CARTESIAN_POINT('',(-1.75,-1.5,1.95));
#9965=CARTESIAN_POINT('',(-1.75,-0.9,1.79594618377936));
#9966=CARTESIAN_POINT('',(-0.25,-0.9,1.79594618377936));
#9967=CARTESIAN_POINT('',(-0.25,-0.9,1.79594618377936));
#9968=CARTESIAN_POINT('',(-0.25,-1.5,1.95));
#9969=CARTESIAN_POINT('',(-0.25,-0.9,1.79594618377936));
#9970=CARTESIAN_POINT('',(-0.25,-0.9,1.79594618377936));
#9971=CARTESIAN_POINT('',(-1.75,-0.9,1.79594618377936));
#9972=CARTESIAN_POINT('',(-0.25,0.,0.));
#9973=CARTESIAN_POINT('',(-1.75,0.,0.));
#9974=CARTESIAN_POINT('',(0.,-0.25,-3.06161699786838E-17));
#9975=MECHANICAL_DESIGN_GEOMETRIC_PRESENTATION_REPRESENTATION('',(#4835,
#4836,#4837,#4838,#4839,#4840,#4841,#4842,#4843,#4844,#4845,#4846,#4847,
#4848,#4849,#4850,#4851,#4852,#4853,#4854,#4855,#4856,#4857,#4858,#4859,
#4860,#4861,#4862,#4863,#4864,#4865,#4866,#4867,#4868,#4869,#4870,#4871,
#4872,#4873,#4874,#4875,#4876,#4877,#4878,#4879,#4880,#4881,#4882,#4883,
#4884,#4885,#4886,#4887,#4888,#4889,#4890,#4891,#4892,#4893,#4894,#4895,
#4896,#4897,#4898,#4899,#4900,#4901,#4902,#4903,#4904,#4905,#4906,#4907,
#4908,#4909,#4910,#4911,#4912,#4913,#4914,#4915,#4916,#4917,#4918,#4919,
#4920,#4921,#4922,#4923,#4924,#4925,#4926,#4927,#4928,#4929,#4930,#4931,
#4932,#4933,#4934,#4935,#4936,#4937,#4938,#4939,#4940,#4941,#4942,#4943,
#4944,#4945,#4946,#4947,#4948,#4949,#4950,#4951,#4952,#4953,#4954,#4955,
#4956,#4957,#4958,#4959,#4960,#4961,#4962,#4963,#4964,#4965,#4966,#4967,
#4968,#4969,#4970,#4971,#4972,#4973,#4974,#4975,#4976,#4977,#4978,#4979,
#4980,#4981,#4982,#4983,#4984,#4985,#4986,#4987,#4988,#4989,#4990,#4991,
#4992,#4993,#4994,#4995,#4996,#4997,#4998,#4999,#5000,#5001,#5002,#5003,
#5004,#5005,#5006,#5007,#5008,#5009,#5010,#5011,#5012,#5013,#5014,#5015,
#5016,#5017,#5018,#5019,#5020,#5021,#5022,#5023,#5024,#5025,#5026,#5027,
#5028,#5029,#5030,#5031,#5032,#5033,#5034,#5035,#5036,#5037,#5038,#5039,
#5040,#5041,#5042,#5043,#5044,#5045,#5046,#5047,#5048,#5049,#5050,#5051,
#5052,#5053,#5054,#5055,#5056,#5057),#9976);
#9976=(
GEOMETRIC_REPRESENTATION_CONTEXT(3)
GLOBAL_UNCERTAINTY_ASSIGNED_CONTEXT((#9979))
GLOBAL_UNIT_ASSIGNED_CONTEXT((#9984,#9983,#9982))
REPRESENTATION_CONTEXT('CL-SB-12A-12T','TOP_LEVEL_ASSEMBLY_PART')
);
#9977=(
GEOMETRIC_REPRESENTATION_CONTEXT(3)
GLOBAL_UNCERTAINTY_ASSIGNED_CONTEXT((#9980))
GLOBAL_UNIT_ASSIGNED_CONTEXT((#9984,#9983,#9982))
REPRESENTATION_CONTEXT('12A-12_c','COMPONENT_PART')
);
#9978=(
GEOMETRIC_REPRESENTATION_CONTEXT(3)
GLOBAL_UNCERTAINTY_ASSIGNED_CONTEXT((#9981))
GLOBAL_UNIT_ASSIGNED_CONTEXT((#9984,#9983,#9982))
REPRESENTATION_CONTEXT('2Side setting_s','COMPONENT_PART')
);
#9979=UNCERTAINTY_MEASURE_WITH_UNIT(LENGTH_MEASURE(1.E-5),#9984,
'DISTANCE_ACCURACY_VALUE','Maximum Tolerance applied to model');
#9980=UNCERTAINTY_MEASURE_WITH_UNIT(LENGTH_MEASURE(1.E-5),#9984,
'DISTANCE_ACCURACY_VALUE','Maximum Tolerance applied to model');
#9981=UNCERTAINTY_MEASURE_WITH_UNIT(LENGTH_MEASURE(1.E-5),#9984,
'DISTANCE_ACCURACY_VALUE','Maximum Tolerance applied to model');
#9982=(
NAMED_UNIT(*)
SI_UNIT($,.STERADIAN.)
SOLID_ANGLE_UNIT()
);
#9983=(
NAMED_UNIT(*)
PLANE_ANGLE_UNIT()
SI_UNIT($,.RADIAN.)
);
#9984=(
LENGTH_UNIT()
NAMED_UNIT(*)
SI_UNIT(.MILLI.,.METRE.)
);
#9985=PRODUCT_DEFINITION_SHAPE('','',#9990);
#9986=PRODUCT_DEFINITION_SHAPE('','',#9991);
#9987=PRODUCT_DEFINITION_SHAPE(' ','NAUO PRDDFN',#13);
#9988=PRODUCT_DEFINITION_SHAPE('','',#9992);
#9989=PRODUCT_DEFINITION_SHAPE(' ','NAUO PRDDFN',#14);
#9990=PRODUCT_DEFINITION('','',#9996,#9993);
#9991=PRODUCT_DEFINITION('','',#9997,#9994);
#9992=PRODUCT_DEFINITION('','',#9998,#9995);
#9993=PRODUCT_DEFINITION_CONTEXT('',#10012,'design');
#9994=PRODUCT_DEFINITION_CONTEXT('',#10012,'design');
#9995=PRODUCT_DEFINITION_CONTEXT('',#10012,'design');
#9996=PRODUCT_DEFINITION_FORMATION_WITH_SPECIFIED_SOURCE('','',#10002,
 .NOT_KNOWN.);
#9997=PRODUCT_DEFINITION_FORMATION_WITH_SPECIFIED_SOURCE('','',#10003,
 .NOT_KNOWN.);
#9998=PRODUCT_DEFINITION_FORMATION_WITH_SPECIFIED_SOURCE('','',#10004,
 .NOT_KNOWN.);
#9999=PRODUCT_RELATED_PRODUCT_CATEGORY('','',(#10002));
#10000=PRODUCT_RELATED_PRODUCT_CATEGORY('','',(#10003));
#10001=PRODUCT_RELATED_PRODUCT_CATEGORY('','',(#10004));
#10002=PRODUCT('CL-SB-12A-12T','CL-SB-12A-12T','CL-SB-12A-12T',(#10008));
#10003=PRODUCT('12A-12_c','12A-12_c','12A-12_c',(#10009));
#10004=PRODUCT('2Side setting_s','2Side setting_s','2Side setting_s',(#10010));
#10005=PRODUCT_CATEGORY('','');
#10006=PRODUCT_CATEGORY('','');
#10007=PRODUCT_CATEGORY('','');
#10008=PRODUCT_CONTEXT('',#10012,'mechanical');
#10009=PRODUCT_CONTEXT('',#10012,'mechanical');
#10010=PRODUCT_CONTEXT('',#10012,'mechanical');
#10011=APPLICATION_PROTOCOL_DEFINITION('international standard',
'ap242_managed_model_based_3d_engineering',2011,#10012);
#10012=APPLICATION_CONTEXT('managed model based 3d engineering');
ENDSEC;
END-ISO-10303-21;
