ISO-10303-21;
HEADER;
FILE_DESCRIPTION(('STEP AP242'),'1');
FILE_NAME('0527461171.stp','2025-01-24T21:09:29',('TraceParts'),('TraceParts S.A.'),'Spatial InterOp 3D',' ',' ');
FILE_SCHEMA(('AP242_MANAGED_MODEL_BASED_3D_ENGINEERING_MIM_LF  {1 0 10303 442 1 1 4}'));
ENDSEC;
DATA;
#1=MECHANICAL_DESIGN_GEOMETRIC_PRESENTATION_REPRESENTATION(' ',(#12,#13,#14),#8);
#2=PRODUCT_DEFINITION_CONTEXT('',#15,'design');
#3=APPLICATION_PROTOCOL_DEFINITION('INTERNATIONAL STANDARD','ap242_managed_model_based_3d_engineering',2014,#15);
#4=PRODUCT_CATEGORY_RELATIONSHIP('NONE','NONE',#16,#17);
#5=SHAPE_DEFINITION_REPRESENTATION(#18,#19);
#6=SHAPE_DEFINITION_REPRESENTATION(#18,#20);
#7=SHAPE_DEFINITION_REPRESENTATION(#18,#21);
#8= (GEOMETRIC_REPRESENTATION_CONTEXT(3)GLOBAL_UNCERTAINTY_ASSIGNED_CONTEXT((#24))GLOBAL_UNIT_ASSIGNED_CONTEXT((#26,#27,#28))REPRESENTATION_CONTEXT('NONE','WORKSPACE'));
#12=STYLED_ITEM('',(#30),#31);
#13=STYLED_ITEM('',(#32),#33);
#14=STYLED_ITEM('',(#34),#35);
#15=APPLICATION_CONTEXT('managed model based 3d engineering');
#16=PRODUCT_CATEGORY('part','NONE');
#17=PRODUCT_RELATED_PRODUCT_CATEGORY('detail',' ',(#36));
#18=PRODUCT_DEFINITION_SHAPE('NONE','NONE',#37);
#19=ADVANCED_BREP_SHAPE_REPRESENTATION('0527461171_1',(#31,#38),#8);
#20=ADVANCED_BREP_SHAPE_REPRESENTATION('0527461171_2',(#33,#39),#8);
#21=ADVANCED_BREP_SHAPE_REPRESENTATION('0527461171_3',(#35,#40),#8);
#24=UNCERTAINTY_MEASURE_WITH_UNIT(LENGTH_MEASURE(1.0E-06),#26,'','');
#26= (CONVERSION_BASED_UNIT('MILLIMETRE',#43)LENGTH_UNIT()NAMED_UNIT(#46));
#27= (NAMED_UNIT(#48)PLANE_ANGLE_UNIT()SI_UNIT($,.RADIAN.));
#28= (NAMED_UNIT(#48)SOLID_ANGLE_UNIT()SI_UNIT($,.STERADIAN.));
#30=PRESENTATION_STYLE_ASSIGNMENT((#54));
#31=MANIFOLD_SOLID_BREP('0527461171_1',#55);
#32=PRESENTATION_STYLE_ASSIGNMENT((#56));
#33=MANIFOLD_SOLID_BREP('0527461171_2',#57);
#34=PRESENTATION_STYLE_ASSIGNMENT((#58));
#35=MANIFOLD_SOLID_BREP('0527461171_3',#59);
#36=PRODUCT('0527461171_1','','PART--DESC',(#60));
#37=PRODUCT_DEFINITION('','NONE',#61,#2);
#38=AXIS2_PLACEMENT_3D('',#62,#63,#64);
#39=AXIS2_PLACEMENT_3D('',#65,#66,#67);
#40=AXIS2_PLACEMENT_3D('',#68,#69,#70);
#43=LENGTH_MEASURE_WITH_UNIT(LENGTH_MEASURE(1.0),#71);
#46=DIMENSIONAL_EXPONENTS(1.0,0.0,0.0,0.0,0.0,0.0,0.0);
#48=DIMENSIONAL_EXPONENTS(0.0,0.0,0.0,0.0,0.0,0.0,0.0);
#54=SURFACE_STYLE_USAGE(.BOTH.,#72);
#55=CLOSED_SHELL('',(#73,#74,#75,#76,#77,#78,#79,#80,#81,#82,#83,#84,#85,#86,#87,#88,#89,#90,#91,#92,#93,#94,#95,#96,#97,#98,#99,#100,#101,#102,#103,#104,#105,#106,#107,#108,#109,#110,#111,#112,#113,#114,#115,#116,#117,#118,#119,#120,#121,#122,#123,#124,#125,#126,#127,#128,#129,#130,#131,#132,#133,#134,#135,#136,#137,#138,#139,#140,#141,#142,#143,#144,#145,#146,#147,#148,#149,#150,#151,#152,#153,#154,#155,#156,#157,#158,#159,#160,#161,#162,#163,#164,#165,#166,#167,#168,#169,#170,#171,#172,#173,#174,#175,#176,#177,#178,#179,#180,#181,#182,#183,#184,#185,#186,#187,#188,#189,#190,#191,#192,#193,#194,#195,#196,#197,#198,#199,#200,#201,#202,#203,#204,#205,#206,#207,#208,#209,#210,#211,#212,#213,#214,#215,#216,#217,#218,#219,#220,#221,#222,#223,#224,#225,#226,#227,#228,#229,#230,#231,#232,#233,#234,#235,#236,#237,#238,#239,#240,#241,#242,#243,#244,#245,#246,#247,#248,#249,#250,#251,#252,#253,#254,#255,#256,#257,#258,#259,#260,#261,#262,#263,#264,#265,#266,#267,#268,#269,#270,#271,#272,#273,#274,#275,#276,#277,#278,#279,#280,#281,#282,#283,#284,#285,#286,#287,#288,#289,#290,#291,#292,#293,#294,#295,#296,#297,#298,#299,#300,#301,#302,#303,#304,#305,#306,#307,#308,#309,#310,#311,#312,#313,#314,#315,#316,#317,#318,#319,#320,#321,#322,#323,#324,#325,#326,#327,#328,#329,#330,#331,#332,#333,#334,#335,#336,#337,#338,#339,#340,#341,#342,#343,#344,#345,#346,#347,#348,#349,#350,#351,#352,#353,#354,#355,#356,#357,#358,#359,#360,#361,#362,#363,#364,#365,#366,#367,#368,#369,#370,#371,#372,#373,#374,#375,#376,#377,#378,#379,#380,#381,#382,#383,#384,#385,#386,#387,#388,#389,#390,#391,#392,#393,#394,#395,#396,#397,#398,#399,#400,#401,#402,#403,#404,#405,#406,#407,#408,#409,#410,#411,#412,#413,#414,#415,#416,#417,#418,#419,#420,#421,#422,#423,#424,#425,#426,#427,#428,#429,#430,#431,#432,#433,#434));
#56=SURFACE_STYLE_USAGE(.BOTH.,#435);
#57=CLOSED_SHELL('',(#436,#437,#438,#439,#440,#441,#442,#443,#444,#445,#446,#447,#448,#449,#450,#451,#452,#453));
#58=SURFACE_STYLE_USAGE(.BOTH.,#454);
#59=CLOSED_SHELL('',(#455,#456,#457,#458,#459,#460,#461,#462,#463,#464,#465,#466,#467,#468,#469,#470,#471,#472));
#60=PRODUCT_CONTEXT('',#15,'mechanical');
#61=PRODUCT_DEFINITION_FORMATION_WITH_SPECIFIED_SOURCE(' ','NONE',#36,.NOT_KNOWN.);
#62=CARTESIAN_POINT('',(0.0,0.0,0.0));
#63=DIRECTION('',(0.0,0.0,1.0));
#64=DIRECTION('',(1.0,0.0,0.0));
#65=CARTESIAN_POINT('',(0.0,0.0,0.0));
#66=DIRECTION('',(0.0,0.0,1.0));
#67=DIRECTION('',(1.0,0.0,0.0));
#68=CARTESIAN_POINT('',(0.0,0.0,0.0));
#69=DIRECTION('',(0.0,0.0,1.0));
#70=DIRECTION('',(1.0,0.0,0.0));
#71= (NAMED_UNIT(#46)LENGTH_UNIT()SI_UNIT(.MILLI.,.METRE.));
#72=SURFACE_SIDE_STYLE('',(#474));
#73=ADVANCED_FACE('',(#475),#476,.T.);
#74=ADVANCED_FACE('',(#477),#478,.T.);
#75=ADVANCED_FACE('',(#479),#480,.T.);
#76=ADVANCED_FACE('',(#481),#482,.T.);
#77=ADVANCED_FACE('',(#483),#484,.T.);
#78=ADVANCED_FACE('',(#485),#486,.T.);
#79=ADVANCED_FACE('',(#487),#488,.T.);
#80=ADVANCED_FACE('',(#489),#490,.T.);
#81=ADVANCED_FACE('',(#491),#492,.T.);
#82=ADVANCED_FACE('',(#493),#494,.T.);
#83=ADVANCED_FACE('',(#495),#496,.T.);
#84=ADVANCED_FACE('',(#497),#498,.T.);
#85=ADVANCED_FACE('',(#499),#500,.T.);
#86=ADVANCED_FACE('',(#501),#502,.F.);
#87=ADVANCED_FACE('',(#503),#504,.F.);
#88=ADVANCED_FACE('',(#505),#506,.F.);
#89=ADVANCED_FACE('',(#507),#508,.F.);
#90=ADVANCED_FACE('',(#509,#510),#511,.T.);
#91=ADVANCED_FACE('',(#512),#513,.F.);
#92=ADVANCED_FACE('',(#514),#515,.T.);
#93=ADVANCED_FACE('',(#516),#517,.T.);
#94=ADVANCED_FACE('',(#518),#519,.F.);
#95=ADVANCED_FACE('',(#520),#521,.F.);
#96=ADVANCED_FACE('',(#522),#523,.F.);
#97=ADVANCED_FACE('',(#524),#525,.T.);
#98=ADVANCED_FACE('',(#526,#527),#528,.F.);
#99=ADVANCED_FACE('',(#529),#530,.F.);
#100=ADVANCED_FACE('',(#531),#532,.F.);
#101=ADVANCED_FACE('',(#533),#534,.T.);
#102=ADVANCED_FACE('',(#535),#536,.T.);
#103=ADVANCED_FACE('',(#537),#538,.F.);
#104=ADVANCED_FACE('',(#539),#540,.F.);
#105=ADVANCED_FACE('',(#541),#542,.F.);
#106=ADVANCED_FACE('',(#543),#544,.F.);
#107=ADVANCED_FACE('',(#545),#546,.F.);
#108=ADVANCED_FACE('',(#547),#548,.F.);
#109=ADVANCED_FACE('',(#549),#550,.T.);
#110=ADVANCED_FACE('',(#551),#552,.T.);
#111=ADVANCED_FACE('',(#553),#554,.T.);
#112=ADVANCED_FACE('',(#555),#556,.T.);
#113=ADVANCED_FACE('',(#557),#558,.T.);
#114=ADVANCED_FACE('',(#559),#560,.T.);
#115=ADVANCED_FACE('',(#561),#562,.T.);
#116=ADVANCED_FACE('',(#563),#564,.T.);
#117=ADVANCED_FACE('',(#565),#566,.T.);
#118=ADVANCED_FACE('',(#567),#568,.F.);
#119=ADVANCED_FACE('',(#569),#570,.F.);
#120=ADVANCED_FACE('',(#571),#572,.T.);
#121=ADVANCED_FACE('',(#573),#574,.F.);
#122=ADVANCED_FACE('',(#575),#576,.F.);
#123=ADVANCED_FACE('',(#577),#578,.F.);
#124=ADVANCED_FACE('',(#579,#580),#581,.F.);
#125=ADVANCED_FACE('',(#582),#583,.F.);
#126=ADVANCED_FACE('',(#584),#585,.F.);
#127=ADVANCED_FACE('',(#586),#587,.T.);
#128=ADVANCED_FACE('',(#588),#589,.F.);
#129=ADVANCED_FACE('',(#590),#591,.F.);
#130=ADVANCED_FACE('',(#592),#593,.F.);
#131=ADVANCED_FACE('',(#594),#595,.F.);
#132=ADVANCED_FACE('',(#596),#597,.F.);
#133=ADVANCED_FACE('',(#598),#599,.T.);
#134=ADVANCED_FACE('',(#600),#601,.T.);
#135=ADVANCED_FACE('',(#602),#603,.T.);
#136=ADVANCED_FACE('',(#604),#605,.F.);
#137=ADVANCED_FACE('',(#606),#607,.F.);
#138=ADVANCED_FACE('',(#608),#609,.T.);
#139=ADVANCED_FACE('',(#610),#611,.T.);
#140=ADVANCED_FACE('',(#612),#613,.T.);
#141=ADVANCED_FACE('',(#614),#615,.T.);
#142=ADVANCED_FACE('',(#616),#617,.T.);
#143=ADVANCED_FACE('',(#618),#619,.T.);
#144=ADVANCED_FACE('',(#620),#621,.T.);
#145=ADVANCED_FACE('',(#622),#623,.F.);
#146=ADVANCED_FACE('',(#624),#625,.T.);
#147=ADVANCED_FACE('',(#626),#627,.T.);
#148=ADVANCED_FACE('',(#628),#629,.T.);
#149=ADVANCED_FACE('',(#630),#631,.T.);
#150=ADVANCED_FACE('',(#632),#633,.F.);
#151=ADVANCED_FACE('',(#634),#635,.F.);
#152=ADVANCED_FACE('',(#636),#637,.T.);
#153=ADVANCED_FACE('',(#638),#639,.T.);
#154=ADVANCED_FACE('',(#640),#641,.T.);
#155=ADVANCED_FACE('',(#642),#643,.F.);
#156=ADVANCED_FACE('',(#644),#645,.T.);
#157=ADVANCED_FACE('',(#646),#647,.T.);
#158=ADVANCED_FACE('',(#648),#649,.F.);
#159=ADVANCED_FACE('',(#650),#651,.T.);
#160=ADVANCED_FACE('',(#652),#653,.F.);
#161=ADVANCED_FACE('',(#654),#655,.F.);
#162=ADVANCED_FACE('',(#656),#657,.F.);
#163=ADVANCED_FACE('',(#658),#659,.T.);
#164=ADVANCED_FACE('',(#660),#661,.F.);
#165=ADVANCED_FACE('',(#662),#663,.F.);
#166=ADVANCED_FACE('',(#664),#665,.F.);
#167=ADVANCED_FACE('',(#666),#667,.F.);
#168=ADVANCED_FACE('',(#668),#669,.F.);
#169=ADVANCED_FACE('',(#670),#671,.T.);
#170=ADVANCED_FACE('',(#672,#673),#674,.T.);
#171=ADVANCED_FACE('',(#675),#676,.T.);
#172=ADVANCED_FACE('',(#677),#678,.T.);
#173=ADVANCED_FACE('',(#679),#680,.T.);
#174=ADVANCED_FACE('',(#681),#682,.T.);
#175=ADVANCED_FACE('',(#683),#684,.T.);
#176=ADVANCED_FACE('',(#685),#686,.T.);
#177=ADVANCED_FACE('',(#687),#688,.T.);
#178=ADVANCED_FACE('',(#689),#690,.T.);
#179=ADVANCED_FACE('',(#691),#692,.T.);
#180=ADVANCED_FACE('',(#693),#694,.T.);
#181=ADVANCED_FACE('',(#695),#696,.T.);
#182=ADVANCED_FACE('',(#697),#698,.T.);
#183=ADVANCED_FACE('',(#699),#700,.T.);
#184=ADVANCED_FACE('',(#701),#702,.T.);
#185=ADVANCED_FACE('',(#703),#704,.T.);
#186=ADVANCED_FACE('',(#705),#706,.F.);
#187=ADVANCED_FACE('',(#707),#708,.T.);
#188=ADVANCED_FACE('',(#709),#710,.T.);
#189=ADVANCED_FACE('',(#711),#712,.F.);
#190=ADVANCED_FACE('',(#713),#714,.F.);
#191=ADVANCED_FACE('',(#715),#716,.T.);
#192=ADVANCED_FACE('',(#717),#718,.T.);
#193=ADVANCED_FACE('',(#719),#720,.T.);
#194=ADVANCED_FACE('',(#721),#722,.T.);
#195=ADVANCED_FACE('',(#723),#724,.T.);
#196=ADVANCED_FACE('',(#725),#726,.F.);
#197=ADVANCED_FACE('',(#727),#728,.T.);
#198=ADVANCED_FACE('',(#729),#730,.F.);
#199=ADVANCED_FACE('',(#731),#732,.T.);
#200=ADVANCED_FACE('',(#733),#734,.T.);
#201=ADVANCED_FACE('',(#735),#736,.T.);
#202=ADVANCED_FACE('',(#737),#738,.T.);
#203=ADVANCED_FACE('',(#739),#740,.T.);
#204=ADVANCED_FACE('',(#741),#742,.T.);
#205=ADVANCED_FACE('',(#743),#744,.T.);
#206=ADVANCED_FACE('',(#745),#746,.F.);
#207=ADVANCED_FACE('',(#747),#748,.T.);
#208=ADVANCED_FACE('',(#749),#750,.T.);
#209=ADVANCED_FACE('',(#751),#752,.T.);
#210=ADVANCED_FACE('',(#753),#754,.F.);
#211=ADVANCED_FACE('',(#755),#756,.F.);
#212=ADVANCED_FACE('',(#757),#758,.T.);
#213=ADVANCED_FACE('',(#759),#760,.T.);
#214=ADVANCED_FACE('',(#761),#762,.F.);
#215=ADVANCED_FACE('',(#763),#764,.T.);
#216=ADVANCED_FACE('',(#765),#766,.F.);
#217=ADVANCED_FACE('',(#767),#768,.F.);
#218=ADVANCED_FACE('',(#769),#770,.F.);
#219=ADVANCED_FACE('',(#771),#772,.T.);
#220=ADVANCED_FACE('',(#773),#774,.T.);
#221=ADVANCED_FACE('',(#775),#776,.T.);
#222=ADVANCED_FACE('',(#777),#778,.T.);
#223=ADVANCED_FACE('',(#779),#780,.F.);
#224=ADVANCED_FACE('',(#781),#782,.F.);
#225=ADVANCED_FACE('',(#783),#784,.F.);
#226=ADVANCED_FACE('',(#785),#786,.F.);
#227=ADVANCED_FACE('',(#787),#788,.F.);
#228=ADVANCED_FACE('',(#789),#790,.F.);
#229=ADVANCED_FACE('',(#791),#792,.T.);
#230=ADVANCED_FACE('',(#793),#794,.F.);
#231=ADVANCED_FACE('',(#795),#796,.F.);
#232=ADVANCED_FACE('',(#797),#798,.F.);
#233=ADVANCED_FACE('',(#799),#800,.T.);
#234=ADVANCED_FACE('',(#801),#802,.T.);
#235=ADVANCED_FACE('',(#803),#804,.T.);
#236=ADVANCED_FACE('',(#805),#806,.T.);
#237=ADVANCED_FACE('',(#807),#808,.T.);
#238=ADVANCED_FACE('',(#809),#810,.F.);
#239=ADVANCED_FACE('',(#811),#812,.T.);
#240=ADVANCED_FACE('',(#813),#814,.F.);
#241=ADVANCED_FACE('',(#815),#816,.F.);
#242=ADVANCED_FACE('',(#817),#818,.T.);
#243=ADVANCED_FACE('',(#819),#820,.T.);
#244=ADVANCED_FACE('',(#821),#822,.F.);
#245=ADVANCED_FACE('',(#823),#824,.F.);
#246=ADVANCED_FACE('',(#825),#826,.F.);
#247=ADVANCED_FACE('',(#827),#828,.F.);
#248=ADVANCED_FACE('',(#829),#830,.T.);
#249=ADVANCED_FACE('',(#831),#832,.F.);
#250=ADVANCED_FACE('',(#833),#834,.F.);
#251=ADVANCED_FACE('',(#835),#836,.F.);
#252=ADVANCED_FACE('',(#837),#838,.F.);
#253=ADVANCED_FACE('',(#839),#840,.F.);
#254=ADVANCED_FACE('',(#841),#842,.F.);
#255=ADVANCED_FACE('',(#843),#844,.T.);
#256=ADVANCED_FACE('',(#845),#846,.F.);
#257=ADVANCED_FACE('',(#847),#848,.T.);
#258=ADVANCED_FACE('',(#849),#850,.F.);
#259=ADVANCED_FACE('',(#851),#852,.F.);
#260=ADVANCED_FACE('',(#853),#854,.T.);
#261=ADVANCED_FACE('',(#855),#856,.T.);
#262=ADVANCED_FACE('',(#857),#858,.F.);
#263=ADVANCED_FACE('',(#859),#860,.F.);
#264=ADVANCED_FACE('',(#861),#862,.F.);
#265=ADVANCED_FACE('',(#863),#864,.F.);
#266=ADVANCED_FACE('',(#865),#866,.T.);
#267=ADVANCED_FACE('',(#867),#868,.F.);
#268=ADVANCED_FACE('',(#869),#870,.F.);
#269=ADVANCED_FACE('',(#871),#872,.F.);
#270=ADVANCED_FACE('',(#873),#874,.F.);
#271=ADVANCED_FACE('',(#875),#876,.F.);
#272=ADVANCED_FACE('',(#877),#878,.F.);
#273=ADVANCED_FACE('',(#879),#880,.T.);
#274=ADVANCED_FACE('',(#881),#882,.F.);
#275=ADVANCED_FACE('',(#883),#884,.T.);
#276=ADVANCED_FACE('',(#885),#886,.F.);
#277=ADVANCED_FACE('',(#887),#888,.F.);
#278=ADVANCED_FACE('',(#889),#890,.T.);
#279=ADVANCED_FACE('',(#891),#892,.T.);
#280=ADVANCED_FACE('',(#893),#894,.F.);
#281=ADVANCED_FACE('',(#895),#896,.F.);
#282=ADVANCED_FACE('',(#897),#898,.F.);
#283=ADVANCED_FACE('',(#899),#900,.F.);
#284=ADVANCED_FACE('',(#901),#902,.T.);
#285=ADVANCED_FACE('',(#903),#904,.F.);
#286=ADVANCED_FACE('',(#905),#906,.F.);
#287=ADVANCED_FACE('',(#907),#908,.F.);
#288=ADVANCED_FACE('',(#909),#910,.F.);
#289=ADVANCED_FACE('',(#911),#912,.F.);
#290=ADVANCED_FACE('',(#913),#914,.F.);
#291=ADVANCED_FACE('',(#915),#916,.T.);
#292=ADVANCED_FACE('',(#917),#918,.F.);
#293=ADVANCED_FACE('',(#919),#920,.T.);
#294=ADVANCED_FACE('',(#921),#922,.F.);
#295=ADVANCED_FACE('',(#923),#924,.F.);
#296=ADVANCED_FACE('',(#925),#926,.T.);
#297=ADVANCED_FACE('',(#927),#928,.T.);
#298=ADVANCED_FACE('',(#929),#930,.F.);
#299=ADVANCED_FACE('',(#931),#932,.F.);
#300=ADVANCED_FACE('',(#933),#934,.F.);
#301=ADVANCED_FACE('',(#935),#936,.F.);
#302=ADVANCED_FACE('',(#937),#938,.T.);
#303=ADVANCED_FACE('',(#939),#940,.F.);
#304=ADVANCED_FACE('',(#941),#942,.F.);
#305=ADVANCED_FACE('',(#943),#944,.F.);
#306=ADVANCED_FACE('',(#945),#946,.F.);
#307=ADVANCED_FACE('',(#947),#948,.F.);
#308=ADVANCED_FACE('',(#949),#950,.F.);
#309=ADVANCED_FACE('',(#951),#952,.T.);
#310=ADVANCED_FACE('',(#953),#954,.F.);
#311=ADVANCED_FACE('',(#955),#956,.T.);
#312=ADVANCED_FACE('',(#957),#958,.F.);
#313=ADVANCED_FACE('',(#959),#960,.F.);
#314=ADVANCED_FACE('',(#961),#962,.T.);
#315=ADVANCED_FACE('',(#963),#964,.T.);
#316=ADVANCED_FACE('',(#965),#966,.F.);
#317=ADVANCED_FACE('',(#967),#968,.F.);
#318=ADVANCED_FACE('',(#969),#970,.F.);
#319=ADVANCED_FACE('',(#971),#972,.F.);
#320=ADVANCED_FACE('',(#973),#974,.T.);
#321=ADVANCED_FACE('',(#975),#976,.F.);
#322=ADVANCED_FACE('',(#977),#978,.F.);
#323=ADVANCED_FACE('',(#979),#980,.F.);
#324=ADVANCED_FACE('',(#981),#982,.F.);
#325=ADVANCED_FACE('',(#983),#984,.F.);
#326=ADVANCED_FACE('',(#985),#986,.F.);
#327=ADVANCED_FACE('',(#987),#988,.T.);
#328=ADVANCED_FACE('',(#989),#990,.F.);
#329=ADVANCED_FACE('',(#991),#992,.T.);
#330=ADVANCED_FACE('',(#993),#994,.F.);
#331=ADVANCED_FACE('',(#995),#996,.F.);
#332=ADVANCED_FACE('',(#997),#998,.T.);
#333=ADVANCED_FACE('',(#999),#1000,.T.);
#334=ADVANCED_FACE('',(#1001),#1002,.F.);
#335=ADVANCED_FACE('',(#1003),#1004,.F.);
#336=ADVANCED_FACE('',(#1005),#1006,.F.);
#337=ADVANCED_FACE('',(#1007),#1008,.F.);
#338=ADVANCED_FACE('',(#1009),#1010,.T.);
#339=ADVANCED_FACE('',(#1011),#1012,.F.);
#340=ADVANCED_FACE('',(#1013),#1014,.F.);
#341=ADVANCED_FACE('',(#1015),#1016,.F.);
#342=ADVANCED_FACE('',(#1017),#1018,.F.);
#343=ADVANCED_FACE('',(#1019),#1020,.F.);
#344=ADVANCED_FACE('',(#1021),#1022,.F.);
#345=ADVANCED_FACE('',(#1023),#1024,.T.);
#346=ADVANCED_FACE('',(#1025),#1026,.F.);
#347=ADVANCED_FACE('',(#1027),#1028,.T.);
#348=ADVANCED_FACE('',(#1029),#1030,.F.);
#349=ADVANCED_FACE('',(#1031),#1032,.F.);
#350=ADVANCED_FACE('',(#1033),#1034,.T.);
#351=ADVANCED_FACE('',(#1035),#1036,.T.);
#352=ADVANCED_FACE('',(#1037),#1038,.F.);
#353=ADVANCED_FACE('',(#1039),#1040,.F.);
#354=ADVANCED_FACE('',(#1041),#1042,.F.);
#355=ADVANCED_FACE('',(#1043),#1044,.F.);
#356=ADVANCED_FACE('',(#1045),#1046,.T.);
#357=ADVANCED_FACE('',(#1047),#1048,.F.);
#358=ADVANCED_FACE('',(#1049),#1050,.F.);
#359=ADVANCED_FACE('',(#1051),#1052,.F.);
#360=ADVANCED_FACE('',(#1053),#1054,.F.);
#361=ADVANCED_FACE('',(#1055),#1056,.F.);
#362=ADVANCED_FACE('',(#1057),#1058,.F.);
#363=ADVANCED_FACE('',(#1059),#1060,.T.);
#364=ADVANCED_FACE('',(#1061),#1062,.F.);
#365=ADVANCED_FACE('',(#1063),#1064,.T.);
#366=ADVANCED_FACE('',(#1065),#1066,.F.);
#367=ADVANCED_FACE('',(#1067),#1068,.F.);
#368=ADVANCED_FACE('',(#1069),#1070,.T.);
#369=ADVANCED_FACE('',(#1071),#1072,.T.);
#370=ADVANCED_FACE('',(#1073),#1074,.F.);
#371=ADVANCED_FACE('',(#1075),#1076,.F.);
#372=ADVANCED_FACE('',(#1077),#1078,.F.);
#373=ADVANCED_FACE('',(#1079),#1080,.F.);
#374=ADVANCED_FACE('',(#1081),#1082,.T.);
#375=ADVANCED_FACE('',(#1083),#1084,.F.);
#376=ADVANCED_FACE('',(#1085),#1086,.F.);
#377=ADVANCED_FACE('',(#1087),#1088,.F.);
#378=ADVANCED_FACE('',(#1089),#1090,.F.);
#379=ADVANCED_FACE('',(#1091),#1092,.F.);
#380=ADVANCED_FACE('',(#1093),#1094,.F.);
#381=ADVANCED_FACE('',(#1095),#1096,.T.);
#382=ADVANCED_FACE('',(#1097),#1098,.F.);
#383=ADVANCED_FACE('',(#1099),#1100,.T.);
#384=ADVANCED_FACE('',(#1101),#1102,.F.);
#385=ADVANCED_FACE('',(#1103),#1104,.F.);
#386=ADVANCED_FACE('',(#1105),#1106,.T.);
#387=ADVANCED_FACE('',(#1107),#1108,.T.);
#388=ADVANCED_FACE('',(#1109),#1110,.F.);
#389=ADVANCED_FACE('',(#1111),#1112,.F.);
#390=ADVANCED_FACE('',(#1113),#1114,.F.);
#391=ADVANCED_FACE('',(#1115),#1116,.F.);
#392=ADVANCED_FACE('',(#1117),#1118,.T.);
#393=ADVANCED_FACE('',(#1119),#1120,.F.);
#394=ADVANCED_FACE('',(#1121),#1122,.F.);
#395=ADVANCED_FACE('',(#1123),#1124,.F.);
#396=ADVANCED_FACE('',(#1125),#1126,.F.);
#397=ADVANCED_FACE('',(#1127),#1128,.F.);
#398=ADVANCED_FACE('',(#1129),#1130,.F.);
#399=ADVANCED_FACE('',(#1131),#1132,.T.);
#400=ADVANCED_FACE('',(#1133),#1134,.F.);
#401=ADVANCED_FACE('',(#1135),#1136,.T.);
#402=ADVANCED_FACE('',(#1137),#1138,.F.);
#403=ADVANCED_FACE('',(#1139),#1140,.F.);
#404=ADVANCED_FACE('',(#1141),#1142,.T.);
#405=ADVANCED_FACE('',(#1143),#1144,.T.);
#406=ADVANCED_FACE('',(#1145),#1146,.F.);
#407=ADVANCED_FACE('',(#1147),#1148,.F.);
#408=ADVANCED_FACE('',(#1149),#1150,.F.);
#409=ADVANCED_FACE('',(#1151),#1152,.F.);
#410=ADVANCED_FACE('',(#1153),#1154,.T.);
#411=ADVANCED_FACE('',(#1155),#1156,.F.);
#412=ADVANCED_FACE('',(#1157),#1158,.F.);
#413=ADVANCED_FACE('',(#1159),#1160,.F.);
#414=ADVANCED_FACE('',(#1161),#1162,.F.);
#415=ADVANCED_FACE('',(#1163),#1164,.F.);
#416=ADVANCED_FACE('',(#1165),#1166,.F.);
#417=ADVANCED_FACE('',(#1167),#1168,.T.);
#418=ADVANCED_FACE('',(#1169),#1170,.F.);
#419=ADVANCED_FACE('',(#1171),#1172,.T.);
#420=ADVANCED_FACE('',(#1173),#1174,.F.);
#421=ADVANCED_FACE('',(#1175),#1176,.F.);
#422=ADVANCED_FACE('',(#1177),#1178,.T.);
#423=ADVANCED_FACE('',(#1179),#1180,.T.);
#424=ADVANCED_FACE('',(#1181),#1182,.F.);
#425=ADVANCED_FACE('',(#1183),#1184,.F.);
#426=ADVANCED_FACE('',(#1185),#1186,.F.);
#427=ADVANCED_FACE('',(#1187),#1188,.F.);
#428=ADVANCED_FACE('',(#1189),#1190,.T.);
#429=ADVANCED_FACE('',(#1191),#1192,.F.);
#430=ADVANCED_FACE('',(#1193),#1194,.F.);
#431=ADVANCED_FACE('',(#1195),#1196,.F.);
#432=ADVANCED_FACE('',(#1197),#1198,.F.);
#433=ADVANCED_FACE('',(#1199),#1200,.F.);
#434=ADVANCED_FACE('',(#1201),#1202,.F.);
#435=SURFACE_SIDE_STYLE('',(#1203));
#436=ADVANCED_FACE('',(#1204),#1205,.F.);
#437=ADVANCED_FACE('',(#1206),#1207,.F.);
#438=ADVANCED_FACE('',(#1208),#1209,.F.);
#439=ADVANCED_FACE('',(#1210),#1211,.F.);
#440=ADVANCED_FACE('',(#1212),#1213,.F.);
#441=ADVANCED_FACE('',(#1214),#1215,.F.);
#442=ADVANCED_FACE('',(#1216),#1217,.F.);
#443=ADVANCED_FACE('',(#1218),#1219,.F.);
#444=ADVANCED_FACE('',(#1220),#1221,.F.);
#445=ADVANCED_FACE('',(#1222),#1223,.F.);
#446=ADVANCED_FACE('',(#1224),#1225,.F.);
#447=ADVANCED_FACE('',(#1226),#1227,.F.);
#448=ADVANCED_FACE('',(#1228),#1229,.F.);
#449=ADVANCED_FACE('',(#1230),#1231,.F.);
#450=ADVANCED_FACE('',(#1232),#1233,.F.);
#451=ADVANCED_FACE('',(#1234),#1235,.F.);
#452=ADVANCED_FACE('',(#1236),#1237,.T.);
#453=ADVANCED_FACE('',(#1238),#1239,.F.);
#454=SURFACE_SIDE_STYLE('',(#1240));
#455=ADVANCED_FACE('',(#1241),#1242,.F.);
#456=ADVANCED_FACE('',(#1243),#1244,.F.);
#457=ADVANCED_FACE('',(#1245),#1246,.F.);
#458=ADVANCED_FACE('',(#1247),#1248,.F.);
#459=ADVANCED_FACE('',(#1249),#1250,.F.);
#460=ADVANCED_FACE('',(#1251),#1252,.F.);
#461=ADVANCED_FACE('',(#1253),#1254,.F.);
#462=ADVANCED_FACE('',(#1255),#1256,.F.);
#463=ADVANCED_FACE('',(#1257),#1258,.F.);
#464=ADVANCED_FACE('',(#1259),#1260,.F.);
#465=ADVANCED_FACE('',(#1261),#1262,.F.);
#466=ADVANCED_FACE('',(#1263),#1264,.F.);
#467=ADVANCED_FACE('',(#1265),#1266,.F.);
#468=ADVANCED_FACE('',(#1267),#1268,.F.);
#469=ADVANCED_FACE('',(#1269),#1270,.F.);
#470=ADVANCED_FACE('',(#1271),#1272,.F.);
#471=ADVANCED_FACE('',(#1273),#1274,.T.);
#472=ADVANCED_FACE('',(#1275),#1276,.F.);
#474=SURFACE_STYLE_FILL_AREA(#1277);
#475=FACE_OUTER_BOUND('',#1278,.T.);
#476=CYLINDRICAL_SURFACE('',#1279,0.0499999999999998);
#477=FACE_OUTER_BOUND('',#1280,.T.);
#478=CYLINDRICAL_SURFACE('',#1281,0.0499999999999998);
#479=FACE_OUTER_BOUND('',#1282,.T.);
#480=CYLINDRICAL_SURFACE('',#1283,0.0499999999999998);
#481=FACE_OUTER_BOUND('',#1284,.T.);
#482=CYLINDRICAL_SURFACE('',#1285,0.0499999999999998);
#483=FACE_OUTER_BOUND('',#1286,.T.);
#484=CYLINDRICAL_SURFACE('',#1287,0.0499999999999998);
#485=FACE_OUTER_BOUND('',#1288,.T.);
#486=CYLINDRICAL_SURFACE('',#1289,0.0499999999999998);
#487=FACE_OUTER_BOUND('',#1290,.T.);
#488=CYLINDRICAL_SURFACE('',#1291,0.0499999999999998);
#489=FACE_OUTER_BOUND('',#1292,.T.);
#490=CYLINDRICAL_SURFACE('',#1293,0.0499999999999998);
#491=FACE_OUTER_BOUND('',#1294,.T.);
#492=CYLINDRICAL_SURFACE('',#1295,0.0499999999999998);
#493=FACE_OUTER_BOUND('',#1296,.T.);
#494=CYLINDRICAL_SURFACE('',#1297,0.0499999999999998);
#495=FACE_OUTER_BOUND('',#1298,.T.);
#496=CYLINDRICAL_SURFACE('',#1299,0.0499999999999998);
#497=FACE_OUTER_BOUND('',#1300,.T.);
#498=CYLINDRICAL_SURFACE('',#1301,0.15);
#499=FACE_OUTER_BOUND('',#1302,.T.);
#500=CYLINDRICAL_SURFACE('',#1303,0.15);
#501=FACE_OUTER_BOUND('',#1304,.T.);
#502=PLANE('',#1305);
#503=FACE_OUTER_BOUND('',#1306,.T.);
#504=PLANE('',#1307);
#505=FACE_OUTER_BOUND('',#1308,.T.);
#506=PLANE('',#1309);
#507=FACE_OUTER_BOUND('',#1310,.T.);
#508=PLANE('',#1311);
#509=FACE_BOUND('',#1312,.T.);
#510=FACE_OUTER_BOUND('',#1313,.T.);
#511=PLANE('',#1314);
#512=FACE_OUTER_BOUND('',#1315,.T.);
#513=PLANE('',#1316);
#514=FACE_OUTER_BOUND('',#1317,.T.);
#515=CYLINDRICAL_SURFACE('',#1318,0.15);
#516=FACE_OUTER_BOUND('',#1319,.T.);
#517=PLANE('',#1320);
#518=FACE_OUTER_BOUND('',#1321,.T.);
#519=PLANE('',#1322);
#520=FACE_OUTER_BOUND('',#1323,.T.);
#521=PLANE('',#1324);
#522=FACE_OUTER_BOUND('',#1325,.T.);
#523=PLANE('',#1326);
#524=FACE_OUTER_BOUND('',#1327,.T.);
#525=PLANE('',#1328);
#526=FACE_OUTER_BOUND('',#1329,.T.);
#527=FACE_BOUND('',#1330,.T.);
#528=PLANE('',#1331);
#529=FACE_OUTER_BOUND('',#1332,.T.);
#530=PLANE('',#1333);
#531=FACE_OUTER_BOUND('',#1334,.T.);
#532=PLANE('',#1335);
#533=FACE_OUTER_BOUND('',#1336,.T.);
#534=PLANE('',#1337);
#535=FACE_OUTER_BOUND('',#1338,.T.);
#536=PLANE('',#1339);
#537=FACE_OUTER_BOUND('',#1340,.T.);
#538=PLANE('',#1341);
#539=FACE_OUTER_BOUND('',#1342,.T.);
#540=PLANE('',#1343);
#541=FACE_OUTER_BOUND('',#1344,.T.);
#542=PLANE('',#1345);
#543=FACE_OUTER_BOUND('',#1346,.T.);
#544=PLANE('',#1347);
#545=FACE_OUTER_BOUND('',#1348,.T.);
#546=PLANE('',#1349);
#547=FACE_OUTER_BOUND('',#1350,.T.);
#548=PLANE('',#1351);
#549=FACE_OUTER_BOUND('',#1352,.T.);
#550=PLANE('',#1353);
#551=FACE_OUTER_BOUND('',#1354,.T.);
#552=PLANE('',#1355);
#553=FACE_OUTER_BOUND('',#1356,.T.);
#554=PLANE('',#1357);
#555=FACE_OUTER_BOUND('',#1358,.T.);
#556=PLANE('',#1359);
#557=FACE_OUTER_BOUND('',#1360,.T.);
#558=PLANE('',#1361);
#559=FACE_OUTER_BOUND('',#1362,.T.);
#560=PLANE('',#1363);
#561=FACE_OUTER_BOUND('',#1364,.T.);
#562=PLANE('',#1365);
#563=FACE_OUTER_BOUND('',#1366,.T.);
#564=PLANE('',#1367);
#565=FACE_OUTER_BOUND('',#1368,.T.);
#566=PLANE('',#1369);
#567=FACE_OUTER_BOUND('',#1370,.T.);
#568=PLANE('',#1371);
#569=FACE_OUTER_BOUND('',#1372,.T.);
#570=PLANE('',#1373);
#571=FACE_OUTER_BOUND('',#1374,.T.);
#572=PLANE('',#1375);
#573=FACE_OUTER_BOUND('',#1376,.T.);
#574=PLANE('',#1377);
#575=FACE_OUTER_BOUND('',#1378,.T.);
#576=PLANE('',#1379);
#577=FACE_OUTER_BOUND('',#1380,.T.);
#578=PLANE('',#1381);
#579=FACE_BOUND('',#1382,.T.);
#580=FACE_OUTER_BOUND('',#1383,.T.);
#581=PLANE('',#1384);
#582=FACE_OUTER_BOUND('',#1385,.T.);
#583=PLANE('',#1386);
#584=FACE_OUTER_BOUND('',#1387,.T.);
#585=PLANE('',#1388);
#586=FACE_OUTER_BOUND('',#1389,.T.);
#587=PLANE('',#1390);
#588=FACE_OUTER_BOUND('',#1391,.T.);
#589=PLANE('',#1392);
#590=FACE_OUTER_BOUND('',#1393,.T.);
#591=PLANE('',#1394);
#592=FACE_OUTER_BOUND('',#1395,.T.);
#593=PLANE('',#1396);
#594=FACE_OUTER_BOUND('',#1397,.T.);
#595=PLANE('',#1398);
#596=FACE_OUTER_BOUND('',#1399,.T.);
#597=PLANE('',#1400);
#598=FACE_OUTER_BOUND('',#1401,.T.);
#599=PLANE('',#1402);
#600=FACE_OUTER_BOUND('',#1403,.T.);
#601=PLANE('',#1404);
#602=FACE_OUTER_BOUND('',#1405,.T.);
#603=PLANE('',#1406);
#604=FACE_OUTER_BOUND('',#1407,.T.);
#605=PLANE('',#1408);
#606=FACE_OUTER_BOUND('',#1409,.T.);
#607=PLANE('',#1410);
#608=FACE_OUTER_BOUND('',#1411,.T.);
#609=PLANE('',#1412);
#610=FACE_OUTER_BOUND('',#1413,.T.);
#611=PLANE('',#1414);
#612=FACE_OUTER_BOUND('',#1415,.T.);
#613=PLANE('',#1416);
#614=FACE_OUTER_BOUND('',#1417,.T.);
#615=PLANE('',#1418);
#616=FACE_OUTER_BOUND('',#1419,.T.);
#617=PLANE('',#1420);
#618=FACE_OUTER_BOUND('',#1421,.T.);
#619=PLANE('',#1422);
#620=FACE_OUTER_BOUND('',#1423,.T.);
#621=PLANE('',#1424);
#622=FACE_OUTER_BOUND('',#1425,.T.);
#623=PLANE('',#1426);
#624=FACE_OUTER_BOUND('',#1427,.T.);
#625=PLANE('',#1428);
#626=FACE_OUTER_BOUND('',#1429,.T.);
#627=PLANE('',#1430);
#628=FACE_OUTER_BOUND('',#1431,.T.);
#629=PLANE('',#1432);
#630=FACE_OUTER_BOUND('',#1433,.T.);
#631=PLANE('',#1434);
#632=FACE_OUTER_BOUND('',#1435,.T.);
#633=PLANE('',#1436);
#634=FACE_OUTER_BOUND('',#1437,.T.);
#635=PLANE('',#1438);
#636=FACE_OUTER_BOUND('',#1439,.T.);
#637=PLANE('',#1440);
#638=FACE_OUTER_BOUND('',#1441,.T.);
#639=PLANE('',#1442);
#640=FACE_OUTER_BOUND('',#1443,.T.);
#641=PLANE('',#1444);
#642=FACE_OUTER_BOUND('',#1445,.T.);
#643=PLANE('',#1446);
#644=FACE_OUTER_BOUND('',#1447,.T.);
#645=PLANE('',#1448);
#646=FACE_OUTER_BOUND('',#1449,.T.);
#647=PLANE('',#1450);
#648=FACE_OUTER_BOUND('',#1451,.T.);
#649=PLANE('',#1452);
#650=FACE_OUTER_BOUND('',#1453,.T.);
#651=PLANE('',#1454);
#652=FACE_OUTER_BOUND('',#1455,.T.);
#653=PLANE('',#1456);
#654=FACE_OUTER_BOUND('',#1457,.T.);
#655=PLANE('',#1458);
#656=FACE_OUTER_BOUND('',#1459,.T.);
#657=PLANE('',#1460);
#658=FACE_OUTER_BOUND('',#1461,.T.);
#659=CYLINDRICAL_SURFACE('',#1462,0.15);
#660=FACE_OUTER_BOUND('',#1463,.T.);
#661=PLANE('',#1464);
#662=FACE_OUTER_BOUND('',#1465,.T.);
#663=PLANE('',#1466);
#664=FACE_OUTER_BOUND('',#1467,.T.);
#665=PLANE('',#1468);
#666=FACE_OUTER_BOUND('',#1469,.T.);
#667=PLANE('',#1470);
#668=FACE_OUTER_BOUND('',#1471,.T.);
#669=PLANE('',#1472);
#670=FACE_OUTER_BOUND('',#1473,.T.);
#671=PLANE('',#1474);
#672=FACE_OUTER_BOUND('',#1475,.T.);
#673=FACE_BOUND('',#1476,.T.);
#674=PLANE('',#1477);
#675=FACE_OUTER_BOUND('',#1478,.T.);
#676=PLANE('',#1479);
#677=FACE_OUTER_BOUND('',#1480,.T.);
#678=PLANE('',#1481);
#679=FACE_OUTER_BOUND('',#1482,.T.);
#680=PLANE('',#1483);
#681=FACE_OUTER_BOUND('',#1484,.T.);
#682=PLANE('',#1485);
#683=FACE_OUTER_BOUND('',#1486,.T.);
#684=PLANE('',#1487);
#685=FACE_OUTER_BOUND('',#1488,.T.);
#686=PLANE('',#1489);
#687=FACE_OUTER_BOUND('',#1490,.T.);
#688=PLANE('',#1491);
#689=FACE_OUTER_BOUND('',#1492,.T.);
#690=PLANE('',#1493);
#691=FACE_OUTER_BOUND('',#1494,.T.);
#692=PLANE('',#1495);
#693=FACE_OUTER_BOUND('',#1496,.T.);
#694=PLANE('',#1497);
#695=FACE_OUTER_BOUND('',#1498,.T.);
#696=PLANE('',#1499);
#697=FACE_OUTER_BOUND('',#1500,.T.);
#698=PLANE('',#1501);
#699=FACE_OUTER_BOUND('',#1502,.T.);
#700=PLANE('',#1503);
#701=FACE_OUTER_BOUND('',#1504,.T.);
#702=PLANE('',#1505);
#703=FACE_OUTER_BOUND('',#1506,.T.);
#704=PLANE('',#1507);
#705=FACE_OUTER_BOUND('',#1508,.T.);
#706=PLANE('',#1509);
#707=FACE_OUTER_BOUND('',#1510,.T.);
#708=PLANE('',#1511);
#709=FACE_OUTER_BOUND('',#1512,.T.);
#710=PLANE('',#1513);
#711=FACE_OUTER_BOUND('',#1514,.T.);
#712=PLANE('',#1515);
#713=FACE_OUTER_BOUND('',#1516,.T.);
#714=PLANE('',#1517);
#715=FACE_OUTER_BOUND('',#1518,.T.);
#716=PLANE('',#1519);
#717=FACE_OUTER_BOUND('',#1520,.T.);
#718=PLANE('',#1521);
#719=FACE_OUTER_BOUND('',#1522,.T.);
#720=PLANE('',#1523);
#721=FACE_OUTER_BOUND('',#1524,.T.);
#722=PLANE('',#1525);
#723=FACE_OUTER_BOUND('',#1526,.T.);
#724=PLANE('',#1527);
#725=FACE_OUTER_BOUND('',#1528,.T.);
#726=CYLINDRICAL_SURFACE('',#1529,0.175);
#727=FACE_OUTER_BOUND('',#1530,.T.);
#728=PLANE('',#1531);
#729=FACE_OUTER_BOUND('',#1532,.T.);
#730=PLANE('',#1533);
#731=FACE_OUTER_BOUND('',#1534,.T.);
#732=PLANE('',#1535);
#733=FACE_OUTER_BOUND('',#1536,.T.);
#734=PLANE('',#1537);
#735=FACE_OUTER_BOUND('',#1538,.T.);
#736=PLANE('',#1539);
#737=FACE_OUTER_BOUND('',#1540,.T.);
#738=PLANE('',#1541);
#739=FACE_OUTER_BOUND('',#1542,.T.);
#740=PLANE('',#1543);
#741=FACE_OUTER_BOUND('',#1544,.T.);
#742=PLANE('',#1545);
#743=FACE_OUTER_BOUND('',#1546,.T.);
#744=PLANE('',#1547);
#745=FACE_OUTER_BOUND('',#1548,.T.);
#746=CYLINDRICAL_SURFACE('',#1549,0.175);
#747=FACE_OUTER_BOUND('',#1550,.T.);
#748=PLANE('',#1551);
#749=FACE_OUTER_BOUND('',#1552,.T.);
#750=PLANE('',#1553);
#751=FACE_OUTER_BOUND('',#1554,.T.);
#752=PLANE('',#1555);
#753=FACE_OUTER_BOUND('',#1556,.T.);
#754=CYLINDRICAL_SURFACE('',#1557,0.175);
#755=FACE_OUTER_BOUND('',#1558,.T.);
#756=PLANE('',#1559);
#757=FACE_OUTER_BOUND('',#1560,.T.);
#758=PLANE('',#1561);
#759=FACE_OUTER_BOUND('',#1562,.T.);
#760=PLANE('',#1563);
#761=FACE_OUTER_BOUND('',#1564,.T.);
#762=CYLINDRICAL_SURFACE('',#1565,0.175);
#763=FACE_OUTER_BOUND('',#1566,.T.);
#764=PLANE('',#1567);
#765=FACE_OUTER_BOUND('',#1568,.T.);
#766=PLANE('',#1569);
#767=FACE_OUTER_BOUND('',#1570,.T.);
#768=PLANE('',#1571);
#769=FACE_OUTER_BOUND('',#1572,.T.);
#770=PLANE('',#1573);
#771=FACE_OUTER_BOUND('',#1574,.T.);
#772=PLANE('',#1575);
#773=FACE_OUTER_BOUND('',#1576,.T.);
#774=PLANE('',#1577);
#775=FACE_OUTER_BOUND('',#1578,.T.);
#776=PLANE('',#1579);
#777=FACE_OUTER_BOUND('',#1580,.T.);
#778=PLANE('',#1581);
#779=FACE_OUTER_BOUND('',#1582,.T.);
#780=PLANE('',#1583);
#781=FACE_OUTER_BOUND('',#1584,.T.);
#782=PLANE('',#1585);
#783=FACE_OUTER_BOUND('',#1586,.T.);
#784=PLANE('',#1587);
#785=FACE_OUTER_BOUND('',#1588,.T.);
#786=PLANE('',#1589);
#787=FACE_OUTER_BOUND('',#1590,.T.);
#788=PLANE('',#1591);
#789=FACE_OUTER_BOUND('',#1592,.T.);
#790=PLANE('',#1593);
#791=FACE_OUTER_BOUND('',#1594,.T.);
#792=PLANE('',#1595);
#793=FACE_OUTER_BOUND('',#1596,.T.);
#794=PLANE('',#1597);
#795=FACE_OUTER_BOUND('',#1598,.T.);
#796=PLANE('',#1599);
#797=FACE_OUTER_BOUND('',#1600,.T.);
#798=PLANE('',#1601);
#799=FACE_OUTER_BOUND('',#1602,.T.);
#800=PLANE('',#1603);
#801=FACE_OUTER_BOUND('',#1604,.T.);
#802=PLANE('',#1605);
#803=FACE_OUTER_BOUND('',#1606,.T.);
#804=PLANE('',#1607);
#805=FACE_OUTER_BOUND('',#1608,.T.);
#806=PLANE('',#1609);
#807=FACE_OUTER_BOUND('',#1610,.T.);
#808=PLANE('',#1611);
#809=FACE_OUTER_BOUND('',#1612,.T.);
#810=PLANE('',#1613);
#811=FACE_OUTER_BOUND('',#1614,.T.);
#812=CYLINDRICAL_SURFACE('',#1615,0.12);
#813=FACE_OUTER_BOUND('',#1616,.T.);
#814=PLANE('',#1617);
#815=FACE_OUTER_BOUND('',#1618,.T.);
#816=PLANE('',#1619);
#817=FACE_OUTER_BOUND('',#1620,.T.);
#818=CYLINDRICAL_SURFACE('',#1621,0.0499999999999998);
#819=FACE_OUTER_BOUND('',#1622,.T.);
#820=PLANE('',#1623);
#821=FACE_OUTER_BOUND('',#1624,.T.);
#822=PLANE('',#1625);
#823=FACE_OUTER_BOUND('',#1626,.T.);
#824=PLANE('',#1627);
#825=FACE_OUTER_BOUND('',#1628,.T.);
#826=PLANE('',#1629);
#827=FACE_OUTER_BOUND('',#1630,.T.);
#828=PLANE('',#1631);
#829=FACE_OUTER_BOUND('',#1632,.T.);
#830=PLANE('',#1633);
#831=FACE_OUTER_BOUND('',#1634,.T.);
#832=PLANE('',#1635);
#833=FACE_OUTER_BOUND('',#1636,.T.);
#834=PLANE('',#1637);
#835=FACE_OUTER_BOUND('',#1638,.T.);
#836=PLANE('',#1639);
#837=FACE_OUTER_BOUND('',#1640,.T.);
#838=PLANE('',#1641);
#839=FACE_OUTER_BOUND('',#1642,.T.);
#840=PLANE('',#1643);
#841=FACE_OUTER_BOUND('',#1644,.T.);
#842=PLANE('',#1645);
#843=FACE_OUTER_BOUND('',#1646,.T.);
#844=PLANE('',#1647);
#845=FACE_OUTER_BOUND('',#1648,.T.);
#846=PLANE('',#1649);
#847=FACE_OUTER_BOUND('',#1650,.T.);
#848=CYLINDRICAL_SURFACE('',#1651,0.12);
#849=FACE_OUTER_BOUND('',#1652,.T.);
#850=PLANE('',#1653);
#851=FACE_OUTER_BOUND('',#1654,.T.);
#852=PLANE('',#1655);
#853=FACE_OUTER_BOUND('',#1656,.T.);
#854=CYLINDRICAL_SURFACE('',#1657,0.0499999999999998);
#855=FACE_OUTER_BOUND('',#1658,.T.);
#856=PLANE('',#1659);
#857=FACE_OUTER_BOUND('',#1660,.T.);
#858=PLANE('',#1661);
#859=FACE_OUTER_BOUND('',#1662,.T.);
#860=PLANE('',#1663);
#861=FACE_OUTER_BOUND('',#1664,.T.);
#862=PLANE('',#1665);
#863=FACE_OUTER_BOUND('',#1666,.T.);
#864=PLANE('',#1667);
#865=FACE_OUTER_BOUND('',#1668,.T.);
#866=PLANE('',#1669);
#867=FACE_OUTER_BOUND('',#1670,.T.);
#868=PLANE('',#1671);
#869=FACE_OUTER_BOUND('',#1672,.T.);
#870=PLANE('',#1673);
#871=FACE_OUTER_BOUND('',#1674,.T.);
#872=PLANE('',#1675);
#873=FACE_OUTER_BOUND('',#1676,.T.);
#874=PLANE('',#1677);
#875=FACE_OUTER_BOUND('',#1678,.T.);
#876=PLANE('',#1679);
#877=FACE_OUTER_BOUND('',#1680,.T.);
#878=PLANE('',#1681);
#879=FACE_OUTER_BOUND('',#1682,.T.);
#880=PLANE('',#1683);
#881=FACE_OUTER_BOUND('',#1684,.T.);
#882=PLANE('',#1685);
#883=FACE_OUTER_BOUND('',#1686,.T.);
#884=CYLINDRICAL_SURFACE('',#1687,0.12);
#885=FACE_OUTER_BOUND('',#1688,.T.);
#886=PLANE('',#1689);
#887=FACE_OUTER_BOUND('',#1690,.T.);
#888=PLANE('',#1691);
#889=FACE_OUTER_BOUND('',#1692,.T.);
#890=CYLINDRICAL_SURFACE('',#1693,0.0499999999999998);
#891=FACE_OUTER_BOUND('',#1694,.T.);
#892=PLANE('',#1695);
#893=FACE_OUTER_BOUND('',#1696,.T.);
#894=PLANE('',#1697);
#895=FACE_OUTER_BOUND('',#1698,.T.);
#896=PLANE('',#1699);
#897=FACE_OUTER_BOUND('',#1700,.T.);
#898=PLANE('',#1701);
#899=FACE_OUTER_BOUND('',#1702,.T.);
#900=PLANE('',#1703);
#901=FACE_OUTER_BOUND('',#1704,.T.);
#902=PLANE('',#1705);
#903=FACE_OUTER_BOUND('',#1706,.T.);
#904=PLANE('',#1707);
#905=FACE_OUTER_BOUND('',#1708,.T.);
#906=PLANE('',#1709);
#907=FACE_OUTER_BOUND('',#1710,.T.);
#908=PLANE('',#1711);
#909=FACE_OUTER_BOUND('',#1712,.T.);
#910=PLANE('',#1713);
#911=FACE_OUTER_BOUND('',#1714,.T.);
#912=PLANE('',#1715);
#913=FACE_OUTER_BOUND('',#1716,.T.);
#914=PLANE('',#1717);
#915=FACE_OUTER_BOUND('',#1718,.T.);
#916=PLANE('',#1719);
#917=FACE_OUTER_BOUND('',#1720,.T.);
#918=PLANE('',#1721);
#919=FACE_OUTER_BOUND('',#1722,.T.);
#920=CYLINDRICAL_SURFACE('',#1723,0.12);
#921=FACE_OUTER_BOUND('',#1724,.T.);
#922=PLANE('',#1725);
#923=FACE_OUTER_BOUND('',#1726,.T.);
#924=PLANE('',#1727);
#925=FACE_OUTER_BOUND('',#1728,.T.);
#926=CYLINDRICAL_SURFACE('',#1729,0.0499999999999998);
#927=FACE_OUTER_BOUND('',#1730,.T.);
#928=PLANE('',#1731);
#929=FACE_OUTER_BOUND('',#1732,.T.);
#930=PLANE('',#1733);
#931=FACE_OUTER_BOUND('',#1734,.T.);
#932=PLANE('',#1735);
#933=FACE_OUTER_BOUND('',#1736,.T.);
#934=PLANE('',#1737);
#935=FACE_OUTER_BOUND('',#1738,.T.);
#936=PLANE('',#1739);
#937=FACE_OUTER_BOUND('',#1740,.T.);
#938=PLANE('',#1741);
#939=FACE_OUTER_BOUND('',#1742,.T.);
#940=PLANE('',#1743);
#941=FACE_OUTER_BOUND('',#1744,.T.);
#942=PLANE('',#1745);
#943=FACE_OUTER_BOUND('',#1746,.T.);
#944=PLANE('',#1747);
#945=FACE_OUTER_BOUND('',#1748,.T.);
#946=PLANE('',#1749);
#947=FACE_OUTER_BOUND('',#1750,.T.);
#948=PLANE('',#1751);
#949=FACE_OUTER_BOUND('',#1752,.T.);
#950=PLANE('',#1753);
#951=FACE_OUTER_BOUND('',#1754,.T.);
#952=PLANE('',#1755);
#953=FACE_OUTER_BOUND('',#1756,.T.);
#954=PLANE('',#1757);
#955=FACE_OUTER_BOUND('',#1758,.T.);
#956=CYLINDRICAL_SURFACE('',#1759,0.12);
#957=FACE_OUTER_BOUND('',#1760,.T.);
#958=PLANE('',#1761);
#959=FACE_OUTER_BOUND('',#1762,.T.);
#960=PLANE('',#1763);
#961=FACE_OUTER_BOUND('',#1764,.T.);
#962=CYLINDRICAL_SURFACE('',#1765,0.0499999999999998);
#963=FACE_OUTER_BOUND('',#1766,.T.);
#964=PLANE('',#1767);
#965=FACE_OUTER_BOUND('',#1768,.T.);
#966=PLANE('',#1769);
#967=FACE_OUTER_BOUND('',#1770,.T.);
#968=PLANE('',#1771);
#969=FACE_OUTER_BOUND('',#1772,.T.);
#970=PLANE('',#1773);
#971=FACE_OUTER_BOUND('',#1774,.T.);
#972=PLANE('',#1775);
#973=FACE_OUTER_BOUND('',#1776,.T.);
#974=PLANE('',#1777);
#975=FACE_OUTER_BOUND('',#1778,.T.);
#976=PLANE('',#1779);
#977=FACE_OUTER_BOUND('',#1780,.T.);
#978=PLANE('',#1781);
#979=FACE_OUTER_BOUND('',#1782,.T.);
#980=PLANE('',#1783);
#981=FACE_OUTER_BOUND('',#1784,.T.);
#982=PLANE('',#1785);
#983=FACE_OUTER_BOUND('',#1786,.T.);
#984=PLANE('',#1787);
#985=FACE_OUTER_BOUND('',#1788,.T.);
#986=PLANE('',#1789);
#987=FACE_OUTER_BOUND('',#1790,.T.);
#988=PLANE('',#1791);
#989=FACE_OUTER_BOUND('',#1792,.T.);
#990=PLANE('',#1793);
#991=FACE_OUTER_BOUND('',#1794,.T.);
#992=CYLINDRICAL_SURFACE('',#1795,0.12);
#993=FACE_OUTER_BOUND('',#1796,.T.);
#994=PLANE('',#1797);
#995=FACE_OUTER_BOUND('',#1798,.T.);
#996=PLANE('',#1799);
#997=FACE_OUTER_BOUND('',#1800,.T.);
#998=CYLINDRICAL_SURFACE('',#1801,0.0499999999999998);
#999=FACE_OUTER_BOUND('',#1802,.T.);
#1000=PLANE('',#1803);
#1001=FACE_OUTER_BOUND('',#1804,.T.);
#1002=PLANE('',#1805);
#1003=FACE_OUTER_BOUND('',#1806,.T.);
#1004=PLANE('',#1807);
#1005=FACE_OUTER_BOUND('',#1808,.T.);
#1006=PLANE('',#1809);
#1007=FACE_OUTER_BOUND('',#1810,.T.);
#1008=PLANE('',#1811);
#1009=FACE_OUTER_BOUND('',#1812,.T.);
#1010=PLANE('',#1813);
#1011=FACE_OUTER_BOUND('',#1814,.T.);
#1012=PLANE('',#1815);
#1013=FACE_OUTER_BOUND('',#1816,.T.);
#1014=PLANE('',#1817);
#1015=FACE_OUTER_BOUND('',#1818,.T.);
#1016=PLANE('',#1819);
#1017=FACE_OUTER_BOUND('',#1820,.T.);
#1018=PLANE('',#1821);
#1019=FACE_OUTER_BOUND('',#1822,.T.);
#1020=PLANE('',#1823);
#1021=FACE_OUTER_BOUND('',#1824,.T.);
#1022=PLANE('',#1825);
#1023=FACE_OUTER_BOUND('',#1826,.T.);
#1024=PLANE('',#1827);
#1025=FACE_OUTER_BOUND('',#1828,.T.);
#1026=PLANE('',#1829);
#1027=FACE_OUTER_BOUND('',#1830,.T.);
#1028=CYLINDRICAL_SURFACE('',#1831,0.12);
#1029=FACE_OUTER_BOUND('',#1832,.T.);
#1030=PLANE('',#1833);
#1031=FACE_OUTER_BOUND('',#1834,.T.);
#1032=PLANE('',#1835);
#1033=FACE_OUTER_BOUND('',#1836,.T.);
#1034=CYLINDRICAL_SURFACE('',#1837,0.0499999999999998);
#1035=FACE_OUTER_BOUND('',#1838,.T.);
#1036=PLANE('',#1839);
#1037=FACE_OUTER_BOUND('',#1840,.T.);
#1038=PLANE('',#1841);
#1039=FACE_OUTER_BOUND('',#1842,.T.);
#1040=PLANE('',#1843);
#1041=FACE_OUTER_BOUND('',#1844,.T.);
#1042=PLANE('',#1845);
#1043=FACE_OUTER_BOUND('',#1846,.T.);
#1044=PLANE('',#1847);
#1045=FACE_OUTER_BOUND('',#1848,.T.);
#1046=PLANE('',#1849);
#1047=FACE_OUTER_BOUND('',#1850,.T.);
#1048=PLANE('',#1851);
#1049=FACE_OUTER_BOUND('',#1852,.T.);
#1050=PLANE('',#1853);
#1051=FACE_OUTER_BOUND('',#1854,.T.);
#1052=PLANE('',#1855);
#1053=FACE_OUTER_BOUND('',#1856,.T.);
#1054=PLANE('',#1857);
#1055=FACE_OUTER_BOUND('',#1858,.T.);
#1056=PLANE('',#1859);
#1057=FACE_OUTER_BOUND('',#1860,.T.);
#1058=PLANE('',#1861);
#1059=FACE_OUTER_BOUND('',#1862,.T.);
#1060=PLANE('',#1863);
#1061=FACE_OUTER_BOUND('',#1864,.T.);
#1062=PLANE('',#1865);
#1063=FACE_OUTER_BOUND('',#1866,.T.);
#1064=CYLINDRICAL_SURFACE('',#1867,0.12);
#1065=FACE_OUTER_BOUND('',#1868,.T.);
#1066=PLANE('',#1869);
#1067=FACE_OUTER_BOUND('',#1870,.T.);
#1068=PLANE('',#1871);
#1069=FACE_OUTER_BOUND('',#1872,.T.);
#1070=CYLINDRICAL_SURFACE('',#1873,0.0499999999999998);
#1071=FACE_OUTER_BOUND('',#1874,.T.);
#1072=PLANE('',#1875);
#1073=FACE_OUTER_BOUND('',#1876,.T.);
#1074=PLANE('',#1877);
#1075=FACE_OUTER_BOUND('',#1878,.T.);
#1076=PLANE('',#1879);
#1077=FACE_OUTER_BOUND('',#1880,.T.);
#1078=PLANE('',#1881);
#1079=FACE_OUTER_BOUND('',#1882,.T.);
#1080=PLANE('',#1883);
#1081=FACE_OUTER_BOUND('',#1884,.T.);
#1082=PLANE('',#1885);
#1083=FACE_OUTER_BOUND('',#1886,.T.);
#1084=PLANE('',#1887);
#1085=FACE_OUTER_BOUND('',#1888,.T.);
#1086=PLANE('',#1889);
#1087=FACE_OUTER_BOUND('',#1890,.T.);
#1088=PLANE('',#1891);
#1089=FACE_OUTER_BOUND('',#1892,.T.);
#1090=PLANE('',#1893);
#1091=FACE_OUTER_BOUND('',#1894,.T.);
#1092=PLANE('',#1895);
#1093=FACE_OUTER_BOUND('',#1896,.T.);
#1094=PLANE('',#1897);
#1095=FACE_OUTER_BOUND('',#1898,.T.);
#1096=PLANE('',#1899);
#1097=FACE_OUTER_BOUND('',#1900,.T.);
#1098=PLANE('',#1901);
#1099=FACE_OUTER_BOUND('',#1902,.T.);
#1100=CYLINDRICAL_SURFACE('',#1903,0.12);
#1101=FACE_OUTER_BOUND('',#1904,.T.);
#1102=PLANE('',#1905);
#1103=FACE_OUTER_BOUND('',#1906,.T.);
#1104=PLANE('',#1907);
#1105=FACE_OUTER_BOUND('',#1908,.T.);
#1106=CYLINDRICAL_SURFACE('',#1909,0.0499999999999998);
#1107=FACE_OUTER_BOUND('',#1910,.T.);
#1108=PLANE('',#1911);
#1109=FACE_OUTER_BOUND('',#1912,.T.);
#1110=PLANE('',#1913);
#1111=FACE_OUTER_BOUND('',#1914,.T.);
#1112=PLANE('',#1915);
#1113=FACE_OUTER_BOUND('',#1916,.T.);
#1114=PLANE('',#1917);
#1115=FACE_OUTER_BOUND('',#1918,.T.);
#1116=PLANE('',#1919);
#1117=FACE_OUTER_BOUND('',#1920,.T.);
#1118=PLANE('',#1921);
#1119=FACE_OUTER_BOUND('',#1922,.T.);
#1120=PLANE('',#1923);
#1121=FACE_OUTER_BOUND('',#1924,.T.);
#1122=PLANE('',#1925);
#1123=FACE_OUTER_BOUND('',#1926,.T.);
#1124=PLANE('',#1927);
#1125=FACE_OUTER_BOUND('',#1928,.T.);
#1126=PLANE('',#1929);
#1127=FACE_OUTER_BOUND('',#1930,.T.);
#1128=PLANE('',#1931);
#1129=FACE_OUTER_BOUND('',#1932,.T.);
#1130=PLANE('',#1933);
#1131=FACE_OUTER_BOUND('',#1934,.T.);
#1132=PLANE('',#1935);
#1133=FACE_OUTER_BOUND('',#1936,.T.);
#1134=PLANE('',#1937);
#1135=FACE_OUTER_BOUND('',#1938,.T.);
#1136=CYLINDRICAL_SURFACE('',#1939,0.12);
#1137=FACE_OUTER_BOUND('',#1940,.T.);
#1138=PLANE('',#1941);
#1139=FACE_OUTER_BOUND('',#1942,.T.);
#1140=PLANE('',#1943);
#1141=FACE_OUTER_BOUND('',#1944,.T.);
#1142=CYLINDRICAL_SURFACE('',#1945,0.0499999999999998);
#1143=FACE_OUTER_BOUND('',#1946,.T.);
#1144=PLANE('',#1947);
#1145=FACE_OUTER_BOUND('',#1948,.T.);
#1146=PLANE('',#1949);
#1147=FACE_OUTER_BOUND('',#1950,.T.);
#1148=PLANE('',#1951);
#1149=FACE_OUTER_BOUND('',#1952,.T.);
#1150=PLANE('',#1953);
#1151=FACE_OUTER_BOUND('',#1954,.T.);
#1152=PLANE('',#1955);
#1153=FACE_OUTER_BOUND('',#1956,.T.);
#1154=PLANE('',#1957);
#1155=FACE_OUTER_BOUND('',#1958,.T.);
#1156=PLANE('',#1959);
#1157=FACE_OUTER_BOUND('',#1960,.T.);
#1158=PLANE('',#1961);
#1159=FACE_OUTER_BOUND('',#1962,.T.);
#1160=PLANE('',#1963);
#1161=FACE_OUTER_BOUND('',#1964,.T.);
#1162=PLANE('',#1965);
#1163=FACE_OUTER_BOUND('',#1966,.T.);
#1164=PLANE('',#1967);
#1165=FACE_OUTER_BOUND('',#1968,.T.);
#1166=PLANE('',#1969);
#1167=FACE_OUTER_BOUND('',#1970,.T.);
#1168=PLANE('',#1971);
#1169=FACE_OUTER_BOUND('',#1972,.T.);
#1170=PLANE('',#1973);
#1171=FACE_OUTER_BOUND('',#1974,.T.);
#1172=CYLINDRICAL_SURFACE('',#1975,0.12);
#1173=FACE_OUTER_BOUND('',#1976,.T.);
#1174=PLANE('',#1977);
#1175=FACE_OUTER_BOUND('',#1978,.T.);
#1176=PLANE('',#1979);
#1177=FACE_OUTER_BOUND('',#1980,.T.);
#1178=CYLINDRICAL_SURFACE('',#1981,0.0499999999999998);
#1179=FACE_OUTER_BOUND('',#1982,.T.);
#1180=PLANE('',#1983);
#1181=FACE_OUTER_BOUND('',#1984,.T.);
#1182=PLANE('',#1985);
#1183=FACE_OUTER_BOUND('',#1986,.T.);
#1184=PLANE('',#1987);
#1185=FACE_OUTER_BOUND('',#1988,.T.);
#1186=PLANE('',#1989);
#1187=FACE_OUTER_BOUND('',#1990,.T.);
#1188=PLANE('',#1991);
#1189=FACE_OUTER_BOUND('',#1992,.T.);
#1190=PLANE('',#1993);
#1191=FACE_OUTER_BOUND('',#1994,.T.);
#1192=PLANE('',#1995);
#1193=FACE_OUTER_BOUND('',#1996,.T.);
#1194=PLANE('',#1997);
#1195=FACE_OUTER_BOUND('',#1998,.T.);
#1196=PLANE('',#1999);
#1197=FACE_OUTER_BOUND('',#2000,.T.);
#1198=PLANE('',#2001);
#1199=FACE_OUTER_BOUND('',#2002,.T.);
#1200=PLANE('',#2003);
#1201=FACE_OUTER_BOUND('',#2004,.T.);
#1202=PLANE('',#2005);
#1203=SURFACE_STYLE_FILL_AREA(#2006);
#1204=FACE_OUTER_BOUND('',#2007,.T.);
#1205=PLANE('',#2008);
#1206=FACE_OUTER_BOUND('',#2009,.T.);
#1207=PLANE('',#2010);
#1208=FACE_OUTER_BOUND('',#2011,.T.);
#1209=PLANE('',#2012);
#1210=FACE_OUTER_BOUND('',#2013,.T.);
#1211=PLANE('',#2014);
#1212=FACE_OUTER_BOUND('',#2015,.T.);
#1213=PLANE('',#2016);
#1214=FACE_OUTER_BOUND('',#2017,.T.);
#1215=PLANE('',#2018);
#1216=FACE_OUTER_BOUND('',#2019,.T.);
#1217=PLANE('',#2020);
#1218=FACE_OUTER_BOUND('',#2021,.T.);
#1219=PLANE('',#2022);
#1220=FACE_OUTER_BOUND('',#2023,.T.);
#1221=PLANE('',#2024);
#1222=FACE_OUTER_BOUND('',#2025,.T.);
#1223=PLANE('',#2026);
#1224=FACE_OUTER_BOUND('',#2027,.T.);
#1225=PLANE('',#2028);
#1226=FACE_OUTER_BOUND('',#2029,.T.);
#1227=PLANE('',#2030);
#1228=FACE_OUTER_BOUND('',#2031,.T.);
#1229=PLANE('',#2032);
#1230=FACE_OUTER_BOUND('',#2033,.T.);
#1231=PLANE('',#2034);
#1232=FACE_OUTER_BOUND('',#2035,.T.);
#1233=PLANE('',#2036);
#1234=FACE_OUTER_BOUND('',#2037,.T.);
#1235=PLANE('',#2038);
#1236=FACE_OUTER_BOUND('',#2039,.T.);
#1237=PLANE('',#2040);
#1238=FACE_OUTER_BOUND('',#2041,.T.);
#1239=PLANE('',#2042);
#1240=SURFACE_STYLE_FILL_AREA(#2043);
#1241=FACE_OUTER_BOUND('',#2044,.T.);
#1242=PLANE('',#2045);
#1243=FACE_OUTER_BOUND('',#2046,.T.);
#1244=PLANE('',#2047);
#1245=FACE_OUTER_BOUND('',#2048,.T.);
#1246=PLANE('',#2049);
#1247=FACE_OUTER_BOUND('',#2050,.T.);
#1248=PLANE('',#2051);
#1249=FACE_OUTER_BOUND('',#2052,.T.);
#1250=PLANE('',#2053);
#1251=FACE_OUTER_BOUND('',#2054,.T.);
#1252=PLANE('',#2055);
#1253=FACE_OUTER_BOUND('',#2056,.T.);
#1254=PLANE('',#2057);
#1255=FACE_OUTER_BOUND('',#2058,.T.);
#1256=PLANE('',#2059);
#1257=FACE_OUTER_BOUND('',#2060,.T.);
#1258=PLANE('',#2061);
#1259=FACE_OUTER_BOUND('',#2062,.T.);
#1260=PLANE('',#2063);
#1261=FACE_OUTER_BOUND('',#2064,.T.);
#1262=PLANE('',#2065);
#1263=FACE_OUTER_BOUND('',#2066,.T.);
#1264=PLANE('',#2067);
#1265=FACE_OUTER_BOUND('',#2068,.T.);
#1266=PLANE('',#2069);
#1267=FACE_OUTER_BOUND('',#2070,.T.);
#1268=PLANE('',#2071);
#1269=FACE_OUTER_BOUND('',#2072,.T.);
#1270=PLANE('',#2073);
#1271=FACE_OUTER_BOUND('',#2074,.T.);
#1272=PLANE('',#2075);
#1273=FACE_OUTER_BOUND('',#2076,.T.);
#1274=PLANE('',#2077);
#1275=FACE_OUTER_BOUND('',#2078,.T.);
#1276=PLANE('',#2079);
#1277=FILL_AREA_STYLE('',(#2080));
#1278=EDGE_LOOP('',(#2081,#2082,#2083,#2084));
#1279=AXIS2_PLACEMENT_3D('',#2085,#2086,#2087);
#1280=EDGE_LOOP('',(#2088,#2089,#2090,#2091));
#1281=AXIS2_PLACEMENT_3D('',#2092,#2093,#2094);
#1282=EDGE_LOOP('',(#2095,#2096,#2097,#2098));
#1283=AXIS2_PLACEMENT_3D('',#2099,#2100,#2101);
#1284=EDGE_LOOP('',(#2102,#2103,#2104,#2105));
#1285=AXIS2_PLACEMENT_3D('',#2106,#2107,#2108);
#1286=EDGE_LOOP('',(#2109,#2110,#2111,#2112));
#1287=AXIS2_PLACEMENT_3D('',#2113,#2114,#2115);
#1288=EDGE_LOOP('',(#2116,#2117,#2118,#2119));
#1289=AXIS2_PLACEMENT_3D('',#2120,#2121,#2122);
#1290=EDGE_LOOP('',(#2123,#2124,#2125,#2126));
#1291=AXIS2_PLACEMENT_3D('',#2127,#2128,#2129);
#1292=EDGE_LOOP('',(#2130,#2131,#2132,#2133));
#1293=AXIS2_PLACEMENT_3D('',#2134,#2135,#2136);
#1294=EDGE_LOOP('',(#2137,#2138,#2139,#2140));
#1295=AXIS2_PLACEMENT_3D('',#2141,#2142,#2143);
#1296=EDGE_LOOP('',(#2144,#2145,#2146,#2147));
#1297=AXIS2_PLACEMENT_3D('',#2148,#2149,#2150);
#1298=EDGE_LOOP('',(#2151,#2152,#2153,#2154));
#1299=AXIS2_PLACEMENT_3D('',#2155,#2156,#2157);
#1300=EDGE_LOOP('',(#2158,#2159,#2160,#2161,#2162,#2163));
#1301=AXIS2_PLACEMENT_3D('',#2164,#2165,#2166);
#1302=EDGE_LOOP('',(#2167,#2168,#2169,#2170,#2171,#2172));
#1303=AXIS2_PLACEMENT_3D('',#2173,#2174,#2175);
#1304=EDGE_LOOP('',(#2176,#2177,#2178,#2179));
#1305=AXIS2_PLACEMENT_3D('',#2180,#2181,#2182);
#1306=EDGE_LOOP('',(#2183,#2184,#2185,#2186));
#1307=AXIS2_PLACEMENT_3D('',#2187,#2188,#2189);
#1308=EDGE_LOOP('',(#2190,#2191,#2192,#2193));
#1309=AXIS2_PLACEMENT_3D('',#2194,#2195,#2196);
#1310=EDGE_LOOP('',(#2197,#2198,#2199,#2200,#2201,#2202,#2203,#2204,#2205,#2206,#2207,#2208,#2209,#2210,#2211,#2212,#2213,#2214,#2215,#2216));
#1311=AXIS2_PLACEMENT_3D('',#2217,#2218,#2219);
#1312=EDGE_LOOP('',(#2220,#2221,#2222,#2223));
#1313=EDGE_LOOP('',(#2224,#2225,#2226,#2227,#2228,#2229,#2230));
#1314=AXIS2_PLACEMENT_3D('',#2231,#2232,#2233);
#1315=EDGE_LOOP('',(#2234,#2235,#2236,#2237,#2238,#2239,#2240,#2241,#2242,#2243,#2244,#2245,#2246,#2247,#2248,#2249,#2250,#2251,#2252,#2253));
#1316=AXIS2_PLACEMENT_3D('',#2254,#2255,#2256);
#1317=EDGE_LOOP('',(#2257,#2258,#2259,#2260,#2261,#2262,#2263));
#1318=AXIS2_PLACEMENT_3D('',#2264,#2265,#2266);
#1319=EDGE_LOOP('',(#2267,#2268,#2269,#2270,#2271,#2272,#2273));
#1320=AXIS2_PLACEMENT_3D('',#2274,#2275,#2276);
#1321=EDGE_LOOP('',(#2277,#2278,#2279,#2280,#2281,#2282,#2283,#2284,#2285,#2286,#2287,#2288,#2289,#2290));
#1322=AXIS2_PLACEMENT_3D('',#2291,#2292,#2293);
#1323=EDGE_LOOP('',(#2294,#2295,#2296,#2297));
#1324=AXIS2_PLACEMENT_3D('',#2298,#2299,#2300);
#1325=EDGE_LOOP('',(#2301,#2302,#2303,#2304,#2305,#2306));
#1326=AXIS2_PLACEMENT_3D('',#2307,#2308,#2309);
#1327=EDGE_LOOP('',(#2310,#2311,#2312,#2313,#2314,#2315,#2316,#2317));
#1328=AXIS2_PLACEMENT_3D('',#2318,#2319,#2320);
#1329=EDGE_LOOP('',(#2321,#2322,#2323,#2324,#2325,#2326,#2327));
#1330=EDGE_LOOP('',(#2328,#2329,#2330,#2331));
#1331=AXIS2_PLACEMENT_3D('',#2332,#2333,#2334);
#1332=EDGE_LOOP('',(#2335,#2336,#2337,#2338,#2339,#2340,#2341,#2342,#2343,#2344,#2345,#2346,#2347));
#1333=AXIS2_PLACEMENT_3D('',#2348,#2349,#2350);
#1334=EDGE_LOOP('',(#2351,#2352,#2353,#2354,#2355,#2356));
#1335=AXIS2_PLACEMENT_3D('',#2357,#2358,#2359);
#1336=EDGE_LOOP('',(#2360,#2361,#2362,#2363));
#1337=AXIS2_PLACEMENT_3D('',#2364,#2365,#2366);
#1338=EDGE_LOOP('',(#2367,#2368,#2369,#2370,#2371,#2372,#2373,#2374,#2375,#2376));
#1339=AXIS2_PLACEMENT_3D('',#2377,#2378,#2379);
#1340=EDGE_LOOP('',(#2380,#2381,#2382,#2383));
#1341=AXIS2_PLACEMENT_3D('',#2384,#2385,#2386);
#1342=EDGE_LOOP('',(#2387,#2388,#2389,#2390));
#1343=AXIS2_PLACEMENT_3D('',#2391,#2392,#2393);
#1344=EDGE_LOOP('',(#2394,#2395,#2396,#2397));
#1345=AXIS2_PLACEMENT_3D('',#2398,#2399,#2400);
#1346=EDGE_LOOP('',(#2401,#2402,#2403,#2404,#2405,#2406,#2407,#2408,#2409,#2410,#2411,#2412,#2413,#2414));
#1347=AXIS2_PLACEMENT_3D('',#2415,#2416,#2417);
#1348=EDGE_LOOP('',(#2418,#2419,#2420,#2421,#2422,#2423,#2424,#2425));
#1349=AXIS2_PLACEMENT_3D('',#2426,#2427,#2428);
#1350=EDGE_LOOP('',(#2429,#2430,#2431,#2432));
#1351=AXIS2_PLACEMENT_3D('',#2433,#2434,#2435);
#1352=EDGE_LOOP('',(#2436,#2437,#2438,#2439));
#1353=AXIS2_PLACEMENT_3D('',#2440,#2441,#2442);
#1354=EDGE_LOOP('',(#2443,#2444,#2445,#2446,#2447,#2448));
#1355=AXIS2_PLACEMENT_3D('',#2449,#2450,#2451);
#1356=EDGE_LOOP('',(#2452,#2453,#2454,#2455));
#1357=AXIS2_PLACEMENT_3D('',#2456,#2457,#2458);
#1358=EDGE_LOOP('',(#2459,#2460,#2461,#2462,#2463,#2464,#2465,#2466));
#1359=AXIS2_PLACEMENT_3D('',#2467,#2468,#2469);
#1360=EDGE_LOOP('',(#2470,#2471,#2472,#2473));
#1361=AXIS2_PLACEMENT_3D('',#2474,#2475,#2476);
#1362=EDGE_LOOP('',(#2477,#2478,#2479,#2480));
#1363=AXIS2_PLACEMENT_3D('',#2481,#2482,#2483);
#1364=EDGE_LOOP('',(#2484,#2485,#2486,#2487,#2488));
#1365=AXIS2_PLACEMENT_3D('',#2489,#2490,#2491);
#1366=EDGE_LOOP('',(#2492,#2493,#2494,#2495));
#1367=AXIS2_PLACEMENT_3D('',#2496,#2497,#2498);
#1368=EDGE_LOOP('',(#2499,#2500,#2501,#2502,#2503,#2504,#2505));
#1369=AXIS2_PLACEMENT_3D('',#2506,#2507,#2508);
#1370=EDGE_LOOP('',(#2509,#2510,#2511,#2512,#2513,#2514,#2515));
#1371=AXIS2_PLACEMENT_3D('',#2516,#2517,#2518);
#1372=EDGE_LOOP('',(#2519,#2520,#2521,#2522,#2523));
#1373=AXIS2_PLACEMENT_3D('',#2524,#2525,#2526);
#1374=EDGE_LOOP('',(#2527,#2528,#2529,#2530,#2531,#2532,#2533,#2534));
#1375=AXIS2_PLACEMENT_3D('',#2535,#2536,#2537);
#1376=EDGE_LOOP('',(#2538,#2539,#2540,#2541));
#1377=AXIS2_PLACEMENT_3D('',#2542,#2543,#2544);
#1378=EDGE_LOOP('',(#2545,#2546,#2547,#2548,#2549));
#1379=AXIS2_PLACEMENT_3D('',#2550,#2551,#2552);
#1380=EDGE_LOOP('',(#2553,#2554,#2555,#2556));
#1381=AXIS2_PLACEMENT_3D('',#2557,#2558,#2559);
#1382=EDGE_LOOP('',(#2560,#2561,#2562));
#1383=EDGE_LOOP('',(#2563,#2564,#2565,#2566,#2567,#2568,#2569,#2570,#2571,#2572));
#1384=AXIS2_PLACEMENT_3D('',#2573,#2574,#2575);
#1385=EDGE_LOOP('',(#2576,#2577,#2578,#2579));
#1386=AXIS2_PLACEMENT_3D('',#2580,#2581,#2582);
#1387=EDGE_LOOP('',(#2583,#2584,#2585,#2586,#2587,#2588,#2589,#2590,#2591,#2592));
#1388=AXIS2_PLACEMENT_3D('',#2593,#2594,#2595);
#1389=EDGE_LOOP('',(#2596,#2597,#2598,#2599));
#1390=AXIS2_PLACEMENT_3D('',#2600,#2601,#2602);
#1391=EDGE_LOOP('',(#2603,#2604,#2605,#2606));
#1392=AXIS2_PLACEMENT_3D('',#2607,#2608,#2609);
#1393=EDGE_LOOP('',(#2610,#2611,#2612,#2613));
#1394=AXIS2_PLACEMENT_3D('',#2614,#2615,#2616);
#1395=EDGE_LOOP('',(#2617,#2618,#2619,#2620));
#1396=AXIS2_PLACEMENT_3D('',#2621,#2622,#2623);
#1397=EDGE_LOOP('',(#2624,#2625,#2626,#2627));
#1398=AXIS2_PLACEMENT_3D('',#2628,#2629,#2630);
#1399=EDGE_LOOP('',(#2631,#2632,#2633,#2634));
#1400=AXIS2_PLACEMENT_3D('',#2635,#2636,#2637);
#1401=EDGE_LOOP('',(#2638,#2639,#2640,#2641,#2642,#2643,#2644,#2645,#2646,#2647));
#1402=AXIS2_PLACEMENT_3D('',#2648,#2649,#2650);
#1403=EDGE_LOOP('',(#2651,#2652,#2653,#2654));
#1404=AXIS2_PLACEMENT_3D('',#2655,#2656,#2657);
#1405=EDGE_LOOP('',(#2658,#2659,#2660,#2661));
#1406=AXIS2_PLACEMENT_3D('',#2662,#2663,#2664);
#1407=EDGE_LOOP('',(#2665,#2666,#2667,#2668,#2669));
#1408=AXIS2_PLACEMENT_3D('',#2670,#2671,#2672);
#1409=EDGE_LOOP('',(#2673,#2674,#2675,#2676));
#1410=AXIS2_PLACEMENT_3D('',#2677,#2678,#2679);
#1411=EDGE_LOOP('',(#2680,#2681,#2682,#2683,#2684,#2685,#2686,#2687,#2688,#2689,#2690,#2691,#2692));
#1412=AXIS2_PLACEMENT_3D('',#2693,#2694,#2695);
#1413=EDGE_LOOP('',(#2696,#2697,#2698,#2699,#2700,#2701));
#1414=AXIS2_PLACEMENT_3D('',#2702,#2703,#2704);
#1415=EDGE_LOOP('',(#2705,#2706,#2707,#2708));
#1416=AXIS2_PLACEMENT_3D('',#2709,#2710,#2711);
#1417=EDGE_LOOP('',(#2712,#2713,#2714,#2715));
#1418=AXIS2_PLACEMENT_3D('',#2716,#2717,#2718);
#1419=EDGE_LOOP('',(#2719,#2720,#2721,#2722));
#1420=AXIS2_PLACEMENT_3D('',#2723,#2724,#2725);
#1421=EDGE_LOOP('',(#2726,#2727,#2728,#2729));
#1422=AXIS2_PLACEMENT_3D('',#2730,#2731,#2732);
#1423=EDGE_LOOP('',(#2733,#2734,#2735,#2736));
#1424=AXIS2_PLACEMENT_3D('',#2737,#2738,#2739);
#1425=EDGE_LOOP('',(#2740,#2741,#2742,#2743));
#1426=AXIS2_PLACEMENT_3D('',#2744,#2745,#2746);
#1427=EDGE_LOOP('',(#2747,#2748,#2749,#2750));
#1428=AXIS2_PLACEMENT_3D('',#2751,#2752,#2753);
#1429=EDGE_LOOP('',(#2754,#2755,#2756,#2757));
#1430=AXIS2_PLACEMENT_3D('',#2758,#2759,#2760);
#1431=EDGE_LOOP('',(#2761,#2762,#2763,#2764));
#1432=AXIS2_PLACEMENT_3D('',#2765,#2766,#2767);
#1433=EDGE_LOOP('',(#2768,#2769,#2770,#2771));
#1434=AXIS2_PLACEMENT_3D('',#2772,#2773,#2774);
#1435=EDGE_LOOP('',(#2775,#2776,#2777,#2778));
#1436=AXIS2_PLACEMENT_3D('',#2779,#2780,#2781);
#1437=EDGE_LOOP('',(#2782,#2783,#2784,#2785));
#1438=AXIS2_PLACEMENT_3D('',#2786,#2787,#2788);
#1439=EDGE_LOOP('',(#2789,#2790,#2791,#2792));
#1440=AXIS2_PLACEMENT_3D('',#2793,#2794,#2795);
#1441=EDGE_LOOP('',(#2796,#2797,#2798,#2799));
#1442=AXIS2_PLACEMENT_3D('',#2800,#2801,#2802);
#1443=EDGE_LOOP('',(#2803,#2804,#2805,#2806,#2807,#2808));
#1444=AXIS2_PLACEMENT_3D('',#2809,#2810,#2811);
#1445=EDGE_LOOP('',(#2812,#2813,#2814,#2815,#2816,#2817));
#1446=AXIS2_PLACEMENT_3D('',#2818,#2819,#2820);
#1447=EDGE_LOOP('',(#2821,#2822,#2823,#2824,#2825,#2826));
#1448=AXIS2_PLACEMENT_3D('',#2827,#2828,#2829);
#1449=EDGE_LOOP('',(#2830,#2831,#2832,#2833));
#1450=AXIS2_PLACEMENT_3D('',#2834,#2835,#2836);
#1451=EDGE_LOOP('',(#2837,#2838,#2839,#2840));
#1452=AXIS2_PLACEMENT_3D('',#2841,#2842,#2843);
#1453=EDGE_LOOP('',(#2844,#2845,#2846,#2847));
#1454=AXIS2_PLACEMENT_3D('',#2848,#2849,#2850);
#1455=EDGE_LOOP('',(#2851,#2852,#2853,#2854,#2855,#2856,#2857));
#1456=AXIS2_PLACEMENT_3D('',#2858,#2859,#2860);
#1457=EDGE_LOOP('',(#2861,#2862,#2863,#2864));
#1458=AXIS2_PLACEMENT_3D('',#2865,#2866,#2867);
#1459=EDGE_LOOP('',(#2868,#2869,#2870,#2871));
#1460=AXIS2_PLACEMENT_3D('',#2872,#2873,#2874);
#1461=EDGE_LOOP('',(#2875,#2876,#2877,#2878,#2879,#2880,#2881));
#1462=AXIS2_PLACEMENT_3D('',#2882,#2883,#2884);
#1463=EDGE_LOOP('',(#2885,#2886,#2887,#2888,#2889,#2890));
#1464=AXIS2_PLACEMENT_3D('',#2891,#2892,#2893);
#1465=EDGE_LOOP('',(#2894,#2895,#2896,#2897));
#1466=AXIS2_PLACEMENT_3D('',#2898,#2899,#2900);
#1467=EDGE_LOOP('',(#2901,#2902,#2903,#2904));
#1468=AXIS2_PLACEMENT_3D('',#2905,#2906,#2907);
#1469=EDGE_LOOP('',(#2908,#2909,#2910,#2911));
#1470=AXIS2_PLACEMENT_3D('',#2912,#2913,#2914);
#1471=EDGE_LOOP('',(#2915,#2916,#2917,#2918));
#1472=AXIS2_PLACEMENT_3D('',#2919,#2920,#2921);
#1473=EDGE_LOOP('',(#2922,#2923,#2924));
#1474=AXIS2_PLACEMENT_3D('',#2925,#2926,#2927);
#1475=EDGE_LOOP('',(#2928,#2929,#2930,#2931,#2932,#2933,#2934,#2935,#2936,#2937,#2938,#2939,#2940,#2941,#2942,#2943,#2944,#2945,#2946,#2947,#2948,#2949,#2950,#2951,#2952,#2953,#2954,#2955,#2956,#2957,#2958,#2959,#2960,#2961,#2962,#2963,#2964,#2965,#2966,#2967,#2968,#2969,#2970,#2971,#2972,#2973,#2974,#2975));
#1476=EDGE_LOOP('',(#2976,#2977,#2978,#2979));
#1477=AXIS2_PLACEMENT_3D('',#2980,#2981,#2982);
#1478=EDGE_LOOP('',(#2983,#2984,#2985,#2986,#2987,#2988,#2989,#2990,#2991));
#1479=AXIS2_PLACEMENT_3D('',#2992,#2993,#2994);
#1480=EDGE_LOOP('',(#2995,#2996,#2997,#2998,#2999,#3000,#3001,#3002,#3003,#3004));
#1481=AXIS2_PLACEMENT_3D('',#3005,#3006,#3007);
#1482=EDGE_LOOP('',(#3008,#3009,#3010,#3011,#3012,#3013,#3014));
#1483=AXIS2_PLACEMENT_3D('',#3015,#3016,#3017);
#1484=EDGE_LOOP('',(#3018,#3019,#3020,#3021));
#1485=AXIS2_PLACEMENT_3D('',#3022,#3023,#3024);
#1486=EDGE_LOOP('',(#3025,#3026,#3027,#3028));
#1487=AXIS2_PLACEMENT_3D('',#3029,#3030,#3031);
#1488=EDGE_LOOP('',(#3032,#3033,#3034,#3035));
#1489=AXIS2_PLACEMENT_3D('',#3036,#3037,#3038);
#1490=EDGE_LOOP('',(#3039,#3040,#3041,#3042));
#1491=AXIS2_PLACEMENT_3D('',#3043,#3044,#3045);
#1492=EDGE_LOOP('',(#3046,#3047,#3048,#3049));
#1493=AXIS2_PLACEMENT_3D('',#3050,#3051,#3052);
#1494=EDGE_LOOP('',(#3053,#3054,#3055,#3056));
#1495=AXIS2_PLACEMENT_3D('',#3057,#3058,#3059);
#1496=EDGE_LOOP('',(#3060,#3061,#3062,#3063));
#1497=AXIS2_PLACEMENT_3D('',#3064,#3065,#3066);
#1498=EDGE_LOOP('',(#3067,#3068,#3069,#3070));
#1499=AXIS2_PLACEMENT_3D('',#3071,#3072,#3073);
#1500=EDGE_LOOP('',(#3074,#3075,#3076,#3077));
#1501=AXIS2_PLACEMENT_3D('',#3078,#3079,#3080);
#1502=EDGE_LOOP('',(#3081,#3082,#3083,#3084));
#1503=AXIS2_PLACEMENT_3D('',#3085,#3086,#3087);
#1504=EDGE_LOOP('',(#3088,#3089,#3090,#3091));
#1505=AXIS2_PLACEMENT_3D('',#3092,#3093,#3094);
#1506=EDGE_LOOP('',(#3095,#3096,#3097,#3098,#3099,#3100,#3101,#3102));
#1507=AXIS2_PLACEMENT_3D('',#3103,#3104,#3105);
#1508=EDGE_LOOP('',(#3106,#3107,#3108,#3109));
#1509=AXIS2_PLACEMENT_3D('',#3110,#3111,#3112);
#1510=EDGE_LOOP('',(#3113,#3114,#3115,#3116));
#1511=AXIS2_PLACEMENT_3D('',#3117,#3118,#3119);
#1512=EDGE_LOOP('',(#3120,#3121,#3122,#3123));
#1513=AXIS2_PLACEMENT_3D('',#3124,#3125,#3126);
#1514=EDGE_LOOP('',(#3127,#3128,#3129,#3130));
#1515=AXIS2_PLACEMENT_3D('',#3131,#3132,#3133);
#1516=EDGE_LOOP('',(#3134,#3135,#3136,#3137));
#1517=AXIS2_PLACEMENT_3D('',#3138,#3139,#3140);
#1518=EDGE_LOOP('',(#3141,#3142,#3143,#3144));
#1519=AXIS2_PLACEMENT_3D('',#3145,#3146,#3147);
#1520=EDGE_LOOP('',(#3148,#3149,#3150,#3151,#3152,#3153,#3154,#3155,#3156,#3157,#3158,#3159));
#1521=AXIS2_PLACEMENT_3D('',#3160,#3161,#3162);
#1522=EDGE_LOOP('',(#3163,#3164,#3165,#3166,#3167,#3168,#3169));
#1523=AXIS2_PLACEMENT_3D('',#3170,#3171,#3172);
#1524=EDGE_LOOP('',(#3173,#3174,#3175,#3176,#3177,#3178,#3179,#3180,#3181,#3182,#3183,#3184,#3185,#3186,#3187,#3188,#3189,#3190,#3191,#3192,#3193,#3194,#3195,#3196,#3197,#3198,#3199,#3200,#3201,#3202,#3203,#3204,#3205,#3206,#3207,#3208,#3209,#3210,#3211,#3212,#3213,#3214,#3215,#3216,#3217,#3218,#3219,#3220,#3221,#3222,#3223,#3224,#3225,#3226,#3227,#3228,#3229,#3230,#3231,#3232,#3233,#3234,#3235,#3236));
#1525=AXIS2_PLACEMENT_3D('',#3237,#3238,#3239);
#1526=EDGE_LOOP('',(#3240,#3241,#3242,#3243,#3244,#3245,#3246,#3247,#3248,#3249));
#1527=AXIS2_PLACEMENT_3D('',#3250,#3251,#3252);
#1528=EDGE_LOOP('',(#3253,#3254,#3255,#3256));
#1529=AXIS2_PLACEMENT_3D('',#3257,#3258,#3259);
#1530=EDGE_LOOP('',(#3260,#3261,#3262,#3263,#3264,#3265,#3266,#3267,#3268,#3269));
#1531=AXIS2_PLACEMENT_3D('',#3270,#3271,#3272);
#1532=EDGE_LOOP('',(#3273,#3274,#3275,#3276,#3277,#3278));
#1533=AXIS2_PLACEMENT_3D('',#3279,#3280,#3281);
#1534=EDGE_LOOP('',(#3282,#3283,#3284,#3285));
#1535=AXIS2_PLACEMENT_3D('',#3286,#3287,#3288);
#1536=EDGE_LOOP('',(#3289,#3290,#3291,#3292,#3293,#3294));
#1537=AXIS2_PLACEMENT_3D('',#3295,#3296,#3297);
#1538=EDGE_LOOP('',(#3298,#3299,#3300,#3301,#3302,#3303,#3304,#3305));
#1539=AXIS2_PLACEMENT_3D('',#3306,#3307,#3308);
#1540=EDGE_LOOP('',(#3309,#3310,#3311,#3312,#3313,#3314,#3315,#3316,#3317));
#1541=AXIS2_PLACEMENT_3D('',#3318,#3319,#3320);
#1542=EDGE_LOOP('',(#3321,#3322,#3323,#3324,#3325,#3326,#3327,#3328,#3329,#3330,#3331,#3332,#3333,#3334,#3335,#3336,#3337,#3338,#3339,#3340,#3341,#3342,#3343,#3344,#3345,#3346,#3347,#3348,#3349,#3350));
#1543=AXIS2_PLACEMENT_3D('',#3351,#3352,#3353);
#1544=EDGE_LOOP('',(#3354,#3355,#3356,#3357,#3358,#3359,#3360,#3361,#3362));
#1545=AXIS2_PLACEMENT_3D('',#3363,#3364,#3365);
#1546=EDGE_LOOP('',(#3366,#3367,#3368,#3369,#3370,#3371));
#1547=AXIS2_PLACEMENT_3D('',#3372,#3373,#3374);
#1548=EDGE_LOOP('',(#3375,#3376,#3377,#3378));
#1549=AXIS2_PLACEMENT_3D('',#3379,#3380,#3381);
#1550=EDGE_LOOP('',(#3382,#3383,#3384,#3385,#3386,#3387));
#1551=AXIS2_PLACEMENT_3D('',#3388,#3389,#3390);
#1552=EDGE_LOOP('',(#3391,#3392,#3393,#3394,#3395,#3396,#3397,#3398,#3399));
#1553=AXIS2_PLACEMENT_3D('',#3400,#3401,#3402);
#1554=EDGE_LOOP('',(#3403,#3404,#3405,#3406));
#1555=AXIS2_PLACEMENT_3D('',#3407,#3408,#3409);
#1556=EDGE_LOOP('',(#3410,#3411,#3412,#3413));
#1557=AXIS2_PLACEMENT_3D('',#3414,#3415,#3416);
#1558=EDGE_LOOP('',(#3417,#3418,#3419,#3420));
#1559=AXIS2_PLACEMENT_3D('',#3421,#3422,#3423);
#1560=EDGE_LOOP('',(#3424,#3425,#3426,#3427));
#1561=AXIS2_PLACEMENT_3D('',#3428,#3429,#3430);
#1562=EDGE_LOOP('',(#3431,#3432,#3433,#3434,#3435,#3436,#3437,#3438,#3439));
#1563=AXIS2_PLACEMENT_3D('',#3440,#3441,#3442);
#1564=EDGE_LOOP('',(#3443,#3444,#3445,#3446));
#1565=AXIS2_PLACEMENT_3D('',#3447,#3448,#3449);
#1566=EDGE_LOOP('',(#3450,#3451,#3452,#3453));
#1567=AXIS2_PLACEMENT_3D('',#3454,#3455,#3456);
#1568=EDGE_LOOP('',(#3457,#3458,#3459,#3460));
#1569=AXIS2_PLACEMENT_3D('',#3461,#3462,#3463);
#1570=EDGE_LOOP('',(#3464,#3465,#3466,#3467));
#1571=AXIS2_PLACEMENT_3D('',#3468,#3469,#3470);
#1572=EDGE_LOOP('',(#3471,#3472,#3473,#3474));
#1573=AXIS2_PLACEMENT_3D('',#3475,#3476,#3477);
#1574=EDGE_LOOP('',(#3478,#3479,#3480,#3481,#3482,#3483,#3484,#3485,#3486,#3487,#3488,#3489,#3490,#3491,#3492,#3493,#3494,#3495,#3496,#3497,#3498,#3499,#3500,#3501,#3502,#3503,#3504,#3505,#3506,#3507,#3508,#3509,#3510,#3511,#3512,#3513,#3514,#3515,#3516,#3517,#3518,#3519,#3520,#3521,#3522,#3523,#3524,#3525,#3526,#3527,#3528,#3529));
#1575=AXIS2_PLACEMENT_3D('',#3530,#3531,#3532);
#1576=EDGE_LOOP('',(#3533,#3534,#3535,#3536));
#1577=AXIS2_PLACEMENT_3D('',#3537,#3538,#3539);
#1578=EDGE_LOOP('',(#3540,#3541,#3542,#3543,#3544,#3545,#3546,#3547,#3548,#3549,#3550,#3551,#3552,#3553,#3554,#3555,#3556,#3557,#3558,#3559,#3560,#3561,#3562,#3563,#3564,#3565,#3566,#3567,#3568,#3569,#3570,#3571,#3572,#3573,#3574,#3575,#3576,#3577,#3578,#3579,#3580,#3581,#3582,#3583,#3584,#3585,#3586,#3587));
#1579=AXIS2_PLACEMENT_3D('',#3588,#3589,#3590);
#1580=EDGE_LOOP('',(#3591,#3592,#3593,#3594,#3595,#3596,#3597,#3598,#3599,#3600,#3601,#3602,#3603,#3604,#3605,#3606,#3607,#3608,#3609,#3610,#3611,#3612,#3613,#3614,#3615,#3616,#3617,#3618,#3619,#3620,#3621,#3622,#3623,#3624,#3625,#3626,#3627,#3628,#3629,#3630,#3631,#3632,#3633,#3634,#3635,#3636,#3637,#3638,#3639,#3640,#3641,#3642,#3643,#3644,#3645,#3646,#3647,#3648,#3649,#3650,#3651,#3652,#3653,#3654,#3655,#3656,#3657,#3658,#3659,#3660,#3661,#3662,#3663,#3664,#3665,#3666));
#1581=AXIS2_PLACEMENT_3D('',#3667,#3668,#3669);
#1582=EDGE_LOOP('',(#3670,#3671,#3672,#3673,#3674,#3675,#3676,#3677,#3678));
#1583=AXIS2_PLACEMENT_3D('',#3679,#3680,#3681);
#1584=EDGE_LOOP('',(#3682,#3683,#3684,#3685));
#1585=AXIS2_PLACEMENT_3D('',#3686,#3687,#3688);
#1586=EDGE_LOOP('',(#3689,#3690,#3691,#3692,#3693));
#1587=AXIS2_PLACEMENT_3D('',#3694,#3695,#3696);
#1588=EDGE_LOOP('',(#3697,#3698,#3699,#3700,#3701,#3702,#3703,#3704));
#1589=AXIS2_PLACEMENT_3D('',#3705,#3706,#3707);
#1590=EDGE_LOOP('',(#3708,#3709,#3710,#3711,#3712));
#1591=AXIS2_PLACEMENT_3D('',#3713,#3714,#3715);
#1592=EDGE_LOOP('',(#3716,#3717,#3718,#3719,#3720,#3721,#3722,#3723));
#1593=AXIS2_PLACEMENT_3D('',#3724,#3725,#3726);
#1594=EDGE_LOOP('',(#3727,#3728,#3729,#3730,#3731,#3732,#3733));
#1595=AXIS2_PLACEMENT_3D('',#3734,#3735,#3736);
#1596=EDGE_LOOP('',(#3737,#3738,#3739,#3740,#3741,#3742,#3743,#3744,#3745,#3746));
#1597=AXIS2_PLACEMENT_3D('',#3747,#3748,#3749);
#1598=EDGE_LOOP('',(#3750,#3751,#3752,#3753,#3754,#3755,#3756));
#1599=AXIS2_PLACEMENT_3D('',#3757,#3758,#3759);
#1600=EDGE_LOOP('',(#3760,#3761,#3762,#3763));
#1601=AXIS2_PLACEMENT_3D('',#3764,#3765,#3766);
#1602=EDGE_LOOP('',(#3767,#3768,#3769,#3770,#3771,#3772));
#1603=AXIS2_PLACEMENT_3D('',#3773,#3774,#3775);
#1604=EDGE_LOOP('',(#3776,#3777,#3778,#3779));
#1605=AXIS2_PLACEMENT_3D('',#3780,#3781,#3782);
#1606=EDGE_LOOP('',(#3783,#3784,#3785,#3786,#3787,#3788));
#1607=AXIS2_PLACEMENT_3D('',#3789,#3790,#3791);
#1608=EDGE_LOOP('',(#3792,#3793,#3794,#3795));
#1609=AXIS2_PLACEMENT_3D('',#3796,#3797,#3798);
#1610=EDGE_LOOP('',(#3799,#3800,#3801,#3802));
#1611=AXIS2_PLACEMENT_3D('',#3803,#3804,#3805);
#1612=EDGE_LOOP('',(#3806,#3807,#3808,#3809));
#1613=AXIS2_PLACEMENT_3D('',#3810,#3811,#3812);
#1614=EDGE_LOOP('',(#3813,#3814,#3815,#3816));
#1615=AXIS2_PLACEMENT_3D('',#3817,#3818,#3819);
#1616=EDGE_LOOP('',(#3820,#3821,#3822,#3823));
#1617=AXIS2_PLACEMENT_3D('',#3824,#3825,#3826);
#1618=EDGE_LOOP('',(#3827,#3828,#3829,#3830));
#1619=AXIS2_PLACEMENT_3D('',#3831,#3832,#3833);
#1620=EDGE_LOOP('',(#3834,#3835,#3836,#3837));
#1621=AXIS2_PLACEMENT_3D('',#3838,#3839,#3840);
#1622=EDGE_LOOP('',(#3841,#3842,#3843,#3844,#3845,#3846,#3847,#3848));
#1623=AXIS2_PLACEMENT_3D('',#3849,#3850,#3851);
#1624=EDGE_LOOP('',(#3852,#3853,#3854,#3855,#3856,#3857,#3858,#3859));
#1625=AXIS2_PLACEMENT_3D('',#3860,#3861,#3862);
#1626=EDGE_LOOP('',(#3863,#3864,#3865,#3866));
#1627=AXIS2_PLACEMENT_3D('',#3867,#3868,#3869);
#1628=EDGE_LOOP('',(#3870,#3871,#3872,#3873));
#1629=AXIS2_PLACEMENT_3D('',#3874,#3875,#3876);
#1630=EDGE_LOOP('',(#3877,#3878,#3879,#3880));
#1631=AXIS2_PLACEMENT_3D('',#3881,#3882,#3883);
#1632=EDGE_LOOP('',(#3884,#3885,#3886,#3887,#3888,#3889,#3890));
#1633=AXIS2_PLACEMENT_3D('',#3891,#3892,#3893);
#1634=EDGE_LOOP('',(#3894,#3895,#3896,#3897,#3898,#3899,#3900));
#1635=AXIS2_PLACEMENT_3D('',#3901,#3902,#3903);
#1636=EDGE_LOOP('',(#3904,#3905,#3906,#3907));
#1637=AXIS2_PLACEMENT_3D('',#3908,#3909,#3910);
#1638=EDGE_LOOP('',(#3911,#3912,#3913,#3914));
#1639=AXIS2_PLACEMENT_3D('',#3915,#3916,#3917);
#1640=EDGE_LOOP('',(#3918,#3919,#3920,#3921));
#1641=AXIS2_PLACEMENT_3D('',#3922,#3923,#3924);
#1642=EDGE_LOOP('',(#3925,#3926,#3927,#3928));
#1643=AXIS2_PLACEMENT_3D('',#3929,#3930,#3931);
#1644=EDGE_LOOP('',(#3932,#3933,#3934,#3935));
#1645=AXIS2_PLACEMENT_3D('',#3936,#3937,#3938);
#1646=EDGE_LOOP('',(#3939,#3940,#3941,#3942));
#1647=AXIS2_PLACEMENT_3D('',#3943,#3944,#3945);
#1648=EDGE_LOOP('',(#3946,#3947,#3948,#3949));
#1649=AXIS2_PLACEMENT_3D('',#3950,#3951,#3952);
#1650=EDGE_LOOP('',(#3953,#3954,#3955,#3956));
#1651=AXIS2_PLACEMENT_3D('',#3957,#3958,#3959);
#1652=EDGE_LOOP('',(#3960,#3961,#3962,#3963));
#1653=AXIS2_PLACEMENT_3D('',#3964,#3965,#3966);
#1654=EDGE_LOOP('',(#3967,#3968,#3969,#3970));
#1655=AXIS2_PLACEMENT_3D('',#3971,#3972,#3973);
#1656=EDGE_LOOP('',(#3974,#3975,#3976,#3977));
#1657=AXIS2_PLACEMENT_3D('',#3978,#3979,#3980);
#1658=EDGE_LOOP('',(#3981,#3982,#3983,#3984,#3985,#3986,#3987,#3988));
#1659=AXIS2_PLACEMENT_3D('',#3989,#3990,#3991);
#1660=EDGE_LOOP('',(#3992,#3993,#3994,#3995,#3996,#3997,#3998,#3999));
#1661=AXIS2_PLACEMENT_3D('',#4000,#4001,#4002);
#1662=EDGE_LOOP('',(#4003,#4004,#4005,#4006));
#1663=AXIS2_PLACEMENT_3D('',#4007,#4008,#4009);
#1664=EDGE_LOOP('',(#4010,#4011,#4012,#4013));
#1665=AXIS2_PLACEMENT_3D('',#4014,#4015,#4016);
#1666=EDGE_LOOP('',(#4017,#4018,#4019,#4020));
#1667=AXIS2_PLACEMENT_3D('',#4021,#4022,#4023);
#1668=EDGE_LOOP('',(#4024,#4025,#4026,#4027,#4028,#4029,#4030));
#1669=AXIS2_PLACEMENT_3D('',#4031,#4032,#4033);
#1670=EDGE_LOOP('',(#4034,#4035,#4036,#4037,#4038,#4039,#4040));
#1671=AXIS2_PLACEMENT_3D('',#4041,#4042,#4043);
#1672=EDGE_LOOP('',(#4044,#4045,#4046,#4047));
#1673=AXIS2_PLACEMENT_3D('',#4048,#4049,#4050);
#1674=EDGE_LOOP('',(#4051,#4052,#4053,#4054));
#1675=AXIS2_PLACEMENT_3D('',#4055,#4056,#4057);
#1676=EDGE_LOOP('',(#4058,#4059,#4060,#4061));
#1677=AXIS2_PLACEMENT_3D('',#4062,#4063,#4064);
#1678=EDGE_LOOP('',(#4065,#4066,#4067,#4068));
#1679=AXIS2_PLACEMENT_3D('',#4069,#4070,#4071);
#1680=EDGE_LOOP('',(#4072,#4073,#4074,#4075));
#1681=AXIS2_PLACEMENT_3D('',#4076,#4077,#4078);
#1682=EDGE_LOOP('',(#4079,#4080,#4081,#4082));
#1683=AXIS2_PLACEMENT_3D('',#4083,#4084,#4085);
#1684=EDGE_LOOP('',(#4086,#4087,#4088,#4089));
#1685=AXIS2_PLACEMENT_3D('',#4090,#4091,#4092);
#1686=EDGE_LOOP('',(#4093,#4094,#4095,#4096));
#1687=AXIS2_PLACEMENT_3D('',#4097,#4098,#4099);
#1688=EDGE_LOOP('',(#4100,#4101,#4102,#4103));
#1689=AXIS2_PLACEMENT_3D('',#4104,#4105,#4106);
#1690=EDGE_LOOP('',(#4107,#4108,#4109,#4110));
#1691=AXIS2_PLACEMENT_3D('',#4111,#4112,#4113);
#1692=EDGE_LOOP('',(#4114,#4115,#4116,#4117));
#1693=AXIS2_PLACEMENT_3D('',#4118,#4119,#4120);
#1694=EDGE_LOOP('',(#4121,#4122,#4123,#4124,#4125,#4126,#4127,#4128));
#1695=AXIS2_PLACEMENT_3D('',#4129,#4130,#4131);
#1696=EDGE_LOOP('',(#4132,#4133,#4134,#4135,#4136,#4137,#4138,#4139));
#1697=AXIS2_PLACEMENT_3D('',#4140,#4141,#4142);
#1698=EDGE_LOOP('',(#4143,#4144,#4145,#4146));
#1699=AXIS2_PLACEMENT_3D('',#4147,#4148,#4149);
#1700=EDGE_LOOP('',(#4150,#4151,#4152,#4153));
#1701=AXIS2_PLACEMENT_3D('',#4154,#4155,#4156);
#1702=EDGE_LOOP('',(#4157,#4158,#4159,#4160));
#1703=AXIS2_PLACEMENT_3D('',#4161,#4162,#4163);
#1704=EDGE_LOOP('',(#4164,#4165,#4166,#4167,#4168,#4169,#4170));
#1705=AXIS2_PLACEMENT_3D('',#4171,#4172,#4173);
#1706=EDGE_LOOP('',(#4174,#4175,#4176,#4177,#4178,#4179,#4180));
#1707=AXIS2_PLACEMENT_3D('',#4181,#4182,#4183);
#1708=EDGE_LOOP('',(#4184,#4185,#4186,#4187));
#1709=AXIS2_PLACEMENT_3D('',#4188,#4189,#4190);
#1710=EDGE_LOOP('',(#4191,#4192,#4193,#4194));
#1711=AXIS2_PLACEMENT_3D('',#4195,#4196,#4197);
#1712=EDGE_LOOP('',(#4198,#4199,#4200,#4201));
#1713=AXIS2_PLACEMENT_3D('',#4202,#4203,#4204);
#1714=EDGE_LOOP('',(#4205,#4206,#4207,#4208));
#1715=AXIS2_PLACEMENT_3D('',#4209,#4210,#4211);
#1716=EDGE_LOOP('',(#4212,#4213,#4214,#4215));
#1717=AXIS2_PLACEMENT_3D('',#4216,#4217,#4218);
#1718=EDGE_LOOP('',(#4219,#4220,#4221,#4222));
#1719=AXIS2_PLACEMENT_3D('',#4223,#4224,#4225);
#1720=EDGE_LOOP('',(#4226,#4227,#4228,#4229));
#1721=AXIS2_PLACEMENT_3D('',#4230,#4231,#4232);
#1722=EDGE_LOOP('',(#4233,#4234,#4235,#4236));
#1723=AXIS2_PLACEMENT_3D('',#4237,#4238,#4239);
#1724=EDGE_LOOP('',(#4240,#4241,#4242,#4243));
#1725=AXIS2_PLACEMENT_3D('',#4244,#4245,#4246);
#1726=EDGE_LOOP('',(#4247,#4248,#4249,#4250));
#1727=AXIS2_PLACEMENT_3D('',#4251,#4252,#4253);
#1728=EDGE_LOOP('',(#4254,#4255,#4256,#4257));
#1729=AXIS2_PLACEMENT_3D('',#4258,#4259,#4260);
#1730=EDGE_LOOP('',(#4261,#4262,#4263,#4264,#4265,#4266,#4267,#4268));
#1731=AXIS2_PLACEMENT_3D('',#4269,#4270,#4271);
#1732=EDGE_LOOP('',(#4272,#4273,#4274,#4275,#4276,#4277,#4278,#4279));
#1733=AXIS2_PLACEMENT_3D('',#4280,#4281,#4282);
#1734=EDGE_LOOP('',(#4283,#4284,#4285,#4286));
#1735=AXIS2_PLACEMENT_3D('',#4287,#4288,#4289);
#1736=EDGE_LOOP('',(#4290,#4291,#4292,#4293));
#1737=AXIS2_PLACEMENT_3D('',#4294,#4295,#4296);
#1738=EDGE_LOOP('',(#4297,#4298,#4299,#4300));
#1739=AXIS2_PLACEMENT_3D('',#4301,#4302,#4303);
#1740=EDGE_LOOP('',(#4304,#4305,#4306,#4307,#4308,#4309,#4310));
#1741=AXIS2_PLACEMENT_3D('',#4311,#4312,#4313);
#1742=EDGE_LOOP('',(#4314,#4315,#4316,#4317,#4318,#4319,#4320));
#1743=AXIS2_PLACEMENT_3D('',#4321,#4322,#4323);
#1744=EDGE_LOOP('',(#4324,#4325,#4326,#4327));
#1745=AXIS2_PLACEMENT_3D('',#4328,#4329,#4330);
#1746=EDGE_LOOP('',(#4331,#4332,#4333,#4334));
#1747=AXIS2_PLACEMENT_3D('',#4335,#4336,#4337);
#1748=EDGE_LOOP('',(#4338,#4339,#4340,#4341));
#1749=AXIS2_PLACEMENT_3D('',#4342,#4343,#4344);
#1750=EDGE_LOOP('',(#4345,#4346,#4347,#4348));
#1751=AXIS2_PLACEMENT_3D('',#4349,#4350,#4351);
#1752=EDGE_LOOP('',(#4352,#4353,#4354,#4355));
#1753=AXIS2_PLACEMENT_3D('',#4356,#4357,#4358);
#1754=EDGE_LOOP('',(#4359,#4360,#4361,#4362));
#1755=AXIS2_PLACEMENT_3D('',#4363,#4364,#4365);
#1756=EDGE_LOOP('',(#4366,#4367,#4368,#4369));
#1757=AXIS2_PLACEMENT_3D('',#4370,#4371,#4372);
#1758=EDGE_LOOP('',(#4373,#4374,#4375,#4376));
#1759=AXIS2_PLACEMENT_3D('',#4377,#4378,#4379);
#1760=EDGE_LOOP('',(#4380,#4381,#4382,#4383));
#1761=AXIS2_PLACEMENT_3D('',#4384,#4385,#4386);
#1762=EDGE_LOOP('',(#4387,#4388,#4389,#4390));
#1763=AXIS2_PLACEMENT_3D('',#4391,#4392,#4393);
#1764=EDGE_LOOP('',(#4394,#4395,#4396,#4397));
#1765=AXIS2_PLACEMENT_3D('',#4398,#4399,#4400);
#1766=EDGE_LOOP('',(#4401,#4402,#4403,#4404,#4405,#4406,#4407,#4408));
#1767=AXIS2_PLACEMENT_3D('',#4409,#4410,#4411);
#1768=EDGE_LOOP('',(#4412,#4413,#4414,#4415,#4416,#4417,#4418,#4419));
#1769=AXIS2_PLACEMENT_3D('',#4420,#4421,#4422);
#1770=EDGE_LOOP('',(#4423,#4424,#4425,#4426));
#1771=AXIS2_PLACEMENT_3D('',#4427,#4428,#4429);
#1772=EDGE_LOOP('',(#4430,#4431,#4432,#4433));
#1773=AXIS2_PLACEMENT_3D('',#4434,#4435,#4436);
#1774=EDGE_LOOP('',(#4437,#4438,#4439,#4440));
#1775=AXIS2_PLACEMENT_3D('',#4441,#4442,#4443);
#1776=EDGE_LOOP('',(#4444,#4445,#4446,#4447,#4448,#4449,#4450));
#1777=AXIS2_PLACEMENT_3D('',#4451,#4452,#4453);
#1778=EDGE_LOOP('',(#4454,#4455,#4456,#4457,#4458,#4459,#4460));
#1779=AXIS2_PLACEMENT_3D('',#4461,#4462,#4463);
#1780=EDGE_LOOP('',(#4464,#4465,#4466,#4467));
#1781=AXIS2_PLACEMENT_3D('',#4468,#4469,#4470);
#1782=EDGE_LOOP('',(#4471,#4472,#4473,#4474));
#1783=AXIS2_PLACEMENT_3D('',#4475,#4476,#4477);
#1784=EDGE_LOOP('',(#4478,#4479,#4480,#4481));
#1785=AXIS2_PLACEMENT_3D('',#4482,#4483,#4484);
#1786=EDGE_LOOP('',(#4485,#4486,#4487,#4488));
#1787=AXIS2_PLACEMENT_3D('',#4489,#4490,#4491);
#1788=EDGE_LOOP('',(#4492,#4493,#4494,#4495));
#1789=AXIS2_PLACEMENT_3D('',#4496,#4497,#4498);
#1790=EDGE_LOOP('',(#4499,#4500,#4501,#4502));
#1791=AXIS2_PLACEMENT_3D('',#4503,#4504,#4505);
#1792=EDGE_LOOP('',(#4506,#4507,#4508,#4509));
#1793=AXIS2_PLACEMENT_3D('',#4510,#4511,#4512);
#1794=EDGE_LOOP('',(#4513,#4514,#4515,#4516));
#1795=AXIS2_PLACEMENT_3D('',#4517,#4518,#4519);
#1796=EDGE_LOOP('',(#4520,#4521,#4522,#4523));
#1797=AXIS2_PLACEMENT_3D('',#4524,#4525,#4526);
#1798=EDGE_LOOP('',(#4527,#4528,#4529,#4530));
#1799=AXIS2_PLACEMENT_3D('',#4531,#4532,#4533);
#1800=EDGE_LOOP('',(#4534,#4535,#4536,#4537));
#1801=AXIS2_PLACEMENT_3D('',#4538,#4539,#4540);
#1802=EDGE_LOOP('',(#4541,#4542,#4543,#4544,#4545,#4546,#4547,#4548));
#1803=AXIS2_PLACEMENT_3D('',#4549,#4550,#4551);
#1804=EDGE_LOOP('',(#4552,#4553,#4554,#4555,#4556,#4557,#4558,#4559));
#1805=AXIS2_PLACEMENT_3D('',#4560,#4561,#4562);
#1806=EDGE_LOOP('',(#4563,#4564,#4565,#4566));
#1807=AXIS2_PLACEMENT_3D('',#4567,#4568,#4569);
#1808=EDGE_LOOP('',(#4570,#4571,#4572,#4573));
#1809=AXIS2_PLACEMENT_3D('',#4574,#4575,#4576);
#1810=EDGE_LOOP('',(#4577,#4578,#4579,#4580));
#1811=AXIS2_PLACEMENT_3D('',#4581,#4582,#4583);
#1812=EDGE_LOOP('',(#4584,#4585,#4586,#4587,#4588,#4589,#4590));
#1813=AXIS2_PLACEMENT_3D('',#4591,#4592,#4593);
#1814=EDGE_LOOP('',(#4594,#4595,#4596,#4597,#4598,#4599,#4600));
#1815=AXIS2_PLACEMENT_3D('',#4601,#4602,#4603);
#1816=EDGE_LOOP('',(#4604,#4605,#4606,#4607));
#1817=AXIS2_PLACEMENT_3D('',#4608,#4609,#4610);
#1818=EDGE_LOOP('',(#4611,#4612,#4613,#4614));
#1819=AXIS2_PLACEMENT_3D('',#4615,#4616,#4617);
#1820=EDGE_LOOP('',(#4618,#4619,#4620,#4621));
#1821=AXIS2_PLACEMENT_3D('',#4622,#4623,#4624);
#1822=EDGE_LOOP('',(#4625,#4626,#4627,#4628));
#1823=AXIS2_PLACEMENT_3D('',#4629,#4630,#4631);
#1824=EDGE_LOOP('',(#4632,#4633,#4634,#4635));
#1825=AXIS2_PLACEMENT_3D('',#4636,#4637,#4638);
#1826=EDGE_LOOP('',(#4639,#4640,#4641,#4642));
#1827=AXIS2_PLACEMENT_3D('',#4643,#4644,#4645);
#1828=EDGE_LOOP('',(#4646,#4647,#4648,#4649));
#1829=AXIS2_PLACEMENT_3D('',#4650,#4651,#4652);
#1830=EDGE_LOOP('',(#4653,#4654,#4655,#4656));
#1831=AXIS2_PLACEMENT_3D('',#4657,#4658,#4659);
#1832=EDGE_LOOP('',(#4660,#4661,#4662,#4663));
#1833=AXIS2_PLACEMENT_3D('',#4664,#4665,#4666);
#1834=EDGE_LOOP('',(#4667,#4668,#4669,#4670));
#1835=AXIS2_PLACEMENT_3D('',#4671,#4672,#4673);
#1836=EDGE_LOOP('',(#4674,#4675,#4676,#4677));
#1837=AXIS2_PLACEMENT_3D('',#4678,#4679,#4680);
#1838=EDGE_LOOP('',(#4681,#4682,#4683,#4684,#4685,#4686,#4687,#4688));
#1839=AXIS2_PLACEMENT_3D('',#4689,#4690,#4691);
#1840=EDGE_LOOP('',(#4692,#4693,#4694,#4695,#4696,#4697,#4698,#4699));
#1841=AXIS2_PLACEMENT_3D('',#4700,#4701,#4702);
#1842=EDGE_LOOP('',(#4703,#4704,#4705,#4706));
#1843=AXIS2_PLACEMENT_3D('',#4707,#4708,#4709);
#1844=EDGE_LOOP('',(#4710,#4711,#4712,#4713));
#1845=AXIS2_PLACEMENT_3D('',#4714,#4715,#4716);
#1846=EDGE_LOOP('',(#4717,#4718,#4719,#4720));
#1847=AXIS2_PLACEMENT_3D('',#4721,#4722,#4723);
#1848=EDGE_LOOP('',(#4724,#4725,#4726,#4727,#4728,#4729,#4730));
#1849=AXIS2_PLACEMENT_3D('',#4731,#4732,#4733);
#1850=EDGE_LOOP('',(#4734,#4735,#4736,#4737,#4738,#4739,#4740));
#1851=AXIS2_PLACEMENT_3D('',#4741,#4742,#4743);
#1852=EDGE_LOOP('',(#4744,#4745,#4746,#4747));
#1853=AXIS2_PLACEMENT_3D('',#4748,#4749,#4750);
#1854=EDGE_LOOP('',(#4751,#4752,#4753,#4754));
#1855=AXIS2_PLACEMENT_3D('',#4755,#4756,#4757);
#1856=EDGE_LOOP('',(#4758,#4759,#4760,#4761));
#1857=AXIS2_PLACEMENT_3D('',#4762,#4763,#4764);
#1858=EDGE_LOOP('',(#4765,#4766,#4767,#4768));
#1859=AXIS2_PLACEMENT_3D('',#4769,#4770,#4771);
#1860=EDGE_LOOP('',(#4772,#4773,#4774,#4775));
#1861=AXIS2_PLACEMENT_3D('',#4776,#4777,#4778);
#1862=EDGE_LOOP('',(#4779,#4780,#4781,#4782));
#1863=AXIS2_PLACEMENT_3D('',#4783,#4784,#4785);
#1864=EDGE_LOOP('',(#4786,#4787,#4788,#4789));
#1865=AXIS2_PLACEMENT_3D('',#4790,#4791,#4792);
#1866=EDGE_LOOP('',(#4793,#4794,#4795,#4796));
#1867=AXIS2_PLACEMENT_3D('',#4797,#4798,#4799);
#1868=EDGE_LOOP('',(#4800,#4801,#4802,#4803));
#1869=AXIS2_PLACEMENT_3D('',#4804,#4805,#4806);
#1870=EDGE_LOOP('',(#4807,#4808,#4809,#4810));
#1871=AXIS2_PLACEMENT_3D('',#4811,#4812,#4813);
#1872=EDGE_LOOP('',(#4814,#4815,#4816,#4817));
#1873=AXIS2_PLACEMENT_3D('',#4818,#4819,#4820);
#1874=EDGE_LOOP('',(#4821,#4822,#4823,#4824,#4825,#4826,#4827,#4828));
#1875=AXIS2_PLACEMENT_3D('',#4829,#4830,#4831);
#1876=EDGE_LOOP('',(#4832,#4833,#4834,#4835,#4836,#4837,#4838,#4839));
#1877=AXIS2_PLACEMENT_3D('',#4840,#4841,#4842);
#1878=EDGE_LOOP('',(#4843,#4844,#4845,#4846));
#1879=AXIS2_PLACEMENT_3D('',#4847,#4848,#4849);
#1880=EDGE_LOOP('',(#4850,#4851,#4852,#4853));
#1881=AXIS2_PLACEMENT_3D('',#4854,#4855,#4856);
#1882=EDGE_LOOP('',(#4857,#4858,#4859,#4860));
#1883=AXIS2_PLACEMENT_3D('',#4861,#4862,#4863);
#1884=EDGE_LOOP('',(#4864,#4865,#4866,#4867,#4868,#4869,#4870));
#1885=AXIS2_PLACEMENT_3D('',#4871,#4872,#4873);
#1886=EDGE_LOOP('',(#4874,#4875,#4876,#4877,#4878,#4879,#4880));
#1887=AXIS2_PLACEMENT_3D('',#4881,#4882,#4883);
#1888=EDGE_LOOP('',(#4884,#4885,#4886,#4887));
#1889=AXIS2_PLACEMENT_3D('',#4888,#4889,#4890);
#1890=EDGE_LOOP('',(#4891,#4892,#4893,#4894));
#1891=AXIS2_PLACEMENT_3D('',#4895,#4896,#4897);
#1892=EDGE_LOOP('',(#4898,#4899,#4900,#4901));
#1893=AXIS2_PLACEMENT_3D('',#4902,#4903,#4904);
#1894=EDGE_LOOP('',(#4905,#4906,#4907,#4908));
#1895=AXIS2_PLACEMENT_3D('',#4909,#4910,#4911);
#1896=EDGE_LOOP('',(#4912,#4913,#4914,#4915));
#1897=AXIS2_PLACEMENT_3D('',#4916,#4917,#4918);
#1898=EDGE_LOOP('',(#4919,#4920,#4921,#4922));
#1899=AXIS2_PLACEMENT_3D('',#4923,#4924,#4925);
#1900=EDGE_LOOP('',(#4926,#4927,#4928,#4929));
#1901=AXIS2_PLACEMENT_3D('',#4930,#4931,#4932);
#1902=EDGE_LOOP('',(#4933,#4934,#4935,#4936));
#1903=AXIS2_PLACEMENT_3D('',#4937,#4938,#4939);
#1904=EDGE_LOOP('',(#4940,#4941,#4942,#4943));
#1905=AXIS2_PLACEMENT_3D('',#4944,#4945,#4946);
#1906=EDGE_LOOP('',(#4947,#4948,#4949,#4950));
#1907=AXIS2_PLACEMENT_3D('',#4951,#4952,#4953);
#1908=EDGE_LOOP('',(#4954,#4955,#4956,#4957));
#1909=AXIS2_PLACEMENT_3D('',#4958,#4959,#4960);
#1910=EDGE_LOOP('',(#4961,#4962,#4963,#4964,#4965,#4966,#4967,#4968));
#1911=AXIS2_PLACEMENT_3D('',#4969,#4970,#4971);
#1912=EDGE_LOOP('',(#4972,#4973,#4974,#4975,#4976,#4977,#4978,#4979));
#1913=AXIS2_PLACEMENT_3D('',#4980,#4981,#4982);
#1914=EDGE_LOOP('',(#4983,#4984,#4985,#4986));
#1915=AXIS2_PLACEMENT_3D('',#4987,#4988,#4989);
#1916=EDGE_LOOP('',(#4990,#4991,#4992,#4993));
#1917=AXIS2_PLACEMENT_3D('',#4994,#4995,#4996);
#1918=EDGE_LOOP('',(#4997,#4998,#4999,#5000));
#1919=AXIS2_PLACEMENT_3D('',#5001,#5002,#5003);
#1920=EDGE_LOOP('',(#5004,#5005,#5006,#5007,#5008,#5009,#5010));
#1921=AXIS2_PLACEMENT_3D('',#5011,#5012,#5013);
#1922=EDGE_LOOP('',(#5014,#5015,#5016,#5017,#5018,#5019,#5020));
#1923=AXIS2_PLACEMENT_3D('',#5021,#5022,#5023);
#1924=EDGE_LOOP('',(#5024,#5025,#5026,#5027));
#1925=AXIS2_PLACEMENT_3D('',#5028,#5029,#5030);
#1926=EDGE_LOOP('',(#5031,#5032,#5033,#5034));
#1927=AXIS2_PLACEMENT_3D('',#5035,#5036,#5037);
#1928=EDGE_LOOP('',(#5038,#5039,#5040,#5041));
#1929=AXIS2_PLACEMENT_3D('',#5042,#5043,#5044);
#1930=EDGE_LOOP('',(#5045,#5046,#5047,#5048));
#1931=AXIS2_PLACEMENT_3D('',#5049,#5050,#5051);
#1932=EDGE_LOOP('',(#5052,#5053,#5054,#5055));
#1933=AXIS2_PLACEMENT_3D('',#5056,#5057,#5058);
#1934=EDGE_LOOP('',(#5059,#5060,#5061,#5062));
#1935=AXIS2_PLACEMENT_3D('',#5063,#5064,#5065);
#1936=EDGE_LOOP('',(#5066,#5067,#5068,#5069));
#1937=AXIS2_PLACEMENT_3D('',#5070,#5071,#5072);
#1938=EDGE_LOOP('',(#5073,#5074,#5075,#5076));
#1939=AXIS2_PLACEMENT_3D('',#5077,#5078,#5079);
#1940=EDGE_LOOP('',(#5080,#5081,#5082,#5083));
#1941=AXIS2_PLACEMENT_3D('',#5084,#5085,#5086);
#1942=EDGE_LOOP('',(#5087,#5088,#5089,#5090));
#1943=AXIS2_PLACEMENT_3D('',#5091,#5092,#5093);
#1944=EDGE_LOOP('',(#5094,#5095,#5096,#5097));
#1945=AXIS2_PLACEMENT_3D('',#5098,#5099,#5100);
#1946=EDGE_LOOP('',(#5101,#5102,#5103,#5104,#5105,#5106,#5107,#5108));
#1947=AXIS2_PLACEMENT_3D('',#5109,#5110,#5111);
#1948=EDGE_LOOP('',(#5112,#5113,#5114,#5115,#5116,#5117,#5118,#5119));
#1949=AXIS2_PLACEMENT_3D('',#5120,#5121,#5122);
#1950=EDGE_LOOP('',(#5123,#5124,#5125,#5126));
#1951=AXIS2_PLACEMENT_3D('',#5127,#5128,#5129);
#1952=EDGE_LOOP('',(#5130,#5131,#5132,#5133));
#1953=AXIS2_PLACEMENT_3D('',#5134,#5135,#5136);
#1954=EDGE_LOOP('',(#5137,#5138,#5139,#5140));
#1955=AXIS2_PLACEMENT_3D('',#5141,#5142,#5143);
#1956=EDGE_LOOP('',(#5144,#5145,#5146,#5147,#5148,#5149,#5150));
#1957=AXIS2_PLACEMENT_3D('',#5151,#5152,#5153);
#1958=EDGE_LOOP('',(#5154,#5155,#5156,#5157,#5158,#5159,#5160));
#1959=AXIS2_PLACEMENT_3D('',#5161,#5162,#5163);
#1960=EDGE_LOOP('',(#5164,#5165,#5166,#5167));
#1961=AXIS2_PLACEMENT_3D('',#5168,#5169,#5170);
#1962=EDGE_LOOP('',(#5171,#5172,#5173,#5174));
#1963=AXIS2_PLACEMENT_3D('',#5175,#5176,#5177);
#1964=EDGE_LOOP('',(#5178,#5179,#5180,#5181));
#1965=AXIS2_PLACEMENT_3D('',#5182,#5183,#5184);
#1966=EDGE_LOOP('',(#5185,#5186,#5187,#5188));
#1967=AXIS2_PLACEMENT_3D('',#5189,#5190,#5191);
#1968=EDGE_LOOP('',(#5192,#5193,#5194,#5195));
#1969=AXIS2_PLACEMENT_3D('',#5196,#5197,#5198);
#1970=EDGE_LOOP('',(#5199,#5200,#5201,#5202));
#1971=AXIS2_PLACEMENT_3D('',#5203,#5204,#5205);
#1972=EDGE_LOOP('',(#5206,#5207,#5208,#5209));
#1973=AXIS2_PLACEMENT_3D('',#5210,#5211,#5212);
#1974=EDGE_LOOP('',(#5213,#5214,#5215,#5216));
#1975=AXIS2_PLACEMENT_3D('',#5217,#5218,#5219);
#1976=EDGE_LOOP('',(#5220,#5221,#5222,#5223));
#1977=AXIS2_PLACEMENT_3D('',#5224,#5225,#5226);
#1978=EDGE_LOOP('',(#5227,#5228,#5229,#5230));
#1979=AXIS2_PLACEMENT_3D('',#5231,#5232,#5233);
#1980=EDGE_LOOP('',(#5234,#5235,#5236,#5237));
#1981=AXIS2_PLACEMENT_3D('',#5238,#5239,#5240);
#1982=EDGE_LOOP('',(#5241,#5242,#5243,#5244,#5245,#5246,#5247,#5248));
#1983=AXIS2_PLACEMENT_3D('',#5249,#5250,#5251);
#1984=EDGE_LOOP('',(#5252,#5253,#5254,#5255,#5256,#5257,#5258,#5259));
#1985=AXIS2_PLACEMENT_3D('',#5260,#5261,#5262);
#1986=EDGE_LOOP('',(#5263,#5264,#5265,#5266));
#1987=AXIS2_PLACEMENT_3D('',#5267,#5268,#5269);
#1988=EDGE_LOOP('',(#5270,#5271,#5272,#5273));
#1989=AXIS2_PLACEMENT_3D('',#5274,#5275,#5276);
#1990=EDGE_LOOP('',(#5277,#5278,#5279,#5280));
#1991=AXIS2_PLACEMENT_3D('',#5281,#5282,#5283);
#1992=EDGE_LOOP('',(#5284,#5285,#5286,#5287,#5288,#5289,#5290));
#1993=AXIS2_PLACEMENT_3D('',#5291,#5292,#5293);
#1994=EDGE_LOOP('',(#5294,#5295,#5296,#5297,#5298,#5299,#5300));
#1995=AXIS2_PLACEMENT_3D('',#5301,#5302,#5303);
#1996=EDGE_LOOP('',(#5304,#5305,#5306,#5307));
#1997=AXIS2_PLACEMENT_3D('',#5308,#5309,#5310);
#1998=EDGE_LOOP('',(#5311,#5312,#5313,#5314));
#1999=AXIS2_PLACEMENT_3D('',#5315,#5316,#5317);
#2000=EDGE_LOOP('',(#5318,#5319,#5320,#5321));
#2001=AXIS2_PLACEMENT_3D('',#5322,#5323,#5324);
#2002=EDGE_LOOP('',(#5325,#5326,#5327,#5328));
#2003=AXIS2_PLACEMENT_3D('',#5329,#5330,#5331);
#2004=EDGE_LOOP('',(#5332,#5333,#5334,#5335));
#2005=AXIS2_PLACEMENT_3D('',#5336,#5337,#5338);
#2006=FILL_AREA_STYLE('',(#5339));
#2007=EDGE_LOOP('',(#5340,#5341,#5342,#5343));
#2008=AXIS2_PLACEMENT_3D('',#5344,#5345,#5346);
#2009=EDGE_LOOP('',(#5347,#5348,#5349,#5350));
#2010=AXIS2_PLACEMENT_3D('',#5351,#5352,#5353);
#2011=EDGE_LOOP('',(#5354,#5355,#5356,#5357));
#2012=AXIS2_PLACEMENT_3D('',#5358,#5359,#5360);
#2013=EDGE_LOOP('',(#5361,#5362,#5363,#5364));
#2014=AXIS2_PLACEMENT_3D('',#5365,#5366,#5367);
#2015=EDGE_LOOP('',(#5368,#5369,#5370,#5371));
#2016=AXIS2_PLACEMENT_3D('',#5372,#5373,#5374);
#2017=EDGE_LOOP('',(#5375,#5376,#5377,#5378));
#2018=AXIS2_PLACEMENT_3D('',#5379,#5380,#5381);
#2019=EDGE_LOOP('',(#5382,#5383,#5384,#5385));
#2020=AXIS2_PLACEMENT_3D('',#5386,#5387,#5388);
#2021=EDGE_LOOP('',(#5389,#5390,#5391,#5392));
#2022=AXIS2_PLACEMENT_3D('',#5393,#5394,#5395);
#2023=EDGE_LOOP('',(#5396,#5397,#5398,#5399));
#2024=AXIS2_PLACEMENT_3D('',#5400,#5401,#5402);
#2025=EDGE_LOOP('',(#5403,#5404,#5405,#5406));
#2026=AXIS2_PLACEMENT_3D('',#5407,#5408,#5409);
#2027=EDGE_LOOP('',(#5410,#5411,#5412,#5413));
#2028=AXIS2_PLACEMENT_3D('',#5414,#5415,#5416);
#2029=EDGE_LOOP('',(#5417,#5418,#5419,#5420));
#2030=AXIS2_PLACEMENT_3D('',#5421,#5422,#5423);
#2031=EDGE_LOOP('',(#5424,#5425,#5426,#5427));
#2032=AXIS2_PLACEMENT_3D('',#5428,#5429,#5430);
#2033=EDGE_LOOP('',(#5431,#5432,#5433,#5434));
#2034=AXIS2_PLACEMENT_3D('',#5435,#5436,#5437);
#2035=EDGE_LOOP('',(#5438,#5439,#5440,#5441));
#2036=AXIS2_PLACEMENT_3D('',#5442,#5443,#5444);
#2037=EDGE_LOOP('',(#5445,#5446,#5447,#5448));
#2038=AXIS2_PLACEMENT_3D('',#5449,#5450,#5451);
#2039=EDGE_LOOP('',(#5452,#5453,#5454,#5455,#5456,#5457,#5458,#5459,#5460,#5461,#5462,#5463,#5464,#5465,#5466,#5467));
#2040=AXIS2_PLACEMENT_3D('',#5468,#5469,#5470);
#2041=EDGE_LOOP('',(#5471,#5472,#5473,#5474,#5475,#5476,#5477,#5478,#5479,#5480,#5481,#5482,#5483,#5484,#5485,#5486));
#2042=AXIS2_PLACEMENT_3D('',#5487,#5488,#5489);
#2043=FILL_AREA_STYLE('',(#5490));
#2044=EDGE_LOOP('',(#5491,#5492,#5493,#5494));
#2045=AXIS2_PLACEMENT_3D('',#5495,#5496,#5497);
#2046=EDGE_LOOP('',(#5498,#5499,#5500,#5501));
#2047=AXIS2_PLACEMENT_3D('',#5502,#5503,#5504);
#2048=EDGE_LOOP('',(#5505,#5506,#5507,#5508));
#2049=AXIS2_PLACEMENT_3D('',#5509,#5510,#5511);
#2050=EDGE_LOOP('',(#5512,#5513,#5514,#5515));
#2051=AXIS2_PLACEMENT_3D('',#5516,#5517,#5518);
#2052=EDGE_LOOP('',(#5519,#5520,#5521,#5522));
#2053=AXIS2_PLACEMENT_3D('',#5523,#5524,#5525);
#2054=EDGE_LOOP('',(#5526,#5527,#5528,#5529));
#2055=AXIS2_PLACEMENT_3D('',#5530,#5531,#5532);
#2056=EDGE_LOOP('',(#5533,#5534,#5535,#5536));
#2057=AXIS2_PLACEMENT_3D('',#5537,#5538,#5539);
#2058=EDGE_LOOP('',(#5540,#5541,#5542,#5543));
#2059=AXIS2_PLACEMENT_3D('',#5544,#5545,#5546);
#2060=EDGE_LOOP('',(#5547,#5548,#5549,#5550));
#2061=AXIS2_PLACEMENT_3D('',#5551,#5552,#5553);
#2062=EDGE_LOOP('',(#5554,#5555,#5556,#5557));
#2063=AXIS2_PLACEMENT_3D('',#5558,#5559,#5560);
#2064=EDGE_LOOP('',(#5561,#5562,#5563,#5564));
#2065=AXIS2_PLACEMENT_3D('',#5565,#5566,#5567);
#2066=EDGE_LOOP('',(#5568,#5569,#5570,#5571));
#2067=AXIS2_PLACEMENT_3D('',#5572,#5573,#5574);
#2068=EDGE_LOOP('',(#5575,#5576,#5577,#5578));
#2069=AXIS2_PLACEMENT_3D('',#5579,#5580,#5581);
#2070=EDGE_LOOP('',(#5582,#5583,#5584,#5585));
#2071=AXIS2_PLACEMENT_3D('',#5586,#5587,#5588);
#2072=EDGE_LOOP('',(#5589,#5590,#5591,#5592));
#2073=AXIS2_PLACEMENT_3D('',#5593,#5594,#5595);
#2074=EDGE_LOOP('',(#5596,#5597,#5598,#5599));
#2075=AXIS2_PLACEMENT_3D('',#5600,#5601,#5602);
#2076=EDGE_LOOP('',(#5603,#5604,#5605,#5606,#5607,#5608,#5609,#5610,#5611,#5612,#5613,#5614,#5615,#5616,#5617,#5618));
#2077=AXIS2_PLACEMENT_3D('',#5619,#5620,#5621);
#2078=EDGE_LOOP('',(#5622,#5623,#5624,#5625,#5626,#5627,#5628,#5629,#5630,#5631,#5632,#5633,#5634,#5635,#5636,#5637));
#2079=AXIS2_PLACEMENT_3D('',#5638,#5639,#5640);
#2080=FILL_AREA_STYLE_COLOUR('',#5641);
#2081=ORIENTED_EDGE('',*,*,#5642,.F.);
#2082=ORIENTED_EDGE('',*,*,#5643,.F.);
#2083=ORIENTED_EDGE('',*,*,#5644,.T.);
#2084=ORIENTED_EDGE('',*,*,#5645,.T.);
#2085=CARTESIAN_POINT('',(-2.4,0.39,0.715000000000062));
#2086=DIRECTION('',(1.0,-0.0,0.0));
#2087=DIRECTION('',(0.0,0.0,1.0));
#2088=ORIENTED_EDGE('',*,*,#5646,.F.);
#2089=ORIENTED_EDGE('',*,*,#5647,.F.);
#2090=ORIENTED_EDGE('',*,*,#5648,.T.);
#2091=ORIENTED_EDGE('',*,*,#5649,.T.);
#2092=CARTESIAN_POINT('',(-1.9,0.39,0.715000000000062));
#2093=DIRECTION('',(1.0,-0.0,0.0));
#2094=DIRECTION('',(0.0,0.0,1.0));
#2095=ORIENTED_EDGE('',*,*,#5650,.F.);
#2096=ORIENTED_EDGE('',*,*,#5651,.F.);
#2097=ORIENTED_EDGE('',*,*,#5652,.T.);
#2098=ORIENTED_EDGE('',*,*,#5653,.T.);
#2099=CARTESIAN_POINT('',(-1.4,0.39,0.715000000000062));
#2100=DIRECTION('',(1.0,-0.0,0.0));
#2101=DIRECTION('',(0.0,0.0,1.0));
#2102=ORIENTED_EDGE('',*,*,#5654,.F.);
#2103=ORIENTED_EDGE('',*,*,#5655,.F.);
#2104=ORIENTED_EDGE('',*,*,#5656,.T.);
#2105=ORIENTED_EDGE('',*,*,#5657,.T.);
#2106=CARTESIAN_POINT('',(-0.9,0.39,0.715000000000062));
#2107=DIRECTION('',(1.0,-0.0,0.0));
#2108=DIRECTION('',(0.0,0.0,1.0));
#2109=ORIENTED_EDGE('',*,*,#5658,.F.);
#2110=ORIENTED_EDGE('',*,*,#5659,.F.);
#2111=ORIENTED_EDGE('',*,*,#5660,.T.);
#2112=ORIENTED_EDGE('',*,*,#5661,.T.);
#2113=CARTESIAN_POINT('',(-0.4,0.39,0.715000000000062));
#2114=DIRECTION('',(1.0,-0.0,0.0));
#2115=DIRECTION('',(0.0,0.0,1.0));
#2116=ORIENTED_EDGE('',*,*,#5662,.F.);
#2117=ORIENTED_EDGE('',*,*,#5663,.F.);
#2118=ORIENTED_EDGE('',*,*,#5664,.T.);
#2119=ORIENTED_EDGE('',*,*,#5665,.T.);
#2120=CARTESIAN_POINT('',(0.1,0.39,0.715000000000062));
#2121=DIRECTION('',(1.0,-0.0,0.0));
#2122=DIRECTION('',(0.0,0.0,1.0));
#2123=ORIENTED_EDGE('',*,*,#5666,.F.);
#2124=ORIENTED_EDGE('',*,*,#5667,.F.);
#2125=ORIENTED_EDGE('',*,*,#5668,.T.);
#2126=ORIENTED_EDGE('',*,*,#5669,.T.);
#2127=CARTESIAN_POINT('',(0.6,0.39,0.715000000000062));
#2128=DIRECTION('',(1.0,-0.0,0.0));
#2129=DIRECTION('',(0.0,0.0,1.0));
#2130=ORIENTED_EDGE('',*,*,#5670,.F.);
#2131=ORIENTED_EDGE('',*,*,#5671,.F.);
#2132=ORIENTED_EDGE('',*,*,#5672,.T.);
#2133=ORIENTED_EDGE('',*,*,#5673,.T.);
#2134=CARTESIAN_POINT('',(1.1,0.39,0.715000000000062));
#2135=DIRECTION('',(1.0,-0.0,0.0));
#2136=DIRECTION('',(0.0,0.0,1.0));
#2137=ORIENTED_EDGE('',*,*,#5674,.F.);
#2138=ORIENTED_EDGE('',*,*,#5675,.F.);
#2139=ORIENTED_EDGE('',*,*,#5676,.T.);
#2140=ORIENTED_EDGE('',*,*,#5677,.T.);
#2141=CARTESIAN_POINT('',(1.6,0.39,0.715000000000062));
#2142=DIRECTION('',(1.0,-0.0,0.0));
#2143=DIRECTION('',(0.0,0.0,1.0));
#2144=ORIENTED_EDGE('',*,*,#5678,.F.);
#2145=ORIENTED_EDGE('',*,*,#5679,.F.);
#2146=ORIENTED_EDGE('',*,*,#5680,.T.);
#2147=ORIENTED_EDGE('',*,*,#5681,.T.);
#2148=CARTESIAN_POINT('',(2.1,0.39,0.715000000000062));
#2149=DIRECTION('',(1.0,-0.0,0.0));
#2150=DIRECTION('',(0.0,0.0,1.0));
#2151=ORIENTED_EDGE('',*,*,#5682,.F.);
#2152=ORIENTED_EDGE('',*,*,#5683,.F.);
#2153=ORIENTED_EDGE('',*,*,#5684,.T.);
#2154=ORIENTED_EDGE('',*,*,#5685,.T.);
#2155=CARTESIAN_POINT('',(2.6,0.39,0.715000000000062));
#2156=DIRECTION('',(1.0,-0.0,0.0));
#2157=DIRECTION('',(0.0,0.0,1.0));
#2158=ORIENTED_EDGE('',*,*,#5686,.F.);
#2159=ORIENTED_EDGE('',*,*,#5687,.T.);
#2160=ORIENTED_EDGE('',*,*,#5688,.F.);
#2161=ORIENTED_EDGE('',*,*,#5689,.F.);
#2162=ORIENTED_EDGE('',*,*,#5690,.T.);
#2163=ORIENTED_EDGE('',*,*,#5691,.T.);
#2164=CARTESIAN_POINT('',(4.15000000000001,2.50000000000003,0.760000000000001));
#2165=DIRECTION('',(-1.0,0.0,-0.0));
#2166=DIRECTION('',(0.0,0.0,-1.0));
#2167=ORIENTED_EDGE('',*,*,#5692,.F.);
#2168=ORIENTED_EDGE('',*,*,#5693,.F.);
#2169=ORIENTED_EDGE('',*,*,#5694,.T.);
#2170=ORIENTED_EDGE('',*,*,#5695,.T.);
#2171=ORIENTED_EDGE('',*,*,#5696,.T.);
#2172=ORIENTED_EDGE('',*,*,#5697,.F.);
#2173=CARTESIAN_POINT('',(-4.14999999999999,2.50000000000003,0.760000000000001));
#2174=DIRECTION('',(1.0,-0.0,0.0));
#2175=DIRECTION('',(0.0,0.0,1.0));
#2176=ORIENTED_EDGE('',*,*,#5698,.T.);
#2177=ORIENTED_EDGE('',*,*,#5699,.F.);
#2178=ORIENTED_EDGE('',*,*,#5700,.T.);
#2179=ORIENTED_EDGE('',*,*,#5701,.T.);
#2180=CARTESIAN_POINT('',(4.4,1.33226762955019E-15,6.601));
#2181=DIRECTION('',(-1.0,-8.06848128361306E-16,0.0));
#2182=DIRECTION('',(-8.06848128361306E-16,1.0,0.0));
#2183=ORIENTED_EDGE('',*,*,#5702,.F.);
#2184=ORIENTED_EDGE('',*,*,#5703,.F.);
#2185=ORIENTED_EDGE('',*,*,#5704,.F.);
#2186=ORIENTED_EDGE('',*,*,#5705,.T.);
#2187=CARTESIAN_POINT('',(4.1,0.15,1.35));
#2188=DIRECTION('',(0.0,-1.0,-9.80395581502851E-16));
#2189=DIRECTION('',(0.0,9.80395581502851E-16,-1.0));
#2190=ORIENTED_EDGE('',*,*,#5706,.F.);
#2191=ORIENTED_EDGE('',*,*,#5707,.F.);
#2192=ORIENTED_EDGE('',*,*,#5708,.T.);
#2193=ORIENTED_EDGE('',*,*,#5709,.F.);
#2194=CARTESIAN_POINT('',(4.1,0.15,1.35));
#2195=DIRECTION('',(0.0,-1.0,-9.80395581502851E-16));
#2196=DIRECTION('',(0.0,9.80395581502851E-16,-1.0));
#2197=ORIENTED_EDGE('',*,*,#5710,.F.);
#2198=ORIENTED_EDGE('',*,*,#5711,.F.);
#2199=ORIENTED_EDGE('',*,*,#5712,.F.);
#2200=ORIENTED_EDGE('',*,*,#5713,.T.);
#2201=ORIENTED_EDGE('',*,*,#5714,.F.);
#2202=ORIENTED_EDGE('',*,*,#5715,.T.);
#2203=ORIENTED_EDGE('',*,*,#5716,.T.);
#2204=ORIENTED_EDGE('',*,*,#5717,.T.);
#2205=ORIENTED_EDGE('',*,*,#5718,.T.);
#2206=ORIENTED_EDGE('',*,*,#5719,.F.);
#2207=ORIENTED_EDGE('',*,*,#5720,.F.);
#2208=ORIENTED_EDGE('',*,*,#5721,.F.);
#2209=ORIENTED_EDGE('',*,*,#5722,.T.);
#2210=ORIENTED_EDGE('',*,*,#5723,.T.);
#2211=ORIENTED_EDGE('',*,*,#5701,.F.);
#2212=ORIENTED_EDGE('',*,*,#5724,.F.);
#2213=ORIENTED_EDGE('',*,*,#5725,.F.);
#2214=ORIENTED_EDGE('',*,*,#5726,.T.);
#2215=ORIENTED_EDGE('',*,*,#5727,.T.);
#2216=ORIENTED_EDGE('',*,*,#5728,.T.);
#2217=CARTESIAN_POINT('',(0.0,0.0,0.0));
#2218=DIRECTION('',(0.0,-1.0,0.0));
#2219=DIRECTION('',(0.0,0.0,-1.0));
#2220=ORIENTED_EDGE('',*,*,#5729,.F.);
#2221=ORIENTED_EDGE('',*,*,#5730,.F.);
#2222=ORIENTED_EDGE('',*,*,#5731,.T.);
#2223=ORIENTED_EDGE('',*,*,#5732,.T.);
#2224=ORIENTED_EDGE('',*,*,#5733,.F.);
#2225=ORIENTED_EDGE('',*,*,#5734,.T.);
#2226=ORIENTED_EDGE('',*,*,#5735,.F.);
#2227=ORIENTED_EDGE('',*,*,#5736,.T.);
#2228=ORIENTED_EDGE('',*,*,#5737,.F.);
#2229=ORIENTED_EDGE('',*,*,#5738,.T.);
#2230=ORIENTED_EDGE('',*,*,#5739,.F.);
#2231=CARTESIAN_POINT('',(-4.4,-5.77315972805081E-15,6.601));
#2232=DIRECTION('',(-1.0,-8.06848128361306E-16,0.0));
#2233=DIRECTION('',(-8.06848128361306E-16,1.0,0.0));
#2234=ORIENTED_EDGE('',*,*,#5740,.F.);
#2235=ORIENTED_EDGE('',*,*,#5741,.T.);
#2236=ORIENTED_EDGE('',*,*,#5742,.T.);
#2237=ORIENTED_EDGE('',*,*,#5743,.T.);
#2238=ORIENTED_EDGE('',*,*,#5744,.T.);
#2239=ORIENTED_EDGE('',*,*,#5745,.F.);
#2240=ORIENTED_EDGE('',*,*,#5746,.T.);
#2241=ORIENTED_EDGE('',*,*,#5747,.T.);
#2242=ORIENTED_EDGE('',*,*,#5748,.F.);
#2243=ORIENTED_EDGE('',*,*,#5749,.T.);
#2244=ORIENTED_EDGE('',*,*,#5750,.T.);
#2245=ORIENTED_EDGE('',*,*,#5751,.F.);
#2246=ORIENTED_EDGE('',*,*,#5752,.F.);
#2247=ORIENTED_EDGE('',*,*,#5753,.T.);
#2248=ORIENTED_EDGE('',*,*,#5754,.F.);
#2249=ORIENTED_EDGE('',*,*,#5755,.F.);
#2250=ORIENTED_EDGE('',*,*,#5756,.T.);
#2251=ORIENTED_EDGE('',*,*,#5757,.F.);
#2252=ORIENTED_EDGE('',*,*,#5758,.T.);
#2253=ORIENTED_EDGE('',*,*,#5759,.F.);
#2254=CARTESIAN_POINT('',(0.0,0.0,0.0));
#2255=DIRECTION('',(0.0,-1.0,0.0));
#2256=DIRECTION('',(0.0,0.0,-1.0));
#2257=ORIENTED_EDGE('',*,*,#5692,.T.);
#2258=ORIENTED_EDGE('',*,*,#5760,.F.);
#2259=ORIENTED_EDGE('',*,*,#5761,.F.);
#2260=ORIENTED_EDGE('',*,*,#5762,.F.);
#2261=ORIENTED_EDGE('',*,*,#5763,.T.);
#2262=ORIENTED_EDGE('',*,*,#5764,.T.);
#2263=ORIENTED_EDGE('',*,*,#5765,.F.);
#2264=CARTESIAN_POINT('',(-4.14999999999999,2.50000000000003,0.760000000000001));
#2265=DIRECTION('',(1.0,-0.0,0.0));
#2266=DIRECTION('',(0.0,0.0,1.0));
#2267=ORIENTED_EDGE('',*,*,#5695,.F.);
#2268=ORIENTED_EDGE('',*,*,#5766,.T.);
#2269=ORIENTED_EDGE('',*,*,#5763,.F.);
#2270=ORIENTED_EDGE('',*,*,#5767,.F.);
#2271=ORIENTED_EDGE('',*,*,#5768,.T.);
#2272=ORIENTED_EDGE('',*,*,#5769,.T.);
#2273=ORIENTED_EDGE('',*,*,#5770,.F.);
#2274=CARTESIAN_POINT('',(-4.44999999999999,2.50000000000003,0.760000000000001));
#2275=DIRECTION('',(-1.0,0.0,0.0));
#2276=DIRECTION('',(0.0,0.0,1.0));
#2277=ORIENTED_EDGE('',*,*,#5771,.F.);
#2278=ORIENTED_EDGE('',*,*,#5772,.F.);
#2279=ORIENTED_EDGE('',*,*,#5724,.T.);
#2280=ORIENTED_EDGE('',*,*,#5700,.F.);
#2281=ORIENTED_EDGE('',*,*,#5773,.F.);
#2282=ORIENTED_EDGE('',*,*,#5774,.F.);
#2283=ORIENTED_EDGE('',*,*,#5775,.F.);
#2284=ORIENTED_EDGE('',*,*,#5776,.T.);
#2285=ORIENTED_EDGE('',*,*,#5777,.T.);
#2286=ORIENTED_EDGE('',*,*,#5778,.T.);
#2287=ORIENTED_EDGE('',*,*,#5779,.T.);
#2288=ORIENTED_EDGE('',*,*,#5780,.F.);
#2289=ORIENTED_EDGE('',*,*,#5781,.F.);
#2290=ORIENTED_EDGE('',*,*,#5782,.F.);
#2291=CARTESIAN_POINT('',(-2.9,0.0,1.35));
#2292=DIRECTION('',(0.0,-1.23908819712629E-16,-1.0));
#2293=DIRECTION('',(0.0,-1.0,1.23908819712629E-16));
#2294=ORIENTED_EDGE('',*,*,#5783,.T.);
#2295=ORIENTED_EDGE('',*,*,#5784,.T.);
#2296=ORIENTED_EDGE('',*,*,#5778,.F.);
#2297=ORIENTED_EDGE('',*,*,#5785,.F.);
#2298=CARTESIAN_POINT('',(4.15,-2.27828411810327E-15,3.07687000583901E-30));
#2299=DIRECTION('',(1.0,-6.99485272571295E-16,8.66723945306763E-31));
#2300=DIRECTION('',(-6.99485272571295E-16,-1.0,0.0));
#2301=ORIENTED_EDGE('',*,*,#5786,.F.);
#2302=ORIENTED_EDGE('',*,*,#5687,.F.);
#2303=ORIENTED_EDGE('',*,*,#5787,.F.);
#2304=ORIENTED_EDGE('',*,*,#5788,.F.);
#2305=ORIENTED_EDGE('',*,*,#5722,.F.);
#2306=ORIENTED_EDGE('',*,*,#5789,.T.);
#2307=CARTESIAN_POINT('',(4.15,-2.27828411810327E-15,3.07687000583901E-30));
#2308=DIRECTION('',(1.0,-6.99485272571295E-16,8.66723945306763E-31));
#2309=DIRECTION('',(-6.99485272571295E-16,-1.0,0.0));
#2310=ORIENTED_EDGE('',*,*,#5790,.F.);
#2311=ORIENTED_EDGE('',*,*,#5698,.F.);
#2312=ORIENTED_EDGE('',*,*,#5723,.F.);
#2313=ORIENTED_EDGE('',*,*,#5788,.T.);
#2314=ORIENTED_EDGE('',*,*,#5791,.T.);
#2315=ORIENTED_EDGE('',*,*,#5792,.F.);
#2316=ORIENTED_EDGE('',*,*,#5793,.F.);
#2317=ORIENTED_EDGE('',*,*,#5794,.F.);
#2318=CARTESIAN_POINT('',(0.0,0.0,0.760000000000002));
#2319=DIRECTION('',(0.0,0.0,-1.0));
#2320=DIRECTION('',(0.0,-1.0,0.0));
#2321=ORIENTED_EDGE('',*,*,#5774,.T.);
#2322=ORIENTED_EDGE('',*,*,#5795,.T.);
#2323=ORIENTED_EDGE('',*,*,#5792,.T.);
#2324=ORIENTED_EDGE('',*,*,#5796,.F.);
#2325=ORIENTED_EDGE('',*,*,#5797,.F.);
#2326=ORIENTED_EDGE('',*,*,#5798,.T.);
#2327=ORIENTED_EDGE('',*,*,#5799,.F.);
#2328=ORIENTED_EDGE('',*,*,#5800,.F.);
#2329=ORIENTED_EDGE('',*,*,#5801,.F.);
#2330=ORIENTED_EDGE('',*,*,#5802,.T.);
#2331=ORIENTED_EDGE('',*,*,#5803,.T.);
#2332=CARTESIAN_POINT('',(4.4,1.33226762955019E-15,6.601));
#2333=DIRECTION('',(-1.0,-8.06848128361306E-16,0.0));
#2334=DIRECTION('',(-8.06848128361306E-16,1.0,0.0));
#2335=ORIENTED_EDGE('',*,*,#5804,.T.);
#2336=ORIENTED_EDGE('',*,*,#5789,.F.);
#2337=ORIENTED_EDGE('',*,*,#5721,.T.);
#2338=ORIENTED_EDGE('',*,*,#5805,.F.);
#2339=ORIENTED_EDGE('',*,*,#5806,.T.);
#2340=ORIENTED_EDGE('',*,*,#5807,.T.);
#2341=ORIENTED_EDGE('',*,*,#5808,.T.);
#2342=ORIENTED_EDGE('',*,*,#5783,.F.);
#2343=ORIENTED_EDGE('',*,*,#5809,.F.);
#2344=ORIENTED_EDGE('',*,*,#5810,.F.);
#2345=ORIENTED_EDGE('',*,*,#5811,.F.);
#2346=ORIENTED_EDGE('',*,*,#5812,.F.);
#2347=ORIENTED_EDGE('',*,*,#5813,.T.);
#2348=CARTESIAN_POINT('',(5.39999999999999,2.45,0.9));
#2349=DIRECTION('',(0.0,3.33600668457085E-16,1.0));
#2350=DIRECTION('',(0.0,-1.0,3.33600668457085E-16));
#2351=ORIENTED_EDGE('',*,*,#5814,.T.);
#2352=ORIENTED_EDGE('',*,*,#5815,.T.);
#2353=ORIENTED_EDGE('',*,*,#5812,.T.);
#2354=ORIENTED_EDGE('',*,*,#5816,.F.);
#2355=ORIENTED_EDGE('',*,*,#5817,.T.);
#2356=ORIENTED_EDGE('',*,*,#5797,.T.);
#2357=CARTESIAN_POINT('',(5.39999999999999,2.14999999999999,1.2));
#2358=DIRECTION('',(0.0,0.707106781186547,0.707106781186548));
#2359=DIRECTION('',(1.0,-0.0,0.0));
#2360=ORIENTED_EDGE('',*,*,#5809,.T.);
#2361=ORIENTED_EDGE('',*,*,#5785,.T.);
#2362=ORIENTED_EDGE('',*,*,#5777,.F.);
#2363=ORIENTED_EDGE('',*,*,#5818,.T.);
#2364=CARTESIAN_POINT('',(3.55,3.1,5.35500000000001));
#2365=DIRECTION('',(-0.0,1.0,0.0));
#2366=DIRECTION('',(1.0,0.0,0.0));
#2367=ORIENTED_EDGE('',*,*,#5819,.F.);
#2368=ORIENTED_EDGE('',*,*,#5820,.F.);
#2369=ORIENTED_EDGE('',*,*,#5782,.T.);
#2370=ORIENTED_EDGE('',*,*,#5821,.T.);
#2371=ORIENTED_EDGE('',*,*,#5805,.T.);
#2372=ORIENTED_EDGE('',*,*,#5720,.T.);
#2373=ORIENTED_EDGE('',*,*,#5822,.T.);
#2374=ORIENTED_EDGE('',*,*,#5823,.T.);
#2375=ORIENTED_EDGE('',*,*,#5824,.T.);
#2376=ORIENTED_EDGE('',*,*,#5825,.F.);
#2377=CARTESIAN_POINT('',(3.55,4.44089209850063E-16,5.35500000000001));
#2378=DIRECTION('',(-1.0,0.0,0.0));
#2379=DIRECTION('',(0.0,0.0,1.0));
#2380=ORIENTED_EDGE('',*,*,#5826,.F.);
#2381=ORIENTED_EDGE('',*,*,#5807,.F.);
#2382=ORIENTED_EDGE('',*,*,#5827,.T.);
#2383=ORIENTED_EDGE('',*,*,#5780,.T.);
#2384=CARTESIAN_POINT('',(3.69999999999999,3.1,6.601));
#2385=DIRECTION('',(1.0,7.54227598250787E-16,0.0));
#2386=DIRECTION('',(-7.54227598250787E-16,1.0,0.0));
#2387=ORIENTED_EDGE('',*,*,#5806,.F.);
#2388=ORIENTED_EDGE('',*,*,#5821,.F.);
#2389=ORIENTED_EDGE('',*,*,#5781,.T.);
#2390=ORIENTED_EDGE('',*,*,#5827,.F.);
#2391=CARTESIAN_POINT('',(3.69999999999999,1.95000000000001,6.601));
#2392=DIRECTION('',(0.707106781186547,-0.707106781186548,0.0));
#2393=DIRECTION('',(0.0,0.0,-1.0));
#2394=ORIENTED_EDGE('',*,*,#5828,.F.);
#2395=ORIENTED_EDGE('',*,*,#5829,.T.);
#2396=ORIENTED_EDGE('',*,*,#5798,.F.);
#2397=ORIENTED_EDGE('',*,*,#5817,.F.);
#2398=CARTESIAN_POINT('',(4.4,2.15,6.601));
#2399=DIRECTION('',(-1.03257349760524E-15,1.0,0.0));
#2400=DIRECTION('',(1.0,1.03257349760524E-15,-0.0));
#2401=ORIENTED_EDGE('',*,*,#5830,.T.);
#2402=ORIENTED_EDGE('',*,*,#5831,.T.);
#2403=ORIENTED_EDGE('',*,*,#5832,.T.);
#2404=ORIENTED_EDGE('',*,*,#5833,.T.);
#2405=ORIENTED_EDGE('',*,*,#5834,.T.);
#2406=ORIENTED_EDGE('',*,*,#5835,.F.);
#2407=ORIENTED_EDGE('',*,*,#5836,.F.);
#2408=ORIENTED_EDGE('',*,*,#5837,.T.);
#2409=ORIENTED_EDGE('',*,*,#5838,.F.);
#2410=ORIENTED_EDGE('',*,*,#5839,.T.);
#2411=ORIENTED_EDGE('',*,*,#5735,.T.);
#2412=ORIENTED_EDGE('',*,*,#5840,.T.);
#2413=ORIENTED_EDGE('',*,*,#5841,.T.);
#2414=ORIENTED_EDGE('',*,*,#5745,.T.);
#2415=CARTESIAN_POINT('',(-2.9,0.0,1.35));
#2416=DIRECTION('',(0.0,-1.23908819712629E-16,-1.0));
#2417=DIRECTION('',(0.0,-1.0,1.23908819712629E-16));
#2418=ORIENTED_EDGE('',*,*,#5842,.T.);
#2419=ORIENTED_EDGE('',*,*,#5843,.T.);
#2420=ORIENTED_EDGE('',*,*,#5844,.F.);
#2421=ORIENTED_EDGE('',*,*,#5845,.T.);
#2422=ORIENTED_EDGE('',*,*,#5846,.T.);
#2423=ORIENTED_EDGE('',*,*,#5847,.F.);
#2424=ORIENTED_EDGE('',*,*,#5824,.F.);
#2425=ORIENTED_EDGE('',*,*,#5848,.T.);
#2426=CARTESIAN_POINT('',(-2.9,0.0,1.35));
#2427=DIRECTION('',(0.0,-1.23908819712629E-16,-1.0));
#2428=DIRECTION('',(0.0,-1.0,1.23908819712629E-16));
#2429=ORIENTED_EDGE('',*,*,#5849,.F.);
#2430=ORIENTED_EDGE('',*,*,#5850,.T.);
#2431=ORIENTED_EDGE('',*,*,#5825,.T.);
#2432=ORIENTED_EDGE('',*,*,#5847,.T.);
#2433=CARTESIAN_POINT('',(4.1,0.15,1.35));
#2434=DIRECTION('',(0.0,-1.0,-9.80395581502851E-16));
#2435=DIRECTION('',(0.0,9.80395581502851E-16,-1.0));
#2436=ORIENTED_EDGE('',*,*,#5851,.F.);
#2437=ORIENTED_EDGE('',*,*,#5852,.F.);
#2438=ORIENTED_EDGE('',*,*,#5853,.F.);
#2439=ORIENTED_EDGE('',*,*,#5837,.F.);
#2440=CARTESIAN_POINT('',(-4.82,3.1,5.35500000000001));
#2441=DIRECTION('',(3.41480999208032E-16,1.0,0.0));
#2442=DIRECTION('',(1.0,-3.41480999208032E-16,0.0));
#2443=ORIENTED_EDGE('',*,*,#5760,.T.);
#2444=ORIENTED_EDGE('',*,*,#5697,.T.);
#2445=ORIENTED_EDGE('',*,*,#5854,.T.);
#2446=ORIENTED_EDGE('',*,*,#5855,.F.);
#2447=ORIENTED_EDGE('',*,*,#5748,.T.);
#2448=ORIENTED_EDGE('',*,*,#5856,.T.);
#2449=CARTESIAN_POINT('',(-4.15,2.68806131715291E-15,-3.07687000583901E-30));
#2450=DIRECTION('',(1.0,-6.99485272571295E-16,8.66723945306763E-31));
#2451=DIRECTION('',(-6.99485272571295E-16,-1.0,0.0));
#2452=ORIENTED_EDGE('',*,*,#5857,.F.);
#2453=ORIENTED_EDGE('',*,*,#5858,.F.);
#2454=ORIENTED_EDGE('',*,*,#5851,.T.);
#2455=ORIENTED_EDGE('',*,*,#5836,.T.);
#2456=CARTESIAN_POINT('',(-4.15,2.68806131715291E-15,-3.07687000583901E-30));
#2457=DIRECTION('',(1.0,-6.99485272571295E-16,8.66723945306763E-31));
#2458=DIRECTION('',(-6.99485272571295E-16,-1.0,0.0));
#2459=ORIENTED_EDGE('',*,*,#5859,.F.);
#2460=ORIENTED_EDGE('',*,*,#5860,.F.);
#2461=ORIENTED_EDGE('',*,*,#5861,.T.);
#2462=ORIENTED_EDGE('',*,*,#5733,.T.);
#2463=ORIENTED_EDGE('',*,*,#5761,.T.);
#2464=ORIENTED_EDGE('',*,*,#5856,.F.);
#2465=ORIENTED_EDGE('',*,*,#5747,.F.);
#2466=ORIENTED_EDGE('',*,*,#5862,.T.);
#2467=CARTESIAN_POINT('',(0.0,0.0,0.760000000000002));
#2468=DIRECTION('',(0.0,0.0,-1.0));
#2469=DIRECTION('',(0.0,-1.0,0.0));
#2470=ORIENTED_EDGE('',*,*,#5863,.F.);
#2471=ORIENTED_EDGE('',*,*,#5862,.F.);
#2472=ORIENTED_EDGE('',*,*,#5746,.F.);
#2473=ORIENTED_EDGE('',*,*,#5841,.F.);
#2474=CARTESIAN_POINT('',(-4.4,-5.77315972805081E-15,6.601));
#2475=DIRECTION('',(-1.0,-8.06848128361306E-16,0.0));
#2476=DIRECTION('',(-8.06848128361306E-16,1.0,0.0));
#2477=ORIENTED_EDGE('',*,*,#5864,.T.);
#2478=ORIENTED_EDGE('',*,*,#5865,.T.);
#2479=ORIENTED_EDGE('',*,*,#5737,.T.);
#2480=ORIENTED_EDGE('',*,*,#5866,.F.);
#2481=CARTESIAN_POINT('',(-4.4,2.14999999999999,6.601));
#2482=DIRECTION('',(1.03257349760524E-15,-1.0,0.0));
#2483=DIRECTION('',(0.0,0.0,-1.0));
#2484=ORIENTED_EDGE('',*,*,#5864,.F.);
#2485=ORIENTED_EDGE('',*,*,#5867,.T.);
#2486=ORIENTED_EDGE('',*,*,#5868,.F.);
#2487=ORIENTED_EDGE('',*,*,#5869,.T.);
#2488=ORIENTED_EDGE('',*,*,#5870,.T.);
#2489=CARTESIAN_POINT('',(-4.82,2.14999999999999,6.601));
#2490=DIRECTION('',(-0.97175370394422,0.23599732810074,0.0));
#2491=DIRECTION('',(0.0,0.0,1.0));
#2492=ORIENTED_EDGE('',*,*,#5853,.T.);
#2493=ORIENTED_EDGE('',*,*,#5871,.T.);
#2494=ORIENTED_EDGE('',*,*,#5868,.T.);
#2495=ORIENTED_EDGE('',*,*,#5838,.T.);
#2496=CARTESIAN_POINT('',(-4.65,2.84999999999999,6.601));
#2497=DIRECTION('',(-1.0,-1.38777878078145E-14,0.0));
#2498=DIRECTION('',(-1.38777878078145E-14,1.0,0.0));
#2499=ORIENTED_EDGE('',*,*,#5872,.F.);
#2500=ORIENTED_EDGE('',*,*,#5873,.T.);
#2501=ORIENTED_EDGE('',*,*,#5874,.T.);
#2502=ORIENTED_EDGE('',*,*,#5752,.T.);
#2503=ORIENTED_EDGE('',*,*,#5875,.T.);
#2504=ORIENTED_EDGE('',*,*,#5876,.T.);
#2505=ORIENTED_EDGE('',*,*,#5844,.T.);
#2506=CARTESIAN_POINT('',(-2.9,0.0,0.0));
#2507=DIRECTION('',(-1.0,0.0,0.0));
#2508=DIRECTION('',(0.0,0.0,1.0));
#2509=ORIENTED_EDGE('',*,*,#5877,.F.);
#2510=ORIENTED_EDGE('',*,*,#5878,.T.);
#2511=ORIENTED_EDGE('',*,*,#5842,.F.);
#2512=ORIENTED_EDGE('',*,*,#5879,.F.);
#2513=ORIENTED_EDGE('',*,*,#5880,.F.);
#2514=ORIENTED_EDGE('',*,*,#5718,.F.);
#2515=ORIENTED_EDGE('',*,*,#5881,.F.);
#2516=CARTESIAN_POINT('',(2.9,0.0,0.0));
#2517=DIRECTION('',(-1.0,0.0,0.0));
#2518=DIRECTION('',(0.0,0.0,1.0));
#2519=ORIENTED_EDGE('',*,*,#5882,.F.);
#2520=ORIENTED_EDGE('',*,*,#5883,.T.);
#2521=ORIENTED_EDGE('',*,*,#5728,.F.);
#2522=ORIENTED_EDGE('',*,*,#5884,.T.);
#2523=ORIENTED_EDGE('',*,*,#5885,.T.);
#2524=CARTESIAN_POINT('',(-5.8,-0.8,0.119999999999999));
#2525=DIRECTION('',(0.0,0.0,1.0));
#2526=DIRECTION('',(1.0,0.0,0.0));
#2527=ORIENTED_EDGE('',*,*,#5886,.F.);
#2528=ORIENTED_EDGE('',*,*,#5887,.T.);
#2529=ORIENTED_EDGE('',*,*,#5888,.F.);
#2530=ORIENTED_EDGE('',*,*,#5889,.F.);
#2531=ORIENTED_EDGE('',*,*,#5885,.F.);
#2532=ORIENTED_EDGE('',*,*,#5890,.F.);
#2533=ORIENTED_EDGE('',*,*,#5891,.F.);
#2534=ORIENTED_EDGE('',*,*,#5892,.F.);
#2535=CARTESIAN_POINT('',(0.0,-0.8,0.0));
#2536=DIRECTION('',(0.0,-1.0,0.0));
#2537=DIRECTION('',(0.0,0.0,-1.0));
#2538=ORIENTED_EDGE('',*,*,#5742,.F.);
#2539=ORIENTED_EDGE('',*,*,#5893,.T.);
#2540=ORIENTED_EDGE('',*,*,#5892,.T.);
#2541=ORIENTED_EDGE('',*,*,#5894,.F.);
#2542=CARTESIAN_POINT('',(-5.8,-0.8,1.82));
#2543=DIRECTION('',(1.0,0.0,0.0));
#2544=DIRECTION('',(0.0,1.0,0.0));
#2545=ORIENTED_EDGE('',*,*,#5895,.T.);
#2546=ORIENTED_EDGE('',*,*,#5896,.T.);
#2547=ORIENTED_EDGE('',*,*,#5886,.T.);
#2548=ORIENTED_EDGE('',*,*,#5893,.F.);
#2549=ORIENTED_EDGE('',*,*,#5741,.F.);
#2550=CARTESIAN_POINT('',(-5.8,-0.8,0.119999999999999));
#2551=DIRECTION('',(0.0,0.0,1.0));
#2552=DIRECTION('',(1.0,0.0,0.0));
#2553=ORIENTED_EDGE('',*,*,#5727,.F.);
#2554=ORIENTED_EDGE('',*,*,#5897,.F.);
#2555=ORIENTED_EDGE('',*,*,#5890,.T.);
#2556=ORIENTED_EDGE('',*,*,#5884,.F.);
#2557=CARTESIAN_POINT('',(5.8,-0.8,0.119999999999999));
#2558=DIRECTION('',(-1.0,0.0,0.0));
#2559=DIRECTION('',(0.0,0.0,1.0));
#2560=ORIENTED_EDGE('',*,*,#5898,.T.);
#2561=ORIENTED_EDGE('',*,*,#5899,.F.);
#2562=ORIENTED_EDGE('',*,*,#5900,.F.);
#2563=ORIENTED_EDGE('',*,*,#5743,.F.);
#2564=ORIENTED_EDGE('',*,*,#5894,.T.);
#2565=ORIENTED_EDGE('',*,*,#5891,.T.);
#2566=ORIENTED_EDGE('',*,*,#5897,.T.);
#2567=ORIENTED_EDGE('',*,*,#5726,.F.);
#2568=ORIENTED_EDGE('',*,*,#5901,.F.);
#2569=ORIENTED_EDGE('',*,*,#5703,.T.);
#2570=ORIENTED_EDGE('',*,*,#5902,.T.);
#2571=ORIENTED_EDGE('',*,*,#5709,.T.);
#2572=ORIENTED_EDGE('',*,*,#5903,.T.);
#2573=CARTESIAN_POINT('',(5.8,-0.8,1.82));
#2574=DIRECTION('',(0.0,0.0,-1.0));
#2575=DIRECTION('',(0.0,-1.0,0.0));
#2576=ORIENTED_EDGE('',*,*,#5873,.F.);
#2577=ORIENTED_EDGE('',*,*,#5904,.T.);
#2578=ORIENTED_EDGE('',*,*,#5877,.T.);
#2579=ORIENTED_EDGE('',*,*,#5905,.F.);
#2580=CARTESIAN_POINT('',(-2.9,1.75,1.35));
#2581=DIRECTION('',(0.0,-1.0,-9.63735264431558E-16));
#2582=DIRECTION('',(0.0,9.63735264431558E-16,-1.0));
#2583=ORIENTED_EDGE('',*,*,#5881,.T.);
#2584=ORIENTED_EDGE('',*,*,#5717,.F.);
#2585=ORIENTED_EDGE('',*,*,#5906,.F.);
#2586=ORIENTED_EDGE('',*,*,#5907,.F.);
#2587=ORIENTED_EDGE('',*,*,#5888,.T.);
#2588=ORIENTED_EDGE('',*,*,#5908,.T.);
#2589=ORIENTED_EDGE('',*,*,#5909,.F.);
#2590=ORIENTED_EDGE('',*,*,#5753,.F.);
#2591=ORIENTED_EDGE('',*,*,#5874,.F.);
#2592=ORIENTED_EDGE('',*,*,#5905,.T.);
#2593=CARTESIAN_POINT('',(-2.9,1.75,0.900000000000001));
#2594=DIRECTION('',(0.0,-2.47817639425258E-16,1.0));
#2595=DIRECTION('',(0.0,-1.0,-2.47817639425258E-16));
#2596=ORIENTED_EDGE('',*,*,#5889,.T.);
#2597=ORIENTED_EDGE('',*,*,#5907,.T.);
#2598=ORIENTED_EDGE('',*,*,#5910,.T.);
#2599=ORIENTED_EDGE('',*,*,#5882,.T.);
#2600=CARTESIAN_POINT('',(3.075,0.0,0.0));
#2601=DIRECTION('',(-1.0,0.0,0.0));
#2602=DIRECTION('',(0.0,0.0,1.0));
#2603=ORIENTED_EDGE('',*,*,#5887,.F.);
#2604=ORIENTED_EDGE('',*,*,#5896,.F.);
#2605=ORIENTED_EDGE('',*,*,#5911,.F.);
#2606=ORIENTED_EDGE('',*,*,#5908,.F.);
#2607=CARTESIAN_POINT('',(-3.075,0.0,0.0));
#2608=DIRECTION('',(-1.0,0.0,0.0));
#2609=DIRECTION('',(0.0,0.0,1.0));
#2610=ORIENTED_EDGE('',*,*,#5912,.T.);
#2611=ORIENTED_EDGE('',*,*,#5879,.T.);
#2612=ORIENTED_EDGE('',*,*,#5848,.F.);
#2613=ORIENTED_EDGE('',*,*,#5823,.F.);
#2614=CARTESIAN_POINT('',(3.55,0.65,1.02));
#2615=DIRECTION('',(0.0,-1.0,0.0));
#2616=DIRECTION('',(0.0,0.0,-1.0));
#2617=ORIENTED_EDGE('',*,*,#5719,.T.);
#2618=ORIENTED_EDGE('',*,*,#5880,.T.);
#2619=ORIENTED_EDGE('',*,*,#5912,.F.);
#2620=ORIENTED_EDGE('',*,*,#5822,.F.);
#2621=CARTESIAN_POINT('',(3.55,0.0,1.02));
#2622=DIRECTION('',(0.0,0.0,1.0));
#2623=DIRECTION('',(1.0,0.0,0.0));
#2624=ORIENTED_EDGE('',*,*,#5875,.F.);
#2625=ORIENTED_EDGE('',*,*,#5751,.T.);
#2626=ORIENTED_EDGE('',*,*,#5913,.T.);
#2627=ORIENTED_EDGE('',*,*,#5914,.F.);
#2628=CARTESIAN_POINT('',(3.55,0.0,1.02));
#2629=DIRECTION('',(0.0,0.0,1.0));
#2630=DIRECTION('',(1.0,0.0,0.0));
#2631=ORIENTED_EDGE('',*,*,#5876,.F.);
#2632=ORIENTED_EDGE('',*,*,#5914,.T.);
#2633=ORIENTED_EDGE('',*,*,#5915,.T.);
#2634=ORIENTED_EDGE('',*,*,#5845,.F.);
#2635=CARTESIAN_POINT('',(3.55,0.65,1.02));
#2636=DIRECTION('',(0.0,-1.0,0.0));
#2637=DIRECTION('',(0.0,0.0,-1.0));
#2638=ORIENTED_EDGE('',*,*,#5916,.F.);
#2639=ORIENTED_EDGE('',*,*,#5849,.T.);
#2640=ORIENTED_EDGE('',*,*,#5846,.F.);
#2641=ORIENTED_EDGE('',*,*,#5915,.F.);
#2642=ORIENTED_EDGE('',*,*,#5913,.F.);
#2643=ORIENTED_EDGE('',*,*,#5750,.F.);
#2644=ORIENTED_EDGE('',*,*,#5917,.F.);
#2645=ORIENTED_EDGE('',*,*,#5918,.F.);
#2646=ORIENTED_EDGE('',*,*,#5832,.F.);
#2647=ORIENTED_EDGE('',*,*,#5919,.T.);
#2648=CARTESIAN_POINT('',(-3.55,3.1,5.35500000000001));
#2649=DIRECTION('',(1.0,-2.79794109028517E-16,0.0));
#2650=DIRECTION('',(-2.79794109028517E-16,-1.0,0.0));
#2651=ORIENTED_EDGE('',*,*,#5920,.F.);
#2652=ORIENTED_EDGE('',*,*,#5921,.T.);
#2653=ORIENTED_EDGE('',*,*,#5833,.F.);
#2654=ORIENTED_EDGE('',*,*,#5918,.T.);
#2655=CARTESIAN_POINT('',(-3.7,1.95,6.601));
#2656=DIRECTION('',(0.707106781186546,0.707106781186549,0.0));
#2657=DIRECTION('',(0.0,0.0,-1.0));
#2658=ORIENTED_EDGE('',*,*,#5922,.F.);
#2659=ORIENTED_EDGE('',*,*,#5834,.F.);
#2660=ORIENTED_EDGE('',*,*,#5921,.F.);
#2661=ORIENTED_EDGE('',*,*,#5923,.F.);
#2662=CARTESIAN_POINT('',(-3.7,3.1,6.601));
#2663=DIRECTION('',(1.0,7.54227598250787E-16,0.0));
#2664=DIRECTION('',(-7.54227598250787E-16,1.0,0.0));
#2665=ORIENTED_EDGE('',*,*,#5924,.T.);
#2666=ORIENTED_EDGE('',*,*,#5925,.T.);
#2667=ORIENTED_EDGE('',*,*,#5828,.T.);
#2668=ORIENTED_EDGE('',*,*,#5816,.T.);
#2669=ORIENTED_EDGE('',*,*,#5811,.T.);
#2670=CARTESIAN_POINT('',(4.82,2.15,6.601));
#2671=DIRECTION('',(-0.97175370394422,-0.23599732810074,0.0));
#2672=DIRECTION('',(-0.23599732810074,0.97175370394422,0.0));
#2673=ORIENTED_EDGE('',*,*,#5924,.F.);
#2674=ORIENTED_EDGE('',*,*,#5810,.T.);
#2675=ORIENTED_EDGE('',*,*,#5818,.F.);
#2676=ORIENTED_EDGE('',*,*,#5776,.F.);
#2677=CARTESIAN_POINT('',(4.65,2.85,6.601));
#2678=DIRECTION('',(-1.0,6.93889390390722E-15,0.0));
#2679=DIRECTION('',(0.0,0.0,1.0));
#2680=ORIENTED_EDGE('',*,*,#5926,.F.);
#2681=ORIENTED_EDGE('',*,*,#5769,.F.);
#2682=ORIENTED_EDGE('',*,*,#5927,.T.);
#2683=ORIENTED_EDGE('',*,*,#5869,.F.);
#2684=ORIENTED_EDGE('',*,*,#5871,.F.);
#2685=ORIENTED_EDGE('',*,*,#5852,.T.);
#2686=ORIENTED_EDGE('',*,*,#5858,.T.);
#2687=ORIENTED_EDGE('',*,*,#5928,.F.);
#2688=ORIENTED_EDGE('',*,*,#5923,.T.);
#2689=ORIENTED_EDGE('',*,*,#5920,.T.);
#2690=ORIENTED_EDGE('',*,*,#5917,.T.);
#2691=ORIENTED_EDGE('',*,*,#5749,.F.);
#2692=ORIENTED_EDGE('',*,*,#5855,.T.);
#2693=CARTESIAN_POINT('',(-5.40000000000001,2.45,0.9));
#2694=DIRECTION('',(0.0,-3.33600668457085E-16,-1.0));
#2695=DIRECTION('',(0.0,-1.0,3.33600668457085E-16));
#2696=ORIENTED_EDGE('',*,*,#5929,.F.);
#2697=ORIENTED_EDGE('',*,*,#5738,.F.);
#2698=ORIENTED_EDGE('',*,*,#5865,.F.);
#2699=ORIENTED_EDGE('',*,*,#5870,.F.);
#2700=ORIENTED_EDGE('',*,*,#5927,.F.);
#2701=ORIENTED_EDGE('',*,*,#5768,.F.);
#2702=CARTESIAN_POINT('',(-5.40000000000001,2.14999999999999,1.2));
#2703=DIRECTION('',(0.0,-0.707106781186547,-0.707106781186548));
#2704=DIRECTION('',(0.0,-0.707106781186548,0.707106781186547));
#2705=ORIENTED_EDGE('',*,*,#5866,.T.);
#2706=ORIENTED_EDGE('',*,*,#5736,.F.);
#2707=ORIENTED_EDGE('',*,*,#5839,.F.);
#2708=ORIENTED_EDGE('',*,*,#5867,.F.);
#2709=CARTESIAN_POINT('',(-5.40000000000002,2.85,1.35));
#2710=DIRECTION('',(0.0,-0.0712470499879089,0.997458699830735));
#2711=DIRECTION('',(-1.0,0.0,0.0));
#2712=ORIENTED_EDGE('',*,*,#5930,.T.);
#2713=ORIENTED_EDGE('',*,*,#5801,.T.);
#2714=ORIENTED_EDGE('',*,*,#5931,.F.);
#2715=ORIENTED_EDGE('',*,*,#5932,.F.);
#2716=CARTESIAN_POINT('',(4.4,0.6,0.835000000000011));
#2717=DIRECTION('',(0.866025403784438,-0.5,0.0));
#2718=DIRECTION('',(0.0,0.0,-1.0));
#2719=ORIENTED_EDGE('',*,*,#5933,.T.);
#2720=ORIENTED_EDGE('',*,*,#5932,.T.);
#2721=ORIENTED_EDGE('',*,*,#5934,.F.);
#2722=ORIENTED_EDGE('',*,*,#5935,.F.);
#2723=CARTESIAN_POINT('',(4.57,0.894448637286711,0.835000000000012));
#2724=DIRECTION('',(1.0,0.0,0.0));
#2725=DIRECTION('',(0.0,1.0,0.0));
#2726=ORIENTED_EDGE('',*,*,#5936,.T.);
#2727=ORIENTED_EDGE('',*,*,#5935,.T.);
#2728=ORIENTED_EDGE('',*,*,#5937,.F.);
#2729=ORIENTED_EDGE('',*,*,#5803,.F.);
#2730=CARTESIAN_POINT('',(4.57,1.58,0.835000000000013));
#2731=DIRECTION('',(0.707106781186589,0.707106781186506,0.0));
#2732=DIRECTION('',(0.0,0.0,-1.0));
#2733=ORIENTED_EDGE('',*,*,#5800,.T.);
#2734=ORIENTED_EDGE('',*,*,#5937,.T.);
#2735=ORIENTED_EDGE('',*,*,#5934,.T.);
#2736=ORIENTED_EDGE('',*,*,#5931,.T.);
#2737=CARTESIAN_POINT('',(-1.78186270086767E-15,-1.78186270086746E-15,0.835000000000005));
#2738=DIRECTION('',(1.31989829693901E-15,1.31989829693885E-15,-1.0));
#2739=DIRECTION('',(0.0,-1.0,-1.31989829693885E-15));
#2740=ORIENTED_EDGE('',*,*,#5802,.F.);
#2741=ORIENTED_EDGE('',*,*,#5930,.F.);
#2742=ORIENTED_EDGE('',*,*,#5933,.F.);
#2743=ORIENTED_EDGE('',*,*,#5936,.F.);
#2744=CARTESIAN_POINT('',(-1.78186270086767E-15,-1.78186270086746E-15,1.275));
#2745=DIRECTION('',(1.31989829693901E-15,1.31989829693885E-15,-1.0));
#2746=DIRECTION('',(0.0,-1.0,-1.31989829693885E-15));
#2747=ORIENTED_EDGE('',*,*,#5938,.T.);
#2748=ORIENTED_EDGE('',*,*,#5939,.T.);
#2749=ORIENTED_EDGE('',*,*,#5940,.F.);
#2750=ORIENTED_EDGE('',*,*,#5941,.F.);
#2751=CARTESIAN_POINT('',(-4.57,1.58,0.835000000000003));
#2752=DIRECTION('',(-1.0,0.0,0.0));
#2753=DIRECTION('',(0.0,0.0,1.0));
#2754=ORIENTED_EDGE('',*,*,#5942,.T.);
#2755=ORIENTED_EDGE('',*,*,#5941,.T.);
#2756=ORIENTED_EDGE('',*,*,#5943,.F.);
#2757=ORIENTED_EDGE('',*,*,#5732,.F.);
#2758=CARTESIAN_POINT('',(-4.57,0.894448637286711,0.835000000000002));
#2759=DIRECTION('',(-0.866025403784438,-0.5,0.0));
#2760=DIRECTION('',(-0.5,0.866025403784438,0.0));
#2761=ORIENTED_EDGE('',*,*,#5944,.T.);
#2762=ORIENTED_EDGE('',*,*,#5730,.T.);
#2763=ORIENTED_EDGE('',*,*,#5945,.F.);
#2764=ORIENTED_EDGE('',*,*,#5939,.F.);
#2765=CARTESIAN_POINT('',(-4.4,1.75,0.835000000000004));
#2766=DIRECTION('',(-0.707106781186549,0.707106781186546,0.0));
#2767=DIRECTION('',(0.0,0.0,1.0));
#2768=ORIENTED_EDGE('',*,*,#5940,.T.);
#2769=ORIENTED_EDGE('',*,*,#5945,.T.);
#2770=ORIENTED_EDGE('',*,*,#5729,.T.);
#2771=ORIENTED_EDGE('',*,*,#5943,.T.);
#2772=CARTESIAN_POINT('',(-1.73591207113502E-15,-1.70802424146601E-15,0.835000000000007));
#2773=DIRECTION('',(1.28586079343334E-15,1.26520314182666E-15,-1.0));
#2774=DIRECTION('',(0.0,-1.0,-1.26520314182666E-15));
#2775=ORIENTED_EDGE('',*,*,#5938,.F.);
#2776=ORIENTED_EDGE('',*,*,#5942,.F.);
#2777=ORIENTED_EDGE('',*,*,#5731,.F.);
#2778=ORIENTED_EDGE('',*,*,#5944,.F.);
#2779=CARTESIAN_POINT('',(-1.73591207113502E-15,-1.70802424146601E-15,1.27500000000001));
#2780=DIRECTION('',(1.28586079343334E-15,1.26520314182666E-15,-1.0));
#2781=DIRECTION('',(0.0,-1.0,-1.26520314182666E-15));
#2782=ORIENTED_EDGE('',*,*,#5922,.T.);
#2783=ORIENTED_EDGE('',*,*,#5928,.T.);
#2784=ORIENTED_EDGE('',*,*,#5857,.T.);
#2785=ORIENTED_EDGE('',*,*,#5835,.T.);
#2786=CARTESIAN_POINT('',(-4.15,2.90999999999999,1.35));
#2787=DIRECTION('',(-3.41480999208032E-16,-1.0,0.0));
#2788=DIRECTION('',(-1.0,3.41480999208032E-16,0.0));
#2789=ORIENTED_EDGE('',*,*,#5762,.T.);
#2790=ORIENTED_EDGE('',*,*,#5739,.T.);
#2791=ORIENTED_EDGE('',*,*,#5929,.T.);
#2792=ORIENTED_EDGE('',*,*,#5767,.T.);
#2793=CARTESIAN_POINT('',(-4.15000000000001,2.35,0.760000000000004));
#2794=DIRECTION('',(0.0,-1.0,6.9388939039072E-15));
#2795=DIRECTION('',(-1.0,0.0,0.0));
#2796=ORIENTED_EDGE('',*,*,#5926,.T.);
#2797=ORIENTED_EDGE('',*,*,#5854,.F.);
#2798=ORIENTED_EDGE('',*,*,#5696,.F.);
#2799=ORIENTED_EDGE('',*,*,#5770,.T.);
#2800=CARTESIAN_POINT('',(-4.15000000000001,2.65,1.01000000000001));
#2801=DIRECTION('',(0.0,1.0,-6.93889390390719E-15));
#2802=DIRECTION('',(0.0,-6.93889390390719E-15,-1.0));
#2803=ORIENTED_EDGE('',*,*,#5725,.T.);
#2804=ORIENTED_EDGE('',*,*,#5772,.T.);
#2805=ORIENTED_EDGE('',*,*,#5946,.F.);
#2806=ORIENTED_EDGE('',*,*,#5947,.F.);
#2807=ORIENTED_EDGE('',*,*,#5704,.T.);
#2808=ORIENTED_EDGE('',*,*,#5901,.T.);
#2809=CARTESIAN_POINT('',(4.1,0.0,0.0));
#2810=DIRECTION('',(1.0,0.0,0.0));
#2811=DIRECTION('',(0.0,1.0,0.0));
#2812=ORIENTED_EDGE('',*,*,#5744,.F.);
#2813=ORIENTED_EDGE('',*,*,#5903,.F.);
#2814=ORIENTED_EDGE('',*,*,#5708,.F.);
#2815=ORIENTED_EDGE('',*,*,#5948,.T.);
#2816=ORIENTED_EDGE('',*,*,#5949,.T.);
#2817=ORIENTED_EDGE('',*,*,#5830,.F.);
#2818=CARTESIAN_POINT('',(-4.1,0.0,0.0));
#2819=DIRECTION('',(1.0,0.0,0.0));
#2820=DIRECTION('',(0.0,1.0,0.0));
#2821=ORIENTED_EDGE('',*,*,#5950,.F.);
#2822=ORIENTED_EDGE('',*,*,#5951,.F.);
#2823=ORIENTED_EDGE('',*,*,#5919,.F.);
#2824=ORIENTED_EDGE('',*,*,#5831,.F.);
#2825=ORIENTED_EDGE('',*,*,#5949,.F.);
#2826=ORIENTED_EDGE('',*,*,#5952,.T.);
#2827=CARTESIAN_POINT('',(-8.99500000000001,1.75,1.35));
#2828=DIRECTION('',(0.0,0.0766964988847372,0.997054485501582));
#2829=DIRECTION('',(1.0,-0.0,0.0));
#2830=ORIENTED_EDGE('',*,*,#5953,.F.);
#2831=ORIENTED_EDGE('',*,*,#5952,.F.);
#2832=ORIENTED_EDGE('',*,*,#5948,.F.);
#2833=ORIENTED_EDGE('',*,*,#5707,.T.);
#2834=CARTESIAN_POINT('',(-8.99500000000001,0.450000000000002,1.45));
#2835=DIRECTION('',(0.0,0.624695047554424,0.78086880944303));
#2836=DIRECTION('',(1.0,-0.0,0.0));
#2837=ORIENTED_EDGE('',*,*,#5775,.T.);
#2838=ORIENTED_EDGE('',*,*,#5799,.T.);
#2839=ORIENTED_EDGE('',*,*,#5829,.F.);
#2840=ORIENTED_EDGE('',*,*,#5925,.F.);
#2841=CARTESIAN_POINT('',(5.39999999999999,2.85,1.35));
#2842=DIRECTION('',(0.0,0.0712470499879089,-0.997458699830735));
#2843=DIRECTION('',(-1.0,0.0,0.0));
#2844=ORIENTED_EDGE('',*,*,#5826,.T.);
#2845=ORIENTED_EDGE('',*,*,#5779,.F.);
#2846=ORIENTED_EDGE('',*,*,#5784,.F.);
#2847=ORIENTED_EDGE('',*,*,#5808,.F.);
#2848=CARTESIAN_POINT('',(4.15,2.90999999999999,1.35));
#2849=DIRECTION('',(-3.41480999208032E-16,1.0,0.0));
#2850=DIRECTION('',(1.0,3.41480999208032E-16,-0.0));
#2851=ORIENTED_EDGE('',*,*,#5954,.T.);
#2852=ORIENTED_EDGE('',*,*,#5955,.T.);
#2853=ORIENTED_EDGE('',*,*,#5689,.T.);
#2854=ORIENTED_EDGE('',*,*,#5956,.T.);
#2855=ORIENTED_EDGE('',*,*,#5813,.F.);
#2856=ORIENTED_EDGE('',*,*,#5815,.F.);
#2857=ORIENTED_EDGE('',*,*,#5957,.T.);
#2858=CARTESIAN_POINT('',(4.45000000000001,2.50000000000003,0.760000000000001));
#2859=DIRECTION('',(-1.0,0.0,0.0));
#2860=DIRECTION('',(0.0,0.0,1.0));
#2861=ORIENTED_EDGE('',*,*,#5814,.F.);
#2862=ORIENTED_EDGE('',*,*,#5796,.T.);
#2863=ORIENTED_EDGE('',*,*,#5958,.F.);
#2864=ORIENTED_EDGE('',*,*,#5957,.F.);
#2865=CARTESIAN_POINT('',(4.15,2.35,0.760000000000004));
#2866=DIRECTION('',(0.0,1.0,-6.9388939039072E-15));
#2867=DIRECTION('',(0.0,-6.9388939039072E-15,-1.0));
#2868=ORIENTED_EDGE('',*,*,#5688,.T.);
#2869=ORIENTED_EDGE('',*,*,#5786,.T.);
#2870=ORIENTED_EDGE('',*,*,#5804,.F.);
#2871=ORIENTED_EDGE('',*,*,#5956,.F.);
#2872=CARTESIAN_POINT('',(4.14999999999999,2.65,1.01000000000001));
#2873=DIRECTION('',(0.0,-1.0,6.9388939039072E-15));
#2874=DIRECTION('',(-1.0,0.0,0.0));
#2875=ORIENTED_EDGE('',*,*,#5686,.T.);
#2876=ORIENTED_EDGE('',*,*,#5959,.T.);
#2877=ORIENTED_EDGE('',*,*,#5960,.T.);
#2878=ORIENTED_EDGE('',*,*,#5954,.F.);
#2879=ORIENTED_EDGE('',*,*,#5958,.T.);
#2880=ORIENTED_EDGE('',*,*,#5791,.F.);
#2881=ORIENTED_EDGE('',*,*,#5787,.T.);
#2882=CARTESIAN_POINT('',(4.15000000000001,2.50000000000003,0.760000000000001));
#2883=DIRECTION('',(-1.0,0.0,-0.0));
#2884=DIRECTION('',(0.0,0.0,-1.0));
#2885=ORIENTED_EDGE('',*,*,#5961,.T.);
#2886=ORIENTED_EDGE('',*,*,#5962,.T.);
#2887=ORIENTED_EDGE('',*,*,#5963,.F.);
#2888=ORIENTED_EDGE('',*,*,#5946,.T.);
#2889=ORIENTED_EDGE('',*,*,#5771,.T.);
#2890=ORIENTED_EDGE('',*,*,#5820,.T.);
#2891=CARTESIAN_POINT('',(8.99499999999996,1.75,1.35));
#2892=DIRECTION('',(0.0,-0.0766964988847373,-0.997054485501582));
#2893=DIRECTION('',(0.0,-0.997054485501582,0.0766964988847373));
#2894=ORIENTED_EDGE('',*,*,#5963,.T.);
#2895=ORIENTED_EDGE('',*,*,#5964,.T.);
#2896=ORIENTED_EDGE('',*,*,#5705,.F.);
#2897=ORIENTED_EDGE('',*,*,#5947,.T.);
#2898=CARTESIAN_POINT('',(8.99499999999995,0.450000000000002,1.45));
#2899=DIRECTION('',(0.0,-0.624695047554424,-0.78086880944303));
#2900=DIRECTION('',(0.0,-0.78086880944303,0.624695047554424));
#2901=ORIENTED_EDGE('',*,*,#5899,.T.);
#2902=ORIENTED_EDGE('',*,*,#5965,.T.);
#2903=ORIENTED_EDGE('',*,*,#5966,.T.);
#2904=ORIENTED_EDGE('',*,*,#5967,.F.);
#2905=CARTESIAN_POINT('',(-4.2,-0.3,1.77));
#2906=DIRECTION('',(-0.832050294337843,-0.55470019622523,0.0));
#2907=DIRECTION('',(-0.55470019622523,0.832050294337843,0.0));
#2908=ORIENTED_EDGE('',*,*,#5898,.F.);
#2909=ORIENTED_EDGE('',*,*,#5968,.T.);
#2910=ORIENTED_EDGE('',*,*,#5969,.T.);
#2911=ORIENTED_EDGE('',*,*,#5965,.F.);
#2912=CARTESIAN_POINT('',(-4.0,-0.6,1.77));
#2913=DIRECTION('',(0.832050294337844,-0.554700196225229,0.0));
#2914=DIRECTION('',(0.0,0.0,-1.0));
#2915=ORIENTED_EDGE('',*,*,#5900,.T.);
#2916=ORIENTED_EDGE('',*,*,#5967,.T.);
#2917=ORIENTED_EDGE('',*,*,#5970,.T.);
#2918=ORIENTED_EDGE('',*,*,#5968,.F.);
#2919=CARTESIAN_POINT('',(-3.8,-0.3,1.77));
#2920=DIRECTION('',(-0.0,1.0,0.0));
#2921=DIRECTION('',(1.0,0.0,0.0));
#2922=ORIENTED_EDGE('',*,*,#5966,.F.);
#2923=ORIENTED_EDGE('',*,*,#5969,.F.);
#2924=ORIENTED_EDGE('',*,*,#5970,.F.);
#2925=CARTESIAN_POINT('',(0.0,0.0,1.77));
#2926=DIRECTION('',(0.0,0.0,1.0));
#2927=DIRECTION('',(1.0,0.0,0.0));
#2928=ORIENTED_EDGE('',*,*,#5971,.F.);
#2929=ORIENTED_EDGE('',*,*,#5972,.T.);
#2930=ORIENTED_EDGE('',*,*,#5973,.T.);
#2931=ORIENTED_EDGE('',*,*,#5974,.F.);
#2932=ORIENTED_EDGE('',*,*,#5975,.T.);
#2933=ORIENTED_EDGE('',*,*,#5976,.T.);
#2934=ORIENTED_EDGE('',*,*,#5977,.F.);
#2935=ORIENTED_EDGE('',*,*,#5978,.F.);
#2936=ORIENTED_EDGE('',*,*,#5979,.F.);
#2937=ORIENTED_EDGE('',*,*,#5980,.T.);
#2938=ORIENTED_EDGE('',*,*,#5981,.T.);
#2939=ORIENTED_EDGE('',*,*,#5982,.F.);
#2940=ORIENTED_EDGE('',*,*,#5983,.F.);
#2941=ORIENTED_EDGE('',*,*,#5984,.T.);
#2942=ORIENTED_EDGE('',*,*,#5985,.T.);
#2943=ORIENTED_EDGE('',*,*,#5986,.F.);
#2944=ORIENTED_EDGE('',*,*,#5987,.F.);
#2945=ORIENTED_EDGE('',*,*,#5988,.T.);
#2946=ORIENTED_EDGE('',*,*,#5989,.T.);
#2947=ORIENTED_EDGE('',*,*,#5990,.F.);
#2948=ORIENTED_EDGE('',*,*,#5991,.F.);
#2949=ORIENTED_EDGE('',*,*,#5992,.T.);
#2950=ORIENTED_EDGE('',*,*,#5993,.T.);
#2951=ORIENTED_EDGE('',*,*,#5994,.F.);
#2952=ORIENTED_EDGE('',*,*,#5995,.F.);
#2953=ORIENTED_EDGE('',*,*,#5996,.T.);
#2954=ORIENTED_EDGE('',*,*,#5997,.T.);
#2955=ORIENTED_EDGE('',*,*,#5998,.F.);
#2956=ORIENTED_EDGE('',*,*,#5999,.F.);
#2957=ORIENTED_EDGE('',*,*,#6000,.T.);
#2958=ORIENTED_EDGE('',*,*,#6001,.T.);
#2959=ORIENTED_EDGE('',*,*,#6002,.F.);
#2960=ORIENTED_EDGE('',*,*,#6003,.F.);
#2961=ORIENTED_EDGE('',*,*,#6004,.T.);
#2962=ORIENTED_EDGE('',*,*,#6005,.T.);
#2963=ORIENTED_EDGE('',*,*,#6006,.F.);
#2964=ORIENTED_EDGE('',*,*,#6007,.F.);
#2965=ORIENTED_EDGE('',*,*,#6008,.T.);
#2966=ORIENTED_EDGE('',*,*,#6009,.T.);
#2967=ORIENTED_EDGE('',*,*,#6010,.F.);
#2968=ORIENTED_EDGE('',*,*,#6011,.F.);
#2969=ORIENTED_EDGE('',*,*,#6012,.T.);
#2970=ORIENTED_EDGE('',*,*,#6013,.T.);
#2971=ORIENTED_EDGE('',*,*,#6014,.F.);
#2972=ORIENTED_EDGE('',*,*,#6015,.F.);
#2973=ORIENTED_EDGE('',*,*,#6016,.T.);
#2974=ORIENTED_EDGE('',*,*,#6017,.T.);
#2975=ORIENTED_EDGE('',*,*,#6018,.F.);
#2976=ORIENTED_EDGE('',*,*,#5843,.F.);
#2977=ORIENTED_EDGE('',*,*,#5878,.F.);
#2978=ORIENTED_EDGE('',*,*,#5904,.F.);
#2979=ORIENTED_EDGE('',*,*,#5872,.T.);
#2980=CARTESIAN_POINT('',(2.985,2.1,0.929999999999995));
#2981=DIRECTION('',(0.0,-0.685801146497094,-0.727788971792835));
#2982=DIRECTION('',(0.0,-0.727788971792835,0.685801146497094));
#2983=ORIENTED_EDGE('',*,*,#6019,.T.);
#2984=ORIENTED_EDGE('',*,*,#5794,.T.);
#2985=ORIENTED_EDGE('',*,*,#6020,.T.);
#2986=ORIENTED_EDGE('',*,*,#6021,.T.);
#2987=ORIENTED_EDGE('',*,*,#5959,.F.);
#2988=ORIENTED_EDGE('',*,*,#5691,.F.);
#2989=ORIENTED_EDGE('',*,*,#6022,.T.);
#2990=ORIENTED_EDGE('',*,*,#6023,.F.);
#2991=ORIENTED_EDGE('',*,*,#6024,.F.);
#2992=CARTESIAN_POINT('',(4.25,0.0499999999999998,18.81));
#2993=DIRECTION('',(-1.0,-6.48494757374507E-16,0.0));
#2994=DIRECTION('',(-6.48494757374507E-16,1.0,0.0));
#2995=ORIENTED_EDGE('',*,*,#5960,.F.);
#2996=ORIENTED_EDGE('',*,*,#6021,.F.);
#2997=ORIENTED_EDGE('',*,*,#6025,.T.);
#2998=ORIENTED_EDGE('',*,*,#6026,.F.);
#2999=ORIENTED_EDGE('',*,*,#6027,.F.);
#3000=ORIENTED_EDGE('',*,*,#6028,.T.);
#3001=ORIENTED_EDGE('',*,*,#6029,.F.);
#3002=ORIENTED_EDGE('',*,*,#6022,.F.);
#3003=ORIENTED_EDGE('',*,*,#5690,.F.);
#3004=ORIENTED_EDGE('',*,*,#5955,.F.);
#3005=CARTESIAN_POINT('',(4.9,3.5,0.69));
#3006=DIRECTION('',(-2.16840434497101E-16,0.0,1.0));
#3007=DIRECTION('',(1.0,-0.0,2.16840434497101E-16));
#3008=ORIENTED_EDGE('',*,*,#5962,.F.);
#3009=ORIENTED_EDGE('',*,*,#6030,.T.);
#3010=ORIENTED_EDGE('',*,*,#6031,.T.);
#3011=ORIENTED_EDGE('',*,*,#6032,.T.);
#3012=ORIENTED_EDGE('',*,*,#6033,.T.);
#3013=ORIENTED_EDGE('',*,*,#5702,.T.);
#3014=ORIENTED_EDGE('',*,*,#5964,.F.);
#3015=CARTESIAN_POINT('',(3.9,2.725,18.81));
#3016=DIRECTION('',(1.0,0.0,0.0));
#3017=DIRECTION('',(0.0,1.0,0.0));
#3018=ORIENTED_EDGE('',*,*,#6034,.F.);
#3019=ORIENTED_EDGE('',*,*,#6035,.T.);
#3020=ORIENTED_EDGE('',*,*,#6036,.F.);
#3021=ORIENTED_EDGE('',*,*,#6037,.T.);
#3022=CARTESIAN_POINT('',(2.985,1.71,0.589999999999996));
#3023=DIRECTION('',(0.0,-0.102028865498569,0.994781438611052));
#3024=DIRECTION('',(-1.0,0.0,0.0));
#3025=ORIENTED_EDGE('',*,*,#6038,.F.);
#3026=ORIENTED_EDGE('',*,*,#6039,.F.);
#3027=ORIENTED_EDGE('',*,*,#6040,.T.);
#3028=ORIENTED_EDGE('',*,*,#6041,.F.);
#3029=CARTESIAN_POINT('',(2.985,1.71,0.589999999999996));
#3030=DIRECTION('',(0.0,-0.102028865498569,0.994781438611052));
#3031=DIRECTION('',(-1.0,0.0,0.0));
#3032=ORIENTED_EDGE('',*,*,#6042,.F.);
#3033=ORIENTED_EDGE('',*,*,#6043,.F.);
#3034=ORIENTED_EDGE('',*,*,#6044,.T.);
#3035=ORIENTED_EDGE('',*,*,#6045,.F.);
#3036=CARTESIAN_POINT('',(2.985,1.71,0.589999999999996));
#3037=DIRECTION('',(0.0,-0.102028865498569,0.994781438611052));
#3038=DIRECTION('',(-1.0,0.0,0.0));
#3039=ORIENTED_EDGE('',*,*,#6046,.F.);
#3040=ORIENTED_EDGE('',*,*,#6047,.F.);
#3041=ORIENTED_EDGE('',*,*,#6048,.T.);
#3042=ORIENTED_EDGE('',*,*,#6049,.F.);
#3043=CARTESIAN_POINT('',(2.985,1.71,0.589999999999996));
#3044=DIRECTION('',(0.0,-0.102028865498569,0.994781438611052));
#3045=DIRECTION('',(-1.0,0.0,0.0));
#3046=ORIENTED_EDGE('',*,*,#6050,.F.);
#3047=ORIENTED_EDGE('',*,*,#6051,.F.);
#3048=ORIENTED_EDGE('',*,*,#6052,.T.);
#3049=ORIENTED_EDGE('',*,*,#6053,.F.);
#3050=CARTESIAN_POINT('',(2.985,1.71,0.589999999999996));
#3051=DIRECTION('',(0.0,-0.102028865498569,0.994781438611052));
#3052=DIRECTION('',(-1.0,0.0,0.0));
#3053=ORIENTED_EDGE('',*,*,#6054,.F.);
#3054=ORIENTED_EDGE('',*,*,#6055,.F.);
#3055=ORIENTED_EDGE('',*,*,#6056,.T.);
#3056=ORIENTED_EDGE('',*,*,#6057,.F.);
#3057=CARTESIAN_POINT('',(2.985,1.71,0.589999999999996));
#3058=DIRECTION('',(0.0,-0.102028865498569,0.994781438611052));
#3059=DIRECTION('',(-1.0,0.0,0.0));
#3060=ORIENTED_EDGE('',*,*,#6058,.F.);
#3061=ORIENTED_EDGE('',*,*,#6059,.F.);
#3062=ORIENTED_EDGE('',*,*,#6060,.T.);
#3063=ORIENTED_EDGE('',*,*,#6061,.F.);
#3064=CARTESIAN_POINT('',(2.985,1.71,0.589999999999996));
#3065=DIRECTION('',(0.0,-0.102028865498569,0.994781438611052));
#3066=DIRECTION('',(-1.0,0.0,0.0));
#3067=ORIENTED_EDGE('',*,*,#6062,.F.);
#3068=ORIENTED_EDGE('',*,*,#6063,.F.);
#3069=ORIENTED_EDGE('',*,*,#6064,.T.);
#3070=ORIENTED_EDGE('',*,*,#6065,.F.);
#3071=CARTESIAN_POINT('',(2.985,1.71,0.589999999999996));
#3072=DIRECTION('',(0.0,-0.102028865498569,0.994781438611052));
#3073=DIRECTION('',(-1.0,0.0,0.0));
#3074=ORIENTED_EDGE('',*,*,#6066,.F.);
#3075=ORIENTED_EDGE('',*,*,#6067,.F.);
#3076=ORIENTED_EDGE('',*,*,#6068,.T.);
#3077=ORIENTED_EDGE('',*,*,#6069,.F.);
#3078=CARTESIAN_POINT('',(2.985,1.71,0.589999999999996));
#3079=DIRECTION('',(0.0,-0.102028865498569,0.994781438611052));
#3080=DIRECTION('',(-1.0,0.0,0.0));
#3081=ORIENTED_EDGE('',*,*,#6070,.F.);
#3082=ORIENTED_EDGE('',*,*,#6071,.F.);
#3083=ORIENTED_EDGE('',*,*,#6072,.T.);
#3084=ORIENTED_EDGE('',*,*,#6073,.F.);
#3085=CARTESIAN_POINT('',(2.985,1.71,0.589999999999996));
#3086=DIRECTION('',(0.0,-0.102028865498569,0.994781438611052));
#3087=DIRECTION('',(-1.0,0.0,0.0));
#3088=ORIENTED_EDGE('',*,*,#6074,.F.);
#3089=ORIENTED_EDGE('',*,*,#6075,.F.);
#3090=ORIENTED_EDGE('',*,*,#6076,.T.);
#3091=ORIENTED_EDGE('',*,*,#6077,.F.);
#3092=CARTESIAN_POINT('',(2.985,1.71,0.589999999999996));
#3093=DIRECTION('',(0.0,-0.102028865498569,0.994781438611052));
#3094=DIRECTION('',(-1.0,0.0,0.0));
#3095=ORIENTED_EDGE('',*,*,#5911,.T.);
#3096=ORIENTED_EDGE('',*,*,#5895,.F.);
#3097=ORIENTED_EDGE('',*,*,#6078,.F.);
#3098=ORIENTED_EDGE('',*,*,#6079,.T.);
#3099=ORIENTED_EDGE('',*,*,#6080,.F.);
#3100=ORIENTED_EDGE('',*,*,#6081,.F.);
#3101=ORIENTED_EDGE('',*,*,#6082,.F.);
#3102=ORIENTED_EDGE('',*,*,#5909,.T.);
#3103=CARTESIAN_POINT('',(0.0,0.0,0.0));
#3104=DIRECTION('',(0.0,-1.0,0.0));
#3105=DIRECTION('',(0.0,0.0,-1.0));
#3106=ORIENTED_EDGE('',*,*,#6083,.F.);
#3107=ORIENTED_EDGE('',*,*,#6084,.T.);
#3108=ORIENTED_EDGE('',*,*,#6085,.T.);
#3109=ORIENTED_EDGE('',*,*,#6086,.F.);
#3110=CARTESIAN_POINT('',(-3.6,34.65,0.83));
#3111=DIRECTION('',(1.0,0.0,0.0));
#3112=DIRECTION('',(0.0,1.0,0.0));
#3113=ORIENTED_EDGE('',*,*,#6087,.F.);
#3114=ORIENTED_EDGE('',*,*,#6088,.T.);
#3115=ORIENTED_EDGE('',*,*,#6089,.T.);
#3116=ORIENTED_EDGE('',*,*,#6090,.F.);
#3117=CARTESIAN_POINT('',(3.6,34.65,0.83));
#3118=DIRECTION('',(1.0,0.0,0.0));
#3119=DIRECTION('',(0.0,1.0,0.0));
#3120=ORIENTED_EDGE('',*,*,#5715,.F.);
#3121=ORIENTED_EDGE('',*,*,#6091,.T.);
#3122=ORIENTED_EDGE('',*,*,#6092,.F.);
#3123=ORIENTED_EDGE('',*,*,#6093,.T.);
#3124=CARTESIAN_POINT('',(3.6,0.8,0.969999999999995));
#3125=DIRECTION('',(1.76293036176504E-16,0.0,1.0));
#3126=DIRECTION('',(1.0,0.0,-1.76293036176504E-16));
#3127=ORIENTED_EDGE('',*,*,#6094,.F.);
#3128=ORIENTED_EDGE('',*,*,#6095,.F.);
#3129=ORIENTED_EDGE('',*,*,#6096,.F.);
#3130=ORIENTED_EDGE('',*,*,#6092,.T.);
#3131=CARTESIAN_POINT('',(0.0,0.8,0.0));
#3132=DIRECTION('',(-0.0,1.0,0.0));
#3133=DIRECTION('',(1.0,0.0,0.0));
#3134=ORIENTED_EDGE('',*,*,#6097,.F.);
#3135=ORIENTED_EDGE('',*,*,#5755,.T.);
#3136=ORIENTED_EDGE('',*,*,#6098,.F.);
#3137=ORIENTED_EDGE('',*,*,#6099,.T.);
#3138=CARTESIAN_POINT('',(-3.6,0.8,0.969999999999995));
#3139=DIRECTION('',(1.76293036176504E-16,0.0,-1.0));
#3140=DIRECTION('',(0.0,-1.0,0.0));
#3141=ORIENTED_EDGE('',*,*,#6100,.T.);
#3142=ORIENTED_EDGE('',*,*,#6101,.T.);
#3143=ORIENTED_EDGE('',*,*,#6099,.F.);
#3144=ORIENTED_EDGE('',*,*,#6102,.T.);
#3145=CARTESIAN_POINT('',(0.0,0.8,0.0));
#3146=DIRECTION('',(0.0,-1.0,0.0));
#3147=DIRECTION('',(0.0,0.0,-1.0));
#3148=ORIENTED_EDGE('',*,*,#6103,.F.);
#3149=ORIENTED_EDGE('',*,*,#6104,.T.);
#3150=ORIENTED_EDGE('',*,*,#6032,.F.);
#3151=ORIENTED_EDGE('',*,*,#6105,.F.);
#3152=ORIENTED_EDGE('',*,*,#6106,.F.);
#3153=ORIENTED_EDGE('',*,*,#6107,.F.);
#3154=ORIENTED_EDGE('',*,*,#6108,.F.);
#3155=ORIENTED_EDGE('',*,*,#6109,.T.);
#3156=ORIENTED_EDGE('',*,*,#6110,.T.);
#3157=ORIENTED_EDGE('',*,*,#6111,.F.);
#3158=ORIENTED_EDGE('',*,*,#6112,.F.);
#3159=ORIENTED_EDGE('',*,*,#6113,.F.);
#3160=CARTESIAN_POINT('',(4.9,3.5,1.9));
#3161=DIRECTION('',(-3.5402519917894E-16,0.0,1.0));
#3162=DIRECTION('',(1.0,-0.0,3.5402519917894E-16));
#3163=ORIENTED_EDGE('',*,*,#6114,.F.);
#3164=ORIENTED_EDGE('',*,*,#5950,.T.);
#3165=ORIENTED_EDGE('',*,*,#5953,.T.);
#3166=ORIENTED_EDGE('',*,*,#5706,.T.);
#3167=ORIENTED_EDGE('',*,*,#6115,.T.);
#3168=ORIENTED_EDGE('',*,*,#6103,.T.);
#3169=ORIENTED_EDGE('',*,*,#6116,.F.);
#3170=CARTESIAN_POINT('',(-3.9,0.0,18.81));
#3171=DIRECTION('',(-1.0,0.0,0.0));
#3172=DIRECTION('',(0.0,0.0,1.0));
#3173=ORIENTED_EDGE('',*,*,#6117,.F.);
#3174=ORIENTED_EDGE('',*,*,#6118,.T.);
#3175=ORIENTED_EDGE('',*,*,#6119,.T.);
#3176=ORIENTED_EDGE('',*,*,#6120,.T.);
#3177=ORIENTED_EDGE('',*,*,#6121,.T.);
#3178=ORIENTED_EDGE('',*,*,#6122,.T.);
#3179=ORIENTED_EDGE('',*,*,#6123,.F.);
#3180=ORIENTED_EDGE('',*,*,#6124,.F.);
#3181=ORIENTED_EDGE('',*,*,#6125,.F.);
#3182=ORIENTED_EDGE('',*,*,#6126,.F.);
#3183=ORIENTED_EDGE('',*,*,#6085,.F.);
#3184=ORIENTED_EDGE('',*,*,#6127,.T.);
#3185=ORIENTED_EDGE('',*,*,#6128,.F.);
#3186=ORIENTED_EDGE('',*,*,#6129,.T.);
#3187=ORIENTED_EDGE('',*,*,#6130,.T.);
#3188=ORIENTED_EDGE('',*,*,#6131,.T.);
#3189=ORIENTED_EDGE('',*,*,#6090,.T.);
#3190=ORIENTED_EDGE('',*,*,#6132,.T.);
#3191=ORIENTED_EDGE('',*,*,#6133,.T.);
#3192=ORIENTED_EDGE('',*,*,#6027,.T.);
#3193=ORIENTED_EDGE('',*,*,#6134,.T.);
#3194=ORIENTED_EDGE('',*,*,#6135,.T.);
#3195=ORIENTED_EDGE('',*,*,#6136,.T.);
#3196=ORIENTED_EDGE('',*,*,#6137,.T.);
#3197=ORIENTED_EDGE('',*,*,#6138,.T.);
#3198=ORIENTED_EDGE('',*,*,#6139,.T.);
#3199=ORIENTED_EDGE('',*,*,#6140,.F.);
#3200=ORIENTED_EDGE('',*,*,#6141,.T.);
#3201=ORIENTED_EDGE('',*,*,#6142,.T.);
#3202=ORIENTED_EDGE('',*,*,#6143,.T.);
#3203=ORIENTED_EDGE('',*,*,#6144,.F.);
#3204=ORIENTED_EDGE('',*,*,#6145,.T.);
#3205=ORIENTED_EDGE('',*,*,#6146,.T.);
#3206=ORIENTED_EDGE('',*,*,#6147,.T.);
#3207=ORIENTED_EDGE('',*,*,#6148,.F.);
#3208=ORIENTED_EDGE('',*,*,#6149,.T.);
#3209=ORIENTED_EDGE('',*,*,#6150,.T.);
#3210=ORIENTED_EDGE('',*,*,#6151,.T.);
#3211=ORIENTED_EDGE('',*,*,#6152,.F.);
#3212=ORIENTED_EDGE('',*,*,#6153,.T.);
#3213=ORIENTED_EDGE('',*,*,#6154,.F.);
#3214=ORIENTED_EDGE('',*,*,#6155,.T.);
#3215=ORIENTED_EDGE('',*,*,#6156,.T.);
#3216=ORIENTED_EDGE('',*,*,#6157,.T.);
#3217=ORIENTED_EDGE('',*,*,#6158,.F.);
#3218=ORIENTED_EDGE('',*,*,#6159,.T.);
#3219=ORIENTED_EDGE('',*,*,#6160,.T.);
#3220=ORIENTED_EDGE('',*,*,#6161,.T.);
#3221=ORIENTED_EDGE('',*,*,#6162,.F.);
#3222=ORIENTED_EDGE('',*,*,#6163,.T.);
#3223=ORIENTED_EDGE('',*,*,#6164,.T.);
#3224=ORIENTED_EDGE('',*,*,#6165,.T.);
#3225=ORIENTED_EDGE('',*,*,#6166,.F.);
#3226=ORIENTED_EDGE('',*,*,#6167,.T.);
#3227=ORIENTED_EDGE('',*,*,#6168,.T.);
#3228=ORIENTED_EDGE('',*,*,#6169,.T.);
#3229=ORIENTED_EDGE('',*,*,#6170,.F.);
#3230=ORIENTED_EDGE('',*,*,#6171,.T.);
#3231=ORIENTED_EDGE('',*,*,#6172,.T.);
#3232=ORIENTED_EDGE('',*,*,#6173,.T.);
#3233=ORIENTED_EDGE('',*,*,#6174,.F.);
#3234=ORIENTED_EDGE('',*,*,#6175,.T.);
#3235=ORIENTED_EDGE('',*,*,#6176,.T.);
#3236=ORIENTED_EDGE('',*,*,#6177,.T.);
#3237=CARTESIAN_POINT('',(48.51,3.35,1.60000000000001));
#3238=DIRECTION('',(-0.0,1.0,0.0));
#3239=DIRECTION('',(1.0,0.0,0.0));
#3240=ORIENTED_EDGE('',*,*,#6128,.T.);
#3241=ORIENTED_EDGE('',*,*,#6178,.T.);
#3242=ORIENTED_EDGE('',*,*,#6179,.T.);
#3243=ORIENTED_EDGE('',*,*,#6180,.F.);
#3244=ORIENTED_EDGE('',*,*,#6123,.T.);
#3245=ORIENTED_EDGE('',*,*,#6181,.T.);
#3246=ORIENTED_EDGE('',*,*,#6182,.F.);
#3247=ORIENTED_EDGE('',*,*,#6110,.F.);
#3248=ORIENTED_EDGE('',*,*,#6183,.T.);
#3249=ORIENTED_EDGE('',*,*,#6184,.T.);
#3250=CARTESIAN_POINT('',(-4.9,3.5,1.9));
#3251=DIRECTION('',(-1.0,0.0,0.0));
#3252=DIRECTION('',(0.0,0.0,1.0));
#3253=ORIENTED_EDGE('',*,*,#6023,.T.);
#3254=ORIENTED_EDGE('',*,*,#6029,.T.);
#3255=ORIENTED_EDGE('',*,*,#6185,.F.);
#3256=ORIENTED_EDGE('',*,*,#6186,.F.);
#3257=CARTESIAN_POINT('',(4.075,2.725,18.81));
#3258=DIRECTION('',(0.0,0.0,1.0));
#3259=DIRECTION('',(-1.0,0.0,0.0));
#3260=ORIENTED_EDGE('',*,*,#6134,.F.);
#3261=ORIENTED_EDGE('',*,*,#6026,.T.);
#3262=ORIENTED_EDGE('',*,*,#6187,.F.);
#3263=ORIENTED_EDGE('',*,*,#6188,.F.);
#3264=ORIENTED_EDGE('',*,*,#6130,.F.);
#3265=ORIENTED_EDGE('',*,*,#6189,.F.);
#3266=ORIENTED_EDGE('',*,*,#6190,.T.);
#3267=ORIENTED_EDGE('',*,*,#6108,.T.);
#3268=ORIENTED_EDGE('',*,*,#6191,.T.);
#3269=ORIENTED_EDGE('',*,*,#6192,.F.);
#3270=CARTESIAN_POINT('',(4.9,3.5,2.22044604925031E-16));
#3271=DIRECTION('',(1.0,0.0,0.0));
#3272=DIRECTION('',(0.0,1.0,0.0));
#3273=ORIENTED_EDGE('',*,*,#6126,.T.);
#3274=ORIENTED_EDGE('',*,*,#6193,.T.);
#3275=ORIENTED_EDGE('',*,*,#5757,.T.);
#3276=ORIENTED_EDGE('',*,*,#6194,.T.);
#3277=ORIENTED_EDGE('',*,*,#6195,.T.);
#3278=ORIENTED_EDGE('',*,*,#6086,.T.);
#3279=CARTESIAN_POINT('',(-4.4,34.65,0.83));
#3280=DIRECTION('',(2.71050543121376E-16,0.0,-1.0));
#3281=DIRECTION('',(0.0,-1.0,0.0));
#3282=ORIENTED_EDGE('',*,*,#6196,.T.);
#3283=ORIENTED_EDGE('',*,*,#5773,.T.);
#3284=ORIENTED_EDGE('',*,*,#6197,.F.);
#3285=ORIENTED_EDGE('',*,*,#6198,.T.);
#3286=CARTESIAN_POINT('',(4.4,34.65,1.42));
#3287=DIRECTION('',(-1.0,0.0,0.0));
#3288=DIRECTION('',(0.0,0.0,1.0));
#3289=ORIENTED_EDGE('',*,*,#6199,.F.);
#3290=ORIENTED_EDGE('',*,*,#6132,.F.);
#3291=ORIENTED_EDGE('',*,*,#6089,.F.);
#3292=ORIENTED_EDGE('',*,*,#6200,.T.);
#3293=ORIENTED_EDGE('',*,*,#6201,.T.);
#3294=ORIENTED_EDGE('',*,*,#5713,.F.);
#3295=CARTESIAN_POINT('',(4.4,34.65,0.83));
#3296=DIRECTION('',(2.71050543121376E-16,0.0,1.0));
#3297=DIRECTION('',(1.0,0.0,-2.71050543121376E-16));
#3298=ORIENTED_EDGE('',*,*,#6202,.F.);
#3299=ORIENTED_EDGE('',*,*,#5883,.F.);
#3300=ORIENTED_EDGE('',*,*,#5910,.F.);
#3301=ORIENTED_EDGE('',*,*,#5906,.T.);
#3302=ORIENTED_EDGE('',*,*,#6203,.T.);
#3303=ORIENTED_EDGE('',*,*,#6204,.F.);
#3304=ORIENTED_EDGE('',*,*,#6205,.T.);
#3305=ORIENTED_EDGE('',*,*,#6206,.T.);
#3306=CARTESIAN_POINT('',(0.0,0.0,0.0));
#3307=DIRECTION('',(0.0,-1.0,0.0));
#3308=DIRECTION('',(0.0,0.0,-1.0));
#3309=ORIENTED_EDGE('',*,*,#6102,.F.);
#3310=ORIENTED_EDGE('',*,*,#6098,.T.);
#3311=ORIENTED_EDGE('',*,*,#5754,.T.);
#3312=ORIENTED_EDGE('',*,*,#6082,.T.);
#3313=ORIENTED_EDGE('',*,*,#6207,.T.);
#3314=ORIENTED_EDGE('',*,*,#6037,.F.);
#3315=ORIENTED_EDGE('',*,*,#6208,.F.);
#3316=ORIENTED_EDGE('',*,*,#5975,.F.);
#3317=ORIENTED_EDGE('',*,*,#6209,.F.);
#3318=CARTESIAN_POINT('',(-2.985,0.0,0.0));
#3319=DIRECTION('',(1.0,0.0,0.0));
#3320=DIRECTION('',(0.0,1.0,0.0));
#3321=ORIENTED_EDGE('',*,*,#6210,.F.);
#3322=ORIENTED_EDGE('',*,*,#6120,.F.);
#3323=ORIENTED_EDGE('',*,*,#6211,.F.);
#3324=ORIENTED_EDGE('',*,*,#6177,.F.);
#3325=ORIENTED_EDGE('',*,*,#6212,.F.);
#3326=ORIENTED_EDGE('',*,*,#6173,.F.);
#3327=ORIENTED_EDGE('',*,*,#6213,.F.);
#3328=ORIENTED_EDGE('',*,*,#6169,.F.);
#3329=ORIENTED_EDGE('',*,*,#6214,.F.);
#3330=ORIENTED_EDGE('',*,*,#6165,.F.);
#3331=ORIENTED_EDGE('',*,*,#6215,.F.);
#3332=ORIENTED_EDGE('',*,*,#6161,.F.);
#3333=ORIENTED_EDGE('',*,*,#6216,.F.);
#3334=ORIENTED_EDGE('',*,*,#6157,.F.);
#3335=ORIENTED_EDGE('',*,*,#6217,.F.);
#3336=ORIENTED_EDGE('',*,*,#6153,.F.);
#3337=ORIENTED_EDGE('',*,*,#6218,.F.);
#3338=ORIENTED_EDGE('',*,*,#6149,.F.);
#3339=ORIENTED_EDGE('',*,*,#6219,.F.);
#3340=ORIENTED_EDGE('',*,*,#6145,.F.);
#3341=ORIENTED_EDGE('',*,*,#6220,.F.);
#3342=ORIENTED_EDGE('',*,*,#6141,.F.);
#3343=ORIENTED_EDGE('',*,*,#6221,.F.);
#3344=ORIENTED_EDGE('',*,*,#6137,.F.);
#3345=ORIENTED_EDGE('',*,*,#6222,.T.);
#3346=ORIENTED_EDGE('',*,*,#6206,.F.);
#3347=ORIENTED_EDGE('',*,*,#6223,.F.);
#3348=ORIENTED_EDGE('',*,*,#6224,.F.);
#3349=ORIENTED_EDGE('',*,*,#6225,.F.);
#3350=ORIENTED_EDGE('',*,*,#6079,.F.);
#3351=CARTESIAN_POINT('',(-4.9,3.5,3.00038465791101E-16));
#3352=DIRECTION('',(0.0,0.0,-1.0));
#3353=DIRECTION('',(0.0,-1.0,0.0));
#3354=ORIENTED_EDGE('',*,*,#6226,.F.);
#3355=ORIENTED_EDGE('',*,*,#5860,.T.);
#3356=ORIENTED_EDGE('',*,*,#6227,.F.);
#3357=ORIENTED_EDGE('',*,*,#6228,.F.);
#3358=ORIENTED_EDGE('',*,*,#6229,.T.);
#3359=ORIENTED_EDGE('',*,*,#6230,.F.);
#3360=ORIENTED_EDGE('',*,*,#5693,.T.);
#3361=ORIENTED_EDGE('',*,*,#5765,.T.);
#3362=ORIENTED_EDGE('',*,*,#6231,.F.);
#3363=CARTESIAN_POINT('',(-4.25,2.725,18.81));
#3364=DIRECTION('',(1.0,-6.48494757374507E-16,0.0));
#3365=DIRECTION('',(-6.48494757374507E-16,-1.0,0.0));
#3366=ORIENTED_EDGE('',*,*,#5758,.F.);
#3367=ORIENTED_EDGE('',*,*,#6193,.F.);
#3368=ORIENTED_EDGE('',*,*,#6125,.T.);
#3369=ORIENTED_EDGE('',*,*,#6232,.T.);
#3370=ORIENTED_EDGE('',*,*,#6233,.F.);
#3371=ORIENTED_EDGE('',*,*,#6234,.F.);
#3372=CARTESIAN_POINT('',(-3.9,0.0,18.81));
#3373=DIRECTION('',(-1.0,0.0,0.0));
#3374=DIRECTION('',(0.0,0.0,1.0));
#3375=ORIENTED_EDGE('',*,*,#6235,.F.);
#3376=ORIENTED_EDGE('',*,*,#6229,.F.);
#3377=ORIENTED_EDGE('',*,*,#6236,.F.);
#3378=ORIENTED_EDGE('',*,*,#6233,.T.);
#3379=CARTESIAN_POINT('',(-4.075,2.725,18.81));
#3380=DIRECTION('',(0.0,0.0,1.0));
#3381=DIRECTION('',(-1.0,0.0,0.0));
#3382=ORIENTED_EDGE('',*,*,#6199,.T.);
#3383=ORIENTED_EDGE('',*,*,#5712,.T.);
#3384=ORIENTED_EDGE('',*,*,#6237,.F.);
#3385=ORIENTED_EDGE('',*,*,#6185,.T.);
#3386=ORIENTED_EDGE('',*,*,#6028,.F.);
#3387=ORIENTED_EDGE('',*,*,#6133,.F.);
#3388=CARTESIAN_POINT('',(3.9,2.725,18.81));
#3389=DIRECTION('',(1.0,0.0,0.0));
#3390=DIRECTION('',(0.0,1.0,0.0));
#3391=ORIENTED_EDGE('',*,*,#5699,.T.);
#3392=ORIENTED_EDGE('',*,*,#5790,.T.);
#3393=ORIENTED_EDGE('',*,*,#6019,.F.);
#3394=ORIENTED_EDGE('',*,*,#6238,.F.);
#3395=ORIENTED_EDGE('',*,*,#6191,.F.);
#3396=ORIENTED_EDGE('',*,*,#6107,.T.);
#3397=ORIENTED_EDGE('',*,*,#6239,.F.);
#3398=ORIENTED_EDGE('',*,*,#6240,.T.);
#3399=ORIENTED_EDGE('',*,*,#6197,.T.);
#3400=CARTESIAN_POINT('',(4.9,0.0499999999999998,18.81));
#3401=DIRECTION('',(-1.98075396896391E-16,-1.0,0.0));
#3402=DIRECTION('',(-1.0,1.98075396896391E-16,0.0));
#3403=ORIENTED_EDGE('',*,*,#6241,.F.);
#3404=ORIENTED_EDGE('',*,*,#6242,.T.);
#3405=ORIENTED_EDGE('',*,*,#6239,.T.);
#3406=ORIENTED_EDGE('',*,*,#6106,.T.);
#3407=CARTESIAN_POINT('',(4.25,0.0499999999999998,18.81));
#3408=DIRECTION('',(-1.0,-6.48494757374507E-16,0.0));
#3409=DIRECTION('',(-6.48494757374507E-16,1.0,0.0));
#3410=ORIENTED_EDGE('',*,*,#6031,.F.);
#3411=ORIENTED_EDGE('',*,*,#6243,.T.);
#3412=ORIENTED_EDGE('',*,*,#6241,.T.);
#3413=ORIENTED_EDGE('',*,*,#6105,.T.);
#3414=CARTESIAN_POINT('',(4.075,2.725,18.81));
#3415=DIRECTION('',(0.0,0.0,1.0));
#3416=DIRECTION('',(-1.0,0.0,0.0));
#3417=ORIENTED_EDGE('',*,*,#6190,.F.);
#3418=ORIENTED_EDGE('',*,*,#6244,.T.);
#3419=ORIENTED_EDGE('',*,*,#6183,.F.);
#3420=ORIENTED_EDGE('',*,*,#6109,.F.);
#3421=CARTESIAN_POINT('',(0.0,3.5,0.0));
#3422=DIRECTION('',(0.0,-1.0,0.0));
#3423=DIRECTION('',(0.0,0.0,-1.0));
#3424=ORIENTED_EDGE('',*,*,#6245,.F.);
#3425=ORIENTED_EDGE('',*,*,#6246,.T.);
#3426=ORIENTED_EDGE('',*,*,#6112,.T.);
#3427=ORIENTED_EDGE('',*,*,#6247,.F.);
#3428=CARTESIAN_POINT('',(-4.25,2.725,18.81));
#3429=DIRECTION('',(1.0,-6.48494757374507E-16,0.0));
#3430=DIRECTION('',(-6.48494757374507E-16,-1.0,0.0));
#3431=ORIENTED_EDGE('',*,*,#6227,.T.);
#3432=ORIENTED_EDGE('',*,*,#5859,.T.);
#3433=ORIENTED_EDGE('',*,*,#5863,.T.);
#3434=ORIENTED_EDGE('',*,*,#6248,.F.);
#3435=ORIENTED_EDGE('',*,*,#6249,.F.);
#3436=ORIENTED_EDGE('',*,*,#6247,.T.);
#3437=ORIENTED_EDGE('',*,*,#6111,.T.);
#3438=ORIENTED_EDGE('',*,*,#6182,.T.);
#3439=ORIENTED_EDGE('',*,*,#6250,.F.);
#3440=CARTESIAN_POINT('',(-4.25,0.05,18.81));
#3441=DIRECTION('',(1.98075396896391E-16,-1.0,0.0));
#3442=DIRECTION('',(0.0,0.0,-1.0));
#3443=ORIENTED_EDGE('',*,*,#6251,.F.);
#3444=ORIENTED_EDGE('',*,*,#6116,.T.);
#3445=ORIENTED_EDGE('',*,*,#6113,.T.);
#3446=ORIENTED_EDGE('',*,*,#6246,.F.);
#3447=CARTESIAN_POINT('',(-4.075,2.725,18.81));
#3448=DIRECTION('',(0.0,0.0,1.0));
#3449=DIRECTION('',(-1.0,0.0,0.0));
#3450=ORIENTED_EDGE('',*,*,#6189,.T.);
#3451=ORIENTED_EDGE('',*,*,#6129,.F.);
#3452=ORIENTED_EDGE('',*,*,#6184,.F.);
#3453=ORIENTED_EDGE('',*,*,#6244,.F.);
#3454=CARTESIAN_POINT('',(48.51,3.5,1.75000000000001));
#3455=DIRECTION('',(0.0,0.707106781186548,-0.707106781186548));
#3456=DIRECTION('',(-1.0,0.0,0.0));
#3457=ORIENTED_EDGE('',*,*,#6225,.T.);
#3458=ORIENTED_EDGE('',*,*,#6252,.F.);
#3459=ORIENTED_EDGE('',*,*,#6253,.F.);
#3460=ORIENTED_EDGE('',*,*,#6080,.T.);
#3461=CARTESIAN_POINT('',(-2.95,-3.66373598126302E-15,0.59));
#3462=DIRECTION('',(1.0,5.42101086242755E-16,0.0));
#3463=DIRECTION('',(-5.42101086242755E-16,1.0,0.0));
#3464=ORIENTED_EDGE('',*,*,#6224,.T.);
#3465=ORIENTED_EDGE('',*,*,#6254,.F.);
#3466=ORIENTED_EDGE('',*,*,#6255,.F.);
#3467=ORIENTED_EDGE('',*,*,#6252,.T.);
#3468=CARTESIAN_POINT('',(-2.95,-0.8,0.59));
#3469=DIRECTION('',(-1.32309417659248E-15,1.0,0.0));
#3470=DIRECTION('',(1.0,1.32309417659248E-15,-0.0));
#3471=ORIENTED_EDGE('',*,*,#6223,.T.);
#3472=ORIENTED_EDGE('',*,*,#6205,.F.);
#3473=ORIENTED_EDGE('',*,*,#6256,.F.);
#3474=ORIENTED_EDGE('',*,*,#6254,.T.);
#3475=CARTESIAN_POINT('',(2.95,-0.799999999999992,0.59));
#3476=DIRECTION('',(-1.0,-5.4210108624276E-16,0.0));
#3477=DIRECTION('',(-5.4210108624276E-16,1.0,0.0));
#3478=ORIENTED_EDGE('',*,*,#6257,.F.);
#3479=ORIENTED_EDGE('',*,*,#6258,.T.);
#3480=ORIENTED_EDGE('',*,*,#6259,.T.);
#3481=ORIENTED_EDGE('',*,*,#6034,.T.);
#3482=ORIENTED_EDGE('',*,*,#6207,.F.);
#3483=ORIENTED_EDGE('',*,*,#6081,.T.);
#3484=ORIENTED_EDGE('',*,*,#6253,.T.);
#3485=ORIENTED_EDGE('',*,*,#6255,.T.);
#3486=ORIENTED_EDGE('',*,*,#6256,.T.);
#3487=ORIENTED_EDGE('',*,*,#6204,.T.);
#3488=ORIENTED_EDGE('',*,*,#6260,.T.);
#3489=ORIENTED_EDGE('',*,*,#6261,.T.);
#3490=ORIENTED_EDGE('',*,*,#6262,.F.);
#3491=ORIENTED_EDGE('',*,*,#6263,.T.);
#3492=ORIENTED_EDGE('',*,*,#6264,.T.);
#3493=ORIENTED_EDGE('',*,*,#6075,.T.);
#3494=ORIENTED_EDGE('',*,*,#6265,.F.);
#3495=ORIENTED_EDGE('',*,*,#6266,.T.);
#3496=ORIENTED_EDGE('',*,*,#6267,.T.);
#3497=ORIENTED_EDGE('',*,*,#6071,.T.);
#3498=ORIENTED_EDGE('',*,*,#6268,.F.);
#3499=ORIENTED_EDGE('',*,*,#6269,.T.);
#3500=ORIENTED_EDGE('',*,*,#6270,.T.);
#3501=ORIENTED_EDGE('',*,*,#6067,.T.);
#3502=ORIENTED_EDGE('',*,*,#6271,.F.);
#3503=ORIENTED_EDGE('',*,*,#6272,.T.);
#3504=ORIENTED_EDGE('',*,*,#6273,.T.);
#3505=ORIENTED_EDGE('',*,*,#6063,.T.);
#3506=ORIENTED_EDGE('',*,*,#6274,.F.);
#3507=ORIENTED_EDGE('',*,*,#6275,.T.);
#3508=ORIENTED_EDGE('',*,*,#6276,.T.);
#3509=ORIENTED_EDGE('',*,*,#6059,.T.);
#3510=ORIENTED_EDGE('',*,*,#6277,.F.);
#3511=ORIENTED_EDGE('',*,*,#6278,.T.);
#3512=ORIENTED_EDGE('',*,*,#6279,.T.);
#3513=ORIENTED_EDGE('',*,*,#6055,.T.);
#3514=ORIENTED_EDGE('',*,*,#6280,.F.);
#3515=ORIENTED_EDGE('',*,*,#6281,.T.);
#3516=ORIENTED_EDGE('',*,*,#6282,.T.);
#3517=ORIENTED_EDGE('',*,*,#6051,.T.);
#3518=ORIENTED_EDGE('',*,*,#6283,.F.);
#3519=ORIENTED_EDGE('',*,*,#6284,.T.);
#3520=ORIENTED_EDGE('',*,*,#6285,.T.);
#3521=ORIENTED_EDGE('',*,*,#6047,.T.);
#3522=ORIENTED_EDGE('',*,*,#6286,.F.);
#3523=ORIENTED_EDGE('',*,*,#6287,.T.);
#3524=ORIENTED_EDGE('',*,*,#6288,.T.);
#3525=ORIENTED_EDGE('',*,*,#6043,.T.);
#3526=ORIENTED_EDGE('',*,*,#6289,.F.);
#3527=ORIENTED_EDGE('',*,*,#6290,.T.);
#3528=ORIENTED_EDGE('',*,*,#6291,.T.);
#3529=ORIENTED_EDGE('',*,*,#6039,.T.);
#3530=CARTESIAN_POINT('',(0.0,0.0,0.59));
#3531=DIRECTION('',(0.0,0.0,1.0));
#3532=DIRECTION('',(1.0,0.0,0.0));
#3533=ORIENTED_EDGE('',*,*,#6292,.F.);
#3534=ORIENTED_EDGE('',*,*,#6261,.F.);
#3535=ORIENTED_EDGE('',*,*,#6293,.F.);
#3536=ORIENTED_EDGE('',*,*,#6294,.F.);
#3537=CARTESIAN_POINT('',(2.985,1.71,0.589999999999996));
#3538=DIRECTION('',(0.0,-0.102028865498569,0.994781438611052));
#3539=DIRECTION('',(-1.0,0.0,0.0));
#3540=ORIENTED_EDGE('',*,*,#6295,.F.);
#3541=ORIENTED_EDGE('',*,*,#6041,.T.);
#3542=ORIENTED_EDGE('',*,*,#6296,.T.);
#3543=ORIENTED_EDGE('',*,*,#6297,.T.);
#3544=ORIENTED_EDGE('',*,*,#6298,.F.);
#3545=ORIENTED_EDGE('',*,*,#6045,.T.);
#3546=ORIENTED_EDGE('',*,*,#6299,.T.);
#3547=ORIENTED_EDGE('',*,*,#6300,.T.);
#3548=ORIENTED_EDGE('',*,*,#6301,.F.);
#3549=ORIENTED_EDGE('',*,*,#6049,.T.);
#3550=ORIENTED_EDGE('',*,*,#6302,.T.);
#3551=ORIENTED_EDGE('',*,*,#6303,.T.);
#3552=ORIENTED_EDGE('',*,*,#6304,.F.);
#3553=ORIENTED_EDGE('',*,*,#6053,.T.);
#3554=ORIENTED_EDGE('',*,*,#6305,.T.);
#3555=ORIENTED_EDGE('',*,*,#6306,.T.);
#3556=ORIENTED_EDGE('',*,*,#6307,.F.);
#3557=ORIENTED_EDGE('',*,*,#6057,.T.);
#3558=ORIENTED_EDGE('',*,*,#6308,.T.);
#3559=ORIENTED_EDGE('',*,*,#6309,.T.);
#3560=ORIENTED_EDGE('',*,*,#6310,.F.);
#3561=ORIENTED_EDGE('',*,*,#6061,.T.);
#3562=ORIENTED_EDGE('',*,*,#6311,.T.);
#3563=ORIENTED_EDGE('',*,*,#6312,.T.);
#3564=ORIENTED_EDGE('',*,*,#6313,.F.);
#3565=ORIENTED_EDGE('',*,*,#6065,.T.);
#3566=ORIENTED_EDGE('',*,*,#6314,.T.);
#3567=ORIENTED_EDGE('',*,*,#6315,.T.);
#3568=ORIENTED_EDGE('',*,*,#6316,.F.);
#3569=ORIENTED_EDGE('',*,*,#6069,.T.);
#3570=ORIENTED_EDGE('',*,*,#6317,.T.);
#3571=ORIENTED_EDGE('',*,*,#6318,.T.);
#3572=ORIENTED_EDGE('',*,*,#6319,.F.);
#3573=ORIENTED_EDGE('',*,*,#6073,.T.);
#3574=ORIENTED_EDGE('',*,*,#6320,.T.);
#3575=ORIENTED_EDGE('',*,*,#6321,.T.);
#3576=ORIENTED_EDGE('',*,*,#6322,.F.);
#3577=ORIENTED_EDGE('',*,*,#6077,.T.);
#3578=ORIENTED_EDGE('',*,*,#6323,.T.);
#3579=ORIENTED_EDGE('',*,*,#6324,.T.);
#3580=ORIENTED_EDGE('',*,*,#6325,.F.);
#3581=ORIENTED_EDGE('',*,*,#6294,.T.);
#3582=ORIENTED_EDGE('',*,*,#6326,.F.);
#3583=ORIENTED_EDGE('',*,*,#5976,.F.);
#3584=ORIENTED_EDGE('',*,*,#6208,.T.);
#3585=ORIENTED_EDGE('',*,*,#6036,.T.);
#3586=ORIENTED_EDGE('',*,*,#6327,.T.);
#3587=ORIENTED_EDGE('',*,*,#6328,.T.);
#3588=CARTESIAN_POINT('',(2.985,2.1,0.629999999999995));
#3589=DIRECTION('',(0.0,-1.0,0.0));
#3590=DIRECTION('',(0.0,0.0,-1.0));
#3591=ORIENTED_EDGE('',*,*,#5850,.F.);
#3592=ORIENTED_EDGE('',*,*,#5916,.T.);
#3593=ORIENTED_EDGE('',*,*,#5951,.T.);
#3594=ORIENTED_EDGE('',*,*,#6114,.T.);
#3595=ORIENTED_EDGE('',*,*,#6251,.T.);
#3596=ORIENTED_EDGE('',*,*,#6245,.T.);
#3597=ORIENTED_EDGE('',*,*,#6249,.T.);
#3598=ORIENTED_EDGE('',*,*,#6329,.T.);
#3599=ORIENTED_EDGE('',*,*,#6330,.T.);
#3600=ORIENTED_EDGE('',*,*,#6178,.F.);
#3601=ORIENTED_EDGE('',*,*,#6127,.F.);
#3602=ORIENTED_EDGE('',*,*,#6084,.F.);
#3603=ORIENTED_EDGE('',*,*,#6331,.T.);
#3604=ORIENTED_EDGE('',*,*,#6332,.T.);
#3605=ORIENTED_EDGE('',*,*,#6100,.F.);
#3606=ORIENTED_EDGE('',*,*,#6209,.T.);
#3607=ORIENTED_EDGE('',*,*,#5974,.T.);
#3608=ORIENTED_EDGE('',*,*,#6333,.T.);
#3609=ORIENTED_EDGE('',*,*,#6334,.T.);
#3610=ORIENTED_EDGE('',*,*,#6335,.F.);
#3611=ORIENTED_EDGE('',*,*,#6018,.T.);
#3612=ORIENTED_EDGE('',*,*,#6336,.T.);
#3613=ORIENTED_EDGE('',*,*,#6337,.T.);
#3614=ORIENTED_EDGE('',*,*,#6338,.F.);
#3615=ORIENTED_EDGE('',*,*,#6014,.T.);
#3616=ORIENTED_EDGE('',*,*,#6339,.T.);
#3617=ORIENTED_EDGE('',*,*,#6340,.T.);
#3618=ORIENTED_EDGE('',*,*,#6341,.F.);
#3619=ORIENTED_EDGE('',*,*,#6010,.T.);
#3620=ORIENTED_EDGE('',*,*,#6342,.T.);
#3621=ORIENTED_EDGE('',*,*,#6343,.T.);
#3622=ORIENTED_EDGE('',*,*,#6344,.F.);
#3623=ORIENTED_EDGE('',*,*,#6006,.T.);
#3624=ORIENTED_EDGE('',*,*,#6345,.T.);
#3625=ORIENTED_EDGE('',*,*,#6346,.T.);
#3626=ORIENTED_EDGE('',*,*,#6347,.F.);
#3627=ORIENTED_EDGE('',*,*,#6002,.T.);
#3628=ORIENTED_EDGE('',*,*,#6348,.T.);
#3629=ORIENTED_EDGE('',*,*,#6349,.T.);
#3630=ORIENTED_EDGE('',*,*,#6350,.F.);
#3631=ORIENTED_EDGE('',*,*,#5998,.T.);
#3632=ORIENTED_EDGE('',*,*,#6351,.T.);
#3633=ORIENTED_EDGE('',*,*,#6352,.T.);
#3634=ORIENTED_EDGE('',*,*,#6353,.F.);
#3635=ORIENTED_EDGE('',*,*,#5994,.T.);
#3636=ORIENTED_EDGE('',*,*,#6354,.T.);
#3637=ORIENTED_EDGE('',*,*,#6355,.T.);
#3638=ORIENTED_EDGE('',*,*,#6356,.F.);
#3639=ORIENTED_EDGE('',*,*,#5990,.T.);
#3640=ORIENTED_EDGE('',*,*,#6357,.T.);
#3641=ORIENTED_EDGE('',*,*,#6358,.T.);
#3642=ORIENTED_EDGE('',*,*,#6359,.F.);
#3643=ORIENTED_EDGE('',*,*,#5986,.T.);
#3644=ORIENTED_EDGE('',*,*,#6360,.T.);
#3645=ORIENTED_EDGE('',*,*,#6361,.T.);
#3646=ORIENTED_EDGE('',*,*,#6362,.F.);
#3647=ORIENTED_EDGE('',*,*,#5982,.T.);
#3648=ORIENTED_EDGE('',*,*,#6363,.T.);
#3649=ORIENTED_EDGE('',*,*,#6364,.T.);
#3650=ORIENTED_EDGE('',*,*,#6365,.F.);
#3651=ORIENTED_EDGE('',*,*,#5978,.T.);
#3652=ORIENTED_EDGE('',*,*,#6366,.F.);
#3653=ORIENTED_EDGE('',*,*,#6095,.T.);
#3654=ORIENTED_EDGE('',*,*,#6367,.F.);
#3655=ORIENTED_EDGE('',*,*,#6368,.F.);
#3656=ORIENTED_EDGE('',*,*,#6087,.T.);
#3657=ORIENTED_EDGE('',*,*,#6131,.F.);
#3658=ORIENTED_EDGE('',*,*,#6188,.T.);
#3659=ORIENTED_EDGE('',*,*,#6369,.F.);
#3660=ORIENTED_EDGE('',*,*,#6198,.F.);
#3661=ORIENTED_EDGE('',*,*,#6240,.F.);
#3662=ORIENTED_EDGE('',*,*,#6242,.F.);
#3663=ORIENTED_EDGE('',*,*,#6243,.F.);
#3664=ORIENTED_EDGE('',*,*,#6030,.F.);
#3665=ORIENTED_EDGE('',*,*,#5961,.F.);
#3666=ORIENTED_EDGE('',*,*,#5819,.T.);
#3667=CARTESIAN_POINT('',(2.985,1.58,1.42));
#3668=DIRECTION('',(0.0,0.0,-1.0));
#3669=DIRECTION('',(0.0,-1.0,0.0));
#3670=ORIENTED_EDGE('',*,*,#6093,.F.);
#3671=ORIENTED_EDGE('',*,*,#6096,.T.);
#3672=ORIENTED_EDGE('',*,*,#6366,.T.);
#3673=ORIENTED_EDGE('',*,*,#5977,.T.);
#3674=ORIENTED_EDGE('',*,*,#6326,.T.);
#3675=ORIENTED_EDGE('',*,*,#6293,.T.);
#3676=ORIENTED_EDGE('',*,*,#6260,.F.);
#3677=ORIENTED_EDGE('',*,*,#6203,.F.);
#3678=ORIENTED_EDGE('',*,*,#5716,.F.);
#3679=CARTESIAN_POINT('',(2.985,0.0,0.0));
#3680=DIRECTION('',(1.0,0.0,0.0));
#3681=DIRECTION('',(0.0,1.0,0.0));
#3682=ORIENTED_EDGE('',*,*,#5840,.F.);
#3683=ORIENTED_EDGE('',*,*,#6370,.T.);
#3684=ORIENTED_EDGE('',*,*,#6329,.F.);
#3685=ORIENTED_EDGE('',*,*,#6248,.T.);
#3686=CARTESIAN_POINT('',(-4.4,34.65,1.42));
#3687=DIRECTION('',(-1.0,0.0,0.0));
#3688=DIRECTION('',(0.0,0.0,1.0));
#3689=ORIENTED_EDGE('',*,*,#6210,.T.);
#3690=ORIENTED_EDGE('',*,*,#6078,.T.);
#3691=ORIENTED_EDGE('',*,*,#5740,.T.);
#3692=ORIENTED_EDGE('',*,*,#6371,.T.);
#3693=ORIENTED_EDGE('',*,*,#6121,.F.);
#3694=CARTESIAN_POINT('',(-3.565,33.165,-8.60422844084496E-16));
#3695=DIRECTION('',(1.0,0.0,0.0));
#3696=DIRECTION('',(0.0,1.0,0.0));
#3697=ORIENTED_EDGE('',*,*,#6234,.T.);
#3698=ORIENTED_EDGE('',*,*,#6236,.T.);
#3699=ORIENTED_EDGE('',*,*,#6228,.T.);
#3700=ORIENTED_EDGE('',*,*,#6250,.T.);
#3701=ORIENTED_EDGE('',*,*,#6181,.F.);
#3702=ORIENTED_EDGE('',*,*,#6122,.F.);
#3703=ORIENTED_EDGE('',*,*,#6371,.F.);
#3704=ORIENTED_EDGE('',*,*,#5759,.T.);
#3705=CARTESIAN_POINT('',(-3.565,33.165,0.239999999999997));
#3706=DIRECTION('',(-6.0910234409298E-16,0.0,1.0));
#3707=DIRECTION('',(1.0,-0.0,6.0910234409298E-16));
#3708=ORIENTED_EDGE('',*,*,#6372,.F.);
#3709=ORIENTED_EDGE('',*,*,#5710,.T.);
#3710=ORIENTED_EDGE('',*,*,#6202,.T.);
#3711=ORIENTED_EDGE('',*,*,#6222,.F.);
#3712=ORIENTED_EDGE('',*,*,#6136,.F.);
#3713=CARTESIAN_POINT('',(3.565,33.165,0.239999999999997));
#3714=DIRECTION('',(-1.0,0.0,0.0));
#3715=DIRECTION('',(0.0,0.0,1.0));
#3716=ORIENTED_EDGE('',*,*,#6237,.T.);
#3717=ORIENTED_EDGE('',*,*,#5711,.T.);
#3718=ORIENTED_EDGE('',*,*,#6372,.T.);
#3719=ORIENTED_EDGE('',*,*,#6135,.F.);
#3720=ORIENTED_EDGE('',*,*,#6192,.T.);
#3721=ORIENTED_EDGE('',*,*,#6238,.T.);
#3722=ORIENTED_EDGE('',*,*,#6024,.T.);
#3723=ORIENTED_EDGE('',*,*,#6186,.T.);
#3724=CARTESIAN_POINT('',(4.9,33.165,0.239999999999996));
#3725=DIRECTION('',(6.0910234409298E-16,0.0,1.0));
#3726=DIRECTION('',(1.0,0.0,-6.0910234409298E-16));
#3727=ORIENTED_EDGE('',*,*,#6020,.F.);
#3728=ORIENTED_EDGE('',*,*,#5793,.T.);
#3729=ORIENTED_EDGE('',*,*,#5795,.F.);
#3730=ORIENTED_EDGE('',*,*,#6196,.F.);
#3731=ORIENTED_EDGE('',*,*,#6369,.T.);
#3732=ORIENTED_EDGE('',*,*,#6187,.T.);
#3733=ORIENTED_EDGE('',*,*,#6025,.F.);
#3734=CARTESIAN_POINT('',(0.0,0.55,0.0));
#3735=DIRECTION('',(-0.0,1.0,0.0));
#3736=DIRECTION('',(1.0,0.0,0.0));
#3737=ORIENTED_EDGE('',*,*,#5764,.F.);
#3738=ORIENTED_EDGE('',*,*,#5766,.F.);
#3739=ORIENTED_EDGE('',*,*,#5694,.F.);
#3740=ORIENTED_EDGE('',*,*,#6230,.T.);
#3741=ORIENTED_EDGE('',*,*,#6235,.T.);
#3742=ORIENTED_EDGE('',*,*,#6232,.F.);
#3743=ORIENTED_EDGE('',*,*,#6124,.T.);
#3744=ORIENTED_EDGE('',*,*,#6180,.T.);
#3745=ORIENTED_EDGE('',*,*,#6373,.F.);
#3746=ORIENTED_EDGE('',*,*,#6231,.T.);
#3747=CARTESIAN_POINT('',(-4.9,3.5,0.69));
#3748=DIRECTION('',(-2.16840434497101E-16,0.0,-1.0));
#3749=DIRECTION('',(-1.0,0.0,2.16840434497101E-16));
#3750=ORIENTED_EDGE('',*,*,#5861,.F.);
#3751=ORIENTED_EDGE('',*,*,#6226,.T.);
#3752=ORIENTED_EDGE('',*,*,#6373,.T.);
#3753=ORIENTED_EDGE('',*,*,#6179,.F.);
#3754=ORIENTED_EDGE('',*,*,#6330,.F.);
#3755=ORIENTED_EDGE('',*,*,#6370,.F.);
#3756=ORIENTED_EDGE('',*,*,#5734,.F.);
#3757=CARTESIAN_POINT('',(0.0,0.55,0.0));
#3758=DIRECTION('',(0.0,-1.0,0.0));
#3759=DIRECTION('',(0.0,0.0,-1.0));
#3760=ORIENTED_EDGE('',*,*,#5902,.F.);
#3761=ORIENTED_EDGE('',*,*,#6033,.F.);
#3762=ORIENTED_EDGE('',*,*,#6104,.F.);
#3763=ORIENTED_EDGE('',*,*,#6115,.F.);
#3764=CARTESIAN_POINT('',(-38.61,0.15,1.42));
#3765=DIRECTION('',(0.0,1.0,4.51750905202289E-16));
#3766=DIRECTION('',(0.0,4.51750905202289E-16,-1.0));
#3767=ORIENTED_EDGE('',*,*,#6097,.T.);
#3768=ORIENTED_EDGE('',*,*,#6101,.F.);
#3769=ORIENTED_EDGE('',*,*,#6332,.F.);
#3770=ORIENTED_EDGE('',*,*,#6374,.F.);
#3771=ORIENTED_EDGE('',*,*,#6194,.F.);
#3772=ORIENTED_EDGE('',*,*,#5756,.F.);
#3773=CARTESIAN_POINT('',(-3.45,0.0,14.058));
#3774=DIRECTION('',(-1.0,0.0,0.0));
#3775=DIRECTION('',(0.0,0.0,1.0));
#3776=ORIENTED_EDGE('',*,*,#6083,.T.);
#3777=ORIENTED_EDGE('',*,*,#6195,.F.);
#3778=ORIENTED_EDGE('',*,*,#6374,.T.);
#3779=ORIENTED_EDGE('',*,*,#6331,.F.);
#3780=CARTESIAN_POINT('',(-3.45,1.9,14.058));
#3781=DIRECTION('',(-0.707106781186547,-0.707106781186549,0.0));
#3782=DIRECTION('',(-0.707106781186549,0.707106781186547,0.0));
#3783=ORIENTED_EDGE('',*,*,#5714,.T.);
#3784=ORIENTED_EDGE('',*,*,#6201,.F.);
#3785=ORIENTED_EDGE('',*,*,#6375,.T.);
#3786=ORIENTED_EDGE('',*,*,#6367,.T.);
#3787=ORIENTED_EDGE('',*,*,#6094,.T.);
#3788=ORIENTED_EDGE('',*,*,#6091,.F.);
#3789=CARTESIAN_POINT('',(3.45,1.9,14.058));
#3790=DIRECTION('',(1.0,0.0,0.0));
#3791=DIRECTION('',(0.0,1.0,0.0));
#3792=ORIENTED_EDGE('',*,*,#6375,.F.);
#3793=ORIENTED_EDGE('',*,*,#6200,.F.);
#3794=ORIENTED_EDGE('',*,*,#6088,.F.);
#3795=ORIENTED_EDGE('',*,*,#6368,.T.);
#3796=CARTESIAN_POINT('',(3.6,2.05,14.058));
#3797=DIRECTION('',(0.707106781186547,-0.707106781186549,0.0));
#3798=DIRECTION('',(0.0,0.0,-1.0));
#3799=ORIENTED_EDGE('',*,*,#6376,.T.);
#3800=ORIENTED_EDGE('',*,*,#5979,.T.);
#3801=ORIENTED_EDGE('',*,*,#6365,.T.);
#3802=ORIENTED_EDGE('',*,*,#6377,.T.);
#3803=CARTESIAN_POINT('',(2.6,1.0842021724855E-16,0.488899906163389));
#3804=DIRECTION('',(1.0,0.0,0.0));
#3805=DIRECTION('',(0.0,1.0,0.0));
#3806=ORIENTED_EDGE('',*,*,#5981,.F.);
#3807=ORIENTED_EDGE('',*,*,#6378,.F.);
#3808=ORIENTED_EDGE('',*,*,#6379,.F.);
#3809=ORIENTED_EDGE('',*,*,#6363,.F.);
#3810=CARTESIAN_POINT('',(2.4,1.0842021724855E-16,0.488899906163389));
#3811=DIRECTION('',(1.0,0.0,0.0));
#3812=DIRECTION('',(0.0,1.0,0.0));
#3813=ORIENTED_EDGE('',*,*,#6364,.F.);
#3814=ORIENTED_EDGE('',*,*,#6379,.T.);
#3815=ORIENTED_EDGE('',*,*,#6380,.F.);
#3816=ORIENTED_EDGE('',*,*,#6377,.F.);
#3817=CARTESIAN_POINT('',(2.6,0.32,1.48000000000006));
#3818=DIRECTION('',(1.0,-0.0,0.0));
#3819=DIRECTION('',(0.0,0.0,1.0));
#3820=ORIENTED_EDGE('',*,*,#5980,.F.);
#3821=ORIENTED_EDGE('',*,*,#6376,.F.);
#3822=ORIENTED_EDGE('',*,*,#6380,.T.);
#3823=ORIENTED_EDGE('',*,*,#6378,.T.);
#3824=CARTESIAN_POINT('',(2.6,0.32,1.36000000000006));
#3825=DIRECTION('',(0.0,0.0,1.0));
#3826=DIRECTION('',(1.0,0.0,0.0));
#3827=ORIENTED_EDGE('',*,*,#6381,.T.);
#3828=ORIENTED_EDGE('',*,*,#5684,.F.);
#3829=ORIENTED_EDGE('',*,*,#6382,.F.);
#3830=ORIENTED_EDGE('',*,*,#6383,.T.);
#3831=CARTESIAN_POINT('',(2.6,0.47,0.683848945472233));
#3832=DIRECTION('',(0.0,-0.837672971532918,-0.546172127413338));
#3833=DIRECTION('',(0.0,0.546172127413338,-0.837672971532918));
#3834=ORIENTED_EDGE('',*,*,#5682,.T.);
#3835=ORIENTED_EDGE('',*,*,#6384,.T.);
#3836=ORIENTED_EDGE('',*,*,#6385,.F.);
#3837=ORIENTED_EDGE('',*,*,#6386,.F.);
#3838=CARTESIAN_POINT('',(2.6,0.39,0.715000000000062));
#3839=DIRECTION('',(1.0,-0.0,0.0));
#3840=DIRECTION('',(0.0,0.0,1.0));
#3841=ORIENTED_EDGE('',*,*,#6387,.T.);
#3842=ORIENTED_EDGE('',*,*,#6262,.T.);
#3843=ORIENTED_EDGE('',*,*,#6292,.T.);
#3844=ORIENTED_EDGE('',*,*,#6325,.T.);
#3845=ORIENTED_EDGE('',*,*,#6388,.T.);
#3846=ORIENTED_EDGE('',*,*,#6382,.T.);
#3847=ORIENTED_EDGE('',*,*,#5683,.T.);
#3848=ORIENTED_EDGE('',*,*,#6386,.T.);
#3849=CARTESIAN_POINT('',(2.6,1.0842021724855E-16,0.488899906163389));
#3850=DIRECTION('',(1.0,0.0,0.0));
#3851=DIRECTION('',(0.0,1.0,0.0));
#3852=ORIENTED_EDGE('',*,*,#6264,.F.);
#3853=ORIENTED_EDGE('',*,*,#6389,.F.);
#3854=ORIENTED_EDGE('',*,*,#6384,.F.);
#3855=ORIENTED_EDGE('',*,*,#5685,.F.);
#3856=ORIENTED_EDGE('',*,*,#6381,.F.);
#3857=ORIENTED_EDGE('',*,*,#6390,.F.);
#3858=ORIENTED_EDGE('',*,*,#6323,.F.);
#3859=ORIENTED_EDGE('',*,*,#6076,.F.);
#3860=CARTESIAN_POINT('',(2.4,1.0842021724855E-16,0.488899906163389));
#3861=DIRECTION('',(1.0,0.0,0.0));
#3862=DIRECTION('',(0.0,1.0,0.0));
#3863=ORIENTED_EDGE('',*,*,#6324,.F.);
#3864=ORIENTED_EDGE('',*,*,#6390,.T.);
#3865=ORIENTED_EDGE('',*,*,#6383,.F.);
#3866=ORIENTED_EDGE('',*,*,#6388,.F.);
#3867=CARTESIAN_POINT('',(2.6,2.75,0.620000000000063));
#3868=DIRECTION('',(0.0,-0.0279929492922725,-0.999608120610232));
#3869=DIRECTION('',(0.0,-0.999608120610232,0.0279929492922725));
#3870=ORIENTED_EDGE('',*,*,#6263,.F.);
#3871=ORIENTED_EDGE('',*,*,#6387,.F.);
#3872=ORIENTED_EDGE('',*,*,#6385,.T.);
#3873=ORIENTED_EDGE('',*,*,#6389,.T.);
#3874=CARTESIAN_POINT('',(2.6,0.363027989269214,0.757101195198517));
#3875=DIRECTION('',(0.0,0.539440214615724,-0.842023903969087));
#3876=DIRECTION('',(-1.0,0.0,0.0));
#3877=ORIENTED_EDGE('',*,*,#6391,.F.);
#3878=ORIENTED_EDGE('',*,*,#6221,.T.);
#3879=ORIENTED_EDGE('',*,*,#6392,.T.);
#3880=ORIENTED_EDGE('',*,*,#6393,.F.);
#3881=CARTESIAN_POINT('',(2.6,3.35,0.300000000000062));
#3882=DIRECTION('',(-0.0,1.0,0.0));
#3883=DIRECTION('',(1.0,0.0,0.0));
#3884=ORIENTED_EDGE('',*,*,#6394,.T.);
#3885=ORIENTED_EDGE('',*,*,#6138,.F.);
#3886=ORIENTED_EDGE('',*,*,#6391,.T.);
#3887=ORIENTED_EDGE('',*,*,#6395,.T.);
#3888=ORIENTED_EDGE('',*,*,#6396,.T.);
#3889=ORIENTED_EDGE('',*,*,#6397,.T.);
#3890=ORIENTED_EDGE('',*,*,#6398,.T.);
#3891=CARTESIAN_POINT('',(2.6,1.0842021724855E-16,0.488899906163389));
#3892=DIRECTION('',(1.0,0.0,0.0));
#3893=DIRECTION('',(0.0,1.0,0.0));
#3894=ORIENTED_EDGE('',*,*,#6140,.T.);
#3895=ORIENTED_EDGE('',*,*,#6399,.F.);
#3896=ORIENTED_EDGE('',*,*,#6400,.F.);
#3897=ORIENTED_EDGE('',*,*,#6401,.F.);
#3898=ORIENTED_EDGE('',*,*,#6402,.F.);
#3899=ORIENTED_EDGE('',*,*,#6403,.F.);
#3900=ORIENTED_EDGE('',*,*,#6392,.F.);
#3901=CARTESIAN_POINT('',(2.4,1.0842021724855E-16,0.488899906163389));
#3902=DIRECTION('',(1.0,0.0,0.0));
#3903=DIRECTION('',(0.0,1.0,0.0));
#3904=ORIENTED_EDGE('',*,*,#6403,.T.);
#3905=ORIENTED_EDGE('',*,*,#6404,.F.);
#3906=ORIENTED_EDGE('',*,*,#6395,.F.);
#3907=ORIENTED_EDGE('',*,*,#6393,.T.);
#3908=CARTESIAN_POINT('',(2.6,3.35,-0.019999999999938));
#3909=DIRECTION('',(0.0,-4.82310525260096E-16,1.0));
#3910=DIRECTION('',(0.0,-1.0,-4.82310525260096E-16));
#3911=ORIENTED_EDGE('',*,*,#6402,.T.);
#3912=ORIENTED_EDGE('',*,*,#6405,.F.);
#3913=ORIENTED_EDGE('',*,*,#6396,.F.);
#3914=ORIENTED_EDGE('',*,*,#6404,.T.);
#3915=CARTESIAN_POINT('',(2.6,4.2,-0.0199999999999376));
#3916=DIRECTION('',(0.0,-1.0,0.0));
#3917=DIRECTION('',(0.0,0.0,-1.0));
#3918=ORIENTED_EDGE('',*,*,#6401,.T.);
#3919=ORIENTED_EDGE('',*,*,#6406,.F.);
#3920=ORIENTED_EDGE('',*,*,#6397,.F.);
#3921=ORIENTED_EDGE('',*,*,#6405,.T.);
#3922=CARTESIAN_POINT('',(2.6,4.2,0.160000000000063));
#3923=DIRECTION('',(0.0,4.33680868994201E-16,-1.0));
#3924=DIRECTION('',(-1.0,0.0,0.0));
#3925=ORIENTED_EDGE('',*,*,#6400,.T.);
#3926=ORIENTED_EDGE('',*,*,#6407,.F.);
#3927=ORIENTED_EDGE('',*,*,#6398,.F.);
#3928=ORIENTED_EDGE('',*,*,#6406,.T.);
#3929=CARTESIAN_POINT('',(2.6,3.7,0.160000000000062));
#3930=DIRECTION('',(0.0,-1.0,0.0));
#3931=DIRECTION('',(0.0,0.0,-1.0));
#3932=ORIENTED_EDGE('',*,*,#6399,.T.);
#3933=ORIENTED_EDGE('',*,*,#6139,.F.);
#3934=ORIENTED_EDGE('',*,*,#6394,.F.);
#3935=ORIENTED_EDGE('',*,*,#6407,.T.);
#3936=CARTESIAN_POINT('',(2.6,3.7,0.770000000000062));
#3937=DIRECTION('',(0.0,-1.23908819712629E-15,-1.0));
#3938=DIRECTION('',(0.0,-1.0,1.23908819712629E-15));
#3939=ORIENTED_EDGE('',*,*,#6408,.T.);
#3940=ORIENTED_EDGE('',*,*,#5983,.T.);
#3941=ORIENTED_EDGE('',*,*,#6362,.T.);
#3942=ORIENTED_EDGE('',*,*,#6409,.T.);
#3943=CARTESIAN_POINT('',(2.1,1.0842021724855E-16,0.488899906163389));
#3944=DIRECTION('',(1.0,0.0,0.0));
#3945=DIRECTION('',(0.0,1.0,0.0));
#3946=ORIENTED_EDGE('',*,*,#5985,.F.);
#3947=ORIENTED_EDGE('',*,*,#6410,.F.);
#3948=ORIENTED_EDGE('',*,*,#6411,.F.);
#3949=ORIENTED_EDGE('',*,*,#6360,.F.);
#3950=CARTESIAN_POINT('',(1.9,1.0842021724855E-16,0.488899906163389));
#3951=DIRECTION('',(1.0,0.0,0.0));
#3952=DIRECTION('',(0.0,1.0,0.0));
#3953=ORIENTED_EDGE('',*,*,#6361,.F.);
#3954=ORIENTED_EDGE('',*,*,#6411,.T.);
#3955=ORIENTED_EDGE('',*,*,#6412,.F.);
#3956=ORIENTED_EDGE('',*,*,#6409,.F.);
#3957=CARTESIAN_POINT('',(2.1,0.32,1.48000000000006));
#3958=DIRECTION('',(1.0,-0.0,0.0));
#3959=DIRECTION('',(0.0,0.0,1.0));
#3960=ORIENTED_EDGE('',*,*,#5984,.F.);
#3961=ORIENTED_EDGE('',*,*,#6408,.F.);
#3962=ORIENTED_EDGE('',*,*,#6412,.T.);
#3963=ORIENTED_EDGE('',*,*,#6410,.T.);
#3964=CARTESIAN_POINT('',(2.1,0.32,1.36000000000006));
#3965=DIRECTION('',(0.0,0.0,1.0));
#3966=DIRECTION('',(1.0,0.0,0.0));
#3967=ORIENTED_EDGE('',*,*,#6413,.T.);
#3968=ORIENTED_EDGE('',*,*,#5680,.F.);
#3969=ORIENTED_EDGE('',*,*,#6414,.F.);
#3970=ORIENTED_EDGE('',*,*,#6415,.T.);
#3971=CARTESIAN_POINT('',(2.1,0.47,0.683848945472233));
#3972=DIRECTION('',(0.0,-0.837672971532918,-0.546172127413338));
#3973=DIRECTION('',(0.0,0.546172127413338,-0.837672971532918));
#3974=ORIENTED_EDGE('',*,*,#5678,.T.);
#3975=ORIENTED_EDGE('',*,*,#6416,.T.);
#3976=ORIENTED_EDGE('',*,*,#6417,.F.);
#3977=ORIENTED_EDGE('',*,*,#6418,.F.);
#3978=CARTESIAN_POINT('',(2.1,0.39,0.715000000000062));
#3979=DIRECTION('',(1.0,-0.0,0.0));
#3980=DIRECTION('',(0.0,0.0,1.0));
#3981=ORIENTED_EDGE('',*,*,#6419,.T.);
#3982=ORIENTED_EDGE('',*,*,#6265,.T.);
#3983=ORIENTED_EDGE('',*,*,#6074,.T.);
#3984=ORIENTED_EDGE('',*,*,#6322,.T.);
#3985=ORIENTED_EDGE('',*,*,#6420,.T.);
#3986=ORIENTED_EDGE('',*,*,#6414,.T.);
#3987=ORIENTED_EDGE('',*,*,#5679,.T.);
#3988=ORIENTED_EDGE('',*,*,#6418,.T.);
#3989=CARTESIAN_POINT('',(2.1,1.0842021724855E-16,0.488899906163389));
#3990=DIRECTION('',(1.0,0.0,0.0));
#3991=DIRECTION('',(0.0,1.0,0.0));
#3992=ORIENTED_EDGE('',*,*,#6267,.F.);
#3993=ORIENTED_EDGE('',*,*,#6421,.F.);
#3994=ORIENTED_EDGE('',*,*,#6416,.F.);
#3995=ORIENTED_EDGE('',*,*,#5681,.F.);
#3996=ORIENTED_EDGE('',*,*,#6413,.F.);
#3997=ORIENTED_EDGE('',*,*,#6422,.F.);
#3998=ORIENTED_EDGE('',*,*,#6320,.F.);
#3999=ORIENTED_EDGE('',*,*,#6072,.F.);
#4000=CARTESIAN_POINT('',(1.9,1.0842021724855E-16,0.488899906163389));
#4001=DIRECTION('',(1.0,0.0,0.0));
#4002=DIRECTION('',(0.0,1.0,0.0));
#4003=ORIENTED_EDGE('',*,*,#6321,.F.);
#4004=ORIENTED_EDGE('',*,*,#6422,.T.);
#4005=ORIENTED_EDGE('',*,*,#6415,.F.);
#4006=ORIENTED_EDGE('',*,*,#6420,.F.);
#4007=CARTESIAN_POINT('',(2.1,2.75,0.620000000000063));
#4008=DIRECTION('',(0.0,-0.0279929492922725,-0.999608120610232));
#4009=DIRECTION('',(0.0,-0.999608120610232,0.0279929492922725));
#4010=ORIENTED_EDGE('',*,*,#6266,.F.);
#4011=ORIENTED_EDGE('',*,*,#6419,.F.);
#4012=ORIENTED_EDGE('',*,*,#6417,.T.);
#4013=ORIENTED_EDGE('',*,*,#6421,.T.);
#4014=CARTESIAN_POINT('',(2.1,0.363027989269214,0.757101195198517));
#4015=DIRECTION('',(0.0,0.539440214615724,-0.842023903969087));
#4016=DIRECTION('',(-1.0,0.0,0.0));
#4017=ORIENTED_EDGE('',*,*,#6423,.F.);
#4018=ORIENTED_EDGE('',*,*,#6220,.T.);
#4019=ORIENTED_EDGE('',*,*,#6424,.T.);
#4020=ORIENTED_EDGE('',*,*,#6425,.F.);
#4021=CARTESIAN_POINT('',(2.1,3.35,0.300000000000062));
#4022=DIRECTION('',(-0.0,1.0,0.0));
#4023=DIRECTION('',(1.0,0.0,0.0));
#4024=ORIENTED_EDGE('',*,*,#6426,.T.);
#4025=ORIENTED_EDGE('',*,*,#6142,.F.);
#4026=ORIENTED_EDGE('',*,*,#6423,.T.);
#4027=ORIENTED_EDGE('',*,*,#6427,.T.);
#4028=ORIENTED_EDGE('',*,*,#6428,.T.);
#4029=ORIENTED_EDGE('',*,*,#6429,.T.);
#4030=ORIENTED_EDGE('',*,*,#6430,.T.);
#4031=CARTESIAN_POINT('',(2.1,1.0842021724855E-16,0.488899906163389));
#4032=DIRECTION('',(1.0,0.0,0.0));
#4033=DIRECTION('',(0.0,1.0,0.0));
#4034=ORIENTED_EDGE('',*,*,#6144,.T.);
#4035=ORIENTED_EDGE('',*,*,#6431,.F.);
#4036=ORIENTED_EDGE('',*,*,#6432,.F.);
#4037=ORIENTED_EDGE('',*,*,#6433,.F.);
#4038=ORIENTED_EDGE('',*,*,#6434,.F.);
#4039=ORIENTED_EDGE('',*,*,#6435,.F.);
#4040=ORIENTED_EDGE('',*,*,#6424,.F.);
#4041=CARTESIAN_POINT('',(1.9,1.0842021724855E-16,0.488899906163389));
#4042=DIRECTION('',(1.0,0.0,0.0));
#4043=DIRECTION('',(0.0,1.0,0.0));
#4044=ORIENTED_EDGE('',*,*,#6435,.T.);
#4045=ORIENTED_EDGE('',*,*,#6436,.F.);
#4046=ORIENTED_EDGE('',*,*,#6427,.F.);
#4047=ORIENTED_EDGE('',*,*,#6425,.T.);
#4048=CARTESIAN_POINT('',(2.1,3.35,-0.019999999999938));
#4049=DIRECTION('',(0.0,-4.82310525260096E-16,1.0));
#4050=DIRECTION('',(0.0,-1.0,-4.82310525260096E-16));
#4051=ORIENTED_EDGE('',*,*,#6434,.T.);
#4052=ORIENTED_EDGE('',*,*,#6437,.F.);
#4053=ORIENTED_EDGE('',*,*,#6428,.F.);
#4054=ORIENTED_EDGE('',*,*,#6436,.T.);
#4055=CARTESIAN_POINT('',(2.1,4.2,-0.0199999999999376));
#4056=DIRECTION('',(0.0,-1.0,0.0));
#4057=DIRECTION('',(0.0,0.0,-1.0));
#4058=ORIENTED_EDGE('',*,*,#6433,.T.);
#4059=ORIENTED_EDGE('',*,*,#6438,.F.);
#4060=ORIENTED_EDGE('',*,*,#6429,.F.);
#4061=ORIENTED_EDGE('',*,*,#6437,.T.);
#4062=CARTESIAN_POINT('',(2.1,4.2,0.160000000000063));
#4063=DIRECTION('',(0.0,4.33680868994201E-16,-1.0));
#4064=DIRECTION('',(-1.0,0.0,0.0));
#4065=ORIENTED_EDGE('',*,*,#6432,.T.);
#4066=ORIENTED_EDGE('',*,*,#6439,.F.);
#4067=ORIENTED_EDGE('',*,*,#6430,.F.);
#4068=ORIENTED_EDGE('',*,*,#6438,.T.);
#4069=CARTESIAN_POINT('',(2.1,3.7,0.160000000000062));
#4070=DIRECTION('',(0.0,-1.0,0.0));
#4071=DIRECTION('',(0.0,0.0,-1.0));
#4072=ORIENTED_EDGE('',*,*,#6431,.T.);
#4073=ORIENTED_EDGE('',*,*,#6143,.F.);
#4074=ORIENTED_EDGE('',*,*,#6426,.F.);
#4075=ORIENTED_EDGE('',*,*,#6439,.T.);
#4076=CARTESIAN_POINT('',(2.1,3.7,0.770000000000062));
#4077=DIRECTION('',(0.0,-1.23908819712629E-15,-1.0));
#4078=DIRECTION('',(0.0,-1.0,1.23908819712629E-15));
#4079=ORIENTED_EDGE('',*,*,#6440,.T.);
#4080=ORIENTED_EDGE('',*,*,#5987,.T.);
#4081=ORIENTED_EDGE('',*,*,#6359,.T.);
#4082=ORIENTED_EDGE('',*,*,#6441,.T.);
#4083=CARTESIAN_POINT('',(1.6,1.0842021724855E-16,0.488899906163389));
#4084=DIRECTION('',(1.0,0.0,0.0));
#4085=DIRECTION('',(0.0,1.0,0.0));
#4086=ORIENTED_EDGE('',*,*,#5989,.F.);
#4087=ORIENTED_EDGE('',*,*,#6442,.F.);
#4088=ORIENTED_EDGE('',*,*,#6443,.F.);
#4089=ORIENTED_EDGE('',*,*,#6357,.F.);
#4090=CARTESIAN_POINT('',(1.4,1.0842021724855E-16,0.488899906163389));
#4091=DIRECTION('',(1.0,0.0,0.0));
#4092=DIRECTION('',(0.0,1.0,0.0));
#4093=ORIENTED_EDGE('',*,*,#6358,.F.);
#4094=ORIENTED_EDGE('',*,*,#6443,.T.);
#4095=ORIENTED_EDGE('',*,*,#6444,.F.);
#4096=ORIENTED_EDGE('',*,*,#6441,.F.);
#4097=CARTESIAN_POINT('',(1.6,0.32,1.48000000000006));
#4098=DIRECTION('',(1.0,-0.0,0.0));
#4099=DIRECTION('',(0.0,0.0,1.0));
#4100=ORIENTED_EDGE('',*,*,#5988,.F.);
#4101=ORIENTED_EDGE('',*,*,#6440,.F.);
#4102=ORIENTED_EDGE('',*,*,#6444,.T.);
#4103=ORIENTED_EDGE('',*,*,#6442,.T.);
#4104=CARTESIAN_POINT('',(1.6,0.32,1.36000000000006));
#4105=DIRECTION('',(0.0,0.0,1.0));
#4106=DIRECTION('',(1.0,0.0,0.0));
#4107=ORIENTED_EDGE('',*,*,#6445,.T.);
#4108=ORIENTED_EDGE('',*,*,#5676,.F.);
#4109=ORIENTED_EDGE('',*,*,#6446,.F.);
#4110=ORIENTED_EDGE('',*,*,#6447,.T.);
#4111=CARTESIAN_POINT('',(1.6,0.47,0.683848945472233));
#4112=DIRECTION('',(0.0,-0.837672971532918,-0.546172127413338));
#4113=DIRECTION('',(0.0,0.546172127413338,-0.837672971532918));
#4114=ORIENTED_EDGE('',*,*,#5674,.T.);
#4115=ORIENTED_EDGE('',*,*,#6448,.T.);
#4116=ORIENTED_EDGE('',*,*,#6449,.F.);
#4117=ORIENTED_EDGE('',*,*,#6450,.F.);
#4118=CARTESIAN_POINT('',(1.6,0.39,0.715000000000062));
#4119=DIRECTION('',(1.0,-0.0,0.0));
#4120=DIRECTION('',(0.0,0.0,1.0));
#4121=ORIENTED_EDGE('',*,*,#6451,.T.);
#4122=ORIENTED_EDGE('',*,*,#6268,.T.);
#4123=ORIENTED_EDGE('',*,*,#6070,.T.);
#4124=ORIENTED_EDGE('',*,*,#6319,.T.);
#4125=ORIENTED_EDGE('',*,*,#6452,.T.);
#4126=ORIENTED_EDGE('',*,*,#6446,.T.);
#4127=ORIENTED_EDGE('',*,*,#5675,.T.);
#4128=ORIENTED_EDGE('',*,*,#6450,.T.);
#4129=CARTESIAN_POINT('',(1.6,1.0842021724855E-16,0.488899906163389));
#4130=DIRECTION('',(1.0,0.0,0.0));
#4131=DIRECTION('',(0.0,1.0,0.0));
#4132=ORIENTED_EDGE('',*,*,#6270,.F.);
#4133=ORIENTED_EDGE('',*,*,#6453,.F.);
#4134=ORIENTED_EDGE('',*,*,#6448,.F.);
#4135=ORIENTED_EDGE('',*,*,#5677,.F.);
#4136=ORIENTED_EDGE('',*,*,#6445,.F.);
#4137=ORIENTED_EDGE('',*,*,#6454,.F.);
#4138=ORIENTED_EDGE('',*,*,#6317,.F.);
#4139=ORIENTED_EDGE('',*,*,#6068,.F.);
#4140=CARTESIAN_POINT('',(1.4,1.0842021724855E-16,0.488899906163389));
#4141=DIRECTION('',(1.0,0.0,0.0));
#4142=DIRECTION('',(0.0,1.0,0.0));
#4143=ORIENTED_EDGE('',*,*,#6318,.F.);
#4144=ORIENTED_EDGE('',*,*,#6454,.T.);
#4145=ORIENTED_EDGE('',*,*,#6447,.F.);
#4146=ORIENTED_EDGE('',*,*,#6452,.F.);
#4147=CARTESIAN_POINT('',(1.6,2.75,0.620000000000063));
#4148=DIRECTION('',(0.0,-0.0279929492922725,-0.999608120610232));
#4149=DIRECTION('',(0.0,-0.999608120610232,0.0279929492922725));
#4150=ORIENTED_EDGE('',*,*,#6269,.F.);
#4151=ORIENTED_EDGE('',*,*,#6451,.F.);
#4152=ORIENTED_EDGE('',*,*,#6449,.T.);
#4153=ORIENTED_EDGE('',*,*,#6453,.T.);
#4154=CARTESIAN_POINT('',(1.6,0.363027989269214,0.757101195198517));
#4155=DIRECTION('',(0.0,0.539440214615724,-0.842023903969087));
#4156=DIRECTION('',(-1.0,0.0,0.0));
#4157=ORIENTED_EDGE('',*,*,#6455,.F.);
#4158=ORIENTED_EDGE('',*,*,#6219,.T.);
#4159=ORIENTED_EDGE('',*,*,#6456,.T.);
#4160=ORIENTED_EDGE('',*,*,#6457,.F.);
#4161=CARTESIAN_POINT('',(1.6,3.35,0.300000000000062));
#4162=DIRECTION('',(-0.0,1.0,0.0));
#4163=DIRECTION('',(1.0,0.0,0.0));
#4164=ORIENTED_EDGE('',*,*,#6458,.T.);
#4165=ORIENTED_EDGE('',*,*,#6146,.F.);
#4166=ORIENTED_EDGE('',*,*,#6455,.T.);
#4167=ORIENTED_EDGE('',*,*,#6459,.T.);
#4168=ORIENTED_EDGE('',*,*,#6460,.T.);
#4169=ORIENTED_EDGE('',*,*,#6461,.T.);
#4170=ORIENTED_EDGE('',*,*,#6462,.T.);
#4171=CARTESIAN_POINT('',(1.6,1.0842021724855E-16,0.488899906163389));
#4172=DIRECTION('',(1.0,0.0,0.0));
#4173=DIRECTION('',(0.0,1.0,0.0));
#4174=ORIENTED_EDGE('',*,*,#6148,.T.);
#4175=ORIENTED_EDGE('',*,*,#6463,.F.);
#4176=ORIENTED_EDGE('',*,*,#6464,.F.);
#4177=ORIENTED_EDGE('',*,*,#6465,.F.);
#4178=ORIENTED_EDGE('',*,*,#6466,.F.);
#4179=ORIENTED_EDGE('',*,*,#6467,.F.);
#4180=ORIENTED_EDGE('',*,*,#6456,.F.);
#4181=CARTESIAN_POINT('',(1.4,1.0842021724855E-16,0.488899906163389));
#4182=DIRECTION('',(1.0,0.0,0.0));
#4183=DIRECTION('',(0.0,1.0,0.0));
#4184=ORIENTED_EDGE('',*,*,#6467,.T.);
#4185=ORIENTED_EDGE('',*,*,#6468,.F.);
#4186=ORIENTED_EDGE('',*,*,#6459,.F.);
#4187=ORIENTED_EDGE('',*,*,#6457,.T.);
#4188=CARTESIAN_POINT('',(1.6,3.35,-0.019999999999938));
#4189=DIRECTION('',(0.0,-4.82310525260096E-16,1.0));
#4190=DIRECTION('',(0.0,-1.0,-4.82310525260096E-16));
#4191=ORIENTED_EDGE('',*,*,#6466,.T.);
#4192=ORIENTED_EDGE('',*,*,#6469,.F.);
#4193=ORIENTED_EDGE('',*,*,#6460,.F.);
#4194=ORIENTED_EDGE('',*,*,#6468,.T.);
#4195=CARTESIAN_POINT('',(1.6,4.2,-0.0199999999999376));
#4196=DIRECTION('',(0.0,-1.0,0.0));
#4197=DIRECTION('',(0.0,0.0,-1.0));
#4198=ORIENTED_EDGE('',*,*,#6465,.T.);
#4199=ORIENTED_EDGE('',*,*,#6470,.F.);
#4200=ORIENTED_EDGE('',*,*,#6461,.F.);
#4201=ORIENTED_EDGE('',*,*,#6469,.T.);
#4202=CARTESIAN_POINT('',(1.6,4.2,0.160000000000063));
#4203=DIRECTION('',(0.0,4.33680868994201E-16,-1.0));
#4204=DIRECTION('',(-1.0,0.0,0.0));
#4205=ORIENTED_EDGE('',*,*,#6464,.T.);
#4206=ORIENTED_EDGE('',*,*,#6471,.F.);
#4207=ORIENTED_EDGE('',*,*,#6462,.F.);
#4208=ORIENTED_EDGE('',*,*,#6470,.T.);
#4209=CARTESIAN_POINT('',(1.6,3.7,0.160000000000062));
#4210=DIRECTION('',(0.0,-1.0,0.0));
#4211=DIRECTION('',(0.0,0.0,-1.0));
#4212=ORIENTED_EDGE('',*,*,#6463,.T.);
#4213=ORIENTED_EDGE('',*,*,#6147,.F.);
#4214=ORIENTED_EDGE('',*,*,#6458,.F.);
#4215=ORIENTED_EDGE('',*,*,#6471,.T.);
#4216=CARTESIAN_POINT('',(1.6,3.7,0.770000000000062));
#4217=DIRECTION('',(0.0,-1.23908819712629E-15,-1.0));
#4218=DIRECTION('',(0.0,-1.0,1.23908819712629E-15));
#4219=ORIENTED_EDGE('',*,*,#6472,.T.);
#4220=ORIENTED_EDGE('',*,*,#5991,.T.);
#4221=ORIENTED_EDGE('',*,*,#6356,.T.);
#4222=ORIENTED_EDGE('',*,*,#6473,.T.);
#4223=CARTESIAN_POINT('',(1.1,1.0842021724855E-16,0.488899906163389));
#4224=DIRECTION('',(1.0,0.0,0.0));
#4225=DIRECTION('',(0.0,1.0,0.0));
#4226=ORIENTED_EDGE('',*,*,#5993,.F.);
#4227=ORIENTED_EDGE('',*,*,#6474,.F.);
#4228=ORIENTED_EDGE('',*,*,#6475,.F.);
#4229=ORIENTED_EDGE('',*,*,#6354,.F.);
#4230=CARTESIAN_POINT('',(0.9,1.0842021724855E-16,0.488899906163389));
#4231=DIRECTION('',(1.0,0.0,0.0));
#4232=DIRECTION('',(0.0,1.0,0.0));
#4233=ORIENTED_EDGE('',*,*,#6355,.F.);
#4234=ORIENTED_EDGE('',*,*,#6475,.T.);
#4235=ORIENTED_EDGE('',*,*,#6476,.F.);
#4236=ORIENTED_EDGE('',*,*,#6473,.F.);
#4237=CARTESIAN_POINT('',(1.1,0.32,1.48000000000006));
#4238=DIRECTION('',(1.0,-0.0,0.0));
#4239=DIRECTION('',(0.0,0.0,1.0));
#4240=ORIENTED_EDGE('',*,*,#5992,.F.);
#4241=ORIENTED_EDGE('',*,*,#6472,.F.);
#4242=ORIENTED_EDGE('',*,*,#6476,.T.);
#4243=ORIENTED_EDGE('',*,*,#6474,.T.);
#4244=CARTESIAN_POINT('',(1.1,0.32,1.36000000000006));
#4245=DIRECTION('',(0.0,0.0,1.0));
#4246=DIRECTION('',(1.0,0.0,0.0));
#4247=ORIENTED_EDGE('',*,*,#6477,.T.);
#4248=ORIENTED_EDGE('',*,*,#5672,.F.);
#4249=ORIENTED_EDGE('',*,*,#6478,.F.);
#4250=ORIENTED_EDGE('',*,*,#6479,.T.);
#4251=CARTESIAN_POINT('',(1.1,0.47,0.683848945472233));
#4252=DIRECTION('',(0.0,-0.837672971532918,-0.546172127413338));
#4253=DIRECTION('',(0.0,0.546172127413338,-0.837672971532918));
#4254=ORIENTED_EDGE('',*,*,#5670,.T.);
#4255=ORIENTED_EDGE('',*,*,#6480,.T.);
#4256=ORIENTED_EDGE('',*,*,#6481,.F.);
#4257=ORIENTED_EDGE('',*,*,#6482,.F.);
#4258=CARTESIAN_POINT('',(1.1,0.39,0.715000000000062));
#4259=DIRECTION('',(1.0,-0.0,0.0));
#4260=DIRECTION('',(0.0,0.0,1.0));
#4261=ORIENTED_EDGE('',*,*,#6483,.T.);
#4262=ORIENTED_EDGE('',*,*,#6271,.T.);
#4263=ORIENTED_EDGE('',*,*,#6066,.T.);
#4264=ORIENTED_EDGE('',*,*,#6316,.T.);
#4265=ORIENTED_EDGE('',*,*,#6484,.T.);
#4266=ORIENTED_EDGE('',*,*,#6478,.T.);
#4267=ORIENTED_EDGE('',*,*,#5671,.T.);
#4268=ORIENTED_EDGE('',*,*,#6482,.T.);
#4269=CARTESIAN_POINT('',(1.1,1.0842021724855E-16,0.488899906163389));
#4270=DIRECTION('',(1.0,0.0,0.0));
#4271=DIRECTION('',(0.0,1.0,0.0));
#4272=ORIENTED_EDGE('',*,*,#6273,.F.);
#4273=ORIENTED_EDGE('',*,*,#6485,.F.);
#4274=ORIENTED_EDGE('',*,*,#6480,.F.);
#4275=ORIENTED_EDGE('',*,*,#5673,.F.);
#4276=ORIENTED_EDGE('',*,*,#6477,.F.);
#4277=ORIENTED_EDGE('',*,*,#6486,.F.);
#4278=ORIENTED_EDGE('',*,*,#6314,.F.);
#4279=ORIENTED_EDGE('',*,*,#6064,.F.);
#4280=CARTESIAN_POINT('',(0.9,1.0842021724855E-16,0.488899906163389));
#4281=DIRECTION('',(1.0,0.0,0.0));
#4282=DIRECTION('',(0.0,1.0,0.0));
#4283=ORIENTED_EDGE('',*,*,#6315,.F.);
#4284=ORIENTED_EDGE('',*,*,#6486,.T.);
#4285=ORIENTED_EDGE('',*,*,#6479,.F.);
#4286=ORIENTED_EDGE('',*,*,#6484,.F.);
#4287=CARTESIAN_POINT('',(1.1,2.75,0.620000000000063));
#4288=DIRECTION('',(0.0,-0.0279929492922725,-0.999608120610232));
#4289=DIRECTION('',(0.0,-0.999608120610232,0.0279929492922725));
#4290=ORIENTED_EDGE('',*,*,#6272,.F.);
#4291=ORIENTED_EDGE('',*,*,#6483,.F.);
#4292=ORIENTED_EDGE('',*,*,#6481,.T.);
#4293=ORIENTED_EDGE('',*,*,#6485,.T.);
#4294=CARTESIAN_POINT('',(1.1,0.363027989269214,0.757101195198517));
#4295=DIRECTION('',(0.0,0.539440214615724,-0.842023903969087));
#4296=DIRECTION('',(-1.0,0.0,0.0));
#4297=ORIENTED_EDGE('',*,*,#6487,.F.);
#4298=ORIENTED_EDGE('',*,*,#6218,.T.);
#4299=ORIENTED_EDGE('',*,*,#6488,.T.);
#4300=ORIENTED_EDGE('',*,*,#6489,.F.);
#4301=CARTESIAN_POINT('',(1.1,3.35,0.300000000000062));
#4302=DIRECTION('',(-0.0,1.0,0.0));
#4303=DIRECTION('',(1.0,0.0,0.0));
#4304=ORIENTED_EDGE('',*,*,#6490,.T.);
#4305=ORIENTED_EDGE('',*,*,#6150,.F.);
#4306=ORIENTED_EDGE('',*,*,#6487,.T.);
#4307=ORIENTED_EDGE('',*,*,#6491,.T.);
#4308=ORIENTED_EDGE('',*,*,#6492,.T.);
#4309=ORIENTED_EDGE('',*,*,#6493,.T.);
#4310=ORIENTED_EDGE('',*,*,#6494,.T.);
#4311=CARTESIAN_POINT('',(1.1,1.0842021724855E-16,0.488899906163389));
#4312=DIRECTION('',(1.0,0.0,0.0));
#4313=DIRECTION('',(0.0,1.0,0.0));
#4314=ORIENTED_EDGE('',*,*,#6152,.T.);
#4315=ORIENTED_EDGE('',*,*,#6495,.F.);
#4316=ORIENTED_EDGE('',*,*,#6496,.F.);
#4317=ORIENTED_EDGE('',*,*,#6497,.F.);
#4318=ORIENTED_EDGE('',*,*,#6498,.F.);
#4319=ORIENTED_EDGE('',*,*,#6499,.F.);
#4320=ORIENTED_EDGE('',*,*,#6488,.F.);
#4321=CARTESIAN_POINT('',(0.9,1.0842021724855E-16,0.488899906163389));
#4322=DIRECTION('',(1.0,0.0,0.0));
#4323=DIRECTION('',(0.0,1.0,0.0));
#4324=ORIENTED_EDGE('',*,*,#6499,.T.);
#4325=ORIENTED_EDGE('',*,*,#6500,.F.);
#4326=ORIENTED_EDGE('',*,*,#6491,.F.);
#4327=ORIENTED_EDGE('',*,*,#6489,.T.);
#4328=CARTESIAN_POINT('',(1.1,3.35,-0.019999999999938));
#4329=DIRECTION('',(0.0,-4.82310525260096E-16,1.0));
#4330=DIRECTION('',(0.0,-1.0,-4.82310525260096E-16));
#4331=ORIENTED_EDGE('',*,*,#6498,.T.);
#4332=ORIENTED_EDGE('',*,*,#6501,.F.);
#4333=ORIENTED_EDGE('',*,*,#6492,.F.);
#4334=ORIENTED_EDGE('',*,*,#6500,.T.);
#4335=CARTESIAN_POINT('',(1.1,4.2,-0.0199999999999376));
#4336=DIRECTION('',(0.0,-1.0,0.0));
#4337=DIRECTION('',(0.0,0.0,-1.0));
#4338=ORIENTED_EDGE('',*,*,#6497,.T.);
#4339=ORIENTED_EDGE('',*,*,#6502,.F.);
#4340=ORIENTED_EDGE('',*,*,#6493,.F.);
#4341=ORIENTED_EDGE('',*,*,#6501,.T.);
#4342=CARTESIAN_POINT('',(1.1,4.2,0.160000000000063));
#4343=DIRECTION('',(0.0,4.33680868994201E-16,-1.0));
#4344=DIRECTION('',(-1.0,0.0,0.0));
#4345=ORIENTED_EDGE('',*,*,#6496,.T.);
#4346=ORIENTED_EDGE('',*,*,#6503,.F.);
#4347=ORIENTED_EDGE('',*,*,#6494,.F.);
#4348=ORIENTED_EDGE('',*,*,#6502,.T.);
#4349=CARTESIAN_POINT('',(1.1,3.7,0.160000000000062));
#4350=DIRECTION('',(0.0,-1.0,0.0));
#4351=DIRECTION('',(0.0,0.0,-1.0));
#4352=ORIENTED_EDGE('',*,*,#6495,.T.);
#4353=ORIENTED_EDGE('',*,*,#6151,.F.);
#4354=ORIENTED_EDGE('',*,*,#6490,.F.);
#4355=ORIENTED_EDGE('',*,*,#6503,.T.);
#4356=CARTESIAN_POINT('',(1.1,3.7,0.770000000000062));
#4357=DIRECTION('',(0.0,-1.23908819712629E-15,-1.0));
#4358=DIRECTION('',(0.0,-1.0,1.23908819712629E-15));
#4359=ORIENTED_EDGE('',*,*,#6504,.T.);
#4360=ORIENTED_EDGE('',*,*,#5995,.T.);
#4361=ORIENTED_EDGE('',*,*,#6353,.T.);
#4362=ORIENTED_EDGE('',*,*,#6505,.T.);
#4363=CARTESIAN_POINT('',(0.6,1.0842021724855E-16,0.488899906163389));
#4364=DIRECTION('',(1.0,0.0,0.0));
#4365=DIRECTION('',(0.0,1.0,0.0));
#4366=ORIENTED_EDGE('',*,*,#5997,.F.);
#4367=ORIENTED_EDGE('',*,*,#6506,.F.);
#4368=ORIENTED_EDGE('',*,*,#6507,.F.);
#4369=ORIENTED_EDGE('',*,*,#6351,.F.);
#4370=CARTESIAN_POINT('',(0.4,1.0842021724855E-16,0.488899906163389));
#4371=DIRECTION('',(1.0,0.0,0.0));
#4372=DIRECTION('',(0.0,1.0,0.0));
#4373=ORIENTED_EDGE('',*,*,#6352,.F.);
#4374=ORIENTED_EDGE('',*,*,#6507,.T.);
#4375=ORIENTED_EDGE('',*,*,#6508,.F.);
#4376=ORIENTED_EDGE('',*,*,#6505,.F.);
#4377=CARTESIAN_POINT('',(0.6,0.32,1.48000000000006));
#4378=DIRECTION('',(1.0,-0.0,0.0));
#4379=DIRECTION('',(0.0,0.0,1.0));
#4380=ORIENTED_EDGE('',*,*,#5996,.F.);
#4381=ORIENTED_EDGE('',*,*,#6504,.F.);
#4382=ORIENTED_EDGE('',*,*,#6508,.T.);
#4383=ORIENTED_EDGE('',*,*,#6506,.T.);
#4384=CARTESIAN_POINT('',(0.6,0.32,1.36000000000006));
#4385=DIRECTION('',(0.0,0.0,1.0));
#4386=DIRECTION('',(1.0,0.0,0.0));
#4387=ORIENTED_EDGE('',*,*,#6509,.T.);
#4388=ORIENTED_EDGE('',*,*,#5668,.F.);
#4389=ORIENTED_EDGE('',*,*,#6510,.F.);
#4390=ORIENTED_EDGE('',*,*,#6511,.T.);
#4391=CARTESIAN_POINT('',(0.6,0.47,0.683848945472233));
#4392=DIRECTION('',(0.0,-0.837672971532918,-0.546172127413338));
#4393=DIRECTION('',(0.0,0.546172127413338,-0.837672971532918));
#4394=ORIENTED_EDGE('',*,*,#5666,.T.);
#4395=ORIENTED_EDGE('',*,*,#6512,.T.);
#4396=ORIENTED_EDGE('',*,*,#6513,.F.);
#4397=ORIENTED_EDGE('',*,*,#6514,.F.);
#4398=CARTESIAN_POINT('',(0.6,0.39,0.715000000000062));
#4399=DIRECTION('',(1.0,-0.0,0.0));
#4400=DIRECTION('',(0.0,0.0,1.0));
#4401=ORIENTED_EDGE('',*,*,#6515,.T.);
#4402=ORIENTED_EDGE('',*,*,#6274,.T.);
#4403=ORIENTED_EDGE('',*,*,#6062,.T.);
#4404=ORIENTED_EDGE('',*,*,#6313,.T.);
#4405=ORIENTED_EDGE('',*,*,#6516,.T.);
#4406=ORIENTED_EDGE('',*,*,#6510,.T.);
#4407=ORIENTED_EDGE('',*,*,#5667,.T.);
#4408=ORIENTED_EDGE('',*,*,#6514,.T.);
#4409=CARTESIAN_POINT('',(0.6,1.0842021724855E-16,0.488899906163389));
#4410=DIRECTION('',(1.0,0.0,0.0));
#4411=DIRECTION('',(0.0,1.0,0.0));
#4412=ORIENTED_EDGE('',*,*,#6276,.F.);
#4413=ORIENTED_EDGE('',*,*,#6517,.F.);
#4414=ORIENTED_EDGE('',*,*,#6512,.F.);
#4415=ORIENTED_EDGE('',*,*,#5669,.F.);
#4416=ORIENTED_EDGE('',*,*,#6509,.F.);
#4417=ORIENTED_EDGE('',*,*,#6518,.F.);
#4418=ORIENTED_EDGE('',*,*,#6311,.F.);
#4419=ORIENTED_EDGE('',*,*,#6060,.F.);
#4420=CARTESIAN_POINT('',(0.4,1.0842021724855E-16,0.488899906163389));
#4421=DIRECTION('',(1.0,0.0,0.0));
#4422=DIRECTION('',(0.0,1.0,0.0));
#4423=ORIENTED_EDGE('',*,*,#6312,.F.);
#4424=ORIENTED_EDGE('',*,*,#6518,.T.);
#4425=ORIENTED_EDGE('',*,*,#6511,.F.);
#4426=ORIENTED_EDGE('',*,*,#6516,.F.);
#4427=CARTESIAN_POINT('',(0.6,2.75,0.620000000000063));
#4428=DIRECTION('',(0.0,-0.0279929492922725,-0.999608120610232));
#4429=DIRECTION('',(0.0,-0.999608120610232,0.0279929492922725));
#4430=ORIENTED_EDGE('',*,*,#6275,.F.);
#4431=ORIENTED_EDGE('',*,*,#6515,.F.);
#4432=ORIENTED_EDGE('',*,*,#6513,.T.);
#4433=ORIENTED_EDGE('',*,*,#6517,.T.);
#4434=CARTESIAN_POINT('',(0.6,0.363027989269214,0.757101195198517));
#4435=DIRECTION('',(0.0,0.539440214615724,-0.842023903969087));
#4436=DIRECTION('',(-1.0,0.0,0.0));
#4437=ORIENTED_EDGE('',*,*,#6519,.F.);
#4438=ORIENTED_EDGE('',*,*,#6217,.T.);
#4439=ORIENTED_EDGE('',*,*,#6520,.T.);
#4440=ORIENTED_EDGE('',*,*,#6521,.F.);
#4441=CARTESIAN_POINT('',(0.6,3.35,0.300000000000062));
#4442=DIRECTION('',(-0.0,1.0,0.0));
#4443=DIRECTION('',(1.0,0.0,0.0));
#4444=ORIENTED_EDGE('',*,*,#6522,.T.);
#4445=ORIENTED_EDGE('',*,*,#6154,.T.);
#4446=ORIENTED_EDGE('',*,*,#6519,.T.);
#4447=ORIENTED_EDGE('',*,*,#6523,.T.);
#4448=ORIENTED_EDGE('',*,*,#6524,.T.);
#4449=ORIENTED_EDGE('',*,*,#6525,.T.);
#4450=ORIENTED_EDGE('',*,*,#6526,.T.);
#4451=CARTESIAN_POINT('',(0.6,1.0842021724855E-16,0.488899906163389));
#4452=DIRECTION('',(1.0,0.0,0.0));
#4453=DIRECTION('',(0.0,1.0,0.0));
#4454=ORIENTED_EDGE('',*,*,#6156,.F.);
#4455=ORIENTED_EDGE('',*,*,#6527,.F.);
#4456=ORIENTED_EDGE('',*,*,#6528,.F.);
#4457=ORIENTED_EDGE('',*,*,#6529,.F.);
#4458=ORIENTED_EDGE('',*,*,#6530,.F.);
#4459=ORIENTED_EDGE('',*,*,#6531,.F.);
#4460=ORIENTED_EDGE('',*,*,#6520,.F.);
#4461=CARTESIAN_POINT('',(0.4,1.0842021724855E-16,0.488899906163389));
#4462=DIRECTION('',(1.0,0.0,0.0));
#4463=DIRECTION('',(0.0,1.0,0.0));
#4464=ORIENTED_EDGE('',*,*,#6531,.T.);
#4465=ORIENTED_EDGE('',*,*,#6532,.F.);
#4466=ORIENTED_EDGE('',*,*,#6523,.F.);
#4467=ORIENTED_EDGE('',*,*,#6521,.T.);
#4468=CARTESIAN_POINT('',(0.6,3.35,-0.019999999999938));
#4469=DIRECTION('',(0.0,-4.82310525260096E-16,1.0));
#4470=DIRECTION('',(0.0,-1.0,-4.82310525260096E-16));
#4471=ORIENTED_EDGE('',*,*,#6530,.T.);
#4472=ORIENTED_EDGE('',*,*,#6533,.F.);
#4473=ORIENTED_EDGE('',*,*,#6524,.F.);
#4474=ORIENTED_EDGE('',*,*,#6532,.T.);
#4475=CARTESIAN_POINT('',(0.6,4.2,-0.0199999999999376));
#4476=DIRECTION('',(0.0,-1.0,0.0));
#4477=DIRECTION('',(0.0,0.0,-1.0));
#4478=ORIENTED_EDGE('',*,*,#6529,.T.);
#4479=ORIENTED_EDGE('',*,*,#6534,.F.);
#4480=ORIENTED_EDGE('',*,*,#6525,.F.);
#4481=ORIENTED_EDGE('',*,*,#6533,.T.);
#4482=CARTESIAN_POINT('',(0.6,4.2,0.160000000000063));
#4483=DIRECTION('',(0.0,4.33680868994201E-16,-1.0));
#4484=DIRECTION('',(-1.0,0.0,0.0));
#4485=ORIENTED_EDGE('',*,*,#6528,.T.);
#4486=ORIENTED_EDGE('',*,*,#6535,.F.);
#4487=ORIENTED_EDGE('',*,*,#6526,.F.);
#4488=ORIENTED_EDGE('',*,*,#6534,.T.);
#4489=CARTESIAN_POINT('',(0.6,3.7,0.160000000000062));
#4490=DIRECTION('',(0.0,-1.0,0.0));
#4491=DIRECTION('',(0.0,0.0,-1.0));
#4492=ORIENTED_EDGE('',*,*,#6527,.T.);
#4493=ORIENTED_EDGE('',*,*,#6155,.F.);
#4494=ORIENTED_EDGE('',*,*,#6522,.F.);
#4495=ORIENTED_EDGE('',*,*,#6535,.T.);
#4496=CARTESIAN_POINT('',(0.6,3.7,0.770000000000062));
#4497=DIRECTION('',(0.0,-1.23908819712629E-15,-1.0));
#4498=DIRECTION('',(0.0,-1.0,1.23908819712629E-15));
#4499=ORIENTED_EDGE('',*,*,#6536,.T.);
#4500=ORIENTED_EDGE('',*,*,#5999,.T.);
#4501=ORIENTED_EDGE('',*,*,#6350,.T.);
#4502=ORIENTED_EDGE('',*,*,#6537,.T.);
#4503=CARTESIAN_POINT('',(0.1,1.0842021724855E-16,0.488899906163389));
#4504=DIRECTION('',(1.0,0.0,0.0));
#4505=DIRECTION('',(0.0,1.0,0.0));
#4506=ORIENTED_EDGE('',*,*,#6001,.F.);
#4507=ORIENTED_EDGE('',*,*,#6538,.F.);
#4508=ORIENTED_EDGE('',*,*,#6539,.F.);
#4509=ORIENTED_EDGE('',*,*,#6348,.F.);
#4510=CARTESIAN_POINT('',(-0.1,1.0842021724855E-16,0.488899906163389));
#4511=DIRECTION('',(1.0,0.0,0.0));
#4512=DIRECTION('',(0.0,1.0,0.0));
#4513=ORIENTED_EDGE('',*,*,#6349,.F.);
#4514=ORIENTED_EDGE('',*,*,#6539,.T.);
#4515=ORIENTED_EDGE('',*,*,#6540,.F.);
#4516=ORIENTED_EDGE('',*,*,#6537,.F.);
#4517=CARTESIAN_POINT('',(0.1,0.32,1.48000000000006));
#4518=DIRECTION('',(1.0,-0.0,0.0));
#4519=DIRECTION('',(0.0,0.0,1.0));
#4520=ORIENTED_EDGE('',*,*,#6000,.F.);
#4521=ORIENTED_EDGE('',*,*,#6536,.F.);
#4522=ORIENTED_EDGE('',*,*,#6540,.T.);
#4523=ORIENTED_EDGE('',*,*,#6538,.T.);
#4524=CARTESIAN_POINT('',(0.1,0.32,1.36000000000006));
#4525=DIRECTION('',(0.0,0.0,1.0));
#4526=DIRECTION('',(1.0,0.0,0.0));
#4527=ORIENTED_EDGE('',*,*,#6541,.T.);
#4528=ORIENTED_EDGE('',*,*,#5664,.F.);
#4529=ORIENTED_EDGE('',*,*,#6542,.F.);
#4530=ORIENTED_EDGE('',*,*,#6543,.T.);
#4531=CARTESIAN_POINT('',(0.1,0.47,0.683848945472233));
#4532=DIRECTION('',(0.0,-0.837672971532918,-0.546172127413338));
#4533=DIRECTION('',(0.0,0.546172127413338,-0.837672971532918));
#4534=ORIENTED_EDGE('',*,*,#5662,.T.);
#4535=ORIENTED_EDGE('',*,*,#6544,.T.);
#4536=ORIENTED_EDGE('',*,*,#6545,.F.);
#4537=ORIENTED_EDGE('',*,*,#6546,.F.);
#4538=CARTESIAN_POINT('',(0.1,0.39,0.715000000000062));
#4539=DIRECTION('',(1.0,-0.0,0.0));
#4540=DIRECTION('',(0.0,0.0,1.0));
#4541=ORIENTED_EDGE('',*,*,#6547,.T.);
#4542=ORIENTED_EDGE('',*,*,#6277,.T.);
#4543=ORIENTED_EDGE('',*,*,#6058,.T.);
#4544=ORIENTED_EDGE('',*,*,#6310,.T.);
#4545=ORIENTED_EDGE('',*,*,#6548,.T.);
#4546=ORIENTED_EDGE('',*,*,#6542,.T.);
#4547=ORIENTED_EDGE('',*,*,#5663,.T.);
#4548=ORIENTED_EDGE('',*,*,#6546,.T.);
#4549=CARTESIAN_POINT('',(0.1,1.0842021724855E-16,0.488899906163389));
#4550=DIRECTION('',(1.0,0.0,0.0));
#4551=DIRECTION('',(0.0,1.0,0.0));
#4552=ORIENTED_EDGE('',*,*,#6279,.F.);
#4553=ORIENTED_EDGE('',*,*,#6549,.F.);
#4554=ORIENTED_EDGE('',*,*,#6544,.F.);
#4555=ORIENTED_EDGE('',*,*,#5665,.F.);
#4556=ORIENTED_EDGE('',*,*,#6541,.F.);
#4557=ORIENTED_EDGE('',*,*,#6550,.F.);
#4558=ORIENTED_EDGE('',*,*,#6308,.F.);
#4559=ORIENTED_EDGE('',*,*,#6056,.F.);
#4560=CARTESIAN_POINT('',(-0.1,1.0842021724855E-16,0.488899906163389));
#4561=DIRECTION('',(1.0,0.0,0.0));
#4562=DIRECTION('',(0.0,1.0,0.0));
#4563=ORIENTED_EDGE('',*,*,#6309,.F.);
#4564=ORIENTED_EDGE('',*,*,#6550,.T.);
#4565=ORIENTED_EDGE('',*,*,#6543,.F.);
#4566=ORIENTED_EDGE('',*,*,#6548,.F.);
#4567=CARTESIAN_POINT('',(0.1,2.75,0.620000000000063));
#4568=DIRECTION('',(0.0,-0.0279929492922725,-0.999608120610232));
#4569=DIRECTION('',(0.0,-0.999608120610232,0.0279929492922725));
#4570=ORIENTED_EDGE('',*,*,#6278,.F.);
#4571=ORIENTED_EDGE('',*,*,#6547,.F.);
#4572=ORIENTED_EDGE('',*,*,#6545,.T.);
#4573=ORIENTED_EDGE('',*,*,#6549,.T.);
#4574=CARTESIAN_POINT('',(0.1,0.363027989269214,0.757101195198517));
#4575=DIRECTION('',(0.0,0.539440214615724,-0.842023903969087));
#4576=DIRECTION('',(-1.0,0.0,0.0));
#4577=ORIENTED_EDGE('',*,*,#6551,.F.);
#4578=ORIENTED_EDGE('',*,*,#6216,.T.);
#4579=ORIENTED_EDGE('',*,*,#6552,.T.);
#4580=ORIENTED_EDGE('',*,*,#6553,.F.);
#4581=CARTESIAN_POINT('',(0.1,3.35,0.300000000000062));
#4582=DIRECTION('',(-0.0,1.0,0.0));
#4583=DIRECTION('',(1.0,0.0,0.0));
#4584=ORIENTED_EDGE('',*,*,#6554,.T.);
#4585=ORIENTED_EDGE('',*,*,#6158,.T.);
#4586=ORIENTED_EDGE('',*,*,#6551,.T.);
#4587=ORIENTED_EDGE('',*,*,#6555,.T.);
#4588=ORIENTED_EDGE('',*,*,#6556,.T.);
#4589=ORIENTED_EDGE('',*,*,#6557,.T.);
#4590=ORIENTED_EDGE('',*,*,#6558,.T.);
#4591=CARTESIAN_POINT('',(0.1,1.0842021724855E-16,0.488899906163389));
#4592=DIRECTION('',(1.0,0.0,0.0));
#4593=DIRECTION('',(0.0,1.0,0.0));
#4594=ORIENTED_EDGE('',*,*,#6160,.F.);
#4595=ORIENTED_EDGE('',*,*,#6559,.F.);
#4596=ORIENTED_EDGE('',*,*,#6560,.F.);
#4597=ORIENTED_EDGE('',*,*,#6561,.F.);
#4598=ORIENTED_EDGE('',*,*,#6562,.F.);
#4599=ORIENTED_EDGE('',*,*,#6563,.F.);
#4600=ORIENTED_EDGE('',*,*,#6552,.F.);
#4601=CARTESIAN_POINT('',(-0.1,1.0842021724855E-16,0.488899906163389));
#4602=DIRECTION('',(1.0,0.0,0.0));
#4603=DIRECTION('',(0.0,1.0,0.0));
#4604=ORIENTED_EDGE('',*,*,#6563,.T.);
#4605=ORIENTED_EDGE('',*,*,#6564,.F.);
#4606=ORIENTED_EDGE('',*,*,#6555,.F.);
#4607=ORIENTED_EDGE('',*,*,#6553,.T.);
#4608=CARTESIAN_POINT('',(0.1,3.35,-0.019999999999938));
#4609=DIRECTION('',(0.0,-4.82310525260096E-16,1.0));
#4610=DIRECTION('',(0.0,-1.0,-4.82310525260096E-16));
#4611=ORIENTED_EDGE('',*,*,#6562,.T.);
#4612=ORIENTED_EDGE('',*,*,#6565,.F.);
#4613=ORIENTED_EDGE('',*,*,#6556,.F.);
#4614=ORIENTED_EDGE('',*,*,#6564,.T.);
#4615=CARTESIAN_POINT('',(0.1,4.2,-0.0199999999999376));
#4616=DIRECTION('',(0.0,-1.0,0.0));
#4617=DIRECTION('',(0.0,0.0,-1.0));
#4618=ORIENTED_EDGE('',*,*,#6561,.T.);
#4619=ORIENTED_EDGE('',*,*,#6566,.F.);
#4620=ORIENTED_EDGE('',*,*,#6557,.F.);
#4621=ORIENTED_EDGE('',*,*,#6565,.T.);
#4622=CARTESIAN_POINT('',(0.1,4.2,0.160000000000063));
#4623=DIRECTION('',(0.0,4.33680868994201E-16,-1.0));
#4624=DIRECTION('',(-1.0,0.0,0.0));
#4625=ORIENTED_EDGE('',*,*,#6560,.T.);
#4626=ORIENTED_EDGE('',*,*,#6567,.F.);
#4627=ORIENTED_EDGE('',*,*,#6558,.F.);
#4628=ORIENTED_EDGE('',*,*,#6566,.T.);
#4629=CARTESIAN_POINT('',(0.1,3.7,0.160000000000062));
#4630=DIRECTION('',(0.0,-1.0,0.0));
#4631=DIRECTION('',(0.0,0.0,-1.0));
#4632=ORIENTED_EDGE('',*,*,#6559,.T.);
#4633=ORIENTED_EDGE('',*,*,#6159,.F.);
#4634=ORIENTED_EDGE('',*,*,#6554,.F.);
#4635=ORIENTED_EDGE('',*,*,#6567,.T.);
#4636=CARTESIAN_POINT('',(0.1,3.7,0.770000000000062));
#4637=DIRECTION('',(0.0,-1.23908819712629E-15,-1.0));
#4638=DIRECTION('',(0.0,-1.0,1.23908819712629E-15));
#4639=ORIENTED_EDGE('',*,*,#6568,.T.);
#4640=ORIENTED_EDGE('',*,*,#6003,.T.);
#4641=ORIENTED_EDGE('',*,*,#6347,.T.);
#4642=ORIENTED_EDGE('',*,*,#6569,.T.);
#4643=CARTESIAN_POINT('',(-0.4,1.0842021724855E-16,0.488899906163389));
#4644=DIRECTION('',(1.0,0.0,0.0));
#4645=DIRECTION('',(0.0,1.0,0.0));
#4646=ORIENTED_EDGE('',*,*,#6005,.F.);
#4647=ORIENTED_EDGE('',*,*,#6570,.F.);
#4648=ORIENTED_EDGE('',*,*,#6571,.F.);
#4649=ORIENTED_EDGE('',*,*,#6345,.F.);
#4650=CARTESIAN_POINT('',(-0.6,1.0842021724855E-16,0.488899906163389));
#4651=DIRECTION('',(1.0,0.0,0.0));
#4652=DIRECTION('',(0.0,1.0,0.0));
#4653=ORIENTED_EDGE('',*,*,#6346,.F.);
#4654=ORIENTED_EDGE('',*,*,#6571,.T.);
#4655=ORIENTED_EDGE('',*,*,#6572,.F.);
#4656=ORIENTED_EDGE('',*,*,#6569,.F.);
#4657=CARTESIAN_POINT('',(-0.4,0.32,1.48000000000006));
#4658=DIRECTION('',(1.0,-0.0,0.0));
#4659=DIRECTION('',(0.0,0.0,1.0));
#4660=ORIENTED_EDGE('',*,*,#6004,.F.);
#4661=ORIENTED_EDGE('',*,*,#6568,.F.);
#4662=ORIENTED_EDGE('',*,*,#6572,.T.);
#4663=ORIENTED_EDGE('',*,*,#6570,.T.);
#4664=CARTESIAN_POINT('',(-0.4,0.32,1.36000000000006));
#4665=DIRECTION('',(0.0,0.0,1.0));
#4666=DIRECTION('',(1.0,0.0,0.0));
#4667=ORIENTED_EDGE('',*,*,#6573,.T.);
#4668=ORIENTED_EDGE('',*,*,#5660,.F.);
#4669=ORIENTED_EDGE('',*,*,#6574,.F.);
#4670=ORIENTED_EDGE('',*,*,#6575,.T.);
#4671=CARTESIAN_POINT('',(-0.4,0.47,0.683848945472233));
#4672=DIRECTION('',(0.0,-0.837672971532918,-0.546172127413338));
#4673=DIRECTION('',(0.0,0.546172127413338,-0.837672971532918));
#4674=ORIENTED_EDGE('',*,*,#5658,.T.);
#4675=ORIENTED_EDGE('',*,*,#6576,.T.);
#4676=ORIENTED_EDGE('',*,*,#6577,.F.);
#4677=ORIENTED_EDGE('',*,*,#6578,.F.);
#4678=CARTESIAN_POINT('',(-0.4,0.39,0.715000000000062));
#4679=DIRECTION('',(1.0,-0.0,0.0));
#4680=DIRECTION('',(0.0,0.0,1.0));
#4681=ORIENTED_EDGE('',*,*,#6579,.T.);
#4682=ORIENTED_EDGE('',*,*,#6280,.T.);
#4683=ORIENTED_EDGE('',*,*,#6054,.T.);
#4684=ORIENTED_EDGE('',*,*,#6307,.T.);
#4685=ORIENTED_EDGE('',*,*,#6580,.T.);
#4686=ORIENTED_EDGE('',*,*,#6574,.T.);
#4687=ORIENTED_EDGE('',*,*,#5659,.T.);
#4688=ORIENTED_EDGE('',*,*,#6578,.T.);
#4689=CARTESIAN_POINT('',(-0.4,1.0842021724855E-16,0.488899906163389));
#4690=DIRECTION('',(1.0,0.0,0.0));
#4691=DIRECTION('',(0.0,1.0,0.0));
#4692=ORIENTED_EDGE('',*,*,#6282,.F.);
#4693=ORIENTED_EDGE('',*,*,#6581,.F.);
#4694=ORIENTED_EDGE('',*,*,#6576,.F.);
#4695=ORIENTED_EDGE('',*,*,#5661,.F.);
#4696=ORIENTED_EDGE('',*,*,#6573,.F.);
#4697=ORIENTED_EDGE('',*,*,#6582,.F.);
#4698=ORIENTED_EDGE('',*,*,#6305,.F.);
#4699=ORIENTED_EDGE('',*,*,#6052,.F.);
#4700=CARTESIAN_POINT('',(-0.6,1.0842021724855E-16,0.488899906163389));
#4701=DIRECTION('',(1.0,0.0,0.0));
#4702=DIRECTION('',(0.0,1.0,0.0));
#4703=ORIENTED_EDGE('',*,*,#6306,.F.);
#4704=ORIENTED_EDGE('',*,*,#6582,.T.);
#4705=ORIENTED_EDGE('',*,*,#6575,.F.);
#4706=ORIENTED_EDGE('',*,*,#6580,.F.);
#4707=CARTESIAN_POINT('',(-0.4,2.75,0.620000000000063));
#4708=DIRECTION('',(0.0,-0.0279929492922725,-0.999608120610232));
#4709=DIRECTION('',(0.0,-0.999608120610232,0.0279929492922725));
#4710=ORIENTED_EDGE('',*,*,#6281,.F.);
#4711=ORIENTED_EDGE('',*,*,#6579,.F.);
#4712=ORIENTED_EDGE('',*,*,#6577,.T.);
#4713=ORIENTED_EDGE('',*,*,#6581,.T.);
#4714=CARTESIAN_POINT('',(-0.4,0.363027989269214,0.757101195198517));
#4715=DIRECTION('',(0.0,0.539440214615724,-0.842023903969087));
#4716=DIRECTION('',(-1.0,0.0,0.0));
#4717=ORIENTED_EDGE('',*,*,#6583,.F.);
#4718=ORIENTED_EDGE('',*,*,#6215,.T.);
#4719=ORIENTED_EDGE('',*,*,#6584,.T.);
#4720=ORIENTED_EDGE('',*,*,#6585,.F.);
#4721=CARTESIAN_POINT('',(-0.4,3.35,0.300000000000062));
#4722=DIRECTION('',(-0.0,1.0,0.0));
#4723=DIRECTION('',(1.0,0.0,0.0));
#4724=ORIENTED_EDGE('',*,*,#6586,.T.);
#4725=ORIENTED_EDGE('',*,*,#6162,.T.);
#4726=ORIENTED_EDGE('',*,*,#6583,.T.);
#4727=ORIENTED_EDGE('',*,*,#6587,.T.);
#4728=ORIENTED_EDGE('',*,*,#6588,.T.);
#4729=ORIENTED_EDGE('',*,*,#6589,.T.);
#4730=ORIENTED_EDGE('',*,*,#6590,.T.);
#4731=CARTESIAN_POINT('',(-0.4,1.0842021724855E-16,0.488899906163389));
#4732=DIRECTION('',(1.0,0.0,0.0));
#4733=DIRECTION('',(0.0,1.0,0.0));
#4734=ORIENTED_EDGE('',*,*,#6164,.F.);
#4735=ORIENTED_EDGE('',*,*,#6591,.F.);
#4736=ORIENTED_EDGE('',*,*,#6592,.F.);
#4737=ORIENTED_EDGE('',*,*,#6593,.F.);
#4738=ORIENTED_EDGE('',*,*,#6594,.F.);
#4739=ORIENTED_EDGE('',*,*,#6595,.F.);
#4740=ORIENTED_EDGE('',*,*,#6584,.F.);
#4741=CARTESIAN_POINT('',(-0.6,1.0842021724855E-16,0.488899906163389));
#4742=DIRECTION('',(1.0,0.0,0.0));
#4743=DIRECTION('',(0.0,1.0,0.0));
#4744=ORIENTED_EDGE('',*,*,#6595,.T.);
#4745=ORIENTED_EDGE('',*,*,#6596,.F.);
#4746=ORIENTED_EDGE('',*,*,#6587,.F.);
#4747=ORIENTED_EDGE('',*,*,#6585,.T.);
#4748=CARTESIAN_POINT('',(-0.4,3.35,-0.019999999999938));
#4749=DIRECTION('',(0.0,-4.82310525260096E-16,1.0));
#4750=DIRECTION('',(0.0,-1.0,-4.82310525260096E-16));
#4751=ORIENTED_EDGE('',*,*,#6594,.T.);
#4752=ORIENTED_EDGE('',*,*,#6597,.F.);
#4753=ORIENTED_EDGE('',*,*,#6588,.F.);
#4754=ORIENTED_EDGE('',*,*,#6596,.T.);
#4755=CARTESIAN_POINT('',(-0.4,4.2,-0.0199999999999376));
#4756=DIRECTION('',(0.0,-1.0,0.0));
#4757=DIRECTION('',(0.0,0.0,-1.0));
#4758=ORIENTED_EDGE('',*,*,#6593,.T.);
#4759=ORIENTED_EDGE('',*,*,#6598,.F.);
#4760=ORIENTED_EDGE('',*,*,#6589,.F.);
#4761=ORIENTED_EDGE('',*,*,#6597,.T.);
#4762=CARTESIAN_POINT('',(-0.4,4.2,0.160000000000063));
#4763=DIRECTION('',(0.0,4.33680868994201E-16,-1.0));
#4764=DIRECTION('',(-1.0,0.0,0.0));
#4765=ORIENTED_EDGE('',*,*,#6592,.T.);
#4766=ORIENTED_EDGE('',*,*,#6599,.F.);
#4767=ORIENTED_EDGE('',*,*,#6590,.F.);
#4768=ORIENTED_EDGE('',*,*,#6598,.T.);
#4769=CARTESIAN_POINT('',(-0.4,3.7,0.160000000000062));
#4770=DIRECTION('',(0.0,-1.0,0.0));
#4771=DIRECTION('',(0.0,0.0,-1.0));
#4772=ORIENTED_EDGE('',*,*,#6591,.T.);
#4773=ORIENTED_EDGE('',*,*,#6163,.F.);
#4774=ORIENTED_EDGE('',*,*,#6586,.F.);
#4775=ORIENTED_EDGE('',*,*,#6599,.T.);
#4776=CARTESIAN_POINT('',(-0.4,3.7,0.770000000000062));
#4777=DIRECTION('',(0.0,-1.23908819712629E-15,-1.0));
#4778=DIRECTION('',(0.0,-1.0,1.23908819712629E-15));
#4779=ORIENTED_EDGE('',*,*,#6600,.T.);
#4780=ORIENTED_EDGE('',*,*,#6007,.T.);
#4781=ORIENTED_EDGE('',*,*,#6344,.T.);
#4782=ORIENTED_EDGE('',*,*,#6601,.T.);
#4783=CARTESIAN_POINT('',(-0.9,1.0842021724855E-16,0.488899906163389));
#4784=DIRECTION('',(1.0,0.0,0.0));
#4785=DIRECTION('',(0.0,1.0,0.0));
#4786=ORIENTED_EDGE('',*,*,#6009,.F.);
#4787=ORIENTED_EDGE('',*,*,#6602,.F.);
#4788=ORIENTED_EDGE('',*,*,#6603,.F.);
#4789=ORIENTED_EDGE('',*,*,#6342,.F.);
#4790=CARTESIAN_POINT('',(-1.1,1.0842021724855E-16,0.488899906163389));
#4791=DIRECTION('',(1.0,0.0,0.0));
#4792=DIRECTION('',(0.0,1.0,0.0));
#4793=ORIENTED_EDGE('',*,*,#6343,.F.);
#4794=ORIENTED_EDGE('',*,*,#6603,.T.);
#4795=ORIENTED_EDGE('',*,*,#6604,.F.);
#4796=ORIENTED_EDGE('',*,*,#6601,.F.);
#4797=CARTESIAN_POINT('',(-0.9,0.32,1.48000000000006));
#4798=DIRECTION('',(1.0,-0.0,0.0));
#4799=DIRECTION('',(0.0,0.0,1.0));
#4800=ORIENTED_EDGE('',*,*,#6008,.F.);
#4801=ORIENTED_EDGE('',*,*,#6600,.F.);
#4802=ORIENTED_EDGE('',*,*,#6604,.T.);
#4803=ORIENTED_EDGE('',*,*,#6602,.T.);
#4804=CARTESIAN_POINT('',(-0.9,0.32,1.36000000000006));
#4805=DIRECTION('',(0.0,0.0,1.0));
#4806=DIRECTION('',(1.0,0.0,0.0));
#4807=ORIENTED_EDGE('',*,*,#6605,.T.);
#4808=ORIENTED_EDGE('',*,*,#5656,.F.);
#4809=ORIENTED_EDGE('',*,*,#6606,.F.);
#4810=ORIENTED_EDGE('',*,*,#6607,.T.);
#4811=CARTESIAN_POINT('',(-0.9,0.47,0.683848945472233));
#4812=DIRECTION('',(0.0,-0.837672971532918,-0.546172127413338));
#4813=DIRECTION('',(0.0,0.546172127413338,-0.837672971532918));
#4814=ORIENTED_EDGE('',*,*,#5654,.T.);
#4815=ORIENTED_EDGE('',*,*,#6608,.T.);
#4816=ORIENTED_EDGE('',*,*,#6609,.F.);
#4817=ORIENTED_EDGE('',*,*,#6610,.F.);
#4818=CARTESIAN_POINT('',(-0.9,0.39,0.715000000000062));
#4819=DIRECTION('',(1.0,-0.0,0.0));
#4820=DIRECTION('',(0.0,0.0,1.0));
#4821=ORIENTED_EDGE('',*,*,#6611,.T.);
#4822=ORIENTED_EDGE('',*,*,#6283,.T.);
#4823=ORIENTED_EDGE('',*,*,#6050,.T.);
#4824=ORIENTED_EDGE('',*,*,#6304,.T.);
#4825=ORIENTED_EDGE('',*,*,#6612,.T.);
#4826=ORIENTED_EDGE('',*,*,#6606,.T.);
#4827=ORIENTED_EDGE('',*,*,#5655,.T.);
#4828=ORIENTED_EDGE('',*,*,#6610,.T.);
#4829=CARTESIAN_POINT('',(-0.9,1.0842021724855E-16,0.488899906163389));
#4830=DIRECTION('',(1.0,0.0,0.0));
#4831=DIRECTION('',(0.0,1.0,0.0));
#4832=ORIENTED_EDGE('',*,*,#6285,.F.);
#4833=ORIENTED_EDGE('',*,*,#6613,.F.);
#4834=ORIENTED_EDGE('',*,*,#6608,.F.);
#4835=ORIENTED_EDGE('',*,*,#5657,.F.);
#4836=ORIENTED_EDGE('',*,*,#6605,.F.);
#4837=ORIENTED_EDGE('',*,*,#6614,.F.);
#4838=ORIENTED_EDGE('',*,*,#6302,.F.);
#4839=ORIENTED_EDGE('',*,*,#6048,.F.);
#4840=CARTESIAN_POINT('',(-1.1,1.0842021724855E-16,0.488899906163389));
#4841=DIRECTION('',(1.0,0.0,0.0));
#4842=DIRECTION('',(0.0,1.0,0.0));
#4843=ORIENTED_EDGE('',*,*,#6303,.F.);
#4844=ORIENTED_EDGE('',*,*,#6614,.T.);
#4845=ORIENTED_EDGE('',*,*,#6607,.F.);
#4846=ORIENTED_EDGE('',*,*,#6612,.F.);
#4847=CARTESIAN_POINT('',(-0.9,2.75,0.620000000000063));
#4848=DIRECTION('',(0.0,-0.0279929492922725,-0.999608120610232));
#4849=DIRECTION('',(0.0,-0.999608120610232,0.0279929492922725));
#4850=ORIENTED_EDGE('',*,*,#6284,.F.);
#4851=ORIENTED_EDGE('',*,*,#6611,.F.);
#4852=ORIENTED_EDGE('',*,*,#6609,.T.);
#4853=ORIENTED_EDGE('',*,*,#6613,.T.);
#4854=CARTESIAN_POINT('',(-0.9,0.363027989269214,0.757101195198517));
#4855=DIRECTION('',(0.0,0.539440214615724,-0.842023903969087));
#4856=DIRECTION('',(-1.0,0.0,0.0));
#4857=ORIENTED_EDGE('',*,*,#6615,.F.);
#4858=ORIENTED_EDGE('',*,*,#6214,.T.);
#4859=ORIENTED_EDGE('',*,*,#6616,.T.);
#4860=ORIENTED_EDGE('',*,*,#6617,.F.);
#4861=CARTESIAN_POINT('',(-0.9,3.35,0.300000000000062));
#4862=DIRECTION('',(-0.0,1.0,0.0));
#4863=DIRECTION('',(1.0,0.0,0.0));
#4864=ORIENTED_EDGE('',*,*,#6618,.T.);
#4865=ORIENTED_EDGE('',*,*,#6166,.T.);
#4866=ORIENTED_EDGE('',*,*,#6615,.T.);
#4867=ORIENTED_EDGE('',*,*,#6619,.T.);
#4868=ORIENTED_EDGE('',*,*,#6620,.T.);
#4869=ORIENTED_EDGE('',*,*,#6621,.T.);
#4870=ORIENTED_EDGE('',*,*,#6622,.T.);
#4871=CARTESIAN_POINT('',(-0.9,1.0842021724855E-16,0.488899906163389));
#4872=DIRECTION('',(1.0,0.0,0.0));
#4873=DIRECTION('',(0.0,1.0,0.0));
#4874=ORIENTED_EDGE('',*,*,#6168,.F.);
#4875=ORIENTED_EDGE('',*,*,#6623,.F.);
#4876=ORIENTED_EDGE('',*,*,#6624,.F.);
#4877=ORIENTED_EDGE('',*,*,#6625,.F.);
#4878=ORIENTED_EDGE('',*,*,#6626,.F.);
#4879=ORIENTED_EDGE('',*,*,#6627,.F.);
#4880=ORIENTED_EDGE('',*,*,#6616,.F.);
#4881=CARTESIAN_POINT('',(-1.1,1.0842021724855E-16,0.488899906163389));
#4882=DIRECTION('',(1.0,0.0,0.0));
#4883=DIRECTION('',(0.0,1.0,0.0));
#4884=ORIENTED_EDGE('',*,*,#6627,.T.);
#4885=ORIENTED_EDGE('',*,*,#6628,.F.);
#4886=ORIENTED_EDGE('',*,*,#6619,.F.);
#4887=ORIENTED_EDGE('',*,*,#6617,.T.);
#4888=CARTESIAN_POINT('',(-0.9,3.35,-0.019999999999938));
#4889=DIRECTION('',(0.0,-4.82310525260096E-16,1.0));
#4890=DIRECTION('',(0.0,-1.0,-4.82310525260096E-16));
#4891=ORIENTED_EDGE('',*,*,#6626,.T.);
#4892=ORIENTED_EDGE('',*,*,#6629,.F.);
#4893=ORIENTED_EDGE('',*,*,#6620,.F.);
#4894=ORIENTED_EDGE('',*,*,#6628,.T.);
#4895=CARTESIAN_POINT('',(-0.9,4.2,-0.0199999999999376));
#4896=DIRECTION('',(0.0,-1.0,0.0));
#4897=DIRECTION('',(0.0,0.0,-1.0));
#4898=ORIENTED_EDGE('',*,*,#6625,.T.);
#4899=ORIENTED_EDGE('',*,*,#6630,.F.);
#4900=ORIENTED_EDGE('',*,*,#6621,.F.);
#4901=ORIENTED_EDGE('',*,*,#6629,.T.);
#4902=CARTESIAN_POINT('',(-0.9,4.2,0.160000000000063));
#4903=DIRECTION('',(0.0,4.33680868994201E-16,-1.0));
#4904=DIRECTION('',(-1.0,0.0,0.0));
#4905=ORIENTED_EDGE('',*,*,#6624,.T.);
#4906=ORIENTED_EDGE('',*,*,#6631,.F.);
#4907=ORIENTED_EDGE('',*,*,#6622,.F.);
#4908=ORIENTED_EDGE('',*,*,#6630,.T.);
#4909=CARTESIAN_POINT('',(-0.9,3.7,0.160000000000062));
#4910=DIRECTION('',(0.0,-1.0,0.0));
#4911=DIRECTION('',(0.0,0.0,-1.0));
#4912=ORIENTED_EDGE('',*,*,#6623,.T.);
#4913=ORIENTED_EDGE('',*,*,#6167,.F.);
#4914=ORIENTED_EDGE('',*,*,#6618,.F.);
#4915=ORIENTED_EDGE('',*,*,#6631,.T.);
#4916=CARTESIAN_POINT('',(-0.9,3.7,0.770000000000062));
#4917=DIRECTION('',(0.0,-1.23908819712629E-15,-1.0));
#4918=DIRECTION('',(0.0,-1.0,1.23908819712629E-15));
#4919=ORIENTED_EDGE('',*,*,#6632,.T.);
#4920=ORIENTED_EDGE('',*,*,#6011,.T.);
#4921=ORIENTED_EDGE('',*,*,#6341,.T.);
#4922=ORIENTED_EDGE('',*,*,#6633,.T.);
#4923=CARTESIAN_POINT('',(-1.4,1.0842021724855E-16,0.488899906163389));
#4924=DIRECTION('',(1.0,0.0,0.0));
#4925=DIRECTION('',(0.0,1.0,0.0));
#4926=ORIENTED_EDGE('',*,*,#6013,.F.);
#4927=ORIENTED_EDGE('',*,*,#6634,.F.);
#4928=ORIENTED_EDGE('',*,*,#6635,.F.);
#4929=ORIENTED_EDGE('',*,*,#6339,.F.);
#4930=CARTESIAN_POINT('',(-1.6,1.0842021724855E-16,0.488899906163389));
#4931=DIRECTION('',(1.0,0.0,0.0));
#4932=DIRECTION('',(0.0,1.0,0.0));
#4933=ORIENTED_EDGE('',*,*,#6340,.F.);
#4934=ORIENTED_EDGE('',*,*,#6635,.T.);
#4935=ORIENTED_EDGE('',*,*,#6636,.F.);
#4936=ORIENTED_EDGE('',*,*,#6633,.F.);
#4937=CARTESIAN_POINT('',(-1.4,0.32,1.48000000000006));
#4938=DIRECTION('',(1.0,-0.0,0.0));
#4939=DIRECTION('',(0.0,0.0,1.0));
#4940=ORIENTED_EDGE('',*,*,#6012,.F.);
#4941=ORIENTED_EDGE('',*,*,#6632,.F.);
#4942=ORIENTED_EDGE('',*,*,#6636,.T.);
#4943=ORIENTED_EDGE('',*,*,#6634,.T.);
#4944=CARTESIAN_POINT('',(-1.4,0.32,1.36000000000006));
#4945=DIRECTION('',(0.0,0.0,1.0));
#4946=DIRECTION('',(1.0,0.0,0.0));
#4947=ORIENTED_EDGE('',*,*,#6637,.T.);
#4948=ORIENTED_EDGE('',*,*,#5652,.F.);
#4949=ORIENTED_EDGE('',*,*,#6638,.F.);
#4950=ORIENTED_EDGE('',*,*,#6639,.T.);
#4951=CARTESIAN_POINT('',(-1.4,0.47,0.683848945472233));
#4952=DIRECTION('',(0.0,-0.837672971532918,-0.546172127413338));
#4953=DIRECTION('',(0.0,0.546172127413338,-0.837672971532918));
#4954=ORIENTED_EDGE('',*,*,#5650,.T.);
#4955=ORIENTED_EDGE('',*,*,#6640,.T.);
#4956=ORIENTED_EDGE('',*,*,#6641,.F.);
#4957=ORIENTED_EDGE('',*,*,#6642,.F.);
#4958=CARTESIAN_POINT('',(-1.4,0.39,0.715000000000062));
#4959=DIRECTION('',(1.0,-0.0,0.0));
#4960=DIRECTION('',(0.0,0.0,1.0));
#4961=ORIENTED_EDGE('',*,*,#6643,.T.);
#4962=ORIENTED_EDGE('',*,*,#6286,.T.);
#4963=ORIENTED_EDGE('',*,*,#6046,.T.);
#4964=ORIENTED_EDGE('',*,*,#6301,.T.);
#4965=ORIENTED_EDGE('',*,*,#6644,.T.);
#4966=ORIENTED_EDGE('',*,*,#6638,.T.);
#4967=ORIENTED_EDGE('',*,*,#5651,.T.);
#4968=ORIENTED_EDGE('',*,*,#6642,.T.);
#4969=CARTESIAN_POINT('',(-1.4,1.0842021724855E-16,0.488899906163389));
#4970=DIRECTION('',(1.0,0.0,0.0));
#4971=DIRECTION('',(0.0,1.0,0.0));
#4972=ORIENTED_EDGE('',*,*,#6288,.F.);
#4973=ORIENTED_EDGE('',*,*,#6645,.F.);
#4974=ORIENTED_EDGE('',*,*,#6640,.F.);
#4975=ORIENTED_EDGE('',*,*,#5653,.F.);
#4976=ORIENTED_EDGE('',*,*,#6637,.F.);
#4977=ORIENTED_EDGE('',*,*,#6646,.F.);
#4978=ORIENTED_EDGE('',*,*,#6299,.F.);
#4979=ORIENTED_EDGE('',*,*,#6044,.F.);
#4980=CARTESIAN_POINT('',(-1.6,1.0842021724855E-16,0.488899906163389));
#4981=DIRECTION('',(1.0,0.0,0.0));
#4982=DIRECTION('',(0.0,1.0,0.0));
#4983=ORIENTED_EDGE('',*,*,#6300,.F.);
#4984=ORIENTED_EDGE('',*,*,#6646,.T.);
#4985=ORIENTED_EDGE('',*,*,#6639,.F.);
#4986=ORIENTED_EDGE('',*,*,#6644,.F.);
#4987=CARTESIAN_POINT('',(-1.4,2.75,0.620000000000063));
#4988=DIRECTION('',(0.0,-0.0279929492922725,-0.999608120610232));
#4989=DIRECTION('',(0.0,-0.999608120610232,0.0279929492922725));
#4990=ORIENTED_EDGE('',*,*,#6287,.F.);
#4991=ORIENTED_EDGE('',*,*,#6643,.F.);
#4992=ORIENTED_EDGE('',*,*,#6641,.T.);
#4993=ORIENTED_EDGE('',*,*,#6645,.T.);
#4994=CARTESIAN_POINT('',(-1.4,0.363027989269214,0.757101195198517));
#4995=DIRECTION('',(0.0,0.539440214615724,-0.842023903969087));
#4996=DIRECTION('',(-1.0,0.0,0.0));
#4997=ORIENTED_EDGE('',*,*,#6647,.F.);
#4998=ORIENTED_EDGE('',*,*,#6213,.T.);
#4999=ORIENTED_EDGE('',*,*,#6648,.T.);
#5000=ORIENTED_EDGE('',*,*,#6649,.F.);
#5001=CARTESIAN_POINT('',(-1.4,3.35,0.300000000000062));
#5002=DIRECTION('',(-0.0,1.0,0.0));
#5003=DIRECTION('',(1.0,0.0,0.0));
#5004=ORIENTED_EDGE('',*,*,#6650,.T.);
#5005=ORIENTED_EDGE('',*,*,#6170,.T.);
#5006=ORIENTED_EDGE('',*,*,#6647,.T.);
#5007=ORIENTED_EDGE('',*,*,#6651,.T.);
#5008=ORIENTED_EDGE('',*,*,#6652,.T.);
#5009=ORIENTED_EDGE('',*,*,#6653,.T.);
#5010=ORIENTED_EDGE('',*,*,#6654,.T.);
#5011=CARTESIAN_POINT('',(-1.4,1.0842021724855E-16,0.488899906163389));
#5012=DIRECTION('',(1.0,0.0,0.0));
#5013=DIRECTION('',(0.0,1.0,0.0));
#5014=ORIENTED_EDGE('',*,*,#6172,.F.);
#5015=ORIENTED_EDGE('',*,*,#6655,.F.);
#5016=ORIENTED_EDGE('',*,*,#6656,.F.);
#5017=ORIENTED_EDGE('',*,*,#6657,.F.);
#5018=ORIENTED_EDGE('',*,*,#6658,.F.);
#5019=ORIENTED_EDGE('',*,*,#6659,.F.);
#5020=ORIENTED_EDGE('',*,*,#6648,.F.);
#5021=CARTESIAN_POINT('',(-1.6,1.0842021724855E-16,0.488899906163389));
#5022=DIRECTION('',(1.0,0.0,0.0));
#5023=DIRECTION('',(0.0,1.0,0.0));
#5024=ORIENTED_EDGE('',*,*,#6659,.T.);
#5025=ORIENTED_EDGE('',*,*,#6660,.F.);
#5026=ORIENTED_EDGE('',*,*,#6651,.F.);
#5027=ORIENTED_EDGE('',*,*,#6649,.T.);
#5028=CARTESIAN_POINT('',(-1.4,3.35,-0.019999999999938));
#5029=DIRECTION('',(0.0,-4.82310525260096E-16,1.0));
#5030=DIRECTION('',(0.0,-1.0,-4.82310525260096E-16));
#5031=ORIENTED_EDGE('',*,*,#6658,.T.);
#5032=ORIENTED_EDGE('',*,*,#6661,.F.);
#5033=ORIENTED_EDGE('',*,*,#6652,.F.);
#5034=ORIENTED_EDGE('',*,*,#6660,.T.);
#5035=CARTESIAN_POINT('',(-1.4,4.2,-0.0199999999999376));
#5036=DIRECTION('',(0.0,-1.0,0.0));
#5037=DIRECTION('',(0.0,0.0,-1.0));
#5038=ORIENTED_EDGE('',*,*,#6657,.T.);
#5039=ORIENTED_EDGE('',*,*,#6662,.F.);
#5040=ORIENTED_EDGE('',*,*,#6653,.F.);
#5041=ORIENTED_EDGE('',*,*,#6661,.T.);
#5042=CARTESIAN_POINT('',(-1.4,4.2,0.160000000000063));
#5043=DIRECTION('',(0.0,4.33680868994201E-16,-1.0));
#5044=DIRECTION('',(-1.0,0.0,0.0));
#5045=ORIENTED_EDGE('',*,*,#6656,.T.);
#5046=ORIENTED_EDGE('',*,*,#6663,.F.);
#5047=ORIENTED_EDGE('',*,*,#6654,.F.);
#5048=ORIENTED_EDGE('',*,*,#6662,.T.);
#5049=CARTESIAN_POINT('',(-1.4,3.7,0.160000000000062));
#5050=DIRECTION('',(0.0,-1.0,0.0));
#5051=DIRECTION('',(0.0,0.0,-1.0));
#5052=ORIENTED_EDGE('',*,*,#6655,.T.);
#5053=ORIENTED_EDGE('',*,*,#6171,.F.);
#5054=ORIENTED_EDGE('',*,*,#6650,.F.);
#5055=ORIENTED_EDGE('',*,*,#6663,.T.);
#5056=CARTESIAN_POINT('',(-1.4,3.7,0.770000000000062));
#5057=DIRECTION('',(0.0,-1.23908819712629E-15,-1.0));
#5058=DIRECTION('',(0.0,-1.0,1.23908819712629E-15));
#5059=ORIENTED_EDGE('',*,*,#6664,.T.);
#5060=ORIENTED_EDGE('',*,*,#6015,.T.);
#5061=ORIENTED_EDGE('',*,*,#6338,.T.);
#5062=ORIENTED_EDGE('',*,*,#6665,.T.);
#5063=CARTESIAN_POINT('',(-1.9,1.0842021724855E-16,0.488899906163389));
#5064=DIRECTION('',(1.0,0.0,0.0));
#5065=DIRECTION('',(0.0,1.0,0.0));
#5066=ORIENTED_EDGE('',*,*,#6017,.F.);
#5067=ORIENTED_EDGE('',*,*,#6666,.F.);
#5068=ORIENTED_EDGE('',*,*,#6667,.F.);
#5069=ORIENTED_EDGE('',*,*,#6336,.F.);
#5070=CARTESIAN_POINT('',(-2.1,1.0842021724855E-16,0.488899906163389));
#5071=DIRECTION('',(1.0,0.0,0.0));
#5072=DIRECTION('',(0.0,1.0,0.0));
#5073=ORIENTED_EDGE('',*,*,#6337,.F.);
#5074=ORIENTED_EDGE('',*,*,#6667,.T.);
#5075=ORIENTED_EDGE('',*,*,#6668,.F.);
#5076=ORIENTED_EDGE('',*,*,#6665,.F.);
#5077=CARTESIAN_POINT('',(-1.9,0.32,1.48000000000006));
#5078=DIRECTION('',(1.0,-0.0,0.0));
#5079=DIRECTION('',(0.0,0.0,1.0));
#5080=ORIENTED_EDGE('',*,*,#6016,.F.);
#5081=ORIENTED_EDGE('',*,*,#6664,.F.);
#5082=ORIENTED_EDGE('',*,*,#6668,.T.);
#5083=ORIENTED_EDGE('',*,*,#6666,.T.);
#5084=CARTESIAN_POINT('',(-1.9,0.32,1.36000000000006));
#5085=DIRECTION('',(0.0,0.0,1.0));
#5086=DIRECTION('',(1.0,0.0,0.0));
#5087=ORIENTED_EDGE('',*,*,#6669,.T.);
#5088=ORIENTED_EDGE('',*,*,#5648,.F.);
#5089=ORIENTED_EDGE('',*,*,#6670,.F.);
#5090=ORIENTED_EDGE('',*,*,#6671,.T.);
#5091=CARTESIAN_POINT('',(-1.9,0.47,0.683848945472233));
#5092=DIRECTION('',(0.0,-0.837672971532918,-0.546172127413338));
#5093=DIRECTION('',(0.0,0.546172127413338,-0.837672971532918));
#5094=ORIENTED_EDGE('',*,*,#5646,.T.);
#5095=ORIENTED_EDGE('',*,*,#6672,.T.);
#5096=ORIENTED_EDGE('',*,*,#6673,.F.);
#5097=ORIENTED_EDGE('',*,*,#6674,.F.);
#5098=CARTESIAN_POINT('',(-1.9,0.39,0.715000000000062));
#5099=DIRECTION('',(1.0,-0.0,0.0));
#5100=DIRECTION('',(0.0,0.0,1.0));
#5101=ORIENTED_EDGE('',*,*,#6675,.T.);
#5102=ORIENTED_EDGE('',*,*,#6289,.T.);
#5103=ORIENTED_EDGE('',*,*,#6042,.T.);
#5104=ORIENTED_EDGE('',*,*,#6298,.T.);
#5105=ORIENTED_EDGE('',*,*,#6676,.T.);
#5106=ORIENTED_EDGE('',*,*,#6670,.T.);
#5107=ORIENTED_EDGE('',*,*,#5647,.T.);
#5108=ORIENTED_EDGE('',*,*,#6674,.T.);
#5109=CARTESIAN_POINT('',(-1.9,1.0842021724855E-16,0.488899906163389));
#5110=DIRECTION('',(1.0,0.0,0.0));
#5111=DIRECTION('',(0.0,1.0,0.0));
#5112=ORIENTED_EDGE('',*,*,#6291,.F.);
#5113=ORIENTED_EDGE('',*,*,#6677,.F.);
#5114=ORIENTED_EDGE('',*,*,#6672,.F.);
#5115=ORIENTED_EDGE('',*,*,#5649,.F.);
#5116=ORIENTED_EDGE('',*,*,#6669,.F.);
#5117=ORIENTED_EDGE('',*,*,#6678,.F.);
#5118=ORIENTED_EDGE('',*,*,#6296,.F.);
#5119=ORIENTED_EDGE('',*,*,#6040,.F.);
#5120=CARTESIAN_POINT('',(-2.1,1.0842021724855E-16,0.488899906163389));
#5121=DIRECTION('',(1.0,0.0,0.0));
#5122=DIRECTION('',(0.0,1.0,0.0));
#5123=ORIENTED_EDGE('',*,*,#6297,.F.);
#5124=ORIENTED_EDGE('',*,*,#6678,.T.);
#5125=ORIENTED_EDGE('',*,*,#6671,.F.);
#5126=ORIENTED_EDGE('',*,*,#6676,.F.);
#5127=CARTESIAN_POINT('',(-1.9,2.75,0.620000000000063));
#5128=DIRECTION('',(0.0,-0.0279929492922725,-0.999608120610232));
#5129=DIRECTION('',(0.0,-0.999608120610232,0.0279929492922725));
#5130=ORIENTED_EDGE('',*,*,#6290,.F.);
#5131=ORIENTED_EDGE('',*,*,#6675,.F.);
#5132=ORIENTED_EDGE('',*,*,#6673,.T.);
#5133=ORIENTED_EDGE('',*,*,#6677,.T.);
#5134=CARTESIAN_POINT('',(-1.9,0.363027989269214,0.757101195198517));
#5135=DIRECTION('',(0.0,0.539440214615724,-0.842023903969087));
#5136=DIRECTION('',(-1.0,0.0,0.0));
#5137=ORIENTED_EDGE('',*,*,#6679,.F.);
#5138=ORIENTED_EDGE('',*,*,#6212,.T.);
#5139=ORIENTED_EDGE('',*,*,#6680,.T.);
#5140=ORIENTED_EDGE('',*,*,#6681,.F.);
#5141=CARTESIAN_POINT('',(-1.9,3.35,0.300000000000062));
#5142=DIRECTION('',(-0.0,1.0,0.0));
#5143=DIRECTION('',(1.0,0.0,0.0));
#5144=ORIENTED_EDGE('',*,*,#6682,.T.);
#5145=ORIENTED_EDGE('',*,*,#6174,.T.);
#5146=ORIENTED_EDGE('',*,*,#6679,.T.);
#5147=ORIENTED_EDGE('',*,*,#6683,.T.);
#5148=ORIENTED_EDGE('',*,*,#6684,.T.);
#5149=ORIENTED_EDGE('',*,*,#6685,.T.);
#5150=ORIENTED_EDGE('',*,*,#6686,.T.);
#5151=CARTESIAN_POINT('',(-1.9,1.0842021724855E-16,0.488899906163389));
#5152=DIRECTION('',(1.0,0.0,0.0));
#5153=DIRECTION('',(0.0,1.0,0.0));
#5154=ORIENTED_EDGE('',*,*,#6176,.F.);
#5155=ORIENTED_EDGE('',*,*,#6687,.F.);
#5156=ORIENTED_EDGE('',*,*,#6688,.F.);
#5157=ORIENTED_EDGE('',*,*,#6689,.F.);
#5158=ORIENTED_EDGE('',*,*,#6690,.F.);
#5159=ORIENTED_EDGE('',*,*,#6691,.F.);
#5160=ORIENTED_EDGE('',*,*,#6680,.F.);
#5161=CARTESIAN_POINT('',(-2.1,1.0842021724855E-16,0.488899906163389));
#5162=DIRECTION('',(1.0,0.0,0.0));
#5163=DIRECTION('',(0.0,1.0,0.0));
#5164=ORIENTED_EDGE('',*,*,#6691,.T.);
#5165=ORIENTED_EDGE('',*,*,#6692,.F.);
#5166=ORIENTED_EDGE('',*,*,#6683,.F.);
#5167=ORIENTED_EDGE('',*,*,#6681,.T.);
#5168=CARTESIAN_POINT('',(-1.9,3.35,-0.019999999999938));
#5169=DIRECTION('',(0.0,-4.82310525260096E-16,1.0));
#5170=DIRECTION('',(0.0,-1.0,-4.82310525260096E-16));
#5171=ORIENTED_EDGE('',*,*,#6690,.T.);
#5172=ORIENTED_EDGE('',*,*,#6693,.F.);
#5173=ORIENTED_EDGE('',*,*,#6684,.F.);
#5174=ORIENTED_EDGE('',*,*,#6692,.T.);
#5175=CARTESIAN_POINT('',(-1.9,4.2,-0.0199999999999376));
#5176=DIRECTION('',(0.0,-1.0,0.0));
#5177=DIRECTION('',(0.0,0.0,-1.0));
#5178=ORIENTED_EDGE('',*,*,#6689,.T.);
#5179=ORIENTED_EDGE('',*,*,#6694,.F.);
#5180=ORIENTED_EDGE('',*,*,#6685,.F.);
#5181=ORIENTED_EDGE('',*,*,#6693,.T.);
#5182=CARTESIAN_POINT('',(-1.9,4.2,0.160000000000063));
#5183=DIRECTION('',(0.0,4.33680868994201E-16,-1.0));
#5184=DIRECTION('',(-1.0,0.0,0.0));
#5185=ORIENTED_EDGE('',*,*,#6688,.T.);
#5186=ORIENTED_EDGE('',*,*,#6695,.F.);
#5187=ORIENTED_EDGE('',*,*,#6686,.F.);
#5188=ORIENTED_EDGE('',*,*,#6694,.T.);
#5189=CARTESIAN_POINT('',(-1.9,3.7,0.160000000000062));
#5190=DIRECTION('',(0.0,-1.0,0.0));
#5191=DIRECTION('',(0.0,0.0,-1.0));
#5192=ORIENTED_EDGE('',*,*,#6687,.T.);
#5193=ORIENTED_EDGE('',*,*,#6175,.F.);
#5194=ORIENTED_EDGE('',*,*,#6682,.F.);
#5195=ORIENTED_EDGE('',*,*,#6695,.T.);
#5196=CARTESIAN_POINT('',(-1.9,3.7,0.770000000000062));
#5197=DIRECTION('',(0.0,-1.23908819712629E-15,-1.0));
#5198=DIRECTION('',(0.0,-1.0,1.23908819712629E-15));
#5199=ORIENTED_EDGE('',*,*,#6696,.T.);
#5200=ORIENTED_EDGE('',*,*,#5971,.T.);
#5201=ORIENTED_EDGE('',*,*,#6335,.T.);
#5202=ORIENTED_EDGE('',*,*,#6697,.T.);
#5203=CARTESIAN_POINT('',(-2.4,1.0842021724855E-16,0.488899906163389));
#5204=DIRECTION('',(1.0,0.0,0.0));
#5205=DIRECTION('',(0.0,1.0,0.0));
#5206=ORIENTED_EDGE('',*,*,#5973,.F.);
#5207=ORIENTED_EDGE('',*,*,#6698,.F.);
#5208=ORIENTED_EDGE('',*,*,#6699,.F.);
#5209=ORIENTED_EDGE('',*,*,#6333,.F.);
#5210=CARTESIAN_POINT('',(-2.6,1.0842021724855E-16,0.488899906163389));
#5211=DIRECTION('',(1.0,0.0,0.0));
#5212=DIRECTION('',(0.0,1.0,0.0));
#5213=ORIENTED_EDGE('',*,*,#6334,.F.);
#5214=ORIENTED_EDGE('',*,*,#6699,.T.);
#5215=ORIENTED_EDGE('',*,*,#6700,.F.);
#5216=ORIENTED_EDGE('',*,*,#6697,.F.);
#5217=CARTESIAN_POINT('',(-2.4,0.32,1.48000000000006));
#5218=DIRECTION('',(1.0,-0.0,0.0));
#5219=DIRECTION('',(0.0,0.0,1.0));
#5220=ORIENTED_EDGE('',*,*,#5972,.F.);
#5221=ORIENTED_EDGE('',*,*,#6696,.F.);
#5222=ORIENTED_EDGE('',*,*,#6700,.T.);
#5223=ORIENTED_EDGE('',*,*,#6698,.T.);
#5224=CARTESIAN_POINT('',(-2.4,0.32,1.36000000000006));
#5225=DIRECTION('',(0.0,0.0,1.0));
#5226=DIRECTION('',(1.0,0.0,0.0));
#5227=ORIENTED_EDGE('',*,*,#6701,.T.);
#5228=ORIENTED_EDGE('',*,*,#5644,.F.);
#5229=ORIENTED_EDGE('',*,*,#6702,.F.);
#5230=ORIENTED_EDGE('',*,*,#6703,.T.);
#5231=CARTESIAN_POINT('',(-2.4,0.47,0.683848945472233));
#5232=DIRECTION('',(0.0,-0.837672971532918,-0.546172127413338));
#5233=DIRECTION('',(0.0,0.546172127413338,-0.837672971532918));
#5234=ORIENTED_EDGE('',*,*,#5642,.T.);
#5235=ORIENTED_EDGE('',*,*,#6704,.T.);
#5236=ORIENTED_EDGE('',*,*,#6705,.F.);
#5237=ORIENTED_EDGE('',*,*,#6706,.F.);
#5238=CARTESIAN_POINT('',(-2.4,0.39,0.715000000000062));
#5239=DIRECTION('',(1.0,-0.0,0.0));
#5240=DIRECTION('',(0.0,0.0,1.0));
#5241=ORIENTED_EDGE('',*,*,#6707,.T.);
#5242=ORIENTED_EDGE('',*,*,#6257,.T.);
#5243=ORIENTED_EDGE('',*,*,#6038,.T.);
#5244=ORIENTED_EDGE('',*,*,#6295,.T.);
#5245=ORIENTED_EDGE('',*,*,#6708,.T.);
#5246=ORIENTED_EDGE('',*,*,#6702,.T.);
#5247=ORIENTED_EDGE('',*,*,#5643,.T.);
#5248=ORIENTED_EDGE('',*,*,#6706,.T.);
#5249=CARTESIAN_POINT('',(-2.4,1.0842021724855E-16,0.488899906163389));
#5250=DIRECTION('',(1.0,0.0,0.0));
#5251=DIRECTION('',(0.0,1.0,0.0));
#5252=ORIENTED_EDGE('',*,*,#6259,.F.);
#5253=ORIENTED_EDGE('',*,*,#6709,.F.);
#5254=ORIENTED_EDGE('',*,*,#6704,.F.);
#5255=ORIENTED_EDGE('',*,*,#5645,.F.);
#5256=ORIENTED_EDGE('',*,*,#6701,.F.);
#5257=ORIENTED_EDGE('',*,*,#6710,.F.);
#5258=ORIENTED_EDGE('',*,*,#6327,.F.);
#5259=ORIENTED_EDGE('',*,*,#6035,.F.);
#5260=CARTESIAN_POINT('',(-2.6,1.0842021724855E-16,0.488899906163389));
#5261=DIRECTION('',(1.0,0.0,0.0));
#5262=DIRECTION('',(0.0,1.0,0.0));
#5263=ORIENTED_EDGE('',*,*,#6328,.F.);
#5264=ORIENTED_EDGE('',*,*,#6710,.T.);
#5265=ORIENTED_EDGE('',*,*,#6703,.F.);
#5266=ORIENTED_EDGE('',*,*,#6708,.F.);
#5267=CARTESIAN_POINT('',(-2.4,2.75,0.620000000000063));
#5268=DIRECTION('',(0.0,-0.0279929492922725,-0.999608120610232));
#5269=DIRECTION('',(0.0,-0.999608120610232,0.0279929492922725));
#5270=ORIENTED_EDGE('',*,*,#6258,.F.);
#5271=ORIENTED_EDGE('',*,*,#6707,.F.);
#5272=ORIENTED_EDGE('',*,*,#6705,.T.);
#5273=ORIENTED_EDGE('',*,*,#6709,.T.);
#5274=CARTESIAN_POINT('',(-2.4,0.363027989269214,0.757101195198517));
#5275=DIRECTION('',(0.0,0.539440214615724,-0.842023903969087));
#5276=DIRECTION('',(-1.0,0.0,0.0));
#5277=ORIENTED_EDGE('',*,*,#6711,.F.);
#5278=ORIENTED_EDGE('',*,*,#6211,.T.);
#5279=ORIENTED_EDGE('',*,*,#6712,.T.);
#5280=ORIENTED_EDGE('',*,*,#6713,.F.);
#5281=CARTESIAN_POINT('',(-2.4,3.35,0.300000000000062));
#5282=DIRECTION('',(-0.0,1.0,0.0));
#5283=DIRECTION('',(1.0,0.0,0.0));
#5284=ORIENTED_EDGE('',*,*,#6714,.T.);
#5285=ORIENTED_EDGE('',*,*,#6117,.T.);
#5286=ORIENTED_EDGE('',*,*,#6711,.T.);
#5287=ORIENTED_EDGE('',*,*,#6715,.T.);
#5288=ORIENTED_EDGE('',*,*,#6716,.T.);
#5289=ORIENTED_EDGE('',*,*,#6717,.T.);
#5290=ORIENTED_EDGE('',*,*,#6718,.T.);
#5291=CARTESIAN_POINT('',(-2.4,1.0842021724855E-16,0.488899906163389));
#5292=DIRECTION('',(1.0,0.0,0.0));
#5293=DIRECTION('',(0.0,1.0,0.0));
#5294=ORIENTED_EDGE('',*,*,#6119,.F.);
#5295=ORIENTED_EDGE('',*,*,#6719,.F.);
#5296=ORIENTED_EDGE('',*,*,#6720,.F.);
#5297=ORIENTED_EDGE('',*,*,#6721,.F.);
#5298=ORIENTED_EDGE('',*,*,#6722,.F.);
#5299=ORIENTED_EDGE('',*,*,#6723,.F.);
#5300=ORIENTED_EDGE('',*,*,#6712,.F.);
#5301=CARTESIAN_POINT('',(-2.6,1.0842021724855E-16,0.488899906163389));
#5302=DIRECTION('',(1.0,0.0,0.0));
#5303=DIRECTION('',(0.0,1.0,0.0));
#5304=ORIENTED_EDGE('',*,*,#6723,.T.);
#5305=ORIENTED_EDGE('',*,*,#6724,.F.);
#5306=ORIENTED_EDGE('',*,*,#6715,.F.);
#5307=ORIENTED_EDGE('',*,*,#6713,.T.);
#5308=CARTESIAN_POINT('',(-2.4,3.35,-0.019999999999938));
#5309=DIRECTION('',(0.0,-4.82310525260096E-16,1.0));
#5310=DIRECTION('',(0.0,-1.0,-4.82310525260096E-16));
#5311=ORIENTED_EDGE('',*,*,#6722,.T.);
#5312=ORIENTED_EDGE('',*,*,#6725,.F.);
#5313=ORIENTED_EDGE('',*,*,#6716,.F.);
#5314=ORIENTED_EDGE('',*,*,#6724,.T.);
#5315=CARTESIAN_POINT('',(-2.4,4.2,-0.0199999999999376));
#5316=DIRECTION('',(0.0,-1.0,0.0));
#5317=DIRECTION('',(0.0,0.0,-1.0));
#5318=ORIENTED_EDGE('',*,*,#6721,.T.);
#5319=ORIENTED_EDGE('',*,*,#6726,.F.);
#5320=ORIENTED_EDGE('',*,*,#6717,.F.);
#5321=ORIENTED_EDGE('',*,*,#6725,.T.);
#5322=CARTESIAN_POINT('',(-2.4,4.2,0.160000000000063));
#5323=DIRECTION('',(0.0,4.33680868994201E-16,-1.0));
#5324=DIRECTION('',(-1.0,0.0,0.0));
#5325=ORIENTED_EDGE('',*,*,#6720,.T.);
#5326=ORIENTED_EDGE('',*,*,#6727,.F.);
#5327=ORIENTED_EDGE('',*,*,#6718,.F.);
#5328=ORIENTED_EDGE('',*,*,#6726,.T.);
#5329=CARTESIAN_POINT('',(-2.4,3.7,0.160000000000062));
#5330=DIRECTION('',(0.0,-1.0,0.0));
#5331=DIRECTION('',(0.0,0.0,-1.0));
#5332=ORIENTED_EDGE('',*,*,#6719,.T.);
#5333=ORIENTED_EDGE('',*,*,#6118,.F.);
#5334=ORIENTED_EDGE('',*,*,#6714,.F.);
#5335=ORIENTED_EDGE('',*,*,#6727,.T.);
#5336=CARTESIAN_POINT('',(-2.4,3.7,0.770000000000062));
#5337=DIRECTION('',(0.0,-1.23908819712629E-15,-1.0));
#5338=DIRECTION('',(0.0,-1.0,1.23908819712629E-15));
#5339=FILL_AREA_STYLE_COLOUR('',#6728);
#5340=ORIENTED_EDGE('',*,*,#6729,.T.);
#5341=ORIENTED_EDGE('',*,*,#6730,.F.);
#5342=ORIENTED_EDGE('',*,*,#6731,.F.);
#5343=ORIENTED_EDGE('',*,*,#6732,.T.);
#5344=CARTESIAN_POINT('',(-5.6,2.5,0.2));
#5345=DIRECTION('',(1.0,0.0,0.0));
#5346=DIRECTION('',(0.0,1.0,0.0));
#5347=ORIENTED_EDGE('',*,*,#6733,.T.);
#5348=ORIENTED_EDGE('',*,*,#6734,.F.);
#5349=ORIENTED_EDGE('',*,*,#6735,.F.);
#5350=ORIENTED_EDGE('',*,*,#6730,.T.);
#5351=CARTESIAN_POINT('',(-5.6,2.3,0.2));
#5352=DIRECTION('',(5.10212787052002E-16,1.0,0.0));
#5353=DIRECTION('',(1.0,-5.10212787052002E-16,0.0));
#5354=ORIENTED_EDGE('',*,*,#6736,.T.);
#5355=ORIENTED_EDGE('',*,*,#6737,.F.);
#5356=ORIENTED_EDGE('',*,*,#6738,.F.);
#5357=ORIENTED_EDGE('',*,*,#6734,.T.);
#5358=CARTESIAN_POINT('',(-4.75,2.3,0.2));
#5359=DIRECTION('',(1.0,7.54227598250786E-16,0.0));
#5360=DIRECTION('',(-7.54227598250786E-16,1.0,0.0));
#5361=ORIENTED_EDGE('',*,*,#6739,.T.);
#5362=ORIENTED_EDGE('',*,*,#6740,.F.);
#5363=ORIENTED_EDGE('',*,*,#6741,.F.);
#5364=ORIENTED_EDGE('',*,*,#6737,.T.);
#5365=CARTESIAN_POINT('',(-4.75,1.15,0.2));
#5366=DIRECTION('',(-0.0,1.0,0.0));
#5367=DIRECTION('',(1.0,0.0,0.0));
#5368=ORIENTED_EDGE('',*,*,#6742,.T.);
#5369=ORIENTED_EDGE('',*,*,#6743,.F.);
#5370=ORIENTED_EDGE('',*,*,#6744,.F.);
#5371=ORIENTED_EDGE('',*,*,#6740,.T.);
#5372=CARTESIAN_POINT('',(-3.81,1.15,0.2));
#5373=DIRECTION('',(-1.0,-4.76572383510114E-16,0.0));
#5374=DIRECTION('',(-4.76572383510114E-16,1.0,0.0));
#5375=ORIENTED_EDGE('',*,*,#6745,.T.);
#5376=ORIENTED_EDGE('',*,*,#6746,.F.);
#5377=ORIENTED_EDGE('',*,*,#6747,.F.);
#5378=ORIENTED_EDGE('',*,*,#6743,.T.);
#5379=CARTESIAN_POINT('',(-3.81,2.06,0.2));
#5380=DIRECTION('',(-1.94713859548417E-14,1.0,0.0));
#5381=DIRECTION('',(1.0,1.94713859548417E-14,-0.0));
#5382=ORIENTED_EDGE('',*,*,#6748,.T.);
#5383=ORIENTED_EDGE('',*,*,#6749,.F.);
#5384=ORIENTED_EDGE('',*,*,#6750,.F.);
#5385=ORIENTED_EDGE('',*,*,#6746,.T.);
#5386=CARTESIAN_POINT('',(-3.565,2.06,0.2));
#5387=DIRECTION('',(-1.0,0.0,0.0));
#5388=DIRECTION('',(0.0,0.0,1.0));
#5389=ORIENTED_EDGE('',*,*,#6751,.T.);
#5390=ORIENTED_EDGE('',*,*,#6752,.F.);
#5391=ORIENTED_EDGE('',*,*,#6753,.F.);
#5392=ORIENTED_EDGE('',*,*,#6749,.T.);
#5393=CARTESIAN_POINT('',(-3.565,2.8,0.2));
#5394=DIRECTION('',(0.0,-1.0,0.0));
#5395=DIRECTION('',(0.0,0.0,-1.0));
#5396=ORIENTED_EDGE('',*,*,#6754,.T.);
#5397=ORIENTED_EDGE('',*,*,#6755,.F.);
#5398=ORIENTED_EDGE('',*,*,#6756,.F.);
#5399=ORIENTED_EDGE('',*,*,#6752,.T.);
#5400=CARTESIAN_POINT('',(-3.81,2.8,0.2));
#5401=DIRECTION('',(-1.0,0.0,0.0));
#5402=DIRECTION('',(0.0,0.0,1.0));
#5403=ORIENTED_EDGE('',*,*,#6757,.T.);
#5404=ORIENTED_EDGE('',*,*,#6758,.F.);
#5405=ORIENTED_EDGE('',*,*,#6759,.F.);
#5406=ORIENTED_EDGE('',*,*,#6755,.T.);
#5407=CARTESIAN_POINT('',(-3.81,3.45,0.2));
#5408=DIRECTION('',(-3.36186720150544E-16,-1.0,0.0));
#5409=DIRECTION('',(-1.0,3.36186720150544E-16,0.0));
#5410=ORIENTED_EDGE('',*,*,#6760,.T.);
#5411=ORIENTED_EDGE('',*,*,#6761,.F.);
#5412=ORIENTED_EDGE('',*,*,#6762,.F.);
#5413=ORIENTED_EDGE('',*,*,#6758,.T.);
#5414=CARTESIAN_POINT('',(-5.1,3.45,0.2));
#5415=DIRECTION('',(1.0,0.0,0.0));
#5416=DIRECTION('',(0.0,1.0,0.0));
#5417=ORIENTED_EDGE('',*,*,#6763,.T.);
#5418=ORIENTED_EDGE('',*,*,#6764,.F.);
#5419=ORIENTED_EDGE('',*,*,#6765,.F.);
#5420=ORIENTED_EDGE('',*,*,#6761,.T.);
#5421=CARTESIAN_POINT('',(-5.1,3.0,0.2));
#5422=DIRECTION('',(8.67361737988403E-16,-1.0,0.0));
#5423=DIRECTION('',(0.0,0.0,-1.0));
#5424=ORIENTED_EDGE('',*,*,#6766,.T.);
#5425=ORIENTED_EDGE('',*,*,#6767,.F.);
#5426=ORIENTED_EDGE('',*,*,#6768,.F.);
#5427=ORIENTED_EDGE('',*,*,#6764,.T.);
#5428=CARTESIAN_POINT('',(-5.6,3.0,0.2));
#5429=DIRECTION('',(1.0,0.0,0.0));
#5430=DIRECTION('',(0.0,1.0,0.0));
#5431=ORIENTED_EDGE('',*,*,#6769,.T.);
#5432=ORIENTED_EDGE('',*,*,#6770,.F.);
#5433=ORIENTED_EDGE('',*,*,#6771,.F.);
#5434=ORIENTED_EDGE('',*,*,#6767,.T.);
#5435=CARTESIAN_POINT('',(-5.6,2.8,0.2));
#5436=DIRECTION('',(-0.0,1.0,0.0));
#5437=DIRECTION('',(1.0,0.0,0.0));
#5438=ORIENTED_EDGE('',*,*,#6772,.T.);
#5439=ORIENTED_EDGE('',*,*,#6773,.F.);
#5440=ORIENTED_EDGE('',*,*,#6774,.F.);
#5441=ORIENTED_EDGE('',*,*,#6770,.T.);
#5442=CARTESIAN_POINT('',(-5.1,2.8,0.2));
#5443=DIRECTION('',(1.0,0.0,0.0));
#5444=DIRECTION('',(0.0,1.0,0.0));
#5445=ORIENTED_EDGE('',*,*,#6775,.T.);
#5446=ORIENTED_EDGE('',*,*,#6732,.F.);
#5447=ORIENTED_EDGE('',*,*,#6776,.F.);
#5448=ORIENTED_EDGE('',*,*,#6773,.T.);
#5449=CARTESIAN_POINT('',(-5.1,2.5,0.2));
#5450=DIRECTION('',(7.80625564189563E-15,-1.0,0.0));
#5451=DIRECTION('',(0.0,0.0,-1.0));
#5452=ORIENTED_EDGE('',*,*,#6731,.T.);
#5453=ORIENTED_EDGE('',*,*,#6735,.T.);
#5454=ORIENTED_EDGE('',*,*,#6738,.T.);
#5455=ORIENTED_EDGE('',*,*,#6741,.T.);
#5456=ORIENTED_EDGE('',*,*,#6744,.T.);
#5457=ORIENTED_EDGE('',*,*,#6747,.T.);
#5458=ORIENTED_EDGE('',*,*,#6750,.T.);
#5459=ORIENTED_EDGE('',*,*,#6753,.T.);
#5460=ORIENTED_EDGE('',*,*,#6756,.T.);
#5461=ORIENTED_EDGE('',*,*,#6759,.T.);
#5462=ORIENTED_EDGE('',*,*,#6762,.T.);
#5463=ORIENTED_EDGE('',*,*,#6765,.T.);
#5464=ORIENTED_EDGE('',*,*,#6768,.T.);
#5465=ORIENTED_EDGE('',*,*,#6771,.T.);
#5466=ORIENTED_EDGE('',*,*,#6774,.T.);
#5467=ORIENTED_EDGE('',*,*,#6776,.T.);
#5468=CARTESIAN_POINT('',(0.0,0.0,0.2));
#5469=DIRECTION('',(0.0,0.0,1.0));
#5470=DIRECTION('',(1.0,0.0,0.0));
#5471=ORIENTED_EDGE('',*,*,#6729,.F.);
#5472=ORIENTED_EDGE('',*,*,#6775,.F.);
#5473=ORIENTED_EDGE('',*,*,#6772,.F.);
#5474=ORIENTED_EDGE('',*,*,#6769,.F.);
#5475=ORIENTED_EDGE('',*,*,#6766,.F.);
#5476=ORIENTED_EDGE('',*,*,#6763,.F.);
#5477=ORIENTED_EDGE('',*,*,#6760,.F.);
#5478=ORIENTED_EDGE('',*,*,#6757,.F.);
#5479=ORIENTED_EDGE('',*,*,#6754,.F.);
#5480=ORIENTED_EDGE('',*,*,#6751,.F.);
#5481=ORIENTED_EDGE('',*,*,#6748,.F.);
#5482=ORIENTED_EDGE('',*,*,#6745,.F.);
#5483=ORIENTED_EDGE('',*,*,#6742,.F.);
#5484=ORIENTED_EDGE('',*,*,#6739,.F.);
#5485=ORIENTED_EDGE('',*,*,#6736,.F.);
#5486=ORIENTED_EDGE('',*,*,#6733,.F.);
#5487=CARTESIAN_POINT('',(0.0,0.0,0.0));
#5488=DIRECTION('',(0.0,0.0,1.0));
#5489=DIRECTION('',(1.0,0.0,0.0));
#5490=FILL_AREA_STYLE_COLOUR('',#6777);
#5491=ORIENTED_EDGE('',*,*,#6778,.T.);
#5492=ORIENTED_EDGE('',*,*,#6779,.T.);
#5493=ORIENTED_EDGE('',*,*,#6780,.F.);
#5494=ORIENTED_EDGE('',*,*,#6781,.T.);
#5495=CARTESIAN_POINT('',(3.81,2.06,0.2));
#5496=DIRECTION('',(1.0,4.76572383510112E-16,0.0));
#5497=DIRECTION('',(-4.76572383510112E-16,1.0,0.0));
#5498=ORIENTED_EDGE('',*,*,#6782,.T.);
#5499=ORIENTED_EDGE('',*,*,#6783,.T.);
#5500=ORIENTED_EDGE('',*,*,#6784,.F.);
#5501=ORIENTED_EDGE('',*,*,#6779,.F.);
#5502=CARTESIAN_POINT('',(3.81,1.15,0.2));
#5503=DIRECTION('',(-0.0,1.0,0.0));
#5504=DIRECTION('',(1.0,0.0,0.0));
#5505=ORIENTED_EDGE('',*,*,#6785,.T.);
#5506=ORIENTED_EDGE('',*,*,#6786,.F.);
#5507=ORIENTED_EDGE('',*,*,#6787,.F.);
#5508=ORIENTED_EDGE('',*,*,#6783,.F.);
#5509=CARTESIAN_POINT('',(4.75,1.15,0.2));
#5510=DIRECTION('',(-1.0,7.54227598250786E-16,0.0));
#5511=DIRECTION('',(0.0,0.0,1.0));
#5512=ORIENTED_EDGE('',*,*,#6788,.F.);
#5513=ORIENTED_EDGE('',*,*,#6789,.T.);
#5514=ORIENTED_EDGE('',*,*,#6790,.T.);
#5515=ORIENTED_EDGE('',*,*,#6786,.T.);
#5516=CARTESIAN_POINT('',(4.75,2.3,0.2));
#5517=DIRECTION('',(-5.10212787052002E-16,1.0,0.0));
#5518=DIRECTION('',(1.0,5.10212787052002E-16,-0.0));
#5519=ORIENTED_EDGE('',*,*,#6791,.F.);
#5520=ORIENTED_EDGE('',*,*,#6792,.T.);
#5521=ORIENTED_EDGE('',*,*,#6793,.T.);
#5522=ORIENTED_EDGE('',*,*,#6789,.F.);
#5523=CARTESIAN_POINT('',(5.6,2.3,0.2));
#5524=DIRECTION('',(-1.0,0.0,0.0));
#5525=DIRECTION('',(0.0,0.0,1.0));
#5526=ORIENTED_EDGE('',*,*,#6794,.F.);
#5527=ORIENTED_EDGE('',*,*,#6795,.T.);
#5528=ORIENTED_EDGE('',*,*,#6796,.T.);
#5529=ORIENTED_EDGE('',*,*,#6792,.F.);
#5530=CARTESIAN_POINT('',(5.6,2.5,0.2));
#5531=DIRECTION('',(0.0,-1.0,0.0));
#5532=DIRECTION('',(0.0,0.0,-1.0));
#5533=ORIENTED_EDGE('',*,*,#6797,.F.);
#5534=ORIENTED_EDGE('',*,*,#6798,.T.);
#5535=ORIENTED_EDGE('',*,*,#6799,.T.);
#5536=ORIENTED_EDGE('',*,*,#6795,.F.);
#5537=CARTESIAN_POINT('',(5.1,2.5,0.2));
#5538=DIRECTION('',(-1.0,0.0,0.0));
#5539=DIRECTION('',(0.0,0.0,1.0));
#5540=ORIENTED_EDGE('',*,*,#6800,.F.);
#5541=ORIENTED_EDGE('',*,*,#6801,.T.);
#5542=ORIENTED_EDGE('',*,*,#6802,.T.);
#5543=ORIENTED_EDGE('',*,*,#6798,.F.);
#5544=CARTESIAN_POINT('',(5.1,2.8,0.2));
#5545=DIRECTION('',(-0.0,1.0,0.0));
#5546=DIRECTION('',(1.0,0.0,0.0));
#5547=ORIENTED_EDGE('',*,*,#6803,.F.);
#5548=ORIENTED_EDGE('',*,*,#6804,.T.);
#5549=ORIENTED_EDGE('',*,*,#6805,.T.);
#5550=ORIENTED_EDGE('',*,*,#6801,.F.);
#5551=CARTESIAN_POINT('',(5.6,2.8,0.2));
#5552=DIRECTION('',(-1.0,0.0,0.0));
#5553=DIRECTION('',(0.0,0.0,1.0));
#5554=ORIENTED_EDGE('',*,*,#6806,.F.);
#5555=ORIENTED_EDGE('',*,*,#6807,.T.);
#5556=ORIENTED_EDGE('',*,*,#6808,.T.);
#5557=ORIENTED_EDGE('',*,*,#6804,.F.);
#5558=CARTESIAN_POINT('',(5.6,3.0,0.2));
#5559=DIRECTION('',(0.0,-1.0,0.0));
#5560=DIRECTION('',(0.0,0.0,-1.0));
#5561=ORIENTED_EDGE('',*,*,#6809,.F.);
#5562=ORIENTED_EDGE('',*,*,#6810,.T.);
#5563=ORIENTED_EDGE('',*,*,#6811,.T.);
#5564=ORIENTED_EDGE('',*,*,#6807,.F.);
#5565=CARTESIAN_POINT('',(5.1,3.0,0.2));
#5566=DIRECTION('',(-1.0,0.0,0.0));
#5567=DIRECTION('',(0.0,0.0,1.0));
#5568=ORIENTED_EDGE('',*,*,#6812,.F.);
#5569=ORIENTED_EDGE('',*,*,#6813,.F.);
#5570=ORIENTED_EDGE('',*,*,#6814,.T.);
#5571=ORIENTED_EDGE('',*,*,#6810,.F.);
#5572=CARTESIAN_POINT('',(5.1,3.45,0.2));
#5573=DIRECTION('',(3.36186720150544E-16,-1.0,0.0));
#5574=DIRECTION('',(0.0,0.0,-1.0));
#5575=ORIENTED_EDGE('',*,*,#6815,.T.);
#5576=ORIENTED_EDGE('',*,*,#6816,.F.);
#5577=ORIENTED_EDGE('',*,*,#6817,.F.);
#5578=ORIENTED_EDGE('',*,*,#6813,.T.);
#5579=CARTESIAN_POINT('',(3.81,3.45,0.2));
#5580=DIRECTION('',(1.0,0.0,0.0));
#5581=DIRECTION('',(0.0,1.0,0.0));
#5582=ORIENTED_EDGE('',*,*,#6818,.T.);
#5583=ORIENTED_EDGE('',*,*,#6819,.F.);
#5584=ORIENTED_EDGE('',*,*,#6820,.F.);
#5585=ORIENTED_EDGE('',*,*,#6816,.T.);
#5586=CARTESIAN_POINT('',(3.81,2.8,0.2));
#5587=DIRECTION('',(0.0,-1.0,0.0));
#5588=DIRECTION('',(0.0,0.0,-1.0));
#5589=ORIENTED_EDGE('',*,*,#6821,.T.);
#5590=ORIENTED_EDGE('',*,*,#6822,.F.);
#5591=ORIENTED_EDGE('',*,*,#6823,.F.);
#5592=ORIENTED_EDGE('',*,*,#6819,.T.);
#5593=CARTESIAN_POINT('',(3.565,2.8,0.2));
#5594=DIRECTION('',(1.0,0.0,0.0));
#5595=DIRECTION('',(0.0,1.0,0.0));
#5596=ORIENTED_EDGE('',*,*,#6824,.T.);
#5597=ORIENTED_EDGE('',*,*,#6781,.F.);
#5598=ORIENTED_EDGE('',*,*,#6825,.F.);
#5599=ORIENTED_EDGE('',*,*,#6822,.T.);
#5600=CARTESIAN_POINT('',(3.565,2.06,0.2));
#5601=DIRECTION('',(-1.77012599589471E-15,1.0,0.0));
#5602=DIRECTION('',(1.0,1.77012599589471E-15,-0.0));
#5603=ORIENTED_EDGE('',*,*,#6780,.T.);
#5604=ORIENTED_EDGE('',*,*,#6784,.T.);
#5605=ORIENTED_EDGE('',*,*,#6787,.T.);
#5606=ORIENTED_EDGE('',*,*,#6790,.F.);
#5607=ORIENTED_EDGE('',*,*,#6793,.F.);
#5608=ORIENTED_EDGE('',*,*,#6796,.F.);
#5609=ORIENTED_EDGE('',*,*,#6799,.F.);
#5610=ORIENTED_EDGE('',*,*,#6802,.F.);
#5611=ORIENTED_EDGE('',*,*,#6805,.F.);
#5612=ORIENTED_EDGE('',*,*,#6808,.F.);
#5613=ORIENTED_EDGE('',*,*,#6811,.F.);
#5614=ORIENTED_EDGE('',*,*,#6814,.F.);
#5615=ORIENTED_EDGE('',*,*,#6817,.T.);
#5616=ORIENTED_EDGE('',*,*,#6820,.T.);
#5617=ORIENTED_EDGE('',*,*,#6823,.T.);
#5618=ORIENTED_EDGE('',*,*,#6825,.T.);
#5619=CARTESIAN_POINT('',(0.0,0.0,0.2));
#5620=DIRECTION('',(0.0,0.0,1.0));
#5621=DIRECTION('',(1.0,0.0,0.0));
#5622=ORIENTED_EDGE('',*,*,#6778,.F.);
#5623=ORIENTED_EDGE('',*,*,#6824,.F.);
#5624=ORIENTED_EDGE('',*,*,#6821,.F.);
#5625=ORIENTED_EDGE('',*,*,#6818,.F.);
#5626=ORIENTED_EDGE('',*,*,#6815,.F.);
#5627=ORIENTED_EDGE('',*,*,#6812,.T.);
#5628=ORIENTED_EDGE('',*,*,#6809,.T.);
#5629=ORIENTED_EDGE('',*,*,#6806,.T.);
#5630=ORIENTED_EDGE('',*,*,#6803,.T.);
#5631=ORIENTED_EDGE('',*,*,#6800,.T.);
#5632=ORIENTED_EDGE('',*,*,#6797,.T.);
#5633=ORIENTED_EDGE('',*,*,#6794,.T.);
#5634=ORIENTED_EDGE('',*,*,#6791,.T.);
#5635=ORIENTED_EDGE('',*,*,#6788,.T.);
#5636=ORIENTED_EDGE('',*,*,#6785,.F.);
#5637=ORIENTED_EDGE('',*,*,#6782,.F.);
#5638=CARTESIAN_POINT('',(0.0,0.0,0.0));
#5639=DIRECTION('',(0.0,0.0,1.0));
#5640=DIRECTION('',(1.0,0.0,0.0));
#5641=COLOUR_RGB('',0.596063196659088,0.666666686534882,0.686259269714355);
#5642=EDGE_CURVE('',#6826,#6827,#6828,.T.);
#5643=EDGE_CURVE('',#6829,#6826,#6830,.T.);
#5644=EDGE_CURVE('',#6829,#6831,#6832,.T.);
#5645=EDGE_CURVE('',#6831,#6827,#6833,.T.);
#5646=EDGE_CURVE('',#6834,#6835,#6836,.T.);
#5647=EDGE_CURVE('',#6837,#6834,#6838,.T.);
#5648=EDGE_CURVE('',#6837,#6839,#6840,.T.);
#5649=EDGE_CURVE('',#6839,#6835,#6841,.T.);
#5650=EDGE_CURVE('',#6842,#6843,#6844,.T.);
#5651=EDGE_CURVE('',#6845,#6842,#6846,.T.);
#5652=EDGE_CURVE('',#6845,#6847,#6848,.T.);
#5653=EDGE_CURVE('',#6847,#6843,#6849,.T.);
#5654=EDGE_CURVE('',#6850,#6851,#6852,.T.);
#5655=EDGE_CURVE('',#6853,#6850,#6854,.T.);
#5656=EDGE_CURVE('',#6853,#6855,#6856,.T.);
#5657=EDGE_CURVE('',#6855,#6851,#6857,.T.);
#5658=EDGE_CURVE('',#6858,#6859,#6860,.T.);
#5659=EDGE_CURVE('',#6861,#6858,#6862,.T.);
#5660=EDGE_CURVE('',#6861,#6863,#6864,.T.);
#5661=EDGE_CURVE('',#6863,#6859,#6865,.T.);
#5662=EDGE_CURVE('',#6866,#6867,#6868,.T.);
#5663=EDGE_CURVE('',#6869,#6866,#6870,.T.);
#5664=EDGE_CURVE('',#6869,#6871,#6872,.T.);
#5665=EDGE_CURVE('',#6871,#6867,#6873,.T.);
#5666=EDGE_CURVE('',#6874,#6875,#6876,.T.);
#5667=EDGE_CURVE('',#6877,#6874,#6878,.T.);
#5668=EDGE_CURVE('',#6877,#6879,#6880,.T.);
#5669=EDGE_CURVE('',#6879,#6875,#6881,.T.);
#5670=EDGE_CURVE('',#6882,#6883,#6884,.T.);
#5671=EDGE_CURVE('',#6885,#6882,#6886,.T.);
#5672=EDGE_CURVE('',#6885,#6887,#6888,.T.);
#5673=EDGE_CURVE('',#6887,#6883,#6889,.T.);
#5674=EDGE_CURVE('',#6890,#6891,#6892,.T.);
#5675=EDGE_CURVE('',#6893,#6890,#6894,.T.);
#5676=EDGE_CURVE('',#6893,#6895,#6896,.T.);
#5677=EDGE_CURVE('',#6895,#6891,#6897,.T.);
#5678=EDGE_CURVE('',#6898,#6899,#6900,.T.);
#5679=EDGE_CURVE('',#6901,#6898,#6902,.T.);
#5680=EDGE_CURVE('',#6901,#6903,#6904,.T.);
#5681=EDGE_CURVE('',#6903,#6899,#6905,.T.);
#5682=EDGE_CURVE('',#6906,#6907,#6908,.T.);
#5683=EDGE_CURVE('',#6909,#6906,#6910,.T.);
#5684=EDGE_CURVE('',#6909,#6911,#6912,.T.);
#5685=EDGE_CURVE('',#6911,#6907,#6913,.T.);
#5686=EDGE_CURVE('',#6914,#6915,#6916,.T.);
#5687=EDGE_CURVE('',#6914,#6917,#6918,.T.);
#5688=EDGE_CURVE('',#6919,#6917,#6920,.T.);
#5689=EDGE_CURVE('',#6921,#6919,#6922,.T.);
#5690=EDGE_CURVE('',#6921,#6923,#6924,.T.);
#5691=EDGE_CURVE('',#6923,#6915,#6925,.T.);
#5692=EDGE_CURVE('',#6926,#6927,#6928,.T.);
#5693=EDGE_CURVE('',#6929,#6926,#6930,.T.);
#5694=EDGE_CURVE('',#6929,#6931,#6932,.T.);
#5695=EDGE_CURVE('',#6931,#6933,#6934,.T.);
#5696=EDGE_CURVE('',#6933,#6935,#6936,.T.);
#5697=EDGE_CURVE('',#6927,#6935,#6937,.T.);
#5698=EDGE_CURVE('',#6938,#6939,#6940,.T.);
#5699=EDGE_CURVE('',#6941,#6939,#6942,.T.);
#5700=EDGE_CURVE('',#6941,#6943,#6944,.T.);
#5701=EDGE_CURVE('',#6943,#6938,#6945,.T.);
#5702=EDGE_CURVE('',#6946,#6947,#6948,.T.);
#5703=EDGE_CURVE('',#6949,#6946,#6950,.T.);
#5704=EDGE_CURVE('',#6951,#6949,#6952,.T.);
#5705=EDGE_CURVE('',#6951,#6947,#6953,.T.);
#5706=EDGE_CURVE('',#6954,#6955,#6956,.T.);
#5707=EDGE_CURVE('',#6957,#6954,#6958,.T.);
#5708=EDGE_CURVE('',#6957,#6959,#6960,.T.);
#5709=EDGE_CURVE('',#6955,#6959,#6961,.T.);
#5710=EDGE_CURVE('',#6962,#6963,#6964,.T.);
#5711=EDGE_CURVE('',#6965,#6962,#6966,.T.);
#5712=EDGE_CURVE('',#6967,#6965,#6968,.T.);
#5713=EDGE_CURVE('',#6967,#6969,#6970,.T.);
#5714=EDGE_CURVE('',#6971,#6969,#6972,.T.);
#5715=EDGE_CURVE('',#6971,#6973,#6974,.T.);
#5716=EDGE_CURVE('',#6973,#6975,#6976,.T.);
#5717=EDGE_CURVE('',#6975,#6977,#6978,.T.);
#5718=EDGE_CURVE('',#6977,#6979,#6980,.T.);
#5719=EDGE_CURVE('',#6981,#6979,#6982,.T.);
#5720=EDGE_CURVE('',#6983,#6981,#6984,.T.);
#5721=EDGE_CURVE('',#6985,#6983,#6986,.T.);
#5722=EDGE_CURVE('',#6985,#6987,#6988,.T.);
#5723=EDGE_CURVE('',#6987,#6938,#6989,.T.);
#5724=EDGE_CURVE('',#6990,#6943,#6991,.T.);
#5725=EDGE_CURVE('',#6992,#6990,#6993,.T.);
#5726=EDGE_CURVE('',#6992,#6994,#6995,.T.);
#5727=EDGE_CURVE('',#6994,#6996,#6997,.T.);
#5728=EDGE_CURVE('',#6996,#6963,#6998,.T.);
#5729=EDGE_CURVE('',#6999,#7000,#7001,.T.);
#5730=EDGE_CURVE('',#7002,#6999,#7003,.T.);
#5731=EDGE_CURVE('',#7002,#7004,#7005,.T.);
#5732=EDGE_CURVE('',#7004,#7000,#7006,.T.);
#5733=EDGE_CURVE('',#7007,#7008,#7009,.T.);
#5734=EDGE_CURVE('',#7007,#7010,#7011,.T.);
#5735=EDGE_CURVE('',#7012,#7010,#7013,.T.);
#5736=EDGE_CURVE('',#7012,#7014,#7015,.T.);
#5737=EDGE_CURVE('',#7016,#7014,#7017,.T.);
#5738=EDGE_CURVE('',#7016,#7018,#7019,.T.);
#5739=EDGE_CURVE('',#7008,#7018,#7020,.T.);
#5740=EDGE_CURVE('',#7021,#7022,#7023,.T.);
#5741=EDGE_CURVE('',#7021,#7024,#7025,.T.);
#5742=EDGE_CURVE('',#7024,#7026,#7027,.T.);
#5743=EDGE_CURVE('',#7026,#7028,#7029,.T.);
#5744=EDGE_CURVE('',#7028,#7030,#7031,.T.);
#5745=EDGE_CURVE('',#7032,#7030,#7033,.T.);
#5746=EDGE_CURVE('',#7032,#7034,#7035,.T.);
#5747=EDGE_CURVE('',#7034,#7036,#7037,.T.);
#5748=EDGE_CURVE('',#7038,#7036,#7039,.T.);
#5749=EDGE_CURVE('',#7038,#7040,#7041,.T.);
#5750=EDGE_CURVE('',#7040,#7042,#7043,.T.);
#5751=EDGE_CURVE('',#7044,#7042,#7045,.T.);
#5752=EDGE_CURVE('',#7046,#7044,#7047,.T.);
#5753=EDGE_CURVE('',#7046,#7048,#7049,.T.);
#5754=EDGE_CURVE('',#7050,#7048,#7051,.T.);
#5755=EDGE_CURVE('',#7052,#7050,#7053,.T.);
#5756=EDGE_CURVE('',#7052,#7054,#7055,.T.);
#5757=EDGE_CURVE('',#7056,#7054,#7057,.T.);
#5758=EDGE_CURVE('',#7056,#7058,#7059,.T.);
#5759=EDGE_CURVE('',#7022,#7058,#7060,.T.);
#5760=EDGE_CURVE('',#7061,#6927,#7062,.T.);
#5761=EDGE_CURVE('',#7008,#7061,#7063,.T.);
#5762=EDGE_CURVE('',#7064,#7008,#7065,.T.);
#5763=EDGE_CURVE('',#7064,#7066,#7067,.T.);
#5764=EDGE_CURVE('',#7066,#7068,#7069,.T.);
#5765=EDGE_CURVE('',#6926,#7068,#7070,.T.);
#5766=EDGE_CURVE('',#6931,#7066,#7071,.T.);
#5767=EDGE_CURVE('',#7072,#7064,#7073,.T.);
#5768=EDGE_CURVE('',#7072,#7074,#7075,.T.);
#5769=EDGE_CURVE('',#7074,#7076,#7077,.T.);
#5770=EDGE_CURVE('',#6933,#7076,#7078,.T.);
#5771=EDGE_CURVE('',#7079,#7080,#7081,.T.);
#5772=EDGE_CURVE('',#6990,#7079,#7082,.T.);
#5773=EDGE_CURVE('',#7083,#6941,#7084,.T.);
#5774=EDGE_CURVE('',#7085,#7083,#7086,.T.);
#5775=EDGE_CURVE('',#7087,#7085,#7088,.T.);
#5776=EDGE_CURVE('',#7087,#7089,#7090,.T.);
#5777=EDGE_CURVE('',#7089,#7091,#7092,.T.);
#5778=EDGE_CURVE('',#7091,#7093,#7094,.T.);
#5779=EDGE_CURVE('',#7093,#7095,#7096,.T.);
#5780=EDGE_CURVE('',#7097,#7095,#7098,.T.);
#5781=EDGE_CURVE('',#7099,#7097,#7100,.T.);
#5782=EDGE_CURVE('',#7080,#7099,#7101,.T.);
#5783=EDGE_CURVE('',#7102,#7103,#7104,.T.);
#5784=EDGE_CURVE('',#7103,#7093,#7105,.T.);
#5785=EDGE_CURVE('',#7102,#7091,#7106,.T.);
#5786=EDGE_CURVE('',#6917,#7107,#7108,.T.);
#5787=EDGE_CURVE('',#7109,#6914,#7110,.T.);
#5788=EDGE_CURVE('',#6987,#7109,#7111,.T.);
#5789=EDGE_CURVE('',#6985,#7107,#7112,.T.);
#5790=EDGE_CURVE('',#6939,#7113,#7114,.T.);
#5791=EDGE_CURVE('',#7109,#7115,#7116,.T.);
#5792=EDGE_CURVE('',#7117,#7115,#7118,.T.);
#5793=EDGE_CURVE('',#7119,#7117,#7120,.T.);
#5794=EDGE_CURVE('',#7113,#7119,#7121,.T.);
#5795=EDGE_CURVE('',#7083,#7117,#7122,.T.);
#5796=EDGE_CURVE('',#7123,#7115,#7124,.T.);
#5797=EDGE_CURVE('',#7125,#7123,#7126,.T.);
#5798=EDGE_CURVE('',#7125,#7127,#7128,.T.);
#5799=EDGE_CURVE('',#7085,#7127,#7129,.T.);
#5800=EDGE_CURVE('',#7130,#7131,#7132,.T.);
#5801=EDGE_CURVE('',#7133,#7130,#7134,.T.);
#5802=EDGE_CURVE('',#7133,#7135,#7136,.T.);
#5803=EDGE_CURVE('',#7135,#7131,#7137,.T.);
#5804=EDGE_CURVE('',#7138,#7107,#7139,.T.);
#5805=EDGE_CURVE('',#7140,#6983,#7141,.T.);
#5806=EDGE_CURVE('',#7140,#7142,#7143,.T.);
#5807=EDGE_CURVE('',#7142,#7144,#7145,.T.);
#5808=EDGE_CURVE('',#7144,#7103,#7146,.T.);
#5809=EDGE_CURVE('',#7147,#7102,#7148,.T.);
#5810=EDGE_CURVE('',#7149,#7147,#7150,.T.);
#5811=EDGE_CURVE('',#7151,#7149,#7152,.T.);
#5812=EDGE_CURVE('',#7153,#7151,#7154,.T.);
#5813=EDGE_CURVE('',#7153,#7138,#7155,.T.);
#5814=EDGE_CURVE('',#7123,#7156,#7157,.T.);
#5815=EDGE_CURVE('',#7156,#7153,#7158,.T.);
#5816=EDGE_CURVE('',#7159,#7151,#7160,.T.);
#5817=EDGE_CURVE('',#7159,#7125,#7161,.T.);
#5818=EDGE_CURVE('',#7089,#7147,#7162,.T.);
#5819=EDGE_CURVE('',#7163,#7164,#7165,.T.);
#5820=EDGE_CURVE('',#7080,#7163,#7166,.T.);
#5821=EDGE_CURVE('',#7099,#7140,#7167,.T.);
#5822=EDGE_CURVE('',#6981,#7168,#7169,.T.);
#5823=EDGE_CURVE('',#7168,#7170,#7171,.T.);
#5824=EDGE_CURVE('',#7170,#7172,#7173,.T.);
#5825=EDGE_CURVE('',#7164,#7172,#7174,.T.);
#5826=EDGE_CURVE('',#7144,#7095,#7175,.T.);
#5827=EDGE_CURVE('',#7142,#7097,#7176,.T.);
#5828=EDGE_CURVE('',#7177,#7159,#7178,.T.);
#5829=EDGE_CURVE('',#7177,#7127,#7179,.T.);
#5830=EDGE_CURVE('',#7030,#7180,#7181,.T.);
#5831=EDGE_CURVE('',#7180,#7182,#7183,.T.);
#5832=EDGE_CURVE('',#7182,#7184,#7185,.T.);
#5833=EDGE_CURVE('',#7184,#7186,#7187,.T.);
#5834=EDGE_CURVE('',#7186,#7188,#7189,.T.);
#5835=EDGE_CURVE('',#7190,#7188,#7191,.T.);
#5836=EDGE_CURVE('',#7192,#7190,#7193,.T.);
#5837=EDGE_CURVE('',#7192,#7194,#7195,.T.);
#5838=EDGE_CURVE('',#7196,#7194,#7197,.T.);
#5839=EDGE_CURVE('',#7196,#7012,#7198,.T.);
#5840=EDGE_CURVE('',#7010,#7199,#7200,.T.);
#5841=EDGE_CURVE('',#7199,#7032,#7201,.T.);
#5842=EDGE_CURVE('',#7202,#7203,#7204,.T.);
#5843=EDGE_CURVE('',#7203,#7205,#7206,.T.);
#5844=EDGE_CURVE('',#7207,#7205,#7208,.T.);
#5845=EDGE_CURVE('',#7207,#7209,#7210,.T.);
#5846=EDGE_CURVE('',#7209,#7211,#7212,.T.);
#5847=EDGE_CURVE('',#7172,#7211,#7213,.T.);
#5848=EDGE_CURVE('',#7170,#7202,#7214,.T.);
#5849=EDGE_CURVE('',#7215,#7211,#7216,.T.);
#5850=EDGE_CURVE('',#7215,#7164,#7217,.T.);
#5851=EDGE_CURVE('',#7218,#7192,#7219,.T.);
#5852=EDGE_CURVE('',#7220,#7218,#7221,.T.);
#5853=EDGE_CURVE('',#7194,#7220,#7222,.T.);
#5854=EDGE_CURVE('',#6935,#7223,#7224,.T.);
#5855=EDGE_CURVE('',#7038,#7223,#7225,.T.);
#5856=EDGE_CURVE('',#7036,#7061,#7226,.T.);
#5857=EDGE_CURVE('',#7227,#7190,#7228,.T.);
#5858=EDGE_CURVE('',#7218,#7227,#7229,.T.);
#5859=EDGE_CURVE('',#7230,#7231,#7232,.T.);
#5860=EDGE_CURVE('',#7233,#7230,#7234,.T.);
#5861=EDGE_CURVE('',#7233,#7007,#7235,.T.);
#5862=EDGE_CURVE('',#7034,#7231,#7236,.T.);
#5863=EDGE_CURVE('',#7231,#7199,#7237,.T.);
#5864=EDGE_CURVE('',#7238,#7239,#7240,.T.);
#5865=EDGE_CURVE('',#7239,#7016,#7241,.T.);
#5866=EDGE_CURVE('',#7238,#7014,#7242,.T.);
#5867=EDGE_CURVE('',#7238,#7196,#7243,.T.);
#5868=EDGE_CURVE('',#7244,#7196,#7245,.T.);
#5869=EDGE_CURVE('',#7244,#7246,#7247,.T.);
#5870=EDGE_CURVE('',#7246,#7239,#7248,.T.);
#5871=EDGE_CURVE('',#7220,#7244,#7249,.T.);
#5872=EDGE_CURVE('',#7250,#7205,#7251,.T.);
#5873=EDGE_CURVE('',#7250,#7252,#7253,.T.);
#5874=EDGE_CURVE('',#7252,#7046,#7254,.T.);
#5875=EDGE_CURVE('',#7044,#7255,#7256,.T.);
#5876=EDGE_CURVE('',#7255,#7207,#7257,.T.);
#5877=EDGE_CURVE('',#7258,#7259,#7260,.T.);
#5878=EDGE_CURVE('',#7258,#7203,#7261,.T.);
#5879=EDGE_CURVE('',#7262,#7202,#7263,.T.);
#5880=EDGE_CURVE('',#6979,#7262,#7264,.T.);
#5881=EDGE_CURVE('',#7259,#6977,#7265,.T.);
#5882=EDGE_CURVE('',#7266,#7267,#7268,.T.);
#5883=EDGE_CURVE('',#7266,#6963,#7269,.T.);
#5884=EDGE_CURVE('',#6996,#7270,#7271,.T.);
#5885=EDGE_CURVE('',#7270,#7267,#7272,.T.);
#5886=EDGE_CURVE('',#7273,#7274,#7275,.T.);
#5887=EDGE_CURVE('',#7273,#7276,#7277,.T.);
#5888=EDGE_CURVE('',#7278,#7276,#7279,.T.);
#5889=EDGE_CURVE('',#7267,#7278,#7280,.T.);
#5890=EDGE_CURVE('',#7281,#7270,#7282,.T.);
#5891=EDGE_CURVE('',#7283,#7281,#7284,.T.);
#5892=EDGE_CURVE('',#7274,#7283,#7285,.T.);
#5893=EDGE_CURVE('',#7024,#7274,#7286,.T.);
#5894=EDGE_CURVE('',#7026,#7283,#7287,.T.);
#5895=EDGE_CURVE('',#7021,#7288,#7289,.T.);
#5896=EDGE_CURVE('',#7288,#7273,#7290,.T.);
#5897=EDGE_CURVE('',#7281,#6994,#7291,.T.);
#5898=EDGE_CURVE('',#7292,#7293,#7294,.T.);
#5899=EDGE_CURVE('',#7295,#7293,#7296,.T.);
#5900=EDGE_CURVE('',#7292,#7295,#7297,.T.);
#5901=EDGE_CURVE('',#6949,#6992,#7298,.T.);
#5902=EDGE_CURVE('',#6946,#6955,#7299,.T.);
#5903=EDGE_CURVE('',#6959,#7028,#7300,.T.);
#5904=EDGE_CURVE('',#7250,#7258,#7301,.T.);
#5905=EDGE_CURVE('',#7252,#7259,#7302,.T.);
#5906=EDGE_CURVE('',#7303,#6975,#7304,.T.);
#5907=EDGE_CURVE('',#7278,#7303,#7305,.T.);
#5908=EDGE_CURVE('',#7276,#7306,#7307,.T.);
#5909=EDGE_CURVE('',#7048,#7306,#7308,.T.);
#5910=EDGE_CURVE('',#7303,#7266,#7309,.T.);
#5911=EDGE_CURVE('',#7306,#7288,#7310,.T.);
#5912=EDGE_CURVE('',#7168,#7262,#7311,.T.);
#5913=EDGE_CURVE('',#7042,#7312,#7313,.T.);
#5914=EDGE_CURVE('',#7255,#7312,#7314,.T.);
#5915=EDGE_CURVE('',#7312,#7209,#7315,.T.);
#5916=EDGE_CURVE('',#7215,#7316,#7317,.T.);
#5917=EDGE_CURVE('',#7318,#7040,#7319,.T.);
#5918=EDGE_CURVE('',#7184,#7318,#7320,.T.);
#5919=EDGE_CURVE('',#7182,#7316,#7321,.T.);
#5920=EDGE_CURVE('',#7322,#7318,#7323,.T.);
#5921=EDGE_CURVE('',#7322,#7186,#7324,.T.);
#5922=EDGE_CURVE('',#7188,#7325,#7326,.T.);
#5923=EDGE_CURVE('',#7325,#7322,#7327,.T.);
#5924=EDGE_CURVE('',#7149,#7087,#7328,.T.);
#5925=EDGE_CURVE('',#7087,#7177,#7329,.T.);
#5926=EDGE_CURVE('',#7076,#7223,#7330,.T.);
#5927=EDGE_CURVE('',#7074,#7246,#7331,.T.);
#5928=EDGE_CURVE('',#7325,#7227,#7332,.T.);
#5929=EDGE_CURVE('',#7018,#7072,#7333,.T.);
#5930=EDGE_CURVE('',#7334,#7133,#7335,.T.);
#5931=EDGE_CURVE('',#7336,#7130,#7337,.T.);
#5932=EDGE_CURVE('',#7334,#7336,#7338,.T.);
#5933=EDGE_CURVE('',#7339,#7334,#7340,.T.);
#5934=EDGE_CURVE('',#7341,#7336,#7342,.T.);
#5935=EDGE_CURVE('',#7339,#7341,#7343,.T.);
#5936=EDGE_CURVE('',#7135,#7339,#7344,.T.);
#5937=EDGE_CURVE('',#7131,#7341,#7345,.T.);
#5938=EDGE_CURVE('',#7346,#7347,#7348,.T.);
#5939=EDGE_CURVE('',#7347,#7349,#7350,.T.);
#5940=EDGE_CURVE('',#7351,#7349,#7352,.T.);
#5941=EDGE_CURVE('',#7346,#7351,#7353,.T.);
#5942=EDGE_CURVE('',#7004,#7346,#7354,.T.);
#5943=EDGE_CURVE('',#7000,#7351,#7355,.T.);
#5944=EDGE_CURVE('',#7347,#7002,#7356,.T.);
#5945=EDGE_CURVE('',#7349,#6999,#7357,.T.);
#5946=EDGE_CURVE('',#7358,#7079,#7359,.T.);
#5947=EDGE_CURVE('',#6951,#7358,#7360,.T.);
#5948=EDGE_CURVE('',#6957,#7361,#7362,.T.);
#5949=EDGE_CURVE('',#7361,#7180,#7363,.T.);
#5950=EDGE_CURVE('',#7364,#7365,#7366,.T.);
#5951=EDGE_CURVE('',#7316,#7364,#7367,.T.);
#5952=EDGE_CURVE('',#7361,#7365,#7368,.T.);
#5953=EDGE_CURVE('',#7365,#6954,#7369,.T.);
#5954=EDGE_CURVE('',#7370,#7371,#7372,.T.);
#5955=EDGE_CURVE('',#7371,#6921,#7373,.T.);
#5956=EDGE_CURVE('',#6919,#7138,#7374,.T.);
#5957=EDGE_CURVE('',#7156,#7370,#7375,.T.);
#5958=EDGE_CURVE('',#7370,#7115,#7376,.T.);
#5959=EDGE_CURVE('',#6915,#7377,#7378,.T.);
#5960=EDGE_CURVE('',#7377,#7371,#7379,.T.);
#5961=EDGE_CURVE('',#7163,#7380,#7381,.T.);
#5962=EDGE_CURVE('',#7380,#7382,#7383,.T.);
#5963=EDGE_CURVE('',#7358,#7382,#7384,.T.);
#5964=EDGE_CURVE('',#7382,#6947,#7385,.T.);
#5965=EDGE_CURVE('',#7293,#7386,#7387,.T.);
#5966=EDGE_CURVE('',#7386,#7388,#7389,.T.);
#5967=EDGE_CURVE('',#7295,#7388,#7390,.T.);
#5968=EDGE_CURVE('',#7292,#7391,#7392,.T.);
#5969=EDGE_CURVE('',#7391,#7386,#7393,.T.);
#5970=EDGE_CURVE('',#7388,#7391,#7394,.T.);
#5971=EDGE_CURVE('',#7395,#7396,#7397,.T.);
#5972=EDGE_CURVE('',#7395,#7398,#7399,.T.);
#5973=EDGE_CURVE('',#7398,#7400,#7401,.T.);
#5974=EDGE_CURVE('',#7402,#7400,#7403,.T.);
#5975=EDGE_CURVE('',#7402,#7404,#7405,.T.);
#5976=EDGE_CURVE('',#7404,#7406,#7407,.T.);
#5977=EDGE_CURVE('',#7408,#7406,#7409,.T.);
#5978=EDGE_CURVE('',#7410,#7408,#7411,.T.);
#5979=EDGE_CURVE('',#7412,#7410,#7413,.T.);
#5980=EDGE_CURVE('',#7412,#7414,#7415,.T.);
#5981=EDGE_CURVE('',#7414,#7416,#7417,.T.);
#5982=EDGE_CURVE('',#7418,#7416,#7419,.T.);
#5983=EDGE_CURVE('',#7420,#7418,#7421,.T.);
#5984=EDGE_CURVE('',#7420,#7422,#7423,.T.);
#5985=EDGE_CURVE('',#7422,#7424,#7425,.T.);
#5986=EDGE_CURVE('',#7426,#7424,#7427,.T.);
#5987=EDGE_CURVE('',#7428,#7426,#7429,.T.);
#5988=EDGE_CURVE('',#7428,#7430,#7431,.T.);
#5989=EDGE_CURVE('',#7430,#7432,#7433,.T.);
#5990=EDGE_CURVE('',#7434,#7432,#7435,.T.);
#5991=EDGE_CURVE('',#7436,#7434,#7437,.T.);
#5992=EDGE_CURVE('',#7436,#7438,#7439,.T.);
#5993=EDGE_CURVE('',#7438,#7440,#7441,.T.);
#5994=EDGE_CURVE('',#7442,#7440,#7443,.T.);
#5995=EDGE_CURVE('',#7444,#7442,#7445,.T.);
#5996=EDGE_CURVE('',#7444,#7446,#7447,.T.);
#5997=EDGE_CURVE('',#7446,#7448,#7449,.T.);
#5998=EDGE_CURVE('',#7450,#7448,#7451,.T.);
#5999=EDGE_CURVE('',#7452,#7450,#7453,.T.);
#6000=EDGE_CURVE('',#7452,#7454,#7455,.T.);
#6001=EDGE_CURVE('',#7454,#7456,#7457,.T.);
#6002=EDGE_CURVE('',#7458,#7456,#7459,.T.);
#6003=EDGE_CURVE('',#7460,#7458,#7461,.T.);
#6004=EDGE_CURVE('',#7460,#7462,#7463,.T.);
#6005=EDGE_CURVE('',#7462,#7464,#7465,.T.);
#6006=EDGE_CURVE('',#7466,#7464,#7467,.T.);
#6007=EDGE_CURVE('',#7468,#7466,#7469,.T.);
#6008=EDGE_CURVE('',#7468,#7470,#7471,.T.);
#6009=EDGE_CURVE('',#7470,#7472,#7473,.T.);
#6010=EDGE_CURVE('',#7474,#7472,#7475,.T.);
#6011=EDGE_CURVE('',#7476,#7474,#7477,.T.);
#6012=EDGE_CURVE('',#7476,#7478,#7479,.T.);
#6013=EDGE_CURVE('',#7478,#7480,#7481,.T.);
#6014=EDGE_CURVE('',#7482,#7480,#7483,.T.);
#6015=EDGE_CURVE('',#7484,#7482,#7485,.T.);
#6016=EDGE_CURVE('',#7484,#7486,#7487,.T.);
#6017=EDGE_CURVE('',#7486,#7488,#7489,.T.);
#6018=EDGE_CURVE('',#7396,#7488,#7490,.T.);
#6019=EDGE_CURVE('',#7491,#7113,#7492,.T.);
#6020=EDGE_CURVE('',#7119,#7493,#7494,.T.);
#6021=EDGE_CURVE('',#7493,#7377,#7495,.T.);
#6022=EDGE_CURVE('',#6923,#7496,#7497,.T.);
#6023=EDGE_CURVE('',#7498,#7496,#7499,.T.);
#6024=EDGE_CURVE('',#7491,#7498,#7500,.T.);
#6025=EDGE_CURVE('',#7493,#7501,#7502,.T.);
#6026=EDGE_CURVE('',#7503,#7501,#7504,.T.);
#6027=EDGE_CURVE('',#7505,#7503,#7506,.T.);
#6028=EDGE_CURVE('',#7505,#7507,#7508,.T.);
#6029=EDGE_CURVE('',#7496,#7507,#7509,.T.);
#6030=EDGE_CURVE('',#7380,#7510,#7511,.T.);
#6031=EDGE_CURVE('',#7510,#7512,#7513,.T.);
#6032=EDGE_CURVE('',#7512,#7514,#7515,.T.);
#6033=EDGE_CURVE('',#7514,#6946,#7516,.T.);
#6034=EDGE_CURVE('',#7517,#7518,#7519,.T.);
#6035=EDGE_CURVE('',#7517,#7520,#7521,.T.);
#6036=EDGE_CURVE('',#7522,#7520,#7523,.T.);
#6037=EDGE_CURVE('',#7522,#7518,#7524,.T.);
#6038=EDGE_CURVE('',#7525,#7526,#7527,.T.);
#6039=EDGE_CURVE('',#7528,#7525,#7529,.T.);
#6040=EDGE_CURVE('',#7528,#7530,#7531,.T.);
#6041=EDGE_CURVE('',#7526,#7530,#7532,.T.);
#6042=EDGE_CURVE('',#7533,#7534,#7535,.T.);
#6043=EDGE_CURVE('',#7536,#7533,#7537,.T.);
#6044=EDGE_CURVE('',#7536,#7538,#7539,.T.);
#6045=EDGE_CURVE('',#7534,#7538,#7540,.T.);
#6046=EDGE_CURVE('',#7541,#7542,#7543,.T.);
#6047=EDGE_CURVE('',#7544,#7541,#7545,.T.);
#6048=EDGE_CURVE('',#7544,#7546,#7547,.T.);
#6049=EDGE_CURVE('',#7542,#7546,#7548,.T.);
#6050=EDGE_CURVE('',#7549,#7550,#7551,.T.);
#6051=EDGE_CURVE('',#7552,#7549,#7553,.T.);
#6052=EDGE_CURVE('',#7552,#7554,#7555,.T.);
#6053=EDGE_CURVE('',#7550,#7554,#7556,.T.);
#6054=EDGE_CURVE('',#7557,#7558,#7559,.T.);
#6055=EDGE_CURVE('',#7560,#7557,#7561,.T.);
#6056=EDGE_CURVE('',#7560,#7562,#7563,.T.);
#6057=EDGE_CURVE('',#7558,#7562,#7564,.T.);
#6058=EDGE_CURVE('',#7565,#7566,#7567,.T.);
#6059=EDGE_CURVE('',#7568,#7565,#7569,.T.);
#6060=EDGE_CURVE('',#7568,#7570,#7571,.T.);
#6061=EDGE_CURVE('',#7566,#7570,#7572,.T.);
#6062=EDGE_CURVE('',#7573,#7574,#7575,.T.);
#6063=EDGE_CURVE('',#7576,#7573,#7577,.T.);
#6064=EDGE_CURVE('',#7576,#7578,#7579,.T.);
#6065=EDGE_CURVE('',#7574,#7578,#7580,.T.);
#6066=EDGE_CURVE('',#7581,#7582,#7583,.T.);
#6067=EDGE_CURVE('',#7584,#7581,#7585,.T.);
#6068=EDGE_CURVE('',#7584,#7586,#7587,.T.);
#6069=EDGE_CURVE('',#7582,#7586,#7588,.T.);
#6070=EDGE_CURVE('',#7589,#7590,#7591,.T.);
#6071=EDGE_CURVE('',#7592,#7589,#7593,.T.);
#6072=EDGE_CURVE('',#7592,#7594,#7595,.T.);
#6073=EDGE_CURVE('',#7590,#7594,#7596,.T.);
#6074=EDGE_CURVE('',#7597,#7598,#7599,.T.);
#6075=EDGE_CURVE('',#7600,#7597,#7601,.T.);
#6076=EDGE_CURVE('',#7600,#7602,#7603,.T.);
#6077=EDGE_CURVE('',#7598,#7602,#7604,.T.);
#6078=EDGE_CURVE('',#7605,#7021,#7606,.T.);
#6079=EDGE_CURVE('',#7605,#7607,#7608,.T.);
#6080=EDGE_CURVE('',#7609,#7607,#7610,.T.);
#6081=EDGE_CURVE('',#7611,#7609,#7612,.T.);
#6082=EDGE_CURVE('',#7048,#7611,#7613,.T.);
#6083=EDGE_CURVE('',#7614,#7615,#7616,.T.);
#6084=EDGE_CURVE('',#7614,#7617,#7618,.T.);
#6085=EDGE_CURVE('',#7617,#7619,#7620,.T.);
#6086=EDGE_CURVE('',#7615,#7619,#7621,.T.);
#6087=EDGE_CURVE('',#7622,#7623,#7624,.T.);
#6088=EDGE_CURVE('',#7622,#7625,#7626,.T.);
#6089=EDGE_CURVE('',#7625,#7627,#7628,.T.);
#6090=EDGE_CURVE('',#7623,#7627,#7629,.T.);
#6091=EDGE_CURVE('',#6971,#7630,#7631,.T.);
#6092=EDGE_CURVE('',#7632,#7630,#7633,.T.);
#6093=EDGE_CURVE('',#7632,#6973,#7634,.T.);
#6094=EDGE_CURVE('',#7635,#7630,#7636,.T.);
#6095=EDGE_CURVE('',#7637,#7635,#7638,.T.);
#6096=EDGE_CURVE('',#7632,#7637,#7639,.T.);
#6097=EDGE_CURVE('',#7052,#7640,#7641,.T.);
#6098=EDGE_CURVE('',#7642,#7050,#7643,.T.);
#6099=EDGE_CURVE('',#7642,#7640,#7644,.T.);
#6100=EDGE_CURVE('',#7645,#7646,#7647,.T.);
#6101=EDGE_CURVE('',#7646,#7640,#7648,.T.);
#6102=EDGE_CURVE('',#7642,#7645,#7649,.T.);
#6103=EDGE_CURVE('',#7650,#7651,#7652,.T.);
#6104=EDGE_CURVE('',#7650,#7514,#7653,.T.);
#6105=EDGE_CURVE('',#7654,#7512,#7655,.T.);
#6106=EDGE_CURVE('',#7656,#7654,#7657,.T.);
#6107=EDGE_CURVE('',#7658,#7656,#7659,.T.);
#6108=EDGE_CURVE('',#7660,#7658,#7661,.T.);
#6109=EDGE_CURVE('',#7660,#7662,#7663,.T.);
#6110=EDGE_CURVE('',#7662,#7664,#7665,.T.);
#6111=EDGE_CURVE('',#7666,#7664,#7667,.T.);
#6112=EDGE_CURVE('',#7668,#7666,#7669,.T.);
#6113=EDGE_CURVE('',#7651,#7668,#7670,.T.);
#6114=EDGE_CURVE('',#7364,#7671,#7672,.T.);
#6115=EDGE_CURVE('',#6955,#7650,#7673,.T.);
#6116=EDGE_CURVE('',#7671,#7651,#7674,.T.);
#6117=EDGE_CURVE('',#7675,#7676,#7677,.T.);
#6118=EDGE_CURVE('',#7675,#7678,#7679,.T.);
#6119=EDGE_CURVE('',#7678,#7680,#7681,.T.);
#6120=EDGE_CURVE('',#7680,#7682,#7683,.T.);
#6121=EDGE_CURVE('',#7682,#7684,#7685,.T.);
#6122=EDGE_CURVE('',#7684,#7686,#7687,.T.);
#6123=EDGE_CURVE('',#7688,#7686,#7689,.T.);
#6124=EDGE_CURVE('',#7690,#7688,#7691,.T.);
#6125=EDGE_CURVE('',#7692,#7690,#7693,.T.);
#6126=EDGE_CURVE('',#7619,#7692,#7694,.T.);
#6127=EDGE_CURVE('',#7617,#7695,#7696,.T.);
#6128=EDGE_CURVE('',#7697,#7695,#7698,.T.);
#6129=EDGE_CURVE('',#7697,#7699,#7700,.T.);
#6130=EDGE_CURVE('',#7699,#7701,#7702,.T.);
#6131=EDGE_CURVE('',#7701,#7623,#7703,.T.);
#6132=EDGE_CURVE('',#7627,#7704,#7705,.T.);
#6133=EDGE_CURVE('',#7704,#7505,#7706,.T.);
#6134=EDGE_CURVE('',#7503,#7707,#7708,.T.);
#6135=EDGE_CURVE('',#7707,#7709,#7710,.T.);
#6136=EDGE_CURVE('',#7709,#7711,#7712,.T.);
#6137=EDGE_CURVE('',#7711,#7713,#7714,.T.);
#6138=EDGE_CURVE('',#7713,#7715,#7716,.T.);
#6139=EDGE_CURVE('',#7715,#7717,#7718,.T.);
#6140=EDGE_CURVE('',#7719,#7717,#7720,.T.);
#6141=EDGE_CURVE('',#7719,#7721,#7722,.T.);
#6142=EDGE_CURVE('',#7721,#7723,#7724,.T.);
#6143=EDGE_CURVE('',#7723,#7725,#7726,.T.);
#6144=EDGE_CURVE('',#7727,#7725,#7728,.T.);
#6145=EDGE_CURVE('',#7727,#7729,#7730,.T.);
#6146=EDGE_CURVE('',#7729,#7731,#7732,.T.);
#6147=EDGE_CURVE('',#7731,#7733,#7734,.T.);
#6148=EDGE_CURVE('',#7735,#7733,#7736,.T.);
#6149=EDGE_CURVE('',#7735,#7737,#7738,.T.);
#6150=EDGE_CURVE('',#7737,#7739,#7740,.T.);
#6151=EDGE_CURVE('',#7739,#7741,#7742,.T.);
#6152=EDGE_CURVE('',#7743,#7741,#7744,.T.);
#6153=EDGE_CURVE('',#7743,#7745,#7746,.T.);
#6154=EDGE_CURVE('',#7747,#7745,#7748,.T.);
#6155=EDGE_CURVE('',#7747,#7749,#7750,.T.);
#6156=EDGE_CURVE('',#7749,#7751,#7752,.T.);
#6157=EDGE_CURVE('',#7751,#7753,#7754,.T.);
#6158=EDGE_CURVE('',#7755,#7753,#7756,.T.);
#6159=EDGE_CURVE('',#7755,#7757,#7758,.T.);
#6160=EDGE_CURVE('',#7757,#7759,#7760,.T.);
#6161=EDGE_CURVE('',#7759,#7761,#7762,.T.);
#6162=EDGE_CURVE('',#7763,#7761,#7764,.T.);
#6163=EDGE_CURVE('',#7763,#7765,#7766,.T.);
#6164=EDGE_CURVE('',#7765,#7767,#7768,.T.);
#6165=EDGE_CURVE('',#7767,#7769,#7770,.T.);
#6166=EDGE_CURVE('',#7771,#7769,#7772,.T.);
#6167=EDGE_CURVE('',#7771,#7773,#7774,.T.);
#6168=EDGE_CURVE('',#7773,#7775,#7776,.T.);
#6169=EDGE_CURVE('',#7775,#7777,#7778,.T.);
#6170=EDGE_CURVE('',#7779,#7777,#7780,.T.);
#6171=EDGE_CURVE('',#7779,#7781,#7782,.T.);
#6172=EDGE_CURVE('',#7781,#7783,#7784,.T.);
#6173=EDGE_CURVE('',#7783,#7785,#7786,.T.);
#6174=EDGE_CURVE('',#7787,#7785,#7788,.T.);
#6175=EDGE_CURVE('',#7787,#7789,#7790,.T.);
#6176=EDGE_CURVE('',#7789,#7791,#7792,.T.);
#6177=EDGE_CURVE('',#7791,#7676,#7793,.T.);
#6178=EDGE_CURVE('',#7695,#7794,#7795,.T.);
#6179=EDGE_CURVE('',#7794,#7796,#7797,.T.);
#6180=EDGE_CURVE('',#7688,#7796,#7798,.T.);
#6181=EDGE_CURVE('',#7686,#7799,#7800,.T.);
#6182=EDGE_CURVE('',#7664,#7799,#7801,.T.);
#6183=EDGE_CURVE('',#7662,#7802,#7803,.T.);
#6184=EDGE_CURVE('',#7802,#7697,#7804,.T.);
#6185=EDGE_CURVE('',#7805,#7507,#7806,.T.);
#6186=EDGE_CURVE('',#7498,#7805,#7807,.T.);
#6187=EDGE_CURVE('',#7808,#7501,#7809,.T.);
#6188=EDGE_CURVE('',#7701,#7808,#7810,.T.);
#6189=EDGE_CURVE('',#7811,#7699,#7812,.T.);
#6190=EDGE_CURVE('',#7811,#7660,#7813,.T.);
#6191=EDGE_CURVE('',#7658,#7814,#7815,.T.);
#6192=EDGE_CURVE('',#7707,#7814,#7816,.T.);
#6193=EDGE_CURVE('',#7692,#7056,#7817,.T.);
#6194=EDGE_CURVE('',#7054,#7818,#7819,.T.);
#6195=EDGE_CURVE('',#7818,#7615,#7820,.T.);
#6196=EDGE_CURVE('',#7821,#7083,#7822,.T.);
#6197=EDGE_CURVE('',#7823,#6941,#7824,.T.);
#6198=EDGE_CURVE('',#7823,#7821,#7825,.T.);
#6199=EDGE_CURVE('',#7704,#6967,#7826,.T.);
#6200=EDGE_CURVE('',#7625,#7827,#7828,.T.);
#6201=EDGE_CURVE('',#7827,#6969,#7829,.T.);
#6202=EDGE_CURVE('',#6963,#7830,#7831,.T.);
#6203=EDGE_CURVE('',#6975,#7832,#7833,.T.);
#6204=EDGE_CURVE('',#7834,#7832,#7835,.T.);
#6205=EDGE_CURVE('',#7834,#7836,#7837,.T.);
#6206=EDGE_CURVE('',#7836,#7830,#7838,.T.);
#6207=EDGE_CURVE('',#7611,#7518,#7839,.T.);
#6208=EDGE_CURVE('',#7404,#7522,#7840,.T.);
#6209=EDGE_CURVE('',#7645,#7402,#7841,.T.);
#6210=EDGE_CURVE('',#7682,#7605,#7842,.T.);
#6211=EDGE_CURVE('',#7676,#7680,#7843,.T.);
#6212=EDGE_CURVE('',#7785,#7791,#7844,.T.);
#6213=EDGE_CURVE('',#7777,#7783,#7845,.T.);
#6214=EDGE_CURVE('',#7769,#7775,#7846,.T.);
#6215=EDGE_CURVE('',#7761,#7767,#7847,.T.);
#6216=EDGE_CURVE('',#7753,#7759,#7848,.T.);
#6217=EDGE_CURVE('',#7745,#7751,#7849,.T.);
#6218=EDGE_CURVE('',#7737,#7743,#7850,.T.);
#6219=EDGE_CURVE('',#7729,#7735,#7851,.T.);
#6220=EDGE_CURVE('',#7721,#7727,#7852,.T.);
#6221=EDGE_CURVE('',#7713,#7719,#7853,.T.);
#6222=EDGE_CURVE('',#7711,#7830,#7854,.T.);
#6223=EDGE_CURVE('',#7855,#7836,#7856,.T.);
#6224=EDGE_CURVE('',#7857,#7855,#7858,.T.);
#6225=EDGE_CURVE('',#7607,#7857,#7859,.T.);
#6226=EDGE_CURVE('',#7233,#7860,#7861,.T.);
#6227=EDGE_CURVE('',#7862,#7230,#7863,.T.);
#6228=EDGE_CURVE('',#7864,#7862,#7865,.T.);
#6229=EDGE_CURVE('',#7864,#7866,#7867,.T.);
#6230=EDGE_CURVE('',#6929,#7866,#7868,.T.);
#6231=EDGE_CURVE('',#7860,#7068,#7869,.T.);
#6232=EDGE_CURVE('',#7690,#7870,#7871,.T.);
#6233=EDGE_CURVE('',#7872,#7870,#7873,.T.);
#6234=EDGE_CURVE('',#7058,#7872,#7874,.T.);
#6235=EDGE_CURVE('',#7866,#7870,#7875,.T.);
#6236=EDGE_CURVE('',#7872,#7864,#7876,.T.);
#6237=EDGE_CURVE('',#7805,#6965,#7877,.T.);
#6238=EDGE_CURVE('',#7814,#7491,#7878,.T.);
#6239=EDGE_CURVE('',#7879,#7656,#7880,.T.);
#6240=EDGE_CURVE('',#7879,#7823,#7881,.T.);
#6241=EDGE_CURVE('',#7882,#7654,#7883,.T.);
#6242=EDGE_CURVE('',#7882,#7879,#7884,.T.);
#6243=EDGE_CURVE('',#7510,#7882,#7885,.T.);
#6244=EDGE_CURVE('',#7811,#7802,#7886,.T.);
#6245=EDGE_CURVE('',#7887,#7888,#7889,.T.);
#6246=EDGE_CURVE('',#7887,#7668,#7890,.T.);
#6247=EDGE_CURVE('',#7888,#7666,#7891,.T.);
#6248=EDGE_CURVE('',#7892,#7199,#7893,.T.);
#6249=EDGE_CURVE('',#7888,#7892,#7894,.T.);
#6250=EDGE_CURVE('',#7862,#7799,#7895,.T.);
#6251=EDGE_CURVE('',#7671,#7887,#7896,.T.);
#6252=EDGE_CURVE('',#7897,#7857,#7898,.T.);
#6253=EDGE_CURVE('',#7609,#7897,#7899,.T.);
#6254=EDGE_CURVE('',#7900,#7855,#7901,.T.);
#6255=EDGE_CURVE('',#7897,#7900,#7902,.T.);
#6256=EDGE_CURVE('',#7900,#7834,#7903,.T.);
#6257=EDGE_CURVE('',#7904,#7525,#7905,.T.);
#6258=EDGE_CURVE('',#7904,#7906,#7907,.T.);
#6259=EDGE_CURVE('',#7906,#7517,#7908,.T.);
#6260=EDGE_CURVE('',#7832,#7909,#7910,.T.);
#6261=EDGE_CURVE('',#7909,#7911,#7912,.T.);
#6262=EDGE_CURVE('',#7913,#7911,#7914,.T.);
#6263=EDGE_CURVE('',#7913,#7915,#7916,.T.);
#6264=EDGE_CURVE('',#7915,#7600,#7917,.T.);
#6265=EDGE_CURVE('',#7918,#7597,#7919,.T.);
#6266=EDGE_CURVE('',#7918,#7920,#7921,.T.);
#6267=EDGE_CURVE('',#7920,#7592,#7922,.T.);
#6268=EDGE_CURVE('',#7923,#7589,#7924,.T.);
#6269=EDGE_CURVE('',#7923,#7925,#7926,.T.);
#6270=EDGE_CURVE('',#7925,#7584,#7927,.T.);
#6271=EDGE_CURVE('',#7928,#7581,#7929,.T.);
#6272=EDGE_CURVE('',#7928,#7930,#7931,.T.);
#6273=EDGE_CURVE('',#7930,#7576,#7932,.T.);
#6274=EDGE_CURVE('',#7933,#7573,#7934,.T.);
#6275=EDGE_CURVE('',#7933,#7935,#7936,.T.);
#6276=EDGE_CURVE('',#7935,#7568,#7937,.T.);
#6277=EDGE_CURVE('',#7938,#7565,#7939,.T.);
#6278=EDGE_CURVE('',#7938,#7940,#7941,.T.);
#6279=EDGE_CURVE('',#7940,#7560,#7942,.T.);
#6280=EDGE_CURVE('',#7943,#7557,#7944,.T.);
#6281=EDGE_CURVE('',#7943,#7945,#7946,.T.);
#6282=EDGE_CURVE('',#7945,#7552,#7947,.T.);
#6283=EDGE_CURVE('',#7948,#7549,#7949,.T.);
#6284=EDGE_CURVE('',#7948,#7950,#7951,.T.);
#6285=EDGE_CURVE('',#7950,#7544,#7952,.T.);
#6286=EDGE_CURVE('',#7953,#7541,#7954,.T.);
#6287=EDGE_CURVE('',#7953,#7955,#7956,.T.);
#6288=EDGE_CURVE('',#7955,#7536,#7957,.T.);
#6289=EDGE_CURVE('',#7958,#7533,#7959,.T.);
#6290=EDGE_CURVE('',#7958,#7960,#7961,.T.);
#6291=EDGE_CURVE('',#7960,#7528,#7962,.T.);
#6292=EDGE_CURVE('',#7911,#7963,#7964,.T.);
#6293=EDGE_CURVE('',#7965,#7909,#7966,.T.);
#6294=EDGE_CURVE('',#7963,#7965,#7967,.T.);
#6295=EDGE_CURVE('',#7526,#7968,#7969,.T.);
#6296=EDGE_CURVE('',#7530,#7970,#7971,.T.);
#6297=EDGE_CURVE('',#7970,#7972,#7973,.T.);
#6298=EDGE_CURVE('',#7534,#7972,#7974,.T.);
#6299=EDGE_CURVE('',#7538,#7975,#7976,.T.);
#6300=EDGE_CURVE('',#7975,#7977,#7978,.T.);
#6301=EDGE_CURVE('',#7542,#7977,#7979,.T.);
#6302=EDGE_CURVE('',#7546,#7980,#7981,.T.);
#6303=EDGE_CURVE('',#7980,#7982,#7983,.T.);
#6304=EDGE_CURVE('',#7550,#7982,#7984,.T.);
#6305=EDGE_CURVE('',#7554,#7985,#7986,.T.);
#6306=EDGE_CURVE('',#7985,#7987,#7988,.T.);
#6307=EDGE_CURVE('',#7558,#7987,#7989,.T.);
#6308=EDGE_CURVE('',#7562,#7990,#7991,.T.);
#6309=EDGE_CURVE('',#7990,#7992,#7993,.T.);
#6310=EDGE_CURVE('',#7566,#7992,#7994,.T.);
#6311=EDGE_CURVE('',#7570,#7995,#7996,.T.);
#6312=EDGE_CURVE('',#7995,#7997,#7998,.T.);
#6313=EDGE_CURVE('',#7574,#7997,#7999,.T.);
#6314=EDGE_CURVE('',#7578,#8000,#8001,.T.);
#6315=EDGE_CURVE('',#8000,#8002,#8003,.T.);
#6316=EDGE_CURVE('',#7582,#8002,#8004,.T.);
#6317=EDGE_CURVE('',#7586,#8005,#8006,.T.);
#6318=EDGE_CURVE('',#8005,#8007,#8008,.T.);
#6319=EDGE_CURVE('',#7590,#8007,#8009,.T.);
#6320=EDGE_CURVE('',#7594,#8010,#8011,.T.);
#6321=EDGE_CURVE('',#8010,#8012,#8013,.T.);
#6322=EDGE_CURVE('',#7598,#8012,#8014,.T.);
#6323=EDGE_CURVE('',#7602,#8015,#8016,.T.);
#6324=EDGE_CURVE('',#8015,#8017,#8018,.T.);
#6325=EDGE_CURVE('',#7963,#8017,#8019,.T.);
#6326=EDGE_CURVE('',#7406,#7965,#8020,.T.);
#6327=EDGE_CURVE('',#7520,#8021,#8022,.T.);
#6328=EDGE_CURVE('',#8021,#7968,#8023,.T.);
#6329=EDGE_CURVE('',#7892,#8024,#8025,.T.);
#6330=EDGE_CURVE('',#8024,#7794,#8026,.T.);
#6331=EDGE_CURVE('',#7614,#8027,#8028,.T.);
#6332=EDGE_CURVE('',#8027,#7646,#8029,.T.);
#6333=EDGE_CURVE('',#7400,#8030,#8031,.T.);
#6334=EDGE_CURVE('',#8030,#8032,#8033,.T.);
#6335=EDGE_CURVE('',#7396,#8032,#8034,.T.);
#6336=EDGE_CURVE('',#7488,#8035,#8036,.T.);
#6337=EDGE_CURVE('',#8035,#8037,#8038,.T.);
#6338=EDGE_CURVE('',#7482,#8037,#8039,.T.);
#6339=EDGE_CURVE('',#7480,#8040,#8041,.T.);
#6340=EDGE_CURVE('',#8040,#8042,#8043,.T.);
#6341=EDGE_CURVE('',#7474,#8042,#8044,.T.);
#6342=EDGE_CURVE('',#7472,#8045,#8046,.T.);
#6343=EDGE_CURVE('',#8045,#8047,#8048,.T.);
#6344=EDGE_CURVE('',#7466,#8047,#8049,.T.);
#6345=EDGE_CURVE('',#7464,#8050,#8051,.T.);
#6346=EDGE_CURVE('',#8050,#8052,#8053,.T.);
#6347=EDGE_CURVE('',#7458,#8052,#8054,.T.);
#6348=EDGE_CURVE('',#7456,#8055,#8056,.T.);
#6349=EDGE_CURVE('',#8055,#8057,#8058,.T.);
#6350=EDGE_CURVE('',#7450,#8057,#8059,.T.);
#6351=EDGE_CURVE('',#7448,#8060,#8061,.T.);
#6352=EDGE_CURVE('',#8060,#8062,#8063,.T.);
#6353=EDGE_CURVE('',#7442,#8062,#8064,.T.);
#6354=EDGE_CURVE('',#7440,#8065,#8066,.T.);
#6355=EDGE_CURVE('',#8065,#8067,#8068,.T.);
#6356=EDGE_CURVE('',#7434,#8067,#8069,.T.);
#6357=EDGE_CURVE('',#7432,#8070,#8071,.T.);
#6358=EDGE_CURVE('',#8070,#8072,#8073,.T.);
#6359=EDGE_CURVE('',#7426,#8072,#8074,.T.);
#6360=EDGE_CURVE('',#7424,#8075,#8076,.T.);
#6361=EDGE_CURVE('',#8075,#8077,#8078,.T.);
#6362=EDGE_CURVE('',#7418,#8077,#8079,.T.);
#6363=EDGE_CURVE('',#7416,#8080,#8081,.T.);
#6364=EDGE_CURVE('',#8080,#8082,#8083,.T.);
#6365=EDGE_CURVE('',#7410,#8082,#8084,.T.);
#6366=EDGE_CURVE('',#7637,#7408,#8085,.T.);
#6367=EDGE_CURVE('',#8086,#7635,#8087,.T.);
#6368=EDGE_CURVE('',#7622,#8086,#8088,.T.);
#6369=EDGE_CURVE('',#7821,#7808,#8089,.T.);
#6370=EDGE_CURVE('',#7010,#8024,#8090,.T.);
#6371=EDGE_CURVE('',#7022,#7684,#8091,.T.);
#6372=EDGE_CURVE('',#6962,#7709,#8092,.T.);
#6373=EDGE_CURVE('',#7860,#7796,#8093,.T.);
#6374=EDGE_CURVE('',#7818,#8027,#8094,.T.);
#6375=EDGE_CURVE('',#7827,#8086,#8095,.T.);
#6376=EDGE_CURVE('',#8096,#7412,#8097,.T.);
#6377=EDGE_CURVE('',#8082,#8096,#8098,.T.);
#6378=EDGE_CURVE('',#8099,#7414,#8100,.T.);
#6379=EDGE_CURVE('',#8080,#8099,#8101,.T.);
#6380=EDGE_CURVE('',#8096,#8099,#8102,.T.);
#6381=EDGE_CURVE('',#8103,#6911,#8104,.T.);
#6382=EDGE_CURVE('',#8105,#6909,#8106,.T.);
#6383=EDGE_CURVE('',#8105,#8103,#8107,.T.);
#6384=EDGE_CURVE('',#6907,#8108,#8109,.T.);
#6385=EDGE_CURVE('',#8110,#8108,#8111,.T.);
#6386=EDGE_CURVE('',#6906,#8110,#8112,.T.);
#6387=EDGE_CURVE('',#8110,#7913,#8113,.T.);
#6388=EDGE_CURVE('',#8017,#8105,#8114,.T.);
#6389=EDGE_CURVE('',#8108,#7915,#8115,.T.);
#6390=EDGE_CURVE('',#8015,#8103,#8116,.T.);
#6391=EDGE_CURVE('',#7713,#8117,#8118,.T.);
#6392=EDGE_CURVE('',#7719,#8119,#8120,.T.);
#6393=EDGE_CURVE('',#8117,#8119,#8121,.T.);
#6394=EDGE_CURVE('',#8122,#7715,#8123,.T.);
#6395=EDGE_CURVE('',#8117,#8124,#8125,.T.);
#6396=EDGE_CURVE('',#8124,#8126,#8127,.T.);
#6397=EDGE_CURVE('',#8126,#8128,#8129,.T.);
#6398=EDGE_CURVE('',#8128,#8122,#8130,.T.);
#6399=EDGE_CURVE('',#8131,#7717,#8132,.T.);
#6400=EDGE_CURVE('',#8133,#8131,#8134,.T.);
#6401=EDGE_CURVE('',#8135,#8133,#8136,.T.);
#6402=EDGE_CURVE('',#8137,#8135,#8138,.T.);
#6403=EDGE_CURVE('',#8119,#8137,#8139,.T.);
#6404=EDGE_CURVE('',#8124,#8137,#8140,.T.);
#6405=EDGE_CURVE('',#8126,#8135,#8141,.T.);
#6406=EDGE_CURVE('',#8128,#8133,#8142,.T.);
#6407=EDGE_CURVE('',#8122,#8131,#8143,.T.);
#6408=EDGE_CURVE('',#8144,#7420,#8145,.T.);
#6409=EDGE_CURVE('',#8077,#8144,#8146,.T.);
#6410=EDGE_CURVE('',#8147,#7422,#8148,.T.);
#6411=EDGE_CURVE('',#8075,#8147,#8149,.T.);
#6412=EDGE_CURVE('',#8144,#8147,#8150,.T.);
#6413=EDGE_CURVE('',#8151,#6903,#8152,.T.);
#6414=EDGE_CURVE('',#8153,#6901,#8154,.T.);
#6415=EDGE_CURVE('',#8153,#8151,#8155,.T.);
#6416=EDGE_CURVE('',#6899,#8156,#8157,.T.);
#6417=EDGE_CURVE('',#8158,#8156,#8159,.T.);
#6418=EDGE_CURVE('',#6898,#8158,#8160,.T.);
#6419=EDGE_CURVE('',#8158,#7918,#8161,.T.);
#6420=EDGE_CURVE('',#8012,#8153,#8162,.T.);
#6421=EDGE_CURVE('',#8156,#7920,#8163,.T.);
#6422=EDGE_CURVE('',#8010,#8151,#8164,.T.);
#6423=EDGE_CURVE('',#7721,#8165,#8166,.T.);
#6424=EDGE_CURVE('',#7727,#8167,#8168,.T.);
#6425=EDGE_CURVE('',#8165,#8167,#8169,.T.);
#6426=EDGE_CURVE('',#8170,#7723,#8171,.T.);
#6427=EDGE_CURVE('',#8165,#8172,#8173,.T.);
#6428=EDGE_CURVE('',#8172,#8174,#8175,.T.);
#6429=EDGE_CURVE('',#8174,#8176,#8177,.T.);
#6430=EDGE_CURVE('',#8176,#8170,#8178,.T.);
#6431=EDGE_CURVE('',#8179,#7725,#8180,.T.);
#6432=EDGE_CURVE('',#8181,#8179,#8182,.T.);
#6433=EDGE_CURVE('',#8183,#8181,#8184,.T.);
#6434=EDGE_CURVE('',#8185,#8183,#8186,.T.);
#6435=EDGE_CURVE('',#8167,#8185,#8187,.T.);
#6436=EDGE_CURVE('',#8172,#8185,#8188,.T.);
#6437=EDGE_CURVE('',#8174,#8183,#8189,.T.);
#6438=EDGE_CURVE('',#8176,#8181,#8190,.T.);
#6439=EDGE_CURVE('',#8170,#8179,#8191,.T.);
#6440=EDGE_CURVE('',#8192,#7428,#8193,.T.);
#6441=EDGE_CURVE('',#8072,#8192,#8194,.T.);
#6442=EDGE_CURVE('',#8195,#7430,#8196,.T.);
#6443=EDGE_CURVE('',#8070,#8195,#8197,.T.);
#6444=EDGE_CURVE('',#8192,#8195,#8198,.T.);
#6445=EDGE_CURVE('',#8199,#6895,#8200,.T.);
#6446=EDGE_CURVE('',#8201,#6893,#8202,.T.);
#6447=EDGE_CURVE('',#8201,#8199,#8203,.T.);
#6448=EDGE_CURVE('',#6891,#8204,#8205,.T.);
#6449=EDGE_CURVE('',#8206,#8204,#8207,.T.);
#6450=EDGE_CURVE('',#6890,#8206,#8208,.T.);
#6451=EDGE_CURVE('',#8206,#7923,#8209,.T.);
#6452=EDGE_CURVE('',#8007,#8201,#8210,.T.);
#6453=EDGE_CURVE('',#8204,#7925,#8211,.T.);
#6454=EDGE_CURVE('',#8005,#8199,#8212,.T.);
#6455=EDGE_CURVE('',#7729,#8213,#8214,.T.);
#6456=EDGE_CURVE('',#7735,#8215,#8216,.T.);
#6457=EDGE_CURVE('',#8213,#8215,#8217,.T.);
#6458=EDGE_CURVE('',#8218,#7731,#8219,.T.);
#6459=EDGE_CURVE('',#8213,#8220,#8221,.T.);
#6460=EDGE_CURVE('',#8220,#8222,#8223,.T.);
#6461=EDGE_CURVE('',#8222,#8224,#8225,.T.);
#6462=EDGE_CURVE('',#8224,#8218,#8226,.T.);
#6463=EDGE_CURVE('',#8227,#7733,#8228,.T.);
#6464=EDGE_CURVE('',#8229,#8227,#8230,.T.);
#6465=EDGE_CURVE('',#8231,#8229,#8232,.T.);
#6466=EDGE_CURVE('',#8233,#8231,#8234,.T.);
#6467=EDGE_CURVE('',#8215,#8233,#8235,.T.);
#6468=EDGE_CURVE('',#8220,#8233,#8236,.T.);
#6469=EDGE_CURVE('',#8222,#8231,#8237,.T.);
#6470=EDGE_CURVE('',#8224,#8229,#8238,.T.);
#6471=EDGE_CURVE('',#8218,#8227,#8239,.T.);
#6472=EDGE_CURVE('',#8240,#7436,#8241,.T.);
#6473=EDGE_CURVE('',#8067,#8240,#8242,.T.);
#6474=EDGE_CURVE('',#8243,#7438,#8244,.T.);
#6475=EDGE_CURVE('',#8065,#8243,#8245,.T.);
#6476=EDGE_CURVE('',#8240,#8243,#8246,.T.);
#6477=EDGE_CURVE('',#8247,#6887,#8248,.T.);
#6478=EDGE_CURVE('',#8249,#6885,#8250,.T.);
#6479=EDGE_CURVE('',#8249,#8247,#8251,.T.);
#6480=EDGE_CURVE('',#6883,#8252,#8253,.T.);
#6481=EDGE_CURVE('',#8254,#8252,#8255,.T.);
#6482=EDGE_CURVE('',#6882,#8254,#8256,.T.);
#6483=EDGE_CURVE('',#8254,#7928,#8257,.T.);
#6484=EDGE_CURVE('',#8002,#8249,#8258,.T.);
#6485=EDGE_CURVE('',#8252,#7930,#8259,.T.);
#6486=EDGE_CURVE('',#8000,#8247,#8260,.T.);
#6487=EDGE_CURVE('',#7737,#8261,#8262,.T.);
#6488=EDGE_CURVE('',#7743,#8263,#8264,.T.);
#6489=EDGE_CURVE('',#8261,#8263,#8265,.T.);
#6490=EDGE_CURVE('',#8266,#7739,#8267,.T.);
#6491=EDGE_CURVE('',#8261,#8268,#8269,.T.);
#6492=EDGE_CURVE('',#8268,#8270,#8271,.T.);
#6493=EDGE_CURVE('',#8270,#8272,#8273,.T.);
#6494=EDGE_CURVE('',#8272,#8266,#8274,.T.);
#6495=EDGE_CURVE('',#8275,#7741,#8276,.T.);
#6496=EDGE_CURVE('',#8277,#8275,#8278,.T.);
#6497=EDGE_CURVE('',#8279,#8277,#8280,.T.);
#6498=EDGE_CURVE('',#8281,#8279,#8282,.T.);
#6499=EDGE_CURVE('',#8263,#8281,#8283,.T.);
#6500=EDGE_CURVE('',#8268,#8281,#8284,.T.);
#6501=EDGE_CURVE('',#8270,#8279,#8285,.T.);
#6502=EDGE_CURVE('',#8272,#8277,#8286,.T.);
#6503=EDGE_CURVE('',#8266,#8275,#8287,.T.);
#6504=EDGE_CURVE('',#8288,#7444,#8289,.T.);
#6505=EDGE_CURVE('',#8062,#8288,#8290,.T.);
#6506=EDGE_CURVE('',#8291,#7446,#8292,.T.);
#6507=EDGE_CURVE('',#8060,#8291,#8293,.T.);
#6508=EDGE_CURVE('',#8288,#8291,#8294,.T.);
#6509=EDGE_CURVE('',#8295,#6879,#8296,.T.);
#6510=EDGE_CURVE('',#8297,#6877,#8298,.T.);
#6511=EDGE_CURVE('',#8297,#8295,#8299,.T.);
#6512=EDGE_CURVE('',#6875,#8300,#8301,.T.);
#6513=EDGE_CURVE('',#8302,#8300,#8303,.T.);
#6514=EDGE_CURVE('',#6874,#8302,#8304,.T.);
#6515=EDGE_CURVE('',#8302,#7933,#8305,.T.);
#6516=EDGE_CURVE('',#7997,#8297,#8306,.T.);
#6517=EDGE_CURVE('',#8300,#7935,#8307,.T.);
#6518=EDGE_CURVE('',#7995,#8295,#8308,.T.);
#6519=EDGE_CURVE('',#7745,#8309,#8310,.T.);
#6520=EDGE_CURVE('',#7751,#8311,#8312,.T.);
#6521=EDGE_CURVE('',#8309,#8311,#8313,.T.);
#6522=EDGE_CURVE('',#8314,#7747,#8315,.T.);
#6523=EDGE_CURVE('',#8309,#8316,#8317,.T.);
#6524=EDGE_CURVE('',#8316,#8318,#8319,.T.);
#6525=EDGE_CURVE('',#8318,#8320,#8321,.T.);
#6526=EDGE_CURVE('',#8320,#8314,#8322,.T.);
#6527=EDGE_CURVE('',#8323,#7749,#8324,.T.);
#6528=EDGE_CURVE('',#8325,#8323,#8326,.T.);
#6529=EDGE_CURVE('',#8327,#8325,#8328,.T.);
#6530=EDGE_CURVE('',#8329,#8327,#8330,.T.);
#6531=EDGE_CURVE('',#8311,#8329,#8331,.T.);
#6532=EDGE_CURVE('',#8316,#8329,#8332,.T.);
#6533=EDGE_CURVE('',#8318,#8327,#8333,.T.);
#6534=EDGE_CURVE('',#8320,#8325,#8334,.T.);
#6535=EDGE_CURVE('',#8314,#8323,#8335,.T.);
#6536=EDGE_CURVE('',#8336,#7452,#8337,.T.);
#6537=EDGE_CURVE('',#8057,#8336,#8338,.T.);
#6538=EDGE_CURVE('',#8339,#7454,#8340,.T.);
#6539=EDGE_CURVE('',#8055,#8339,#8341,.T.);
#6540=EDGE_CURVE('',#8336,#8339,#8342,.T.);
#6541=EDGE_CURVE('',#8343,#6871,#8344,.T.);
#6542=EDGE_CURVE('',#8345,#6869,#8346,.T.);
#6543=EDGE_CURVE('',#8345,#8343,#8347,.T.);
#6544=EDGE_CURVE('',#6867,#8348,#8349,.T.);
#6545=EDGE_CURVE('',#8350,#8348,#8351,.T.);
#6546=EDGE_CURVE('',#6866,#8350,#8352,.T.);
#6547=EDGE_CURVE('',#8350,#7938,#8353,.T.);
#6548=EDGE_CURVE('',#7992,#8345,#8354,.T.);
#6549=EDGE_CURVE('',#8348,#7940,#8355,.T.);
#6550=EDGE_CURVE('',#7990,#8343,#8356,.T.);
#6551=EDGE_CURVE('',#7753,#8357,#8358,.T.);
#6552=EDGE_CURVE('',#7759,#8359,#8360,.T.);
#6553=EDGE_CURVE('',#8357,#8359,#8361,.T.);
#6554=EDGE_CURVE('',#8362,#7755,#8363,.T.);
#6555=EDGE_CURVE('',#8357,#8364,#8365,.T.);
#6556=EDGE_CURVE('',#8364,#8366,#8367,.T.);
#6557=EDGE_CURVE('',#8366,#8368,#8369,.T.);
#6558=EDGE_CURVE('',#8368,#8362,#8370,.T.);
#6559=EDGE_CURVE('',#8371,#7757,#8372,.T.);
#6560=EDGE_CURVE('',#8373,#8371,#8374,.T.);
#6561=EDGE_CURVE('',#8375,#8373,#8376,.T.);
#6562=EDGE_CURVE('',#8377,#8375,#8378,.T.);
#6563=EDGE_CURVE('',#8359,#8377,#8379,.T.);
#6564=EDGE_CURVE('',#8364,#8377,#8380,.T.);
#6565=EDGE_CURVE('',#8366,#8375,#8381,.T.);
#6566=EDGE_CURVE('',#8368,#8373,#8382,.T.);
#6567=EDGE_CURVE('',#8362,#8371,#8383,.T.);
#6568=EDGE_CURVE('',#8384,#7460,#8385,.T.);
#6569=EDGE_CURVE('',#8052,#8384,#8386,.T.);
#6570=EDGE_CURVE('',#8387,#7462,#8388,.T.);
#6571=EDGE_CURVE('',#8050,#8387,#8389,.T.);
#6572=EDGE_CURVE('',#8384,#8387,#8390,.T.);
#6573=EDGE_CURVE('',#8391,#6863,#8392,.T.);
#6574=EDGE_CURVE('',#8393,#6861,#8394,.T.);
#6575=EDGE_CURVE('',#8393,#8391,#8395,.T.);
#6576=EDGE_CURVE('',#6859,#8396,#8397,.T.);
#6577=EDGE_CURVE('',#8398,#8396,#8399,.T.);
#6578=EDGE_CURVE('',#6858,#8398,#8400,.T.);
#6579=EDGE_CURVE('',#8398,#7943,#8401,.T.);
#6580=EDGE_CURVE('',#7987,#8393,#8402,.T.);
#6581=EDGE_CURVE('',#8396,#7945,#8403,.T.);
#6582=EDGE_CURVE('',#7985,#8391,#8404,.T.);
#6583=EDGE_CURVE('',#7761,#8405,#8406,.T.);
#6584=EDGE_CURVE('',#7767,#8407,#8408,.T.);
#6585=EDGE_CURVE('',#8405,#8407,#8409,.T.);
#6586=EDGE_CURVE('',#8410,#7763,#8411,.T.);
#6587=EDGE_CURVE('',#8405,#8412,#8413,.T.);
#6588=EDGE_CURVE('',#8412,#8414,#8415,.T.);
#6589=EDGE_CURVE('',#8414,#8416,#8417,.T.);
#6590=EDGE_CURVE('',#8416,#8410,#8418,.T.);
#6591=EDGE_CURVE('',#8419,#7765,#8420,.T.);
#6592=EDGE_CURVE('',#8421,#8419,#8422,.T.);
#6593=EDGE_CURVE('',#8423,#8421,#8424,.T.);
#6594=EDGE_CURVE('',#8425,#8423,#8426,.T.);
#6595=EDGE_CURVE('',#8407,#8425,#8427,.T.);
#6596=EDGE_CURVE('',#8412,#8425,#8428,.T.);
#6597=EDGE_CURVE('',#8414,#8423,#8429,.T.);
#6598=EDGE_CURVE('',#8416,#8421,#8430,.T.);
#6599=EDGE_CURVE('',#8410,#8419,#8431,.T.);
#6600=EDGE_CURVE('',#8432,#7468,#8433,.T.);
#6601=EDGE_CURVE('',#8047,#8432,#8434,.T.);
#6602=EDGE_CURVE('',#8435,#7470,#8436,.T.);
#6603=EDGE_CURVE('',#8045,#8435,#8437,.T.);
#6604=EDGE_CURVE('',#8432,#8435,#8438,.T.);
#6605=EDGE_CURVE('',#8439,#6855,#8440,.T.);
#6606=EDGE_CURVE('',#8441,#6853,#8442,.T.);
#6607=EDGE_CURVE('',#8441,#8439,#8443,.T.);
#6608=EDGE_CURVE('',#6851,#8444,#8445,.T.);
#6609=EDGE_CURVE('',#8446,#8444,#8447,.T.);
#6610=EDGE_CURVE('',#6850,#8446,#8448,.T.);
#6611=EDGE_CURVE('',#8446,#7948,#8449,.T.);
#6612=EDGE_CURVE('',#7982,#8441,#8450,.T.);
#6613=EDGE_CURVE('',#8444,#7950,#8451,.T.);
#6614=EDGE_CURVE('',#7980,#8439,#8452,.T.);
#6615=EDGE_CURVE('',#7769,#8453,#8454,.T.);
#6616=EDGE_CURVE('',#7775,#8455,#8456,.T.);
#6617=EDGE_CURVE('',#8453,#8455,#8457,.T.);
#6618=EDGE_CURVE('',#8458,#7771,#8459,.T.);
#6619=EDGE_CURVE('',#8453,#8460,#8461,.T.);
#6620=EDGE_CURVE('',#8460,#8462,#8463,.T.);
#6621=EDGE_CURVE('',#8462,#8464,#8465,.T.);
#6622=EDGE_CURVE('',#8464,#8458,#8466,.T.);
#6623=EDGE_CURVE('',#8467,#7773,#8468,.T.);
#6624=EDGE_CURVE('',#8469,#8467,#8470,.T.);
#6625=EDGE_CURVE('',#8471,#8469,#8472,.T.);
#6626=EDGE_CURVE('',#8473,#8471,#8474,.T.);
#6627=EDGE_CURVE('',#8455,#8473,#8475,.T.);
#6628=EDGE_CURVE('',#8460,#8473,#8476,.T.);
#6629=EDGE_CURVE('',#8462,#8471,#8477,.T.);
#6630=EDGE_CURVE('',#8464,#8469,#8478,.T.);
#6631=EDGE_CURVE('',#8458,#8467,#8479,.T.);
#6632=EDGE_CURVE('',#8480,#7476,#8481,.T.);
#6633=EDGE_CURVE('',#8042,#8480,#8482,.T.);
#6634=EDGE_CURVE('',#8483,#7478,#8484,.T.);
#6635=EDGE_CURVE('',#8040,#8483,#8485,.T.);
#6636=EDGE_CURVE('',#8480,#8483,#8486,.T.);
#6637=EDGE_CURVE('',#8487,#6847,#8488,.T.);
#6638=EDGE_CURVE('',#8489,#6845,#8490,.T.);
#6639=EDGE_CURVE('',#8489,#8487,#8491,.T.);
#6640=EDGE_CURVE('',#6843,#8492,#8493,.T.);
#6641=EDGE_CURVE('',#8494,#8492,#8495,.T.);
#6642=EDGE_CURVE('',#6842,#8494,#8496,.T.);
#6643=EDGE_CURVE('',#8494,#7953,#8497,.T.);
#6644=EDGE_CURVE('',#7977,#8489,#8498,.T.);
#6645=EDGE_CURVE('',#8492,#7955,#8499,.T.);
#6646=EDGE_CURVE('',#7975,#8487,#8500,.T.);
#6647=EDGE_CURVE('',#7777,#8501,#8502,.T.);
#6648=EDGE_CURVE('',#7783,#8503,#8504,.T.);
#6649=EDGE_CURVE('',#8501,#8503,#8505,.T.);
#6650=EDGE_CURVE('',#8506,#7779,#8507,.T.);
#6651=EDGE_CURVE('',#8501,#8508,#8509,.T.);
#6652=EDGE_CURVE('',#8508,#8510,#8511,.T.);
#6653=EDGE_CURVE('',#8510,#8512,#8513,.T.);
#6654=EDGE_CURVE('',#8512,#8506,#8514,.T.);
#6655=EDGE_CURVE('',#8515,#7781,#8516,.T.);
#6656=EDGE_CURVE('',#8517,#8515,#8518,.T.);
#6657=EDGE_CURVE('',#8519,#8517,#8520,.T.);
#6658=EDGE_CURVE('',#8521,#8519,#8522,.T.);
#6659=EDGE_CURVE('',#8503,#8521,#8523,.T.);
#6660=EDGE_CURVE('',#8508,#8521,#8524,.T.);
#6661=EDGE_CURVE('',#8510,#8519,#8525,.T.);
#6662=EDGE_CURVE('',#8512,#8517,#8526,.T.);
#6663=EDGE_CURVE('',#8506,#8515,#8527,.T.);
#6664=EDGE_CURVE('',#8528,#7484,#8529,.T.);
#6665=EDGE_CURVE('',#8037,#8528,#8530,.T.);
#6666=EDGE_CURVE('',#8531,#7486,#8532,.T.);
#6667=EDGE_CURVE('',#8035,#8531,#8533,.T.);
#6668=EDGE_CURVE('',#8528,#8531,#8534,.T.);
#6669=EDGE_CURVE('',#8535,#6839,#8536,.T.);
#6670=EDGE_CURVE('',#8537,#6837,#8538,.T.);
#6671=EDGE_CURVE('',#8537,#8535,#8539,.T.);
#6672=EDGE_CURVE('',#6835,#8540,#8541,.T.);
#6673=EDGE_CURVE('',#8542,#8540,#8543,.T.);
#6674=EDGE_CURVE('',#6834,#8542,#8544,.T.);
#6675=EDGE_CURVE('',#8542,#7958,#8545,.T.);
#6676=EDGE_CURVE('',#7972,#8537,#8546,.T.);
#6677=EDGE_CURVE('',#8540,#7960,#8547,.T.);
#6678=EDGE_CURVE('',#7970,#8535,#8548,.T.);
#6679=EDGE_CURVE('',#7785,#8549,#8550,.T.);
#6680=EDGE_CURVE('',#7791,#8551,#8552,.T.);
#6681=EDGE_CURVE('',#8549,#8551,#8553,.T.);
#6682=EDGE_CURVE('',#8554,#7787,#8555,.T.);
#6683=EDGE_CURVE('',#8549,#8556,#8557,.T.);
#6684=EDGE_CURVE('',#8556,#8558,#8559,.T.);
#6685=EDGE_CURVE('',#8558,#8560,#8561,.T.);
#6686=EDGE_CURVE('',#8560,#8554,#8562,.T.);
#6687=EDGE_CURVE('',#8563,#7789,#8564,.T.);
#6688=EDGE_CURVE('',#8565,#8563,#8566,.T.);
#6689=EDGE_CURVE('',#8567,#8565,#8568,.T.);
#6690=EDGE_CURVE('',#8569,#8567,#8570,.T.);
#6691=EDGE_CURVE('',#8551,#8569,#8571,.T.);
#6692=EDGE_CURVE('',#8556,#8569,#8572,.T.);
#6693=EDGE_CURVE('',#8558,#8567,#8573,.T.);
#6694=EDGE_CURVE('',#8560,#8565,#8574,.T.);
#6695=EDGE_CURVE('',#8554,#8563,#8575,.T.);
#6696=EDGE_CURVE('',#8576,#7395,#8577,.T.);
#6697=EDGE_CURVE('',#8032,#8576,#8578,.T.);
#6698=EDGE_CURVE('',#8579,#7398,#8580,.T.);
#6699=EDGE_CURVE('',#8030,#8579,#8581,.T.);
#6700=EDGE_CURVE('',#8576,#8579,#8582,.T.);
#6701=EDGE_CURVE('',#8583,#6831,#8584,.T.);
#6702=EDGE_CURVE('',#8585,#6829,#8586,.T.);
#6703=EDGE_CURVE('',#8585,#8583,#8587,.T.);
#6704=EDGE_CURVE('',#6827,#8588,#8589,.T.);
#6705=EDGE_CURVE('',#8590,#8588,#8591,.T.);
#6706=EDGE_CURVE('',#6826,#8590,#8592,.T.);
#6707=EDGE_CURVE('',#8590,#7904,#8593,.T.);
#6708=EDGE_CURVE('',#7968,#8585,#8594,.T.);
#6709=EDGE_CURVE('',#8588,#7906,#8595,.T.);
#6710=EDGE_CURVE('',#8021,#8583,#8596,.T.);
#6711=EDGE_CURVE('',#7676,#8597,#8598,.T.);
#6712=EDGE_CURVE('',#7680,#8599,#8600,.T.);
#6713=EDGE_CURVE('',#8597,#8599,#8601,.T.);
#6714=EDGE_CURVE('',#8602,#7675,#8603,.T.);
#6715=EDGE_CURVE('',#8597,#8604,#8605,.T.);
#6716=EDGE_CURVE('',#8604,#8606,#8607,.T.);
#6717=EDGE_CURVE('',#8606,#8608,#8609,.T.);
#6718=EDGE_CURVE('',#8608,#8602,#8610,.T.);
#6719=EDGE_CURVE('',#8611,#7678,#8612,.T.);
#6720=EDGE_CURVE('',#8613,#8611,#8614,.T.);
#6721=EDGE_CURVE('',#8615,#8613,#8616,.T.);
#6722=EDGE_CURVE('',#8617,#8615,#8618,.T.);
#6723=EDGE_CURVE('',#8599,#8617,#8619,.T.);
#6724=EDGE_CURVE('',#8604,#8617,#8620,.T.);
#6725=EDGE_CURVE('',#8606,#8615,#8621,.T.);
#6726=EDGE_CURVE('',#8608,#8613,#8622,.T.);
#6727=EDGE_CURVE('',#8602,#8611,#8623,.T.);
#6728=COLOUR_RGB('',0.596063196659088,0.666666686534882,0.686259269714355);
#6729=EDGE_CURVE('',#8624,#8625,#8626,.T.);
#6730=EDGE_CURVE('',#8627,#8625,#8628,.T.);
#6731=EDGE_CURVE('',#8629,#8627,#8630,.T.);
#6732=EDGE_CURVE('',#8629,#8624,#8631,.T.);
#6733=EDGE_CURVE('',#8625,#8632,#8633,.T.);
#6734=EDGE_CURVE('',#8634,#8632,#8635,.T.);
#6735=EDGE_CURVE('',#8627,#8634,#8636,.T.);
#6736=EDGE_CURVE('',#8632,#8637,#8638,.T.);
#6737=EDGE_CURVE('',#8639,#8637,#8640,.T.);
#6738=EDGE_CURVE('',#8634,#8639,#8641,.T.);
#6739=EDGE_CURVE('',#8637,#8642,#8643,.T.);
#6740=EDGE_CURVE('',#8644,#8642,#8645,.T.);
#6741=EDGE_CURVE('',#8639,#8644,#8646,.T.);
#6742=EDGE_CURVE('',#8642,#8647,#8648,.T.);
#6743=EDGE_CURVE('',#8649,#8647,#8650,.T.);
#6744=EDGE_CURVE('',#8644,#8649,#8651,.T.);
#6745=EDGE_CURVE('',#8647,#8652,#8653,.T.);
#6746=EDGE_CURVE('',#8654,#8652,#8655,.T.);
#6747=EDGE_CURVE('',#8649,#8654,#8656,.T.);
#6748=EDGE_CURVE('',#8652,#8657,#8658,.T.);
#6749=EDGE_CURVE('',#8659,#8657,#8660,.T.);
#6750=EDGE_CURVE('',#8654,#8659,#8661,.T.);
#6751=EDGE_CURVE('',#8657,#8662,#8663,.T.);
#6752=EDGE_CURVE('',#8664,#8662,#8665,.T.);
#6753=EDGE_CURVE('',#8659,#8664,#8666,.T.);
#6754=EDGE_CURVE('',#8662,#8667,#8668,.T.);
#6755=EDGE_CURVE('',#8669,#8667,#8670,.T.);
#6756=EDGE_CURVE('',#8664,#8669,#8671,.T.);
#6757=EDGE_CURVE('',#8667,#8672,#8673,.T.);
#6758=EDGE_CURVE('',#8674,#8672,#8675,.T.);
#6759=EDGE_CURVE('',#8669,#8674,#8676,.T.);
#6760=EDGE_CURVE('',#8672,#8677,#8678,.T.);
#6761=EDGE_CURVE('',#8679,#8677,#8680,.T.);
#6762=EDGE_CURVE('',#8674,#8679,#8681,.T.);
#6763=EDGE_CURVE('',#8677,#8682,#8683,.T.);
#6764=EDGE_CURVE('',#8684,#8682,#8685,.T.);
#6765=EDGE_CURVE('',#8679,#8684,#8686,.T.);
#6766=EDGE_CURVE('',#8682,#8687,#8688,.T.);
#6767=EDGE_CURVE('',#8689,#8687,#8690,.T.);
#6768=EDGE_CURVE('',#8684,#8689,#8691,.T.);
#6769=EDGE_CURVE('',#8687,#8692,#8693,.T.);
#6770=EDGE_CURVE('',#8694,#8692,#8695,.T.);
#6771=EDGE_CURVE('',#8689,#8694,#8696,.T.);
#6772=EDGE_CURVE('',#8692,#8697,#8698,.T.);
#6773=EDGE_CURVE('',#8699,#8697,#8700,.T.);
#6774=EDGE_CURVE('',#8694,#8699,#8701,.T.);
#6775=EDGE_CURVE('',#8697,#8624,#8702,.T.);
#6776=EDGE_CURVE('',#8699,#8629,#8703,.T.);
#6777=COLOUR_RGB('',0.596063196659088,0.666666686534882,0.686259269714355);
#6778=EDGE_CURVE('',#8704,#8705,#8706,.T.);
#6779=EDGE_CURVE('',#8705,#8707,#8708,.T.);
#6780=EDGE_CURVE('',#8709,#8707,#8710,.T.);
#6781=EDGE_CURVE('',#8709,#8704,#8711,.T.);
#6782=EDGE_CURVE('',#8705,#8712,#8713,.T.);
#6783=EDGE_CURVE('',#8712,#8714,#8715,.T.);
#6784=EDGE_CURVE('',#8707,#8714,#8716,.T.);
#6785=EDGE_CURVE('',#8712,#8717,#8718,.T.);
#6786=EDGE_CURVE('',#8719,#8717,#8720,.T.);
#6787=EDGE_CURVE('',#8714,#8719,#8721,.T.);
#6788=EDGE_CURVE('',#8722,#8717,#8723,.T.);
#6789=EDGE_CURVE('',#8722,#8724,#8725,.T.);
#6790=EDGE_CURVE('',#8724,#8719,#8726,.T.);
#6791=EDGE_CURVE('',#8727,#8722,#8728,.T.);
#6792=EDGE_CURVE('',#8727,#8729,#8730,.T.);
#6793=EDGE_CURVE('',#8729,#8724,#8731,.T.);
#6794=EDGE_CURVE('',#8732,#8727,#8733,.T.);
#6795=EDGE_CURVE('',#8732,#8734,#8735,.T.);
#6796=EDGE_CURVE('',#8734,#8729,#8736,.T.);
#6797=EDGE_CURVE('',#8737,#8732,#8738,.T.);
#6798=EDGE_CURVE('',#8737,#8739,#8740,.T.);
#6799=EDGE_CURVE('',#8739,#8734,#8741,.T.);
#6800=EDGE_CURVE('',#8742,#8737,#8743,.T.);
#6801=EDGE_CURVE('',#8742,#8744,#8745,.T.);
#6802=EDGE_CURVE('',#8744,#8739,#8746,.T.);
#6803=EDGE_CURVE('',#8747,#8742,#8748,.T.);
#6804=EDGE_CURVE('',#8747,#8749,#8750,.T.);
#6805=EDGE_CURVE('',#8749,#8744,#8751,.T.);
#6806=EDGE_CURVE('',#8752,#8747,#8753,.T.);
#6807=EDGE_CURVE('',#8752,#8754,#8755,.T.);
#6808=EDGE_CURVE('',#8754,#8749,#8756,.T.);
#6809=EDGE_CURVE('',#8757,#8752,#8758,.T.);
#6810=EDGE_CURVE('',#8757,#8759,#8760,.T.);
#6811=EDGE_CURVE('',#8759,#8754,#8761,.T.);
#6812=EDGE_CURVE('',#8762,#8757,#8763,.T.);
#6813=EDGE_CURVE('',#8764,#8762,#8765,.T.);
#6814=EDGE_CURVE('',#8764,#8759,#8766,.T.);
#6815=EDGE_CURVE('',#8762,#8767,#8768,.T.);
#6816=EDGE_CURVE('',#8769,#8767,#8770,.T.);
#6817=EDGE_CURVE('',#8764,#8769,#8771,.T.);
#6818=EDGE_CURVE('',#8767,#8772,#8773,.T.);
#6819=EDGE_CURVE('',#8774,#8772,#8775,.T.);
#6820=EDGE_CURVE('',#8769,#8774,#8776,.T.);
#6821=EDGE_CURVE('',#8772,#8777,#8778,.T.);
#6822=EDGE_CURVE('',#8779,#8777,#8780,.T.);
#6823=EDGE_CURVE('',#8774,#8779,#8781,.T.);
#6824=EDGE_CURVE('',#8777,#8704,#8782,.T.);
#6825=EDGE_CURVE('',#8779,#8709,#8783,.T.);
#6826=VERTEX_POINT('',#8784);
#6827=VERTEX_POINT('',#8785);
#6828=LINE('',#8786,#8787);
#6829=VERTEX_POINT('',#8788);
#6830=CIRCLE('',#8789,0.0499999999999998);
#6831=VERTEX_POINT('',#8790);
#6832=LINE('',#8791,#8792);
#6833=CIRCLE('',#8793,0.0499999999999998);
#6834=VERTEX_POINT('',#8794);
#6835=VERTEX_POINT('',#8795);
#6836=LINE('',#8796,#8797);
#6837=VERTEX_POINT('',#8798);
#6838=CIRCLE('',#8799,0.0499999999999998);
#6839=VERTEX_POINT('',#8800);
#6840=LINE('',#8801,#8802);
#6841=CIRCLE('',#8803,0.0499999999999998);
#6842=VERTEX_POINT('',#8804);
#6843=VERTEX_POINT('',#8805);
#6844=LINE('',#8806,#8807);
#6845=VERTEX_POINT('',#8808);
#6846=CIRCLE('',#8809,0.0499999999999998);
#6847=VERTEX_POINT('',#8810);
#6848=LINE('',#8811,#8812);
#6849=CIRCLE('',#8813,0.0499999999999998);
#6850=VERTEX_POINT('',#8814);
#6851=VERTEX_POINT('',#8815);
#6852=LINE('',#8816,#8817);
#6853=VERTEX_POINT('',#8818);
#6854=CIRCLE('',#8819,0.0499999999999998);
#6855=VERTEX_POINT('',#8820);
#6856=LINE('',#8821,#8822);
#6857=CIRCLE('',#8823,0.0499999999999998);
#6858=VERTEX_POINT('',#8824);
#6859=VERTEX_POINT('',#8825);
#6860=LINE('',#8826,#8827);
#6861=VERTEX_POINT('',#8828);
#6862=CIRCLE('',#8829,0.0499999999999998);
#6863=VERTEX_POINT('',#8830);
#6864=LINE('',#8831,#8832);
#6865=CIRCLE('',#8833,0.0499999999999998);
#6866=VERTEX_POINT('',#8834);
#6867=VERTEX_POINT('',#8835);
#6868=LINE('',#8836,#8837);
#6869=VERTEX_POINT('',#8838);
#6870=CIRCLE('',#8839,0.0499999999999998);
#6871=VERTEX_POINT('',#8840);
#6872=LINE('',#8841,#8842);
#6873=CIRCLE('',#8843,0.0499999999999998);
#6874=VERTEX_POINT('',#8844);
#6875=VERTEX_POINT('',#8845);
#6876=LINE('',#8846,#8847);
#6877=VERTEX_POINT('',#8848);
#6878=CIRCLE('',#8849,0.0499999999999998);
#6879=VERTEX_POINT('',#8850);
#6880=LINE('',#8851,#8852);
#6881=CIRCLE('',#8853,0.0499999999999998);
#6882=VERTEX_POINT('',#8854);
#6883=VERTEX_POINT('',#8855);
#6884=LINE('',#8856,#8857);
#6885=VERTEX_POINT('',#8858);
#6886=CIRCLE('',#8859,0.0499999999999998);
#6887=VERTEX_POINT('',#8860);
#6888=LINE('',#8861,#8862);
#6889=CIRCLE('',#8863,0.0499999999999998);
#6890=VERTEX_POINT('',#8864);
#6891=VERTEX_POINT('',#8865);
#6892=LINE('',#8866,#8867);
#6893=VERTEX_POINT('',#8868);
#6894=CIRCLE('',#8869,0.0499999999999998);
#6895=VERTEX_POINT('',#8870);
#6896=LINE('',#8871,#8872);
#6897=CIRCLE('',#8873,0.0499999999999998);
#6898=VERTEX_POINT('',#8874);
#6899=VERTEX_POINT('',#8875);
#6900=LINE('',#8876,#8877);
#6901=VERTEX_POINT('',#8878);
#6902=CIRCLE('',#8879,0.0499999999999998);
#6903=VERTEX_POINT('',#8880);
#6904=LINE('',#8881,#8882);
#6905=CIRCLE('',#8883,0.0499999999999998);
#6906=VERTEX_POINT('',#8884);
#6907=VERTEX_POINT('',#8885);
#6908=LINE('',#8886,#8887);
#6909=VERTEX_POINT('',#8888);
#6910=CIRCLE('',#8889,0.0499999999999998);
#6911=VERTEX_POINT('',#8890);
#6912=LINE('',#8891,#8892);
#6913=CIRCLE('',#8893,0.0499999999999998);
#6914=VERTEX_POINT('',#8894);
#6915=VERTEX_POINT('',#8895);
#6916=LINE('',#8896,#8897);
#6917=VERTEX_POINT('',#8898);
#6918=CIRCLE('',#8899,0.15);
#6919=VERTEX_POINT('',#8900);
#6920=LINE('',#8901,#8902);
#6921=VERTEX_POINT('',#8903);
#6922=CIRCLE('',#8904,0.15);
#6923=VERTEX_POINT('',#8905);
#6924=LINE('',#8906,#8907);
#6925=CIRCLE('',#8908,0.15);
#6926=VERTEX_POINT('',#8909);
#6927=VERTEX_POINT('',#8910);
#6928=LINE('',#8911,#8912);
#6929=VERTEX_POINT('',#8913);
#6930=CIRCLE('',#8914,0.15);
#6931=VERTEX_POINT('',#8915);
#6932=LINE('',#8916,#8917);
#6933=VERTEX_POINT('',#8918);
#6934=CIRCLE('',#8919,0.15);
#6935=VERTEX_POINT('',#8920);
#6936=LINE('',#8921,#8922);
#6937=CIRCLE('',#8923,0.15);
#6938=VERTEX_POINT('',#8924);
#6939=VERTEX_POINT('',#8925);
#6940=LINE('',#8926,#8927);
#6941=VERTEX_POINT('',#8928);
#6942=LINE('',#8929,#8930);
#6943=VERTEX_POINT('',#8931);
#6944=LINE('',#8932,#8933);
#6945=LINE('',#8934,#8935);
#6946=VERTEX_POINT('',#8936);
#6947=VERTEX_POINT('',#8937);
#6948=LINE('',#8938,#8939);
#6949=VERTEX_POINT('',#8940);
#6950=LINE('',#8941,#8942);
#6951=VERTEX_POINT('',#8943);
#6952=LINE('',#8944,#8945);
#6953=LINE('',#8946,#8947);
#6954=VERTEX_POINT('',#8948);
#6955=VERTEX_POINT('',#8949);
#6956=LINE('',#8950,#8951);
#6957=VERTEX_POINT('',#8952);
#6958=LINE('',#8953,#8954);
#6959=VERTEX_POINT('',#8955);
#6960=LINE('',#8956,#8957);
#6961=LINE('',#8958,#8959);
#6962=VERTEX_POINT('',#8960);
#6963=VERTEX_POINT('',#8961);
#6964=LINE('',#8962,#8963);
#6965=VERTEX_POINT('',#8964);
#6966=LINE('',#8965,#8966);
#6967=VERTEX_POINT('',#8967);
#6968=LINE('',#8968,#8969);
#6969=VERTEX_POINT('',#8970);
#6970=LINE('',#8971,#8972);
#6971=VERTEX_POINT('',#8973);
#6972=LINE('',#8974,#8975);
#6973=VERTEX_POINT('',#8976);
#6974=LINE('',#8977,#8978);
#6975=VERTEX_POINT('',#8979);
#6976=LINE('',#8980,#8981);
#6977=VERTEX_POINT('',#8982);
#6978=LINE('',#8983,#8984);
#6979=VERTEX_POINT('',#8985);
#6980=LINE('',#8986,#8987);
#6981=VERTEX_POINT('',#8988);
#6982=LINE('',#8989,#8990);
#6983=VERTEX_POINT('',#8991);
#6984=LINE('',#8992,#8993);
#6985=VERTEX_POINT('',#8994);
#6986=LINE('',#8995,#8996);
#6987=VERTEX_POINT('',#8997);
#6988=LINE('',#8998,#8999);
#6989=LINE('',#9000,#9001);
#6990=VERTEX_POINT('',#9002);
#6991=LINE('',#9003,#9004);
#6992=VERTEX_POINT('',#9005);
#6993=LINE('',#9006,#9007);
#6994=VERTEX_POINT('',#9008);
#6995=LINE('',#9009,#9010);
#6996=VERTEX_POINT('',#9011);
#6997=LINE('',#9012,#9013);
#6998=LINE('',#9014,#9015);
#6999=VERTEX_POINT('',#9016);
#7000=VERTEX_POINT('',#9017);
#7001=LINE('',#9018,#9019);
#7002=VERTEX_POINT('',#9020);
#7003=LINE('',#9021,#9022);
#7004=VERTEX_POINT('',#9023);
#7005=LINE('',#9024,#9025);
#7006=LINE('',#9026,#9027);
#7007=VERTEX_POINT('',#9028);
#7008=VERTEX_POINT('',#9029);
#7009=LINE('',#9030,#9031);
#7010=VERTEX_POINT('',#9032);
#7011=LINE('',#9033,#9034);
#7012=VERTEX_POINT('',#9035);
#7013=LINE('',#9036,#9037);
#7014=VERTEX_POINT('',#9038);
#7015=LINE('',#9039,#9040);
#7016=VERTEX_POINT('',#9041);
#7017=LINE('',#9042,#9043);
#7018=VERTEX_POINT('',#9044);
#7019=LINE('',#9045,#9046);
#7020=LINE('',#9047,#9048);
#7021=VERTEX_POINT('',#9049);
#7022=VERTEX_POINT('',#9050);
#7023=LINE('',#9051,#9052);
#7024=VERTEX_POINT('',#9053);
#7025=LINE('',#9054,#9055);
#7026=VERTEX_POINT('',#9056);
#7027=LINE('',#9057,#9058);
#7028=VERTEX_POINT('',#9059);
#7029=LINE('',#9060,#9061);
#7030=VERTEX_POINT('',#9062);
#7031=LINE('',#9063,#9064);
#7032=VERTEX_POINT('',#9065);
#7033=LINE('',#9066,#9067);
#7034=VERTEX_POINT('',#9068);
#7035=LINE('',#9069,#9070);
#7036=VERTEX_POINT('',#9071);
#7037=LINE('',#9072,#9073);
#7038=VERTEX_POINT('',#9074);
#7039=LINE('',#9075,#9076);
#7040=VERTEX_POINT('',#9077);
#7041=LINE('',#9078,#9079);
#7042=VERTEX_POINT('',#9080);
#7043=LINE('',#9081,#9082);
#7044=VERTEX_POINT('',#9083);
#7045=LINE('',#9084,#9085);
#7046=VERTEX_POINT('',#9086);
#7047=LINE('',#9087,#9088);
#7048=VERTEX_POINT('',#9089);
#7049=LINE('',#9090,#9091);
#7050=VERTEX_POINT('',#9092);
#7051=LINE('',#9093,#9094);
#7052=VERTEX_POINT('',#9095);
#7053=LINE('',#9096,#9097);
#7054=VERTEX_POINT('',#9098);
#7055=LINE('',#9099,#9100);
#7056=VERTEX_POINT('',#9101);
#7057=LINE('',#9102,#9103);
#7058=VERTEX_POINT('',#9104);
#7059=LINE('',#9105,#9106);
#7060=LINE('',#9107,#9108);
#7061=VERTEX_POINT('',#9109);
#7062=CIRCLE('',#9110,0.15);
#7063=LINE('',#9111,#9112);
#7064=VERTEX_POINT('',#9113);
#7065=LINE('',#9114,#9115);
#7066=VERTEX_POINT('',#9116);
#7067=CIRCLE('',#9117,0.15);
#7068=VERTEX_POINT('',#9118);
#7069=LINE('',#9119,#9120);
#7070=CIRCLE('',#9121,0.15);
#7071=LINE('',#9122,#9123);
#7072=VERTEX_POINT('',#9124);
#7073=LINE('',#9125,#9126);
#7074=VERTEX_POINT('',#9127);
#7075=LINE('',#9128,#9129);
#7076=VERTEX_POINT('',#9130);
#7077=LINE('',#9131,#9132);
#7078=LINE('',#9133,#9134);
#7079=VERTEX_POINT('',#9135);
#7080=VERTEX_POINT('',#9136);
#7081=LINE('',#9137,#9138);
#7082=LINE('',#9139,#9140);
#7083=VERTEX_POINT('',#9141);
#7084=LINE('',#9142,#9143);
#7085=VERTEX_POINT('',#9144);
#7086=LINE('',#9145,#9146);
#7087=VERTEX_POINT('',#9147);
#7088=LINE('',#9148,#9149);
#7089=VERTEX_POINT('',#9150);
#7090=LINE('',#9151,#9152);
#7091=VERTEX_POINT('',#9153);
#7092=LINE('',#9154,#9155);
#7093=VERTEX_POINT('',#9156);
#7094=LINE('',#9157,#9158);
#7095=VERTEX_POINT('',#9159);
#7096=LINE('',#9160,#9161);
#7097=VERTEX_POINT('',#9162);
#7098=LINE('',#9163,#9164);
#7099=VERTEX_POINT('',#9165);
#7100=LINE('',#9166,#9167);
#7101=LINE('',#9168,#9169);
#7102=VERTEX_POINT('',#9170);
#7103=VERTEX_POINT('',#9171);
#7104=LINE('',#9172,#9173);
#7105=LINE('',#9174,#9175);
#7106=LINE('',#9176,#9177);
#7107=VERTEX_POINT('',#9178);
#7108=LINE('',#9179,#9180);
#7109=VERTEX_POINT('',#9181);
#7110=CIRCLE('',#9182,0.15);
#7111=LINE('',#9183,#9184);
#7112=LINE('',#9185,#9186);
#7113=VERTEX_POINT('',#9187);
#7114=LINE('',#9188,#9189);
#7115=VERTEX_POINT('',#9190);
#7116=LINE('',#9191,#9192);
#7117=VERTEX_POINT('',#9193);
#7118=LINE('',#9194,#9195);
#7119=VERTEX_POINT('',#9196);
#7120=LINE('',#9197,#9198);
#7121=LINE('',#9199,#9200);
#7122=LINE('',#9201,#9202);
#7123=VERTEX_POINT('',#9203);
#7124=LINE('',#9204,#9205);
#7125=VERTEX_POINT('',#9206);
#7126=LINE('',#9207,#9208);
#7127=VERTEX_POINT('',#9209);
#7128=LINE('',#9210,#9211);
#7129=LINE('',#9212,#9213);
#7130=VERTEX_POINT('',#9214);
#7131=VERTEX_POINT('',#9215);
#7132=LINE('',#9216,#9217);
#7133=VERTEX_POINT('',#9218);
#7134=LINE('',#9219,#9220);
#7135=VERTEX_POINT('',#9221);
#7136=LINE('',#9222,#9223);
#7137=LINE('',#9224,#9225);
#7138=VERTEX_POINT('',#9226);
#7139=LINE('',#9227,#9228);
#7140=VERTEX_POINT('',#9229);
#7141=LINE('',#9230,#9231);
#7142=VERTEX_POINT('',#9232);
#7143=LINE('',#9233,#9234);
#7144=VERTEX_POINT('',#9235);
#7145=LINE('',#9236,#9237);
#7146=LINE('',#9238,#9239);
#7147=VERTEX_POINT('',#9240);
#7148=LINE('',#9241,#9242);
#7149=VERTEX_POINT('',#9243);
#7150=LINE('',#9244,#9245);
#7151=VERTEX_POINT('',#9246);
#7152=LINE('',#9247,#9248);
#7153=VERTEX_POINT('',#9249);
#7154=LINE('',#9250,#9251);
#7155=LINE('',#9252,#9253);
#7156=VERTEX_POINT('',#9254);
#7157=LINE('',#9255,#9256);
#7158=LINE('',#9257,#9258);
#7159=VERTEX_POINT('',#9259);
#7160=LINE('',#9260,#9261);
#7161=LINE('',#9262,#9263);
#7162=LINE('',#9264,#9265);
#7163=VERTEX_POINT('',#9266);
#7164=VERTEX_POINT('',#9267);
#7165=LINE('',#9268,#9269);
#7166=LINE('',#9270,#9271);
#7167=LINE('',#9272,#9273);
#7168=VERTEX_POINT('',#9274);
#7169=LINE('',#9275,#9276);
#7170=VERTEX_POINT('',#9277);
#7171=LINE('',#9278,#9279);
#7172=VERTEX_POINT('',#9280);
#7173=LINE('',#9281,#9282);
#7174=LINE('',#9283,#9284);
#7175=LINE('',#9285,#9286);
#7176=LINE('',#9287,#9288);
#7177=VERTEX_POINT('',#9289);
#7178=LINE('',#9290,#9291);
#7179=LINE('',#9292,#9293);
#7180=VERTEX_POINT('',#9294);
#7181=LINE('',#9295,#9296);
#7182=VERTEX_POINT('',#9297);
#7183=LINE('',#9298,#9299);
#7184=VERTEX_POINT('',#9300);
#7185=LINE('',#9301,#9302);
#7186=VERTEX_POINT('',#9303);
#7187=LINE('',#9304,#9305);
#7188=VERTEX_POINT('',#9306);
#7189=LINE('',#9307,#9308);
#7190=VERTEX_POINT('',#9309);
#7191=LINE('',#9310,#9311);
#7192=VERTEX_POINT('',#9312);
#7193=LINE('',#9313,#9314);
#7194=VERTEX_POINT('',#9315);
#7195=LINE('',#9316,#9317);
#7196=VERTEX_POINT('',#9318);
#7197=LINE('',#9319,#9320);
#7198=LINE('',#9321,#9322);
#7199=VERTEX_POINT('',#9323);
#7200=LINE('',#9324,#9325);
#7201=LINE('',#9326,#9327);
#7202=VERTEX_POINT('',#9328);
#7203=VERTEX_POINT('',#9329);
#7204=LINE('',#9330,#9331);
#7205=VERTEX_POINT('',#9332);
#7206=LINE('',#9333,#9334);
#7207=VERTEX_POINT('',#9335);
#7208=LINE('',#9336,#9337);
#7209=VERTEX_POINT('',#9338);
#7210=LINE('',#9339,#9340);
#7211=VERTEX_POINT('',#9341);
#7212=LINE('',#9342,#9343);
#7213=LINE('',#9344,#9345);
#7214=LINE('',#9346,#9347);
#7215=VERTEX_POINT('',#9348);
#7216=LINE('',#9349,#9350);
#7217=LINE('',#9351,#9352);
#7218=VERTEX_POINT('',#9353);
#7219=LINE('',#9354,#9355);
#7220=VERTEX_POINT('',#9356);
#7221=LINE('',#9357,#9358);
#7222=LINE('',#9359,#9360);
#7223=VERTEX_POINT('',#9361);
#7224=LINE('',#9362,#9363);
#7225=LINE('',#9364,#9365);
#7226=LINE('',#9366,#9367);
#7227=VERTEX_POINT('',#9368);
#7228=LINE('',#9369,#9370);
#7229=LINE('',#9371,#9372);
#7230=VERTEX_POINT('',#9373);
#7231=VERTEX_POINT('',#9374);
#7232=LINE('',#9375,#9376);
#7233=VERTEX_POINT('',#9377);
#7234=LINE('',#9378,#9379);
#7235=LINE('',#9380,#9381);
#7236=LINE('',#9382,#9383);
#7237=LINE('',#9384,#9385);
#7238=VERTEX_POINT('',#9386);
#7239=VERTEX_POINT('',#9387);
#7240=LINE('',#9388,#9389);
#7241=LINE('',#9390,#9391);
#7242=LINE('',#9392,#9393);
#7243=LINE('',#9394,#9395);
#7244=VERTEX_POINT('',#9396);
#7245=LINE('',#9397,#9398);
#7246=VERTEX_POINT('',#9399);
#7247=LINE('',#9400,#9401);
#7248=LINE('',#9402,#9403);
#7249=LINE('',#9404,#9405);
#7250=VERTEX_POINT('',#9406);
#7251=LINE('',#9407,#9408);
#7252=VERTEX_POINT('',#9409);
#7253=LINE('',#9410,#9411);
#7254=LINE('',#9412,#9413);
#7255=VERTEX_POINT('',#9414);
#7256=LINE('',#9415,#9416);
#7257=LINE('',#9417,#9418);
#7258=VERTEX_POINT('',#9419);
#7259=VERTEX_POINT('',#9420);
#7260=LINE('',#9421,#9422);
#7261=LINE('',#9423,#9424);
#7262=VERTEX_POINT('',#9425);
#7263=LINE('',#9426,#9427);
#7264=LINE('',#9428,#9429);
#7265=LINE('',#9430,#9431);
#7266=VERTEX_POINT('',#9432);
#7267=VERTEX_POINT('',#9433);
#7268=LINE('',#9434,#9435);
#7269=LINE('',#9436,#9437);
#7270=VERTEX_POINT('',#9438);
#7271=LINE('',#9439,#9440);
#7272=LINE('',#9441,#9442);
#7273=VERTEX_POINT('',#9443);
#7274=VERTEX_POINT('',#9444);
#7275=LINE('',#9445,#9446);
#7276=VERTEX_POINT('',#9447);
#7277=LINE('',#9448,#9449);
#7278=VERTEX_POINT('',#9450);
#7279=LINE('',#9451,#9452);
#7280=LINE('',#9453,#9454);
#7281=VERTEX_POINT('',#9455);
#7282=LINE('',#9456,#9457);
#7283=VERTEX_POINT('',#9458);
#7284=LINE('',#9459,#9460);
#7285=LINE('',#9461,#9462);
#7286=LINE('',#9463,#9464);
#7287=LINE('',#9465,#9466);
#7288=VERTEX_POINT('',#9467);
#7289=LINE('',#9468,#9469);
#7290=LINE('',#9470,#9471);
#7291=LINE('',#9472,#9473);
#7292=VERTEX_POINT('',#9474);
#7293=VERTEX_POINT('',#9475);
#7294=LINE('',#9476,#9477);
#7295=VERTEX_POINT('',#9478);
#7296=LINE('',#9479,#9480);
#7297=LINE('',#9481,#9482);
#7298=LINE('',#9483,#9484);
#7299=LINE('',#9485,#9486);
#7300=LINE('',#9487,#9488);
#7301=LINE('',#9489,#9490);
#7302=LINE('',#9491,#9492);
#7303=VERTEX_POINT('',#9493);
#7304=LINE('',#9494,#9495);
#7305=LINE('',#9496,#9497);
#7306=VERTEX_POINT('',#9498);
#7307=LINE('',#9499,#9500);
#7308=LINE('',#9501,#9502);
#7309=LINE('',#9503,#9504);
#7310=LINE('',#9505,#9506);
#7311=LINE('',#9507,#9508);
#7312=VERTEX_POINT('',#9509);
#7313=LINE('',#9510,#9511);
#7314=LINE('',#9512,#9513);
#7315=LINE('',#9514,#9515);
#7316=VERTEX_POINT('',#9516);
#7317=LINE('',#9517,#9518);
#7318=VERTEX_POINT('',#9519);
#7319=LINE('',#9520,#9521);
#7320=LINE('',#9522,#9523);
#7321=LINE('',#9524,#9525);
#7322=VERTEX_POINT('',#9526);
#7323=LINE('',#9527,#9528);
#7324=LINE('',#9529,#9530);
#7325=VERTEX_POINT('',#9531);
#7326=LINE('',#9532,#9533);
#7327=LINE('',#9534,#9535);
#7328=LINE('',#9536,#9537);
#7329=LINE('',#9538,#9539);
#7330=LINE('',#9540,#9541);
#7331=LINE('',#9542,#9543);
#7332=LINE('',#9544,#9545);
#7333=LINE('',#9546,#9547);
#7334=VERTEX_POINT('',#9548);
#7335=LINE('',#9549,#9550);
#7336=VERTEX_POINT('',#9551);
#7337=LINE('',#9552,#9553);
#7338=LINE('',#9554,#9555);
#7339=VERTEX_POINT('',#9556);
#7340=LINE('',#9557,#9558);
#7341=VERTEX_POINT('',#9559);
#7342=LINE('',#9560,#9561);
#7343=LINE('',#9562,#9563);
#7344=LINE('',#9564,#9565);
#7345=LINE('',#9566,#9567);
#7346=VERTEX_POINT('',#9568);
#7347=VERTEX_POINT('',#9569);
#7348=LINE('',#9570,#9571);
#7349=VERTEX_POINT('',#9572);
#7350=LINE('',#9573,#9574);
#7351=VERTEX_POINT('',#9575);
#7352=LINE('',#9576,#9577);
#7353=LINE('',#9578,#9579);
#7354=LINE('',#9580,#9581);
#7355=LINE('',#9582,#9583);
#7356=LINE('',#9584,#9585);
#7357=LINE('',#9586,#9587);
#7358=VERTEX_POINT('',#9588);
#7359=LINE('',#9589,#9590);
#7360=LINE('',#9591,#9592);
#7361=VERTEX_POINT('',#9593);
#7362=LINE('',#9594,#9595);
#7363=LINE('',#9596,#9597);
#7364=VERTEX_POINT('',#9598);
#7365=VERTEX_POINT('',#9599);
#7366=LINE('',#9600,#9601);
#7367=LINE('',#9602,#9603);
#7368=LINE('',#9604,#9605);
#7369=LINE('',#9606,#9607);
#7370=VERTEX_POINT('',#9608);
#7371=VERTEX_POINT('',#9609);
#7372=CIRCLE('',#9610,0.15);
#7373=LINE('',#9611,#9612);
#7374=LINE('',#9613,#9614);
#7375=LINE('',#9615,#9616);
#7376=LINE('',#9617,#9618);
#7377=VERTEX_POINT('',#9619);
#7378=CIRCLE('',#9620,0.15);
#7379=LINE('',#9621,#9622);
#7380=VERTEX_POINT('',#9623);
#7381=LINE('',#9624,#9625);
#7382=VERTEX_POINT('',#9626);
#7383=LINE('',#9627,#9628);
#7384=LINE('',#9629,#9630);
#7385=LINE('',#9631,#9632);
#7386=VERTEX_POINT('',#9633);
#7387=LINE('',#9634,#9635);
#7388=VERTEX_POINT('',#9636);
#7389=LINE('',#9637,#9638);
#7390=LINE('',#9639,#9640);
#7391=VERTEX_POINT('',#9641);
#7392=LINE('',#9642,#9643);
#7393=LINE('',#9644,#9645);
#7394=LINE('',#9646,#9647);
#7395=VERTEX_POINT('',#9648);
#7396=VERTEX_POINT('',#9649);
#7397=LINE('',#9650,#9651);
#7398=VERTEX_POINT('',#9652);
#7399=LINE('',#9653,#9654);
#7400=VERTEX_POINT('',#9655);
#7401=LINE('',#9656,#9657);
#7402=VERTEX_POINT('',#9658);
#7403=LINE('',#9659,#9660);
#7404=VERTEX_POINT('',#9661);
#7405=LINE('',#9662,#9663);
#7406=VERTEX_POINT('',#9664);
#7407=LINE('',#9665,#9666);
#7408=VERTEX_POINT('',#9667);
#7409=LINE('',#9668,#9669);
#7410=VERTEX_POINT('',#9670);
#7411=LINE('',#9671,#9672);
#7412=VERTEX_POINT('',#9673);
#7413=LINE('',#9674,#9675);
#7414=VERTEX_POINT('',#9676);
#7415=LINE('',#9677,#9678);
#7416=VERTEX_POINT('',#9679);
#7417=LINE('',#9680,#9681);
#7418=VERTEX_POINT('',#9682);
#7419=LINE('',#9683,#9684);
#7420=VERTEX_POINT('',#9685);
#7421=LINE('',#9686,#9687);
#7422=VERTEX_POINT('',#9688);
#7423=LINE('',#9689,#9690);
#7424=VERTEX_POINT('',#9691);
#7425=LINE('',#9692,#9693);
#7426=VERTEX_POINT('',#9694);
#7427=LINE('',#9695,#9696);
#7428=VERTEX_POINT('',#9697);
#7429=LINE('',#9698,#9699);
#7430=VERTEX_POINT('',#9700);
#7431=LINE('',#9701,#9702);
#7432=VERTEX_POINT('',#9703);
#7433=LINE('',#9704,#9705);
#7434=VERTEX_POINT('',#9706);
#7435=LINE('',#9707,#9708);
#7436=VERTEX_POINT('',#9709);
#7437=LINE('',#9710,#9711);
#7438=VERTEX_POINT('',#9712);
#7439=LINE('',#9713,#9714);
#7440=VERTEX_POINT('',#9715);
#7441=LINE('',#9716,#9717);
#7442=VERTEX_POINT('',#9718);
#7443=LINE('',#9719,#9720);
#7444=VERTEX_POINT('',#9721);
#7445=LINE('',#9722,#9723);
#7446=VERTEX_POINT('',#9724);
#7447=LINE('',#9725,#9726);
#7448=VERTEX_POINT('',#9727);
#7449=LINE('',#9728,#9729);
#7450=VERTEX_POINT('',#9730);
#7451=LINE('',#9731,#9732);
#7452=VERTEX_POINT('',#9733);
#7453=LINE('',#9734,#9735);
#7454=VERTEX_POINT('',#9736);
#7455=LINE('',#9737,#9738);
#7456=VERTEX_POINT('',#9739);
#7457=LINE('',#9740,#9741);
#7458=VERTEX_POINT('',#9742);
#7459=LINE('',#9743,#9744);
#7460=VERTEX_POINT('',#9745);
#7461=LINE('',#9746,#9747);
#7462=VERTEX_POINT('',#9748);
#7463=LINE('',#9749,#9750);
#7464=VERTEX_POINT('',#9751);
#7465=LINE('',#9752,#9753);
#7466=VERTEX_POINT('',#9754);
#7467=LINE('',#9755,#9756);
#7468=VERTEX_POINT('',#9757);
#7469=LINE('',#9758,#9759);
#7470=VERTEX_POINT('',#9760);
#7471=LINE('',#9761,#9762);
#7472=VERTEX_POINT('',#9763);
#7473=LINE('',#9764,#9765);
#7474=VERTEX_POINT('',#9766);
#7475=LINE('',#9767,#9768);
#7476=VERTEX_POINT('',#9769);
#7477=LINE('',#9770,#9771);
#7478=VERTEX_POINT('',#9772);
#7479=LINE('',#9773,#9774);
#7480=VERTEX_POINT('',#9775);
#7481=LINE('',#9776,#9777);
#7482=VERTEX_POINT('',#9778);
#7483=LINE('',#9779,#9780);
#7484=VERTEX_POINT('',#9781);
#7485=LINE('',#9782,#9783);
#7486=VERTEX_POINT('',#9784);
#7487=LINE('',#9785,#9786);
#7488=VERTEX_POINT('',#9787);
#7489=LINE('',#9788,#9789);
#7490=LINE('',#9790,#9791);
#7491=VERTEX_POINT('',#9792);
#7492=LINE('',#9793,#9794);
#7493=VERTEX_POINT('',#9795);
#7494=LINE('',#9796,#9797);
#7495=LINE('',#9798,#9799);
#7496=VERTEX_POINT('',#9800);
#7497=LINE('',#9801,#9802);
#7498=VERTEX_POINT('',#9803);
#7499=LINE('',#9804,#9805);
#7500=LINE('',#9806,#9807);
#7501=VERTEX_POINT('',#9808);
#7502=LINE('',#9809,#9810);
#7503=VERTEX_POINT('',#9811);
#7504=LINE('',#9812,#9813);
#7505=VERTEX_POINT('',#9814);
#7506=LINE('',#9815,#9816);
#7507=VERTEX_POINT('',#9817);
#7508=LINE('',#9818,#9819);
#7509=CIRCLE('',#9820,0.175);
#7510=VERTEX_POINT('',#9821);
#7511=LINE('',#9822,#9823);
#7512=VERTEX_POINT('',#9824);
#7513=LINE('',#9825,#9826);
#7514=VERTEX_POINT('',#9827);
#7515=LINE('',#9828,#9829);
#7516=LINE('',#9830,#9831);
#7517=VERTEX_POINT('',#9832);
#7518=VERTEX_POINT('',#9833);
#7519=LINE('',#9834,#9835);
#7520=VERTEX_POINT('',#9836);
#7521=LINE('',#9837,#9838);
#7522=VERTEX_POINT('',#9839);
#7523=LINE('',#9840,#9841);
#7524=LINE('',#9842,#9843);
#7525=VERTEX_POINT('',#9844);
#7526=VERTEX_POINT('',#9845);
#7527=LINE('',#9846,#9847);
#7528=VERTEX_POINT('',#9848);
#7529=LINE('',#9849,#9850);
#7530=VERTEX_POINT('',#9851);
#7531=LINE('',#9852,#9853);
#7532=LINE('',#9854,#9855);
#7533=VERTEX_POINT('',#9856);
#7534=VERTEX_POINT('',#9857);
#7535=LINE('',#9858,#9859);
#7536=VERTEX_POINT('',#9860);
#7537=LINE('',#9861,#9862);
#7538=VERTEX_POINT('',#9863);
#7539=LINE('',#9864,#9865);
#7540=LINE('',#9866,#9867);
#7541=VERTEX_POINT('',#9868);
#7542=VERTEX_POINT('',#9869);
#7543=LINE('',#9870,#9871);
#7544=VERTEX_POINT('',#9872);
#7545=LINE('',#9873,#9874);
#7546=VERTEX_POINT('',#9875);
#7547=LINE('',#9876,#9877);
#7548=LINE('',#9878,#9879);
#7549=VERTEX_POINT('',#9880);
#7550=VERTEX_POINT('',#9881);
#7551=LINE('',#9882,#9883);
#7552=VERTEX_POINT('',#9884);
#7553=LINE('',#9885,#9886);
#7554=VERTEX_POINT('',#9887);
#7555=LINE('',#9888,#9889);
#7556=LINE('',#9890,#9891);
#7557=VERTEX_POINT('',#9892);
#7558=VERTEX_POINT('',#9893);
#7559=LINE('',#9894,#9895);
#7560=VERTEX_POINT('',#9896);
#7561=LINE('',#9897,#9898);
#7562=VERTEX_POINT('',#9899);
#7563=LINE('',#9900,#9901);
#7564=LINE('',#9902,#9903);
#7565=VERTEX_POINT('',#9904);
#7566=VERTEX_POINT('',#9905);
#7567=LINE('',#9906,#9907);
#7568=VERTEX_POINT('',#9908);
#7569=LINE('',#9909,#9910);
#7570=VERTEX_POINT('',#9911);
#7571=LINE('',#9912,#9913);
#7572=LINE('',#9914,#9915);
#7573=VERTEX_POINT('',#9916);
#7574=VERTEX_POINT('',#9917);
#7575=LINE('',#9918,#9919);
#7576=VERTEX_POINT('',#9920);
#7577=LINE('',#9921,#9922);
#7578=VERTEX_POINT('',#9923);
#7579=LINE('',#9924,#9925);
#7580=LINE('',#9926,#9927);
#7581=VERTEX_POINT('',#9928);
#7582=VERTEX_POINT('',#9929);
#7583=LINE('',#9930,#9931);
#7584=VERTEX_POINT('',#9932);
#7585=LINE('',#9933,#9934);
#7586=VERTEX_POINT('',#9935);
#7587=LINE('',#9936,#9937);
#7588=LINE('',#9938,#9939);
#7589=VERTEX_POINT('',#9940);
#7590=VERTEX_POINT('',#9941);
#7591=LINE('',#9942,#9943);
#7592=VERTEX_POINT('',#9944);
#7593=LINE('',#9945,#9946);
#7594=VERTEX_POINT('',#9947);
#7595=LINE('',#9948,#9949);
#7596=LINE('',#9950,#9951);
#7597=VERTEX_POINT('',#9952);
#7598=VERTEX_POINT('',#9953);
#7599=LINE('',#9954,#9955);
#7600=VERTEX_POINT('',#9956);
#7601=LINE('',#9957,#9958);
#7602=VERTEX_POINT('',#9959);
#7603=LINE('',#9960,#9961);
#7604=LINE('',#9962,#9963);
#7605=VERTEX_POINT('',#9964);
#7606=LINE('',#9965,#9966);
#7607=VERTEX_POINT('',#9967);
#7608=LINE('',#9968,#9969);
#7609=VERTEX_POINT('',#9970);
#7610=LINE('',#9971,#9972);
#7611=VERTEX_POINT('',#9973);
#7612=LINE('',#9974,#9975);
#7613=LINE('',#9976,#9977);
#7614=VERTEX_POINT('',#9978);
#7615=VERTEX_POINT('',#9979);
#7616=LINE('',#9980,#9981);
#7617=VERTEX_POINT('',#9982);
#7618=LINE('',#9983,#9984);
#7619=VERTEX_POINT('',#9985);
#7620=LINE('',#9986,#9987);
#7621=LINE('',#9988,#9989);
#7622=VERTEX_POINT('',#9990);
#7623=VERTEX_POINT('',#9991);
#7624=LINE('',#9992,#9993);
#7625=VERTEX_POINT('',#9994);
#7626=LINE('',#9995,#9996);
#7627=VERTEX_POINT('',#9997);
#7628=LINE('',#9998,#9999);
#7629=LINE('',#10000,#10001);
#7630=VERTEX_POINT('',#10002);
#7631=LINE('',#10003,#10004);
#7632=VERTEX_POINT('',#10005);
#7633=LINE('',#10006,#10007);
#7634=LINE('',#10008,#10009);
#7635=VERTEX_POINT('',#10010);
#7636=LINE('',#10011,#10012);
#7637=VERTEX_POINT('',#10013);
#7638=LINE('',#10014,#10015);
#7639=LINE('',#10016,#10017);
#7640=VERTEX_POINT('',#10018);
#7641=LINE('',#10019,#10020);
#7642=VERTEX_POINT('',#10021);
#7643=LINE('',#10022,#10023);
#7644=LINE('',#10024,#10025);
#7645=VERTEX_POINT('',#10026);
#7646=VERTEX_POINT('',#10027);
#7647=LINE('',#10028,#10029);
#7648=LINE('',#10030,#10031);
#7649=LINE('',#10032,#10033);
#7650=VERTEX_POINT('',#10034);
#7651=VERTEX_POINT('',#10035);
#7652=LINE('',#10036,#10037);
#7653=LINE('',#10038,#10039);
#7654=VERTEX_POINT('',#10040);
#7655=CIRCLE('',#10041,0.175);
#7656=VERTEX_POINT('',#10042);
#7657=LINE('',#10043,#10044);
#7658=VERTEX_POINT('',#10045);
#7659=LINE('',#10046,#10047);
#7660=VERTEX_POINT('',#10048);
#7661=LINE('',#10049,#10050);
#7662=VERTEX_POINT('',#10051);
#7663=LINE('',#10052,#10053);
#7664=VERTEX_POINT('',#10054);
#7665=LINE('',#10055,#10056);
#7666=VERTEX_POINT('',#10057);
#7667=LINE('',#10058,#10059);
#7668=VERTEX_POINT('',#10060);
#7669=LINE('',#10061,#10062);
#7670=CIRCLE('',#10063,0.175);
#7671=VERTEX_POINT('',#10064);
#7672=LINE('',#10065,#10066);
#7673=LINE('',#10067,#10068);
#7674=LINE('',#10069,#10070);
#7675=VERTEX_POINT('',#10071);
#7676=VERTEX_POINT('',#10072);
#7677=LINE('',#10073,#10074);
#7678=VERTEX_POINT('',#10075);
#7679=LINE('',#10076,#10077);
#7680=VERTEX_POINT('',#10078);
#7681=LINE('',#10079,#10080);
#7682=VERTEX_POINT('',#10081);
#7683=LINE('',#10082,#10083);
#7684=VERTEX_POINT('',#10084);
#7685=LINE('',#10085,#10086);
#7686=VERTEX_POINT('',#10087);
#7687=LINE('',#10088,#10089);
#7688=VERTEX_POINT('',#10090);
#7689=LINE('',#10091,#10092);
#7690=VERTEX_POINT('',#10093);
#7691=LINE('',#10094,#10095);
#7692=VERTEX_POINT('',#10096);
#7693=LINE('',#10097,#10098);
#7694=LINE('',#10099,#10100);
#7695=VERTEX_POINT('',#10101);
#7696=LINE('',#10102,#10103);
#7697=VERTEX_POINT('',#10104);
#7698=LINE('',#10105,#10106);
#7699=VERTEX_POINT('',#10107);
#7700=LINE('',#10108,#10109);
#7701=VERTEX_POINT('',#10110);
#7702=LINE('',#10111,#10112);
#7703=LINE('',#10113,#10114);
#7704=VERTEX_POINT('',#10115);
#7705=LINE('',#10116,#10117);
#7706=LINE('',#10118,#10119);
#7707=VERTEX_POINT('',#10120);
#7708=LINE('',#10121,#10122);
#7709=VERTEX_POINT('',#10123);
#7710=LINE('',#10124,#10125);
#7711=VERTEX_POINT('',#10126);
#7712=LINE('',#10127,#10128);
#7713=VERTEX_POINT('',#10129);
#7714=LINE('',#10130,#10131);
#7715=VERTEX_POINT('',#10132);
#7716=LINE('',#10133,#10134);
#7717=VERTEX_POINT('',#10135);
#7718=LINE('',#10136,#10137);
#7719=VERTEX_POINT('',#10138);
#7720=LINE('',#10139,#10140);
#7721=VERTEX_POINT('',#10141);
#7722=LINE('',#10142,#10143);
#7723=VERTEX_POINT('',#10144);
#7724=LINE('',#10145,#10146);
#7725=VERTEX_POINT('',#10147);
#7726=LINE('',#10148,#10149);
#7727=VERTEX_POINT('',#10150);
#7728=LINE('',#10151,#10152);
#7729=VERTEX_POINT('',#10153);
#7730=LINE('',#10154,#10155);
#7731=VERTEX_POINT('',#10156);
#7732=LINE('',#10157,#10158);
#7733=VERTEX_POINT('',#10159);
#7734=LINE('',#10160,#10161);
#7735=VERTEX_POINT('',#10162);
#7736=LINE('',#10163,#10164);
#7737=VERTEX_POINT('',#10165);
#7738=LINE('',#10166,#10167);
#7739=VERTEX_POINT('',#10168);
#7740=LINE('',#10169,#10170);
#7741=VERTEX_POINT('',#10171);
#7742=LINE('',#10172,#10173);
#7743=VERTEX_POINT('',#10174);
#7744=LINE('',#10175,#10176);
#7745=VERTEX_POINT('',#10177);
#7746=LINE('',#10178,#10179);
#7747=VERTEX_POINT('',#10180);
#7748=LINE('',#10181,#10182);
#7749=VERTEX_POINT('',#10183);
#7750=LINE('',#10184,#10185);
#7751=VERTEX_POINT('',#10186);
#7752=LINE('',#10187,#10188);
#7753=VERTEX_POINT('',#10189);
#7754=LINE('',#10190,#10191);
#7755=VERTEX_POINT('',#10192);
#7756=LINE('',#10193,#10194);
#7757=VERTEX_POINT('',#10195);
#7758=LINE('',#10196,#10197);
#7759=VERTEX_POINT('',#10198);
#7760=LINE('',#10199,#10200);
#7761=VERTEX_POINT('',#10201);
#7762=LINE('',#10202,#10203);
#7763=VERTEX_POINT('',#10204);
#7764=LINE('',#10205,#10206);
#7765=VERTEX_POINT('',#10207);
#7766=LINE('',#10208,#10209);
#7767=VERTEX_POINT('',#10210);
#7768=LINE('',#10211,#10212);
#7769=VERTEX_POINT('',#10213);
#7770=LINE('',#10214,#10215);
#7771=VERTEX_POINT('',#10216);
#7772=LINE('',#10217,#10218);
#7773=VERTEX_POINT('',#10219);
#7774=LINE('',#10220,#10221);
#7775=VERTEX_POINT('',#10222);
#7776=LINE('',#10223,#10224);
#7777=VERTEX_POINT('',#10225);
#7778=LINE('',#10226,#10227);
#7779=VERTEX_POINT('',#10228);
#7780=LINE('',#10229,#10230);
#7781=VERTEX_POINT('',#10231);
#7782=LINE('',#10232,#10233);
#7783=VERTEX_POINT('',#10234);
#7784=LINE('',#10235,#10236);
#7785=VERTEX_POINT('',#10237);
#7786=LINE('',#10238,#10239);
#7787=VERTEX_POINT('',#10240);
#7788=LINE('',#10241,#10242);
#7789=VERTEX_POINT('',#10243);
#7790=LINE('',#10244,#10245);
#7791=VERTEX_POINT('',#10246);
#7792=LINE('',#10247,#10248);
#7793=LINE('',#10249,#10250);
#7794=VERTEX_POINT('',#10251);
#7795=LINE('',#10252,#10253);
#7796=VERTEX_POINT('',#10254);
#7797=LINE('',#10255,#10256);
#7798=LINE('',#10257,#10258);
#7799=VERTEX_POINT('',#10259);
#7800=LINE('',#10260,#10261);
#7801=LINE('',#10262,#10263);
#7802=VERTEX_POINT('',#10264);
#7803=LINE('',#10265,#10266);
#7804=LINE('',#10267,#10268);
#7805=VERTEX_POINT('',#10269);
#7806=LINE('',#10270,#10271);
#7807=CIRCLE('',#10272,0.175);
#7808=VERTEX_POINT('',#10273);
#7809=LINE('',#10274,#10275);
#7810=LINE('',#10276,#10277);
#7811=VERTEX_POINT('',#10278);
#7812=LINE('',#10279,#10280);
#7813=LINE('',#10281,#10282);
#7814=VERTEX_POINT('',#10283);
#7815=LINE('',#10284,#10285);
#7816=LINE('',#10286,#10287);
#7817=LINE('',#10288,#10289);
#7818=VERTEX_POINT('',#10290);
#7819=LINE('',#10291,#10292);
#7820=LINE('',#10293,#10294);
#7821=VERTEX_POINT('',#10295);
#7822=LINE('',#10296,#10297);
#7823=VERTEX_POINT('',#10298);
#7824=LINE('',#10299,#10300);
#7825=LINE('',#10301,#10302);
#7826=LINE('',#10303,#10304);
#7827=VERTEX_POINT('',#10305);
#7828=LINE('',#10306,#10307);
#7829=LINE('',#10308,#10309);
#7830=VERTEX_POINT('',#10310);
#7831=LINE('',#10311,#10312);
#7832=VERTEX_POINT('',#10313);
#7833=LINE('',#10314,#10315);
#7834=VERTEX_POINT('',#10316);
#7835=LINE('',#10317,#10318);
#7836=VERTEX_POINT('',#10319);
#7837=LINE('',#10320,#10321);
#7838=LINE('',#10322,#10323);
#7839=LINE('',#10324,#10325);
#7840=LINE('',#10326,#10327);
#7841=LINE('',#10328,#10329);
#7842=LINE('',#10330,#10331);
#7843=LINE('',#10332,#10333);
#7844=LINE('',#10334,#10335);
#7845=LINE('',#10336,#10337);
#7846=LINE('',#10338,#10339);
#7847=LINE('',#10340,#10341);
#7848=LINE('',#10342,#10343);
#7849=LINE('',#10344,#10345);
#7850=LINE('',#10346,#10347);
#7851=LINE('',#10348,#10349);
#7852=LINE('',#10350,#10351);
#7853=LINE('',#10352,#10353);
#7854=LINE('',#10354,#10355);
#7855=VERTEX_POINT('',#10356);
#7856=LINE('',#10357,#10358);
#7857=VERTEX_POINT('',#10359);
#7858=LINE('',#10360,#10361);
#7859=LINE('',#10362,#10363);
#7860=VERTEX_POINT('',#10364);
#7861=LINE('',#10365,#10366);
#7862=VERTEX_POINT('',#10367);
#7863=LINE('',#10368,#10369);
#7864=VERTEX_POINT('',#10370);
#7865=LINE('',#10371,#10372);
#7866=VERTEX_POINT('',#10373);
#7867=LINE('',#10374,#10375);
#7868=LINE('',#10376,#10377);
#7869=LINE('',#10378,#10379);
#7870=VERTEX_POINT('',#10380);
#7871=LINE('',#10381,#10382);
#7872=VERTEX_POINT('',#10383);
#7873=LINE('',#10384,#10385);
#7874=LINE('',#10386,#10387);
#7875=CIRCLE('',#10388,0.175);
#7876=CIRCLE('',#10389,0.175);
#7877=LINE('',#10390,#10391);
#7878=LINE('',#10392,#10393);
#7879=VERTEX_POINT('',#10394);
#7880=LINE('',#10395,#10396);
#7881=LINE('',#10397,#10398);
#7882=VERTEX_POINT('',#10399);
#7883=LINE('',#10400,#10401);
#7884=LINE('',#10402,#10403);
#7885=CIRCLE('',#10404,0.175);
#7886=LINE('',#10405,#10406);
#7887=VERTEX_POINT('',#10407);
#7888=VERTEX_POINT('',#10408);
#7889=LINE('',#10409,#10410);
#7890=LINE('',#10411,#10412);
#7891=LINE('',#10413,#10414);
#7892=VERTEX_POINT('',#10415);
#7893=LINE('',#10416,#10417);
#7894=LINE('',#10418,#10419);
#7895=LINE('',#10420,#10421);
#7896=CIRCLE('',#10422,0.175);
#7897=VERTEX_POINT('',#10423);
#7898=LINE('',#10424,#10425);
#7899=LINE('',#10426,#10427);
#7900=VERTEX_POINT('',#10428);
#7901=LINE('',#10429,#10430);
#7902=LINE('',#10431,#10432);
#7903=LINE('',#10433,#10434);
#7904=VERTEX_POINT('',#10435);
#7905=LINE('',#10436,#10437);
#7906=VERTEX_POINT('',#10438);
#7907=LINE('',#10439,#10440);
#7908=LINE('',#10441,#10442);
#7909=VERTEX_POINT('',#10443);
#7910=LINE('',#10444,#10445);
#7911=VERTEX_POINT('',#10446);
#7912=LINE('',#10447,#10448);
#7913=VERTEX_POINT('',#10449);
#7914=LINE('',#10450,#10451);
#7915=VERTEX_POINT('',#10452);
#7916=LINE('',#10453,#10454);
#7917=LINE('',#10455,#10456);
#7918=VERTEX_POINT('',#10457);
#7919=LINE('',#10458,#10459);
#7920=VERTEX_POINT('',#10460);
#7921=LINE('',#10461,#10462);
#7922=LINE('',#10463,#10464);
#7923=VERTEX_POINT('',#10465);
#7924=LINE('',#10466,#10467);
#7925=VERTEX_POINT('',#10468);
#7926=LINE('',#10469,#10470);
#7927=LINE('',#10471,#10472);
#7928=VERTEX_POINT('',#10473);
#7929=LINE('',#10474,#10475);
#7930=VERTEX_POINT('',#10476);
#7931=LINE('',#10477,#10478);
#7932=LINE('',#10479,#10480);
#7933=VERTEX_POINT('',#10481);
#7934=LINE('',#10482,#10483);
#7935=VERTEX_POINT('',#10484);
#7936=LINE('',#10485,#10486);
#7937=LINE('',#10487,#10488);
#7938=VERTEX_POINT('',#10489);
#7939=LINE('',#10490,#10491);
#7940=VERTEX_POINT('',#10492);
#7941=LINE('',#10493,#10494);
#7942=LINE('',#10495,#10496);
#7943=VERTEX_POINT('',#10497);
#7944=LINE('',#10498,#10499);
#7945=VERTEX_POINT('',#10500);
#7946=LINE('',#10501,#10502);
#7947=LINE('',#10503,#10504);
#7948=VERTEX_POINT('',#10505);
#7949=LINE('',#10506,#10507);
#7950=VERTEX_POINT('',#10508);
#7951=LINE('',#10509,#10510);
#7952=LINE('',#10511,#10512);
#7953=VERTEX_POINT('',#10513);
#7954=LINE('',#10514,#10515);
#7955=VERTEX_POINT('',#10516);
#7956=LINE('',#10517,#10518);
#7957=LINE('',#10519,#10520);
#7958=VERTEX_POINT('',#10521);
#7959=LINE('',#10522,#10523);
#7960=VERTEX_POINT('',#10524);
#7961=LINE('',#10525,#10526);
#7962=LINE('',#10527,#10528);
#7963=VERTEX_POINT('',#10529);
#7964=LINE('',#10530,#10531);
#7965=VERTEX_POINT('',#10532);
#7966=LINE('',#10533,#10534);
#7967=LINE('',#10535,#10536);
#7968=VERTEX_POINT('',#10537);
#7969=LINE('',#10538,#10539);
#7970=VERTEX_POINT('',#10540);
#7971=LINE('',#10541,#10542);
#7972=VERTEX_POINT('',#10543);
#7973=LINE('',#10544,#10545);
#7974=LINE('',#10546,#10547);
#7975=VERTEX_POINT('',#10548);
#7976=LINE('',#10549,#10550);
#7977=VERTEX_POINT('',#10551);
#7978=LINE('',#10552,#10553);
#7979=LINE('',#10554,#10555);
#7980=VERTEX_POINT('',#10556);
#7981=LINE('',#10557,#10558);
#7982=VERTEX_POINT('',#10559);
#7983=LINE('',#10560,#10561);
#7984=LINE('',#10562,#10563);
#7985=VERTEX_POINT('',#10564);
#7986=LINE('',#10565,#10566);
#7987=VERTEX_POINT('',#10567);
#7988=LINE('',#10568,#10569);
#7989=LINE('',#10570,#10571);
#7990=VERTEX_POINT('',#10572);
#7991=LINE('',#10573,#10574);
#7992=VERTEX_POINT('',#10575);
#7993=LINE('',#10576,#10577);
#7994=LINE('',#10578,#10579);
#7995=VERTEX_POINT('',#10580);
#7996=LINE('',#10581,#10582);
#7997=VERTEX_POINT('',#10583);
#7998=LINE('',#10584,#10585);
#7999=LINE('',#10586,#10587);
#8000=VERTEX_POINT('',#10588);
#8001=LINE('',#10589,#10590);
#8002=VERTEX_POINT('',#10591);
#8003=LINE('',#10592,#10593);
#8004=LINE('',#10594,#10595);
#8005=VERTEX_POINT('',#10596);
#8006=LINE('',#10597,#10598);
#8007=VERTEX_POINT('',#10599);
#8008=LINE('',#10600,#10601);
#8009=LINE('',#10602,#10603);
#8010=VERTEX_POINT('',#10604);
#8011=LINE('',#10605,#10606);
#8012=VERTEX_POINT('',#10607);
#8013=LINE('',#10608,#10609);
#8014=LINE('',#10610,#10611);
#8015=VERTEX_POINT('',#10612);
#8016=LINE('',#10613,#10614);
#8017=VERTEX_POINT('',#10615);
#8018=LINE('',#10616,#10617);
#8019=LINE('',#10618,#10619);
#8020=LINE('',#10620,#10621);
#8021=VERTEX_POINT('',#10622);
#8022=LINE('',#10623,#10624);
#8023=LINE('',#10625,#10626);
#8024=VERTEX_POINT('',#10627);
#8025=LINE('',#10628,#10629);
#8026=LINE('',#10630,#10631);
#8027=VERTEX_POINT('',#10632);
#8028=LINE('',#10633,#10634);
#8029=LINE('',#10635,#10636);
#8030=VERTEX_POINT('',#10637);
#8031=LINE('',#10638,#10639);
#8032=VERTEX_POINT('',#10640);
#8033=LINE('',#10641,#10642);
#8034=LINE('',#10643,#10644);
#8035=VERTEX_POINT('',#10645);
#8036=LINE('',#10646,#10647);
#8037=VERTEX_POINT('',#10648);
#8038=LINE('',#10649,#10650);
#8039=LINE('',#10651,#10652);
#8040=VERTEX_POINT('',#10653);
#8041=LINE('',#10654,#10655);
#8042=VERTEX_POINT('',#10656);
#8043=LINE('',#10657,#10658);
#8044=LINE('',#10659,#10660);
#8045=VERTEX_POINT('',#10661);
#8046=LINE('',#10662,#10663);
#8047=VERTEX_POINT('',#10664);
#8048=LINE('',#10665,#10666);
#8049=LINE('',#10667,#10668);
#8050=VERTEX_POINT('',#10669);
#8051=LINE('',#10670,#10671);
#8052=VERTEX_POINT('',#10672);
#8053=LINE('',#10673,#10674);
#8054=LINE('',#10675,#10676);
#8055=VERTEX_POINT('',#10677);
#8056=LINE('',#10678,#10679);
#8057=VERTEX_POINT('',#10680);
#8058=LINE('',#10681,#10682);
#8059=LINE('',#10683,#10684);
#8060=VERTEX_POINT('',#10685);
#8061=LINE('',#10686,#10687);
#8062=VERTEX_POINT('',#10688);
#8063=LINE('',#10689,#10690);
#8064=LINE('',#10691,#10692);
#8065=VERTEX_POINT('',#10693);
#8066=LINE('',#10694,#10695);
#8067=VERTEX_POINT('',#10696);
#8068=LINE('',#10697,#10698);
#8069=LINE('',#10699,#10700);
#8070=VERTEX_POINT('',#10701);
#8071=LINE('',#10702,#10703);
#8072=VERTEX_POINT('',#10704);
#8073=LINE('',#10705,#10706);
#8074=LINE('',#10707,#10708);
#8075=VERTEX_POINT('',#10709);
#8076=LINE('',#10710,#10711);
#8077=VERTEX_POINT('',#10712);
#8078=LINE('',#10713,#10714);
#8079=LINE('',#10715,#10716);
#8080=VERTEX_POINT('',#10717);
#8081=LINE('',#10718,#10719);
#8082=VERTEX_POINT('',#10720);
#8083=LINE('',#10721,#10722);
#8084=LINE('',#10723,#10724);
#8085=LINE('',#10725,#10726);
#8086=VERTEX_POINT('',#10727);
#8087=LINE('',#10728,#10729);
#8088=LINE('',#10730,#10731);
#8089=LINE('',#10732,#10733);
#8090=LINE('',#10734,#10735);
#8091=LINE('',#10736,#10737);
#8092=LINE('',#10738,#10739);
#8093=LINE('',#10740,#10741);
#8094=LINE('',#10742,#10743);
#8095=LINE('',#10744,#10745);
#8096=VERTEX_POINT('',#10746);
#8097=LINE('',#10747,#10748);
#8098=CIRCLE('',#10749,0.12);
#8099=VERTEX_POINT('',#10750);
#8100=LINE('',#10751,#10752);
#8101=CIRCLE('',#10753,0.12);
#8102=LINE('',#10754,#10755);
#8103=VERTEX_POINT('',#10756);
#8104=LINE('',#10757,#10758);
#8105=VERTEX_POINT('',#10759);
#8106=LINE('',#10760,#10761);
#8107=LINE('',#10762,#10763);
#8108=VERTEX_POINT('',#10764);
#8109=CIRCLE('',#10765,0.0499999999999998);
#8110=VERTEX_POINT('',#10766);
#8111=LINE('',#10767,#10768);
#8112=CIRCLE('',#10769,0.0499999999999998);
#8113=LINE('',#10770,#10771);
#8114=LINE('',#10772,#10773);
#8115=LINE('',#10774,#10775);
#8116=LINE('',#10776,#10777);
#8117=VERTEX_POINT('',#10778);
#8118=LINE('',#10779,#10780);
#8119=VERTEX_POINT('',#10781);
#8120=LINE('',#10782,#10783);
#8121=LINE('',#10784,#10785);
#8122=VERTEX_POINT('',#10786);
#8123=LINE('',#10787,#10788);
#8124=VERTEX_POINT('',#10789);
#8125=LINE('',#10790,#10791);
#8126=VERTEX_POINT('',#10792);
#8127=LINE('',#10793,#10794);
#8128=VERTEX_POINT('',#10795);
#8129=LINE('',#10796,#10797);
#8130=LINE('',#10798,#10799);
#8131=VERTEX_POINT('',#10800);
#8132=LINE('',#10801,#10802);
#8133=VERTEX_POINT('',#10803);
#8134=LINE('',#10804,#10805);
#8135=VERTEX_POINT('',#10806);
#8136=LINE('',#10807,#10808);
#8137=VERTEX_POINT('',#10809);
#8138=LINE('',#10810,#10811);
#8139=LINE('',#10812,#10813);
#8140=LINE('',#10814,#10815);
#8141=LINE('',#10816,#10817);
#8142=LINE('',#10818,#10819);
#8143=LINE('',#10820,#10821);
#8144=VERTEX_POINT('',#10822);
#8145=LINE('',#10823,#10824);
#8146=CIRCLE('',#10825,0.12);
#8147=VERTEX_POINT('',#10826);
#8148=LINE('',#10827,#10828);
#8149=CIRCLE('',#10829,0.12);
#8150=LINE('',#10830,#10831);
#8151=VERTEX_POINT('',#10832);
#8152=LINE('',#10833,#10834);
#8153=VERTEX_POINT('',#10835);
#8154=LINE('',#10836,#10837);
#8155=LINE('',#10838,#10839);
#8156=VERTEX_POINT('',#10840);
#8157=CIRCLE('',#10841,0.0499999999999998);
#8158=VERTEX_POINT('',#10842);
#8159=LINE('',#10843,#10844);
#8160=CIRCLE('',#10845,0.0499999999999998);
#8161=LINE('',#10846,#10847);
#8162=LINE('',#10848,#10849);
#8163=LINE('',#10850,#10851);
#8164=LINE('',#10852,#10853);
#8165=VERTEX_POINT('',#10854);
#8166=LINE('',#10855,#10856);
#8167=VERTEX_POINT('',#10857);
#8168=LINE('',#10858,#10859);
#8169=LINE('',#10860,#10861);
#8170=VERTEX_POINT('',#10862);
#8171=LINE('',#10863,#10864);
#8172=VERTEX_POINT('',#10865);
#8173=LINE('',#10866,#10867);
#8174=VERTEX_POINT('',#10868);
#8175=LINE('',#10869,#10870);
#8176=VERTEX_POINT('',#10871);
#8177=LINE('',#10872,#10873);
#8178=LINE('',#10874,#10875);
#8179=VERTEX_POINT('',#10876);
#8180=LINE('',#10877,#10878);
#8181=VERTEX_POINT('',#10879);
#8182=LINE('',#10880,#10881);
#8183=VERTEX_POINT('',#10882);
#8184=LINE('',#10883,#10884);
#8185=VERTEX_POINT('',#10885);
#8186=LINE('',#10886,#10887);
#8187=LINE('',#10888,#10889);
#8188=LINE('',#10890,#10891);
#8189=LINE('',#10892,#10893);
#8190=LINE('',#10894,#10895);
#8191=LINE('',#10896,#10897);
#8192=VERTEX_POINT('',#10898);
#8193=LINE('',#10899,#10900);
#8194=CIRCLE('',#10901,0.12);
#8195=VERTEX_POINT('',#10902);
#8196=LINE('',#10903,#10904);
#8197=CIRCLE('',#10905,0.12);
#8198=LINE('',#10906,#10907);
#8199=VERTEX_POINT('',#10908);
#8200=LINE('',#10909,#10910);
#8201=VERTEX_POINT('',#10911);
#8202=LINE('',#10912,#10913);
#8203=LINE('',#10914,#10915);
#8204=VERTEX_POINT('',#10916);
#8205=CIRCLE('',#10917,0.0499999999999998);
#8206=VERTEX_POINT('',#10918);
#8207=LINE('',#10919,#10920);
#8208=CIRCLE('',#10921,0.0499999999999998);
#8209=LINE('',#10922,#10923);
#8210=LINE('',#10924,#10925);
#8211=LINE('',#10926,#10927);
#8212=LINE('',#10928,#10929);
#8213=VERTEX_POINT('',#10930);
#8214=LINE('',#10931,#10932);
#8215=VERTEX_POINT('',#10933);
#8216=LINE('',#10934,#10935);
#8217=LINE('',#10936,#10937);
#8218=VERTEX_POINT('',#10938);
#8219=LINE('',#10939,#10940);
#8220=VERTEX_POINT('',#10941);
#8221=LINE('',#10942,#10943);
#8222=VERTEX_POINT('',#10944);
#8223=LINE('',#10945,#10946);
#8224=VERTEX_POINT('',#10947);
#8225=LINE('',#10948,#10949);
#8226=LINE('',#10950,#10951);
#8227=VERTEX_POINT('',#10952);
#8228=LINE('',#10953,#10954);
#8229=VERTEX_POINT('',#10955);
#8230=LINE('',#10956,#10957);
#8231=VERTEX_POINT('',#10958);
#8232=LINE('',#10959,#10960);
#8233=VERTEX_POINT('',#10961);
#8234=LINE('',#10962,#10963);
#8235=LINE('',#10964,#10965);
#8236=LINE('',#10966,#10967);
#8237=LINE('',#10968,#10969);
#8238=LINE('',#10970,#10971);
#8239=LINE('',#10972,#10973);
#8240=VERTEX_POINT('',#10974);
#8241=LINE('',#10975,#10976);
#8242=CIRCLE('',#10977,0.12);
#8243=VERTEX_POINT('',#10978);
#8244=LINE('',#10979,#10980);
#8245=CIRCLE('',#10981,0.12);
#8246=LINE('',#10982,#10983);
#8247=VERTEX_POINT('',#10984);
#8248=LINE('',#10985,#10986);
#8249=VERTEX_POINT('',#10987);
#8250=LINE('',#10988,#10989);
#8251=LINE('',#10990,#10991);
#8252=VERTEX_POINT('',#10992);
#8253=CIRCLE('',#10993,0.0499999999999998);
#8254=VERTEX_POINT('',#10994);
#8255=LINE('',#10995,#10996);
#8256=CIRCLE('',#10997,0.0499999999999998);
#8257=LINE('',#10998,#10999);
#8258=LINE('',#11000,#11001);
#8259=LINE('',#11002,#11003);
#8260=LINE('',#11004,#11005);
#8261=VERTEX_POINT('',#11006);
#8262=LINE('',#11007,#11008);
#8263=VERTEX_POINT('',#11009);
#8264=LINE('',#11010,#11011);
#8265=LINE('',#11012,#11013);
#8266=VERTEX_POINT('',#11014);
#8267=LINE('',#11015,#11016);
#8268=VERTEX_POINT('',#11017);
#8269=LINE('',#11018,#11019);
#8270=VERTEX_POINT('',#11020);
#8271=LINE('',#11021,#11022);
#8272=VERTEX_POINT('',#11023);
#8273=LINE('',#11024,#11025);
#8274=LINE('',#11026,#11027);
#8275=VERTEX_POINT('',#11028);
#8276=LINE('',#11029,#11030);
#8277=VERTEX_POINT('',#11031);
#8278=LINE('',#11032,#11033);
#8279=VERTEX_POINT('',#11034);
#8280=LINE('',#11035,#11036);
#8281=VERTEX_POINT('',#11037);
#8282=LINE('',#11038,#11039);
#8283=LINE('',#11040,#11041);
#8284=LINE('',#11042,#11043);
#8285=LINE('',#11044,#11045);
#8286=LINE('',#11046,#11047);
#8287=LINE('',#11048,#11049);
#8288=VERTEX_POINT('',#11050);
#8289=LINE('',#11051,#11052);
#8290=CIRCLE('',#11053,0.12);
#8291=VERTEX_POINT('',#11054);
#8292=LINE('',#11055,#11056);
#8293=CIRCLE('',#11057,0.12);
#8294=LINE('',#11058,#11059);
#8295=VERTEX_POINT('',#11060);
#8296=LINE('',#11061,#11062);
#8297=VERTEX_POINT('',#11063);
#8298=LINE('',#11064,#11065);
#8299=LINE('',#11066,#11067);
#8300=VERTEX_POINT('',#11068);
#8301=CIRCLE('',#11069,0.0499999999999998);
#8302=VERTEX_POINT('',#11070);
#8303=LINE('',#11071,#11072);
#8304=CIRCLE('',#11073,0.0499999999999998);
#8305=LINE('',#11074,#11075);
#8306=LINE('',#11076,#11077);
#8307=LINE('',#11078,#11079);
#8308=LINE('',#11080,#11081);
#8309=VERTEX_POINT('',#11082);
#8310=LINE('',#11083,#11084);
#8311=VERTEX_POINT('',#11085);
#8312=LINE('',#11086,#11087);
#8313=LINE('',#11088,#11089);
#8314=VERTEX_POINT('',#11090);
#8315=LINE('',#11091,#11092);
#8316=VERTEX_POINT('',#11093);
#8317=LINE('',#11094,#11095);
#8318=VERTEX_POINT('',#11096);
#8319=LINE('',#11097,#11098);
#8320=VERTEX_POINT('',#11099);
#8321=LINE('',#11100,#11101);
#8322=LINE('',#11102,#11103);
#8323=VERTEX_POINT('',#11104);
#8324=LINE('',#11105,#11106);
#8325=VERTEX_POINT('',#11107);
#8326=LINE('',#11108,#11109);
#8327=VERTEX_POINT('',#11110);
#8328=LINE('',#11111,#11112);
#8329=VERTEX_POINT('',#11113);
#8330=LINE('',#11114,#11115);
#8331=LINE('',#11116,#11117);
#8332=LINE('',#11118,#11119);
#8333=LINE('',#11120,#11121);
#8334=LINE('',#11122,#11123);
#8335=LINE('',#11124,#11125);
#8336=VERTEX_POINT('',#11126);
#8337=LINE('',#11127,#11128);
#8338=CIRCLE('',#11129,0.12);
#8339=VERTEX_POINT('',#11130);
#8340=LINE('',#11131,#11132);
#8341=CIRCLE('',#11133,0.12);
#8342=LINE('',#11134,#11135);
#8343=VERTEX_POINT('',#11136);
#8344=LINE('',#11137,#11138);
#8345=VERTEX_POINT('',#11139);
#8346=LINE('',#11140,#11141);
#8347=LINE('',#11142,#11143);
#8348=VERTEX_POINT('',#11144);
#8349=CIRCLE('',#11145,0.0499999999999998);
#8350=VERTEX_POINT('',#11146);
#8351=LINE('',#11147,#11148);
#8352=CIRCLE('',#11149,0.0499999999999998);
#8353=LINE('',#11150,#11151);
#8354=LINE('',#11152,#11153);
#8355=LINE('',#11154,#11155);
#8356=LINE('',#11156,#11157);
#8357=VERTEX_POINT('',#11158);
#8358=LINE('',#11159,#11160);
#8359=VERTEX_POINT('',#11161);
#8360=LINE('',#11162,#11163);
#8361=LINE('',#11164,#11165);
#8362=VERTEX_POINT('',#11166);
#8363=LINE('',#11167,#11168);
#8364=VERTEX_POINT('',#11169);
#8365=LINE('',#11170,#11171);
#8366=VERTEX_POINT('',#11172);
#8367=LINE('',#11173,#11174);
#8368=VERTEX_POINT('',#11175);
#8369=LINE('',#11176,#11177);
#8370=LINE('',#11178,#11179);
#8371=VERTEX_POINT('',#11180);
#8372=LINE('',#11181,#11182);
#8373=VERTEX_POINT('',#11183);
#8374=LINE('',#11184,#11185);
#8375=VERTEX_POINT('',#11186);
#8376=LINE('',#11187,#11188);
#8377=VERTEX_POINT('',#11189);
#8378=LINE('',#11190,#11191);
#8379=LINE('',#11192,#11193);
#8380=LINE('',#11194,#11195);
#8381=LINE('',#11196,#11197);
#8382=LINE('',#11198,#11199);
#8383=LINE('',#11200,#11201);
#8384=VERTEX_POINT('',#11202);
#8385=LINE('',#11203,#11204);
#8386=CIRCLE('',#11205,0.12);
#8387=VERTEX_POINT('',#11206);
#8388=LINE('',#11207,#11208);
#8389=CIRCLE('',#11209,0.12);
#8390=LINE('',#11210,#11211);
#8391=VERTEX_POINT('',#11212);
#8392=LINE('',#11213,#11214);
#8393=VERTEX_POINT('',#11215);
#8394=LINE('',#11216,#11217);
#8395=LINE('',#11218,#11219);
#8396=VERTEX_POINT('',#11220);
#8397=CIRCLE('',#11221,0.0499999999999998);
#8398=VERTEX_POINT('',#11222);
#8399=LINE('',#11223,#11224);
#8400=CIRCLE('',#11225,0.0499999999999998);
#8401=LINE('',#11226,#11227);
#8402=LINE('',#11228,#11229);
#8403=LINE('',#11230,#11231);
#8404=LINE('',#11232,#11233);
#8405=VERTEX_POINT('',#11234);
#8406=LINE('',#11235,#11236);
#8407=VERTEX_POINT('',#11237);
#8408=LINE('',#11238,#11239);
#8409=LINE('',#11240,#11241);
#8410=VERTEX_POINT('',#11242);
#8411=LINE('',#11243,#11244);
#8412=VERTEX_POINT('',#11245);
#8413=LINE('',#11246,#11247);
#8414=VERTEX_POINT('',#11248);
#8415=LINE('',#11249,#11250);
#8416=VERTEX_POINT('',#11251);
#8417=LINE('',#11252,#11253);
#8418=LINE('',#11254,#11255);
#8419=VERTEX_POINT('',#11256);
#8420=LINE('',#11257,#11258);
#8421=VERTEX_POINT('',#11259);
#8422=LINE('',#11260,#11261);
#8423=VERTEX_POINT('',#11262);
#8424=LINE('',#11263,#11264);
#8425=VERTEX_POINT('',#11265);
#8426=LINE('',#11266,#11267);
#8427=LINE('',#11268,#11269);
#8428=LINE('',#11270,#11271);
#8429=LINE('',#11272,#11273);
#8430=LINE('',#11274,#11275);
#8431=LINE('',#11276,#11277);
#8432=VERTEX_POINT('',#11278);
#8433=LINE('',#11279,#11280);
#8434=CIRCLE('',#11281,0.12);
#8435=VERTEX_POINT('',#11282);
#8436=LINE('',#11283,#11284);
#8437=CIRCLE('',#11285,0.12);
#8438=LINE('',#11286,#11287);
#8439=VERTEX_POINT('',#11288);
#8440=LINE('',#11289,#11290);
#8441=VERTEX_POINT('',#11291);
#8442=LINE('',#11292,#11293);
#8443=LINE('',#11294,#11295);
#8444=VERTEX_POINT('',#11296);
#8445=CIRCLE('',#11297,0.0499999999999998);
#8446=VERTEX_POINT('',#11298);
#8447=LINE('',#11299,#11300);
#8448=CIRCLE('',#11301,0.0499999999999998);
#8449=LINE('',#11302,#11303);
#8450=LINE('',#11304,#11305);
#8451=LINE('',#11306,#11307);
#8452=LINE('',#11308,#11309);
#8453=VERTEX_POINT('',#11310);
#8454=LINE('',#11311,#11312);
#8455=VERTEX_POINT('',#11313);
#8456=LINE('',#11314,#11315);
#8457=LINE('',#11316,#11317);
#8458=VERTEX_POINT('',#11318);
#8459=LINE('',#11319,#11320);
#8460=VERTEX_POINT('',#11321);
#8461=LINE('',#11322,#11323);
#8462=VERTEX_POINT('',#11324);
#8463=LINE('',#11325,#11326);
#8464=VERTEX_POINT('',#11327);
#8465=LINE('',#11328,#11329);
#8466=LINE('',#11330,#11331);
#8467=VERTEX_POINT('',#11332);
#8468=LINE('',#11333,#11334);
#8469=VERTEX_POINT('',#11335);
#8470=LINE('',#11336,#11337);
#8471=VERTEX_POINT('',#11338);
#8472=LINE('',#11339,#11340);
#8473=VERTEX_POINT('',#11341);
#8474=LINE('',#11342,#11343);
#8475=LINE('',#11344,#11345);
#8476=LINE('',#11346,#11347);
#8477=LINE('',#11348,#11349);
#8478=LINE('',#11350,#11351);
#8479=LINE('',#11352,#11353);
#8480=VERTEX_POINT('',#11354);
#8481=LINE('',#11355,#11356);
#8482=CIRCLE('',#11357,0.12);
#8483=VERTEX_POINT('',#11358);
#8484=LINE('',#11359,#11360);
#8485=CIRCLE('',#11361,0.12);
#8486=LINE('',#11362,#11363);
#8487=VERTEX_POINT('',#11364);
#8488=LINE('',#11365,#11366);
#8489=VERTEX_POINT('',#11367);
#8490=LINE('',#11368,#11369);
#8491=LINE('',#11370,#11371);
#8492=VERTEX_POINT('',#11372);
#8493=CIRCLE('',#11373,0.0499999999999998);
#8494=VERTEX_POINT('',#11374);
#8495=LINE('',#11375,#11376);
#8496=CIRCLE('',#11377,0.0499999999999998);
#8497=LINE('',#11378,#11379);
#8498=LINE('',#11380,#11381);
#8499=LINE('',#11382,#11383);
#8500=LINE('',#11384,#11385);
#8501=VERTEX_POINT('',#11386);
#8502=LINE('',#11387,#11388);
#8503=VERTEX_POINT('',#11389);
#8504=LINE('',#11390,#11391);
#8505=LINE('',#11392,#11393);
#8506=VERTEX_POINT('',#11394);
#8507=LINE('',#11395,#11396);
#8508=VERTEX_POINT('',#11397);
#8509=LINE('',#11398,#11399);
#8510=VERTEX_POINT('',#11400);
#8511=LINE('',#11401,#11402);
#8512=VERTEX_POINT('',#11403);
#8513=LINE('',#11404,#11405);
#8514=LINE('',#11406,#11407);
#8515=VERTEX_POINT('',#11408);
#8516=LINE('',#11409,#11410);
#8517=VERTEX_POINT('',#11411);
#8518=LINE('',#11412,#11413);
#8519=VERTEX_POINT('',#11414);
#8520=LINE('',#11415,#11416);
#8521=VERTEX_POINT('',#11417);
#8522=LINE('',#11418,#11419);
#8523=LINE('',#11420,#11421);
#8524=LINE('',#11422,#11423);
#8525=LINE('',#11424,#11425);
#8526=LINE('',#11426,#11427);
#8527=LINE('',#11428,#11429);
#8528=VERTEX_POINT('',#11430);
#8529=LINE('',#11431,#11432);
#8530=CIRCLE('',#11433,0.12);
#8531=VERTEX_POINT('',#11434);
#8532=LINE('',#11435,#11436);
#8533=CIRCLE('',#11437,0.12);
#8534=LINE('',#11438,#11439);
#8535=VERTEX_POINT('',#11440);
#8536=LINE('',#11441,#11442);
#8537=VERTEX_POINT('',#11443);
#8538=LINE('',#11444,#11445);
#8539=LINE('',#11446,#11447);
#8540=VERTEX_POINT('',#11448);
#8541=CIRCLE('',#11449,0.0499999999999998);
#8542=VERTEX_POINT('',#11450);
#8543=LINE('',#11451,#11452);
#8544=CIRCLE('',#11453,0.0499999999999998);
#8545=LINE('',#11454,#11455);
#8546=LINE('',#11456,#11457);
#8547=LINE('',#11458,#11459);
#8548=LINE('',#11460,#11461);
#8549=VERTEX_POINT('',#11462);
#8550=LINE('',#11463,#11464);
#8551=VERTEX_POINT('',#11465);
#8552=LINE('',#11466,#11467);
#8553=LINE('',#11468,#11469);
#8554=VERTEX_POINT('',#11470);
#8555=LINE('',#11471,#11472);
#8556=VERTEX_POINT('',#11473);
#8557=LINE('',#11474,#11475);
#8558=VERTEX_POINT('',#11476);
#8559=LINE('',#11477,#11478);
#8560=VERTEX_POINT('',#11479);
#8561=LINE('',#11480,#11481);
#8562=LINE('',#11482,#11483);
#8563=VERTEX_POINT('',#11484);
#8564=LINE('',#11485,#11486);
#8565=VERTEX_POINT('',#11487);
#8566=LINE('',#11488,#11489);
#8567=VERTEX_POINT('',#11490);
#8568=LINE('',#11491,#11492);
#8569=VERTEX_POINT('',#11493);
#8570=LINE('',#11494,#11495);
#8571=LINE('',#11496,#11497);
#8572=LINE('',#11498,#11499);
#8573=LINE('',#11500,#11501);
#8574=LINE('',#11502,#11503);
#8575=LINE('',#11504,#11505);
#8576=VERTEX_POINT('',#11506);
#8577=LINE('',#11507,#11508);
#8578=CIRCLE('',#11509,0.12);
#8579=VERTEX_POINT('',#11510);
#8580=LINE('',#11511,#11512);
#8581=CIRCLE('',#11513,0.12);
#8582=LINE('',#11514,#11515);
#8583=VERTEX_POINT('',#11516);
#8584=LINE('',#11517,#11518);
#8585=VERTEX_POINT('',#11519);
#8586=LINE('',#11520,#11521);
#8587=LINE('',#11522,#11523);
#8588=VERTEX_POINT('',#11524);
#8589=CIRCLE('',#11525,0.0499999999999998);
#8590=VERTEX_POINT('',#11526);
#8591=LINE('',#11527,#11528);
#8592=CIRCLE('',#11529,0.0499999999999998);
#8593=LINE('',#11530,#11531);
#8594=LINE('',#11532,#11533);
#8595=LINE('',#11534,#11535);
#8596=LINE('',#11536,#11537);
#8597=VERTEX_POINT('',#11538);
#8598=LINE('',#11539,#11540);
#8599=VERTEX_POINT('',#11541);
#8600=LINE('',#11542,#11543);
#8601=LINE('',#11544,#11545);
#8602=VERTEX_POINT('',#11546);
#8603=LINE('',#11547,#11548);
#8604=VERTEX_POINT('',#11549);
#8605=LINE('',#11550,#11551);
#8606=VERTEX_POINT('',#11552);
#8607=LINE('',#11553,#11554);
#8608=VERTEX_POINT('',#11555);
#8609=LINE('',#11556,#11557);
#8610=LINE('',#11558,#11559);
#8611=VERTEX_POINT('',#11560);
#8612=LINE('',#11561,#11562);
#8613=VERTEX_POINT('',#11563);
#8614=LINE('',#11564,#11565);
#8615=VERTEX_POINT('',#11566);
#8616=LINE('',#11567,#11568);
#8617=VERTEX_POINT('',#11569);
#8618=LINE('',#11570,#11571);
#8619=LINE('',#11572,#11573);
#8620=LINE('',#11574,#11575);
#8621=LINE('',#11576,#11577);
#8622=LINE('',#11578,#11579);
#8623=LINE('',#11580,#11581);
#8624=VERTEX_POINT('',#11582);
#8625=VERTEX_POINT('',#11583);
#8626=LINE('',#11584,#11585);
#8627=VERTEX_POINT('',#11586);
#8628=LINE('',#11587,#11588);
#8629=VERTEX_POINT('',#11589);
#8630=LINE('',#11590,#11591);
#8631=LINE('',#11592,#11593);
#8632=VERTEX_POINT('',#11594);
#8633=LINE('',#11595,#11596);
#8634=VERTEX_POINT('',#11597);
#8635=LINE('',#11598,#11599);
#8636=LINE('',#11600,#11601);
#8637=VERTEX_POINT('',#11602);
#8638=LINE('',#11603,#11604);
#8639=VERTEX_POINT('',#11605);
#8640=LINE('',#11606,#11607);
#8641=LINE('',#11608,#11609);
#8642=VERTEX_POINT('',#11610);
#8643=LINE('',#11611,#11612);
#8644=VERTEX_POINT('',#11613);
#8645=LINE('',#11614,#11615);
#8646=LINE('',#11616,#11617);
#8647=VERTEX_POINT('',#11618);
#8648=LINE('',#11619,#11620);
#8649=VERTEX_POINT('',#11621);
#8650=LINE('',#11622,#11623);
#8651=LINE('',#11624,#11625);
#8652=VERTEX_POINT('',#11626);
#8653=LINE('',#11627,#11628);
#8654=VERTEX_POINT('',#11629);
#8655=LINE('',#11630,#11631);
#8656=LINE('',#11632,#11633);
#8657=VERTEX_POINT('',#11634);
#8658=LINE('',#11635,#11636);
#8659=VERTEX_POINT('',#11637);
#8660=LINE('',#11638,#11639);
#8661=LINE('',#11640,#11641);
#8662=VERTEX_POINT('',#11642);
#8663=LINE('',#11643,#11644);
#8664=VERTEX_POINT('',#11645);
#8665=LINE('',#11646,#11647);
#8666=LINE('',#11648,#11649);
#8667=VERTEX_POINT('',#11650);
#8668=LINE('',#11651,#11652);
#8669=VERTEX_POINT('',#11653);
#8670=LINE('',#11654,#11655);
#8671=LINE('',#11656,#11657);
#8672=VERTEX_POINT('',#11658);
#8673=LINE('',#11659,#11660);
#8674=VERTEX_POINT('',#11661);
#8675=LINE('',#11662,#11663);
#8676=LINE('',#11664,#11665);
#8677=VERTEX_POINT('',#11666);
#8678=LINE('',#11667,#11668);
#8679=VERTEX_POINT('',#11669);
#8680=LINE('',#11670,#11671);
#8681=LINE('',#11672,#11673);
#8682=VERTEX_POINT('',#11674);
#8683=LINE('',#11675,#11676);
#8684=VERTEX_POINT('',#11677);
#8685=LINE('',#11678,#11679);
#8686=LINE('',#11680,#11681);
#8687=VERTEX_POINT('',#11682);
#8688=LINE('',#11683,#11684);
#8689=VERTEX_POINT('',#11685);
#8690=LINE('',#11686,#11687);
#8691=LINE('',#11688,#11689);
#8692=VERTEX_POINT('',#11690);
#8693=LINE('',#11691,#11692);
#8694=VERTEX_POINT('',#11693);
#8695=LINE('',#11694,#11695);
#8696=LINE('',#11696,#11697);
#8697=VERTEX_POINT('',#11698);
#8698=LINE('',#11699,#11700);
#8699=VERTEX_POINT('',#11701);
#8700=LINE('',#11702,#11703);
#8701=LINE('',#11704,#11705);
#8702=LINE('',#11706,#11707);
#8703=LINE('',#11708,#11709);
#8704=VERTEX_POINT('',#11710);
#8705=VERTEX_POINT('',#11711);
#8706=LINE('',#11712,#11713);
#8707=VERTEX_POINT('',#11714);
#8708=LINE('',#11715,#11716);
#8709=VERTEX_POINT('',#11717);
#8710=LINE('',#11718,#11719);
#8711=LINE('',#11720,#11721);
#8712=VERTEX_POINT('',#11722);
#8713=LINE('',#11723,#11724);
#8714=VERTEX_POINT('',#11725);
#8715=LINE('',#11726,#11727);
#8716=LINE('',#11728,#11729);
#8717=VERTEX_POINT('',#11730);
#8718=LINE('',#11731,#11732);
#8719=VERTEX_POINT('',#11733);
#8720=LINE('',#11734,#11735);
#8721=LINE('',#11736,#11737);
#8722=VERTEX_POINT('',#11738);
#8723=LINE('',#11739,#11740);
#8724=VERTEX_POINT('',#11741);
#8725=LINE('',#11742,#11743);
#8726=LINE('',#11744,#11745);
#8727=VERTEX_POINT('',#11746);
#8728=LINE('',#11747,#11748);
#8729=VERTEX_POINT('',#11749);
#8730=LINE('',#11750,#11751);
#8731=LINE('',#11752,#11753);
#8732=VERTEX_POINT('',#11754);
#8733=LINE('',#11755,#11756);
#8734=VERTEX_POINT('',#11757);
#8735=LINE('',#11758,#11759);
#8736=LINE('',#11760,#11761);
#8737=VERTEX_POINT('',#11762);
#8738=LINE('',#11763,#11764);
#8739=VERTEX_POINT('',#11765);
#8740=LINE('',#11766,#11767);
#8741=LINE('',#11768,#11769);
#8742=VERTEX_POINT('',#11770);
#8743=LINE('',#11771,#11772);
#8744=VERTEX_POINT('',#11773);
#8745=LINE('',#11774,#11775);
#8746=LINE('',#11776,#11777);
#8747=VERTEX_POINT('',#11778);
#8748=LINE('',#11779,#11780);
#8749=VERTEX_POINT('',#11781);
#8750=LINE('',#11782,#11783);
#8751=LINE('',#11784,#11785);
#8752=VERTEX_POINT('',#11786);
#8753=LINE('',#11787,#11788);
#8754=VERTEX_POINT('',#11789);
#8755=LINE('',#11790,#11791);
#8756=LINE('',#11792,#11793);
#8757=VERTEX_POINT('',#11794);
#8758=LINE('',#11795,#11796);
#8759=VERTEX_POINT('',#11797);
#8760=LINE('',#11798,#11799);
#8761=LINE('',#11800,#11801);
#8762=VERTEX_POINT('',#11802);
#8763=LINE('',#11803,#11804);
#8764=VERTEX_POINT('',#11805);
#8765=LINE('',#11806,#11807);
#8766=LINE('',#11808,#11809);
#8767=VERTEX_POINT('',#11810);
#8768=LINE('',#11811,#11812);
#8769=VERTEX_POINT('',#11813);
#8770=LINE('',#11814,#11815);
#8771=LINE('',#11816,#11817);
#8772=VERTEX_POINT('',#11818);
#8773=LINE('',#11819,#11820);
#8774=VERTEX_POINT('',#11821);
#8775=LINE('',#11822,#11823);
#8776=LINE('',#11824,#11825);
#8777=VERTEX_POINT('',#11826);
#8778=LINE('',#11827,#11828);
#8779=VERTEX_POINT('',#11829);
#8780=LINE('',#11830,#11831);
#8781=LINE('',#11832,#11833);
#8782=LINE('',#11834,#11835);
#8783=LINE('',#11836,#11837);
#8784=CARTESIAN_POINT('',(-2.4,0.39,0.765000000000062));
#8785=CARTESIAN_POINT('',(-2.6,0.39,0.765000000000062));
#8786=CARTESIAN_POINT('',(-2.5,0.39,0.765000000000062));
#8787=VECTOR('',#11838,1.0);
#8788=CARTESIAN_POINT('',(-2.4,0.431883648576646,0.742308606370729));
#8789=AXIS2_PLACEMENT_3D('',#11839,#11840,#11841);
#8790=CARTESIAN_POINT('',(-2.6,0.431883648576646,0.742308606370729));
#8791=CARTESIAN_POINT('',(-2.4,0.431883648576646,0.742308606370729));
#8792=VECTOR('',#11842,1.0);
#8793=AXIS2_PLACEMENT_3D('',#11843,#11844,#11845);
#8794=CARTESIAN_POINT('',(-1.9,0.39,0.765000000000062));
#8795=CARTESIAN_POINT('',(-2.1,0.39,0.765000000000062));
#8796=CARTESIAN_POINT('',(-2.0,0.39,0.765000000000062));
#8797=VECTOR('',#11846,1.0);
#8798=CARTESIAN_POINT('',(-1.9,0.431883648576646,0.742308606370729));
#8799=AXIS2_PLACEMENT_3D('',#11847,#11848,#11849);
#8800=CARTESIAN_POINT('',(-2.1,0.431883648576646,0.742308606370729));
#8801=CARTESIAN_POINT('',(-1.9,0.431883648576646,0.742308606370729));
#8802=VECTOR('',#11850,1.0);
#8803=AXIS2_PLACEMENT_3D('',#11851,#11852,#11853);
#8804=CARTESIAN_POINT('',(-1.4,0.39,0.765000000000062));
#8805=CARTESIAN_POINT('',(-1.6,0.39,0.765000000000062));
#8806=CARTESIAN_POINT('',(-1.5,0.39,0.765000000000062));
#8807=VECTOR('',#11854,1.0);
#8808=CARTESIAN_POINT('',(-1.4,0.431883648576646,0.742308606370729));
#8809=AXIS2_PLACEMENT_3D('',#11855,#11856,#11857);
#8810=CARTESIAN_POINT('',(-1.6,0.431883648576646,0.742308606370729));
#8811=CARTESIAN_POINT('',(-1.4,0.431883648576646,0.742308606370729));
#8812=VECTOR('',#11858,1.0);
#8813=AXIS2_PLACEMENT_3D('',#11859,#11860,#11861);
#8814=CARTESIAN_POINT('',(-0.9,0.39,0.765000000000062));
#8815=CARTESIAN_POINT('',(-1.1,0.39,0.765000000000062));
#8816=CARTESIAN_POINT('',(-1.0,0.39,0.765000000000062));
#8817=VECTOR('',#11862,1.0);
#8818=CARTESIAN_POINT('',(-0.9,0.431883648576646,0.742308606370729));
#8819=AXIS2_PLACEMENT_3D('',#11863,#11864,#11865);
#8820=CARTESIAN_POINT('',(-1.1,0.431883648576646,0.742308606370729));
#8821=CARTESIAN_POINT('',(-0.9,0.431883648576646,0.742308606370729));
#8822=VECTOR('',#11866,1.0);
#8823=AXIS2_PLACEMENT_3D('',#11867,#11868,#11869);
#8824=CARTESIAN_POINT('',(-0.4,0.39,0.765000000000062));
#8825=CARTESIAN_POINT('',(-0.6,0.39,0.765000000000062));
#8826=CARTESIAN_POINT('',(-0.5,0.39,0.765000000000062));
#8827=VECTOR('',#11870,1.0);
#8828=CARTESIAN_POINT('',(-0.4,0.431883648576646,0.742308606370729));
#8829=AXIS2_PLACEMENT_3D('',#11871,#11872,#11873);
#8830=CARTESIAN_POINT('',(-0.6,0.431883648576646,0.742308606370729));
#8831=CARTESIAN_POINT('',(-0.4,0.431883648576646,0.742308606370729));
#8832=VECTOR('',#11874,1.0);
#8833=AXIS2_PLACEMENT_3D('',#11875,#11876,#11877);
#8834=CARTESIAN_POINT('',(0.1,0.39,0.765000000000062));
#8835=CARTESIAN_POINT('',(-0.1,0.39,0.765000000000062));
#8836=CARTESIAN_POINT('',(0.0,0.39,0.765000000000062));
#8837=VECTOR('',#11878,1.0);
#8838=CARTESIAN_POINT('',(0.1,0.431883648576646,0.742308606370729));
#8839=AXIS2_PLACEMENT_3D('',#11879,#11880,#11881);
#8840=CARTESIAN_POINT('',(-0.1,0.431883648576646,0.742308606370729));
#8841=CARTESIAN_POINT('',(0.1,0.431883648576646,0.742308606370729));
#8842=VECTOR('',#11882,1.0);
#8843=AXIS2_PLACEMENT_3D('',#11883,#11884,#11885);
#8844=CARTESIAN_POINT('',(0.6,0.39,0.765000000000062));
#8845=CARTESIAN_POINT('',(0.4,0.39,0.765000000000062));
#8846=CARTESIAN_POINT('',(0.5,0.39,0.765000000000062));
#8847=VECTOR('',#11886,1.0);
#8848=CARTESIAN_POINT('',(0.6,0.431883648576646,0.742308606370729));
#8849=AXIS2_PLACEMENT_3D('',#11887,#11888,#11889);
#8850=CARTESIAN_POINT('',(0.4,0.431883648576646,0.742308606370729));
#8851=CARTESIAN_POINT('',(0.6,0.431883648576646,0.742308606370729));
#8852=VECTOR('',#11890,1.0);
#8853=AXIS2_PLACEMENT_3D('',#11891,#11892,#11893);
#8854=CARTESIAN_POINT('',(1.1,0.39,0.765000000000062));
#8855=CARTESIAN_POINT('',(0.9,0.39,0.765000000000062));
#8856=CARTESIAN_POINT('',(1.0,0.39,0.765000000000062));
#8857=VECTOR('',#11894,1.0);
#8858=CARTESIAN_POINT('',(1.1,0.431883648576646,0.742308606370729));
#8859=AXIS2_PLACEMENT_3D('',#11895,#11896,#11897);
#8860=CARTESIAN_POINT('',(0.9,0.431883648576646,0.742308606370729));
#8861=CARTESIAN_POINT('',(1.1,0.431883648576646,0.742308606370729));
#8862=VECTOR('',#11898,1.0);
#8863=AXIS2_PLACEMENT_3D('',#11899,#11900,#11901);
#8864=CARTESIAN_POINT('',(1.6,0.39,0.765000000000062));
#8865=CARTESIAN_POINT('',(1.4,0.39,0.765000000000062));
#8866=CARTESIAN_POINT('',(1.5,0.39,0.765000000000062));
#8867=VECTOR('',#11902,1.0);
#8868=CARTESIAN_POINT('',(1.6,0.431883648576646,0.742308606370729));
#8869=AXIS2_PLACEMENT_3D('',#11903,#11904,#11905);
#8870=CARTESIAN_POINT('',(1.4,0.431883648576646,0.742308606370729));
#8871=CARTESIAN_POINT('',(1.6,0.431883648576646,0.742308606370729));
#8872=VECTOR('',#11906,1.0);
#8873=AXIS2_PLACEMENT_3D('',#11907,#11908,#11909);
#8874=CARTESIAN_POINT('',(2.1,0.39,0.765000000000062));
#8875=CARTESIAN_POINT('',(1.9,0.39,0.765000000000062));
#8876=CARTESIAN_POINT('',(2.0,0.39,0.765000000000062));
#8877=VECTOR('',#11910,1.0);
#8878=CARTESIAN_POINT('',(2.1,0.431883648576646,0.742308606370729));
#8879=AXIS2_PLACEMENT_3D('',#11911,#11912,#11913);
#8880=CARTESIAN_POINT('',(1.9,0.431883648576646,0.742308606370729));
#8881=CARTESIAN_POINT('',(2.1,0.431883648576646,0.742308606370729));
#8882=VECTOR('',#11914,1.0);
#8883=AXIS2_PLACEMENT_3D('',#11915,#11916,#11917);
#8884=CARTESIAN_POINT('',(2.6,0.39,0.765000000000062));
#8885=CARTESIAN_POINT('',(2.4,0.39,0.765000000000062));
#8886=CARTESIAN_POINT('',(2.5,0.39,0.765000000000062));
#8887=VECTOR('',#11918,1.0);
#8888=CARTESIAN_POINT('',(2.6,0.431883648576646,0.742308606370729));
#8889=AXIS2_PLACEMENT_3D('',#11919,#11920,#11921);
#8890=CARTESIAN_POINT('',(2.4,0.431883648576646,0.742308606370729));
#8891=CARTESIAN_POINT('',(2.6,0.431883648576646,0.742308606370729));
#8892=VECTOR('',#11922,1.0);
#8893=AXIS2_PLACEMENT_3D('',#11923,#11924,#11925);
#8894=CARTESIAN_POINT('',(4.15000000000001,2.50000000000003,0.610000000000001));
#8895=CARTESIAN_POINT('',(4.25,2.50000000000003,0.610000000000001));
#8896=CARTESIAN_POINT('',(4.15000000000001,2.50000000000003,0.610000000000001));
#8897=VECTOR('',#11926,1.0);
#8898=CARTESIAN_POINT('',(4.15,2.65000000000003,0.760000000000002));
#8899=AXIS2_PLACEMENT_3D('',#11927,#11928,#11929);
#8900=CARTESIAN_POINT('',(4.44999999999999,2.65,0.760000000000004));
#8901=CARTESIAN_POINT('',(4.14999999999999,2.65,0.760000000000004));
#8902=VECTOR('',#11930,1.0);
#8903=CARTESIAN_POINT('',(4.45,2.63266499161425,0.689999999999999));
#8904=AXIS2_PLACEMENT_3D('',#11931,#11932,#11933);
#8905=CARTESIAN_POINT('',(4.25,2.63266499161425,0.689999999999999));
#8906=CARTESIAN_POINT('',(4.15000000000001,2.63266499161425,0.689999999999999));
#8907=VECTOR('',#11934,1.0);
#8908=AXIS2_PLACEMENT_3D('',#11935,#11936,#11937);
#8909=CARTESIAN_POINT('',(-4.25,2.50000000000003,0.610000000000001));
#8910=CARTESIAN_POINT('',(-4.14999999999999,2.50000000000003,0.610000000000001));
#8911=CARTESIAN_POINT('',(-4.14999999999999,2.50000000000003,0.610000000000001));
#8912=VECTOR('',#11938,1.0);
#8913=CARTESIAN_POINT('',(-4.25,2.63266499161425,0.69));
#8914=AXIS2_PLACEMENT_3D('',#11939,#11940,#11941);
#8915=CARTESIAN_POINT('',(-4.44999999999999,2.63266499161425,0.689999999999999));
#8916=CARTESIAN_POINT('',(-4.14999999999999,2.63266499161425,0.689999999999999));
#8917=VECTOR('',#11942,1.0);
#8918=CARTESIAN_POINT('',(-4.45000000000001,2.65,0.760000000000004));
#8919=AXIS2_PLACEMENT_3D('',#11943,#11944,#11945);
#8920=CARTESIAN_POINT('',(-4.15,2.65,0.760000000000003));
#8921=CARTESIAN_POINT('',(-4.15000000000001,2.65,0.760000000000004));
#8922=VECTOR('',#11946,1.0);
#8923=AXIS2_PLACEMENT_3D('',#11947,#11948,#11949);
#8924=CARTESIAN_POINT('',(4.4,1.53868853218052E-15,0.760000000000002));
#8925=CARTESIAN_POINT('',(4.4,0.0499999999999999,0.760000000000001));
#8926=CARTESIAN_POINT('',(4.4,1.33226762955019E-15,0.760000000000002));
#8927=VECTOR('',#11950,1.0);
#8928=CARTESIAN_POINT('',(4.4,0.0499999999999999,1.35));
#8929=CARTESIAN_POINT('',(4.4,0.0499999999999999,18.81));
#8930=VECTOR('',#11951,1.0);
#8931=CARTESIAN_POINT('',(4.4,1.53868853218052E-15,1.35));
#8932=CARTESIAN_POINT('',(4.4,6.81622417239172E-16,1.35));
#8933=VECTOR('',#11952,1.0);
#8934=CARTESIAN_POINT('',(4.4,1.53868853218052E-15,6.601));
#8935=VECTOR('',#11953,1.0);
#8936=CARTESIAN_POINT('',(3.9,0.15,1.82));
#8937=CARTESIAN_POINT('',(3.9,0.150000000000002,1.69));
#8938=CARTESIAN_POINT('',(3.9,0.15,1.42));
#8939=VECTOR('',#11954,1.0);
#8940=CARTESIAN_POINT('',(4.1,0.15,1.82));
#8941=CARTESIAN_POINT('',(4.1,0.15,1.82));
#8942=VECTOR('',#11955,1.0);
#8943=CARTESIAN_POINT('',(4.1,0.150000000000002,1.69));
#8944=CARTESIAN_POINT('',(4.1,0.15,1.35));
#8945=VECTOR('',#11956,1.0);
#8946=CARTESIAN_POINT('',(8.99499999999995,0.150000000000002,1.69));
#8947=VECTOR('',#11957,1.0);
#8948=CARTESIAN_POINT('',(-3.9,0.15,1.69));
#8949=CARTESIAN_POINT('',(-3.9,0.15,1.82));
#8950=CARTESIAN_POINT('',(-3.9,0.15,1.42));
#8951=VECTOR('',#11958,1.0);
#8952=CARTESIAN_POINT('',(-4.1,0.15,1.69));
#8953=CARTESIAN_POINT('',(-8.99500000000001,0.150000000000002,1.69));
#8954=VECTOR('',#11959,1.0);
#8955=CARTESIAN_POINT('',(-4.1,0.15,1.82));
#8956=CARTESIAN_POINT('',(-4.1,0.15,1.35));
#8957=VECTOR('',#11960,1.0);
#8958=CARTESIAN_POINT('',(4.1,0.15,1.82));
#8959=VECTOR('',#11961,1.0);
#8960=CARTESIAN_POINT('',(3.565,0.0,0.239999999999997));
#8961=CARTESIAN_POINT('',(3.565,0.0,0.119999999999999));
#8962=CARTESIAN_POINT('',(3.565,0.0,0.239999999999997));
#8963=VECTOR('',#11962,1.0);
#8964=CARTESIAN_POINT('',(3.9,0.0,0.239999999999996));
#8965=CARTESIAN_POINT('',(4.9,0.0,0.239999999999996));
#8966=VECTOR('',#11963,1.0);
#8967=CARTESIAN_POINT('',(3.9,0.0,0.83));
#8968=CARTESIAN_POINT('',(3.9,0.0,18.81));
#8969=VECTOR('',#11964,1.0);
#8970=CARTESIAN_POINT('',(3.45,0.0,0.829999999999999));
#8971=CARTESIAN_POINT('',(4.4,0.0,0.83));
#8972=VECTOR('',#11965,1.0);
#8973=CARTESIAN_POINT('',(3.45,0.0,0.969999999999995));
#8974=CARTESIAN_POINT('',(3.45,0.0,14.058));
#8975=VECTOR('',#11966,1.0);
#8976=CARTESIAN_POINT('',(2.985,0.0,0.969999999999995));
#8977=CARTESIAN_POINT('',(3.6,0.0,0.969999999999995));
#8978=VECTOR('',#11967,1.0);
#8979=CARTESIAN_POINT('',(2.985,-8.7809850127065E-17,0.900000000000001));
#8980=CARTESIAN_POINT('',(2.985,-1.47284765356189E-16,1.42));
#8981=VECTOR('',#11968,1.0);
#8982=CARTESIAN_POINT('',(2.9,0.0,0.900000000000001));
#8983=CARTESIAN_POINT('',(3.075,0.0,0.900000000000001));
#8984=VECTOR('',#11969,1.0);
#8985=CARTESIAN_POINT('',(2.9,0.0,1.02));
#8986=CARTESIAN_POINT('',(2.9,0.0,0.900000000000001));
#8987=VECTOR('',#11970,1.0);
#8988=CARTESIAN_POINT('',(3.55,4.44089209850063E-16,1.02));
#8989=CARTESIAN_POINT('',(3.55,0.0,1.02));
#8990=VECTOR('',#11971,1.0);
#8991=CARTESIAN_POINT('',(3.55,-8.82428251053719E-15,0.900000000000002));
#8992=CARTESIAN_POINT('',(3.55,4.44089209850063E-16,5.35500000000001));
#8993=VECTOR('',#11972,1.0);
#8994=CARTESIAN_POINT('',(4.15,-8.61939391101237E-15,0.900000000000002));
#8995=CARTESIAN_POINT('',(4.15,-8.61939391101237E-15,0.900000000000002));
#8996=VECTOR('',#11973,1.0);
#8997=CARTESIAN_POINT('',(4.15,-8.79286625861005E-15,0.760000000000002));
#8998=CARTESIAN_POINT('',(4.15,-8.61939391101237E-15,0.900000000000002));
#8999=VECTOR('',#11974,1.0);
#9000=CARTESIAN_POINT('',(4.82,8.41332351014232E-16,0.760000000000002));
#9001=VECTOR('',#11975,1.0);
#9002=CARTESIAN_POINT('',(4.1,0.0,1.35));
#9003=CARTESIAN_POINT('',(-2.9,0.0,1.35));
#9004=VECTOR('',#11976,1.0);
#9005=CARTESIAN_POINT('',(4.1,0.0,1.82));
#9006=CARTESIAN_POINT('',(4.1,0.0,1.82));
#9007=VECTOR('',#11977,1.0);
#9008=CARTESIAN_POINT('',(5.8,0.0,1.82));
#9009=CARTESIAN_POINT('',(5.8,0.0,1.82));
#9010=VECTOR('',#11978,1.0);
#9011=CARTESIAN_POINT('',(5.8,0.0,0.119999999999999));
#9012=CARTESIAN_POINT('',(5.8,0.0,0.119999999999999));
#9013=VECTOR('',#11979,1.0);
#9014=CARTESIAN_POINT('',(-5.8,0.0,0.119999999999999));
#9015=VECTOR('',#11980,1.0);
#9016=CARTESIAN_POINT('',(-4.4,1.75,0.835000000000004));
#9017=CARTESIAN_POINT('',(-4.4,0.6,0.835000000000002));
#9018=CARTESIAN_POINT('',(-4.4,0.6,0.835000000000002));
#9019=VECTOR('',#11981,1.0);
#9020=CARTESIAN_POINT('',(-4.4,1.75,1.275));
#9021=CARTESIAN_POINT('',(-4.4,1.75,0.835000000000004));
#9022=VECTOR('',#11982,1.0);
#9023=CARTESIAN_POINT('',(-4.4,0.6,1.275));
#9024=CARTESIAN_POINT('',(-4.4,0.6,1.275));
#9025=VECTOR('',#11983,1.0);
#9026=CARTESIAN_POINT('',(-4.4,0.6,0.835000000000002));
#9027=VECTOR('',#11984,1.0);
#9028=CARTESIAN_POINT('',(-4.4,0.55,0.760000000000001));
#9029=CARTESIAN_POINT('',(-4.4,2.35000000000003,0.760000000000002));
#9030=CARTESIAN_POINT('',(-4.4,-5.77315972805081E-15,0.760000000000002));
#9031=VECTOR('',#11985,1.0);
#9032=CARTESIAN_POINT('',(-4.4,0.55,1.35));
#9033=CARTESIAN_POINT('',(-4.4,0.55,6.601));
#9034=VECTOR('',#11986,1.0);
#9035=CARTESIAN_POINT('',(-4.40000000000001,2.85,1.35));
#9036=CARTESIAN_POINT('',(-4.4,-6.42380494036183E-15,1.35));
#9037=VECTOR('',#11987,1.0);
#9038=CARTESIAN_POINT('',(-4.40000000000001,2.14999999999999,1.3));
#9039=CARTESIAN_POINT('',(-4.40000000000001,2.85,1.35));
#9040=VECTOR('',#11988,1.0);
#9041=CARTESIAN_POINT('',(-4.40000000000001,2.14999999999999,1.2));
#9042=CARTESIAN_POINT('',(-4.4,2.14999999999999,6.601));
#9043=VECTOR('',#11989,1.0);
#9044=CARTESIAN_POINT('',(-4.40000000000001,2.35,0.999999999999999));
#9045=CARTESIAN_POINT('',(-4.40000000000001,2.14999999999999,1.2));
#9046=VECTOR('',#11990,1.0);
#9047=CARTESIAN_POINT('',(-4.4,2.35000000000004,6.60099999999999));
#9048=VECTOR('',#11991,1.0);
#9049=CARTESIAN_POINT('',(-3.565,0.0,0.119999999999999));
#9050=CARTESIAN_POINT('',(-3.565,0.0,0.239999999999997));
#9051=CARTESIAN_POINT('',(-3.565,0.0,-8.60422844084496E-16));
#9052=VECTOR('',#11992,1.0);
#9053=CARTESIAN_POINT('',(-5.8,0.0,0.119999999999999));
#9054=CARTESIAN_POINT('',(-5.8,0.0,0.119999999999999));
#9055=VECTOR('',#11993,1.0);
#9056=CARTESIAN_POINT('',(-5.8,0.0,1.82));
#9057=CARTESIAN_POINT('',(-5.8,0.0,1.82));
#9058=VECTOR('',#11994,1.0);
#9059=CARTESIAN_POINT('',(-4.1,0.0,1.82));
#9060=CARTESIAN_POINT('',(5.8,0.0,1.82));
#9061=VECTOR('',#11995,1.0);
#9062=CARTESIAN_POINT('',(-4.1,0.0,1.35));
#9063=CARTESIAN_POINT('',(-4.1,0.0,1.82));
#9064=VECTOR('',#11996,1.0);
#9065=CARTESIAN_POINT('',(-4.4,-5.97389345039621E-15,1.35));
#9066=CARTESIAN_POINT('',(-2.9,0.0,1.35));
#9067=VECTOR('',#11997,1.0);
#9068=CARTESIAN_POINT('',(-4.4,-5.97389345039621E-15,0.760000000000002));
#9069=CARTESIAN_POINT('',(-4.4,-5.97389345039621E-15,6.601));
#9070=VECTOR('',#11998,1.0);
#9071=CARTESIAN_POINT('',(-4.15,-8.79286625861005E-15,0.760000000000002));
#9072=CARTESIAN_POINT('',(-3.55,6.08037135776661E-16,0.760000000000002));
#9073=VECTOR('',#11999,1.0);
#9074=CARTESIAN_POINT('',(-4.15,-8.61939391101237E-15,0.900000000000002));
#9075=CARTESIAN_POINT('',(-4.15,-8.61939391101237E-15,0.900000000000002));
#9076=VECTOR('',#12000,1.0);
#9077=CARTESIAN_POINT('',(-3.55,-8.82428251053719E-15,0.900000000000002));
#9078=CARTESIAN_POINT('',(-4.15,-8.61939391101237E-15,0.900000000000002));
#9079=VECTOR('',#12001,1.0);
#9080=CARTESIAN_POINT('',(-3.55,4.33680868994202E-16,1.02));
#9081=CARTESIAN_POINT('',(-3.55,4.33680868994202E-16,5.35500000000001));
#9082=VECTOR('',#12002,1.0);
#9083=CARTESIAN_POINT('',(-2.9,0.0,1.02));
#9084=CARTESIAN_POINT('',(3.55,0.0,1.02));
#9085=VECTOR('',#12003,1.0);
#9086=CARTESIAN_POINT('',(-2.9,0.0,0.900000000000001));
#9087=CARTESIAN_POINT('',(-2.9,0.0,0.900000000000001));
#9088=VECTOR('',#12004,1.0);
#9089=CARTESIAN_POINT('',(-2.985,0.0,0.900000000000001));
#9090=CARTESIAN_POINT('',(3.075,0.0,0.900000000000001));
#9091=VECTOR('',#12005,1.0);
#9092=CARTESIAN_POINT('',(-2.985,0.0,0.969999999999995));
#9093=CARTESIAN_POINT('',(-2.985,-1.47284765356189E-16,1.42));
#9094=VECTOR('',#12006,1.0);
#9095=CARTESIAN_POINT('',(-3.45,0.0,0.969999999999995));
#9096=CARTESIAN_POINT('',(-3.6,0.0,0.969999999999995));
#9097=VECTOR('',#12007,1.0);
#9098=CARTESIAN_POINT('',(-3.45,0.0,0.830000000000001));
#9099=CARTESIAN_POINT('',(-3.45,0.0,14.058));
#9100=VECTOR('',#12008,1.0);
#9101=CARTESIAN_POINT('',(-3.9,0.0,0.83));
#9102=CARTESIAN_POINT('',(-4.4,0.0,0.83));
#9103=VECTOR('',#12009,1.0);
#9104=CARTESIAN_POINT('',(-3.9,0.0,0.239999999999996));
#9105=CARTESIAN_POINT('',(-3.9,0.0,18.81));
#9106=VECTOR('',#12010,1.0);
#9107=CARTESIAN_POINT('',(-3.565,0.0,0.239999999999997));
#9108=VECTOR('',#12011,1.0);
#9109=CARTESIAN_POINT('',(-4.15,2.35000000000003,0.760000000000002));
#9110=AXIS2_PLACEMENT_3D('',#12012,#12013,#12014);
#9111=CARTESIAN_POINT('',(-4.15000000000001,2.35,0.760000000000004));
#9112=VECTOR('',#12015,1.0);
#9113=CARTESIAN_POINT('',(-4.45000000000001,2.35,0.760000000000004));
#9114=CARTESIAN_POINT('',(-4.15000000000001,2.35,0.760000000000004));
#9115=VECTOR('',#12016,1.0);
#9116=CARTESIAN_POINT('',(-4.44999999999999,2.36733500838582,0.689999999999999));
#9117=AXIS2_PLACEMENT_3D('',#12017,#12018,#12019);
#9118=CARTESIAN_POINT('',(-4.25,2.36733500838582,0.69));
#9119=CARTESIAN_POINT('',(-4.14999999999999,2.36733500838582,0.689999999999999));
#9120=VECTOR('',#12020,1.0);
#9121=AXIS2_PLACEMENT_3D('',#12021,#12022,#12023);
#9122=CARTESIAN_POINT('',(-4.44999999999999,2.50000000000003,0.689999999999999));
#9123=VECTOR('',#12024,1.0);
#9124=CARTESIAN_POINT('',(-4.44999999999999,2.35,1.0));
#9125=CARTESIAN_POINT('',(-4.45000000000001,2.35,0.760000000000004));
#9126=VECTOR('',#12025,1.0);
#9127=CARTESIAN_POINT('',(-4.44999999999999,2.45,0.9));
#9128=CARTESIAN_POINT('',(-4.44999999999999,2.14999999999999,1.2));
#9129=VECTOR('',#12026,1.0);
#9130=CARTESIAN_POINT('',(-4.44999999999999,2.65000000000003,0.9));
#9131=CARTESIAN_POINT('',(-4.44999999999999,2.45,0.9));
#9132=VECTOR('',#12027,1.0);
#9133=CARTESIAN_POINT('',(-4.45000000000001,2.65,1.01000000000001));
#9134=VECTOR('',#12028,1.0);
#9135=CARTESIAN_POINT('',(4.1,1.75,1.35));
#9136=CARTESIAN_POINT('',(3.55000000000001,1.75,1.35));
#9137=CARTESIAN_POINT('',(8.99499999999996,1.75,1.35));
#9138=VECTOR('',#12029,1.0);
#9139=CARTESIAN_POINT('',(4.1,0.0,1.35));
#9140=VECTOR('',#12030,1.0);
#9141=CARTESIAN_POINT('',(4.4,0.550000000000002,1.35));
#9142=CARTESIAN_POINT('',(4.4,6.81622417239172E-16,1.35));
#9143=VECTOR('',#12031,1.0);
#9144=CARTESIAN_POINT('',(4.39999999999999,2.85,1.35));
#9145=CARTESIAN_POINT('',(4.4,6.81622417239172E-16,1.35));
#9146=VECTOR('',#12032,1.0);
#9147=CARTESIAN_POINT('',(4.65,2.85,1.35));
#9148=CARTESIAN_POINT('',(5.39999999999999,2.85,1.35));
#9149=VECTOR('',#12033,1.0);
#9150=CARTESIAN_POINT('',(4.65,3.1,1.35));
#9151=CARTESIAN_POINT('',(4.65,2.85,1.35));
#9152=VECTOR('',#12034,1.0);
#9153=CARTESIAN_POINT('',(4.15,3.09999999999998,1.35));
#9154=CARTESIAN_POINT('',(3.55,3.1,1.35));
#9155=VECTOR('',#12035,1.0);
#9156=CARTESIAN_POINT('',(4.15,2.90999999999999,1.35));
#9157=CARTESIAN_POINT('',(4.15,3.09999999999998,1.35));
#9158=VECTOR('',#12036,1.0);
#9159=CARTESIAN_POINT('',(3.69999999999999,2.90999999999999,1.35));
#9160=CARTESIAN_POINT('',(4.15,2.90999999999999,1.35));
#9161=VECTOR('',#12037,1.0);
#9162=CARTESIAN_POINT('',(3.69999999999999,1.95000000000001,1.35));
#9163=CARTESIAN_POINT('',(3.69999999999999,3.1,1.35));
#9164=VECTOR('',#12038,1.0);
#9165=CARTESIAN_POINT('',(3.54999999999999,1.80000000000001,1.35));
#9166=CARTESIAN_POINT('',(3.69999999999999,1.95000000000001,1.35));
#9167=VECTOR('',#12039,1.0);
#9168=CARTESIAN_POINT('',(3.55,-5.21656130990172E-17,1.35));
#9169=VECTOR('',#12040,1.0);
#9170=CARTESIAN_POINT('',(4.15,3.09999999999998,0.9));
#9171=CARTESIAN_POINT('',(4.15,2.90999999999999,0.9));
#9172=CARTESIAN_POINT('',(4.15,2.65,0.9));
#9173=VECTOR('',#12041,1.0);
#9174=CARTESIAN_POINT('',(4.15,2.90999999999999,1.35));
#9175=VECTOR('',#12042,1.0);
#9176=CARTESIAN_POINT('',(4.15,3.09999999999999,0.760000000000001));
#9177=VECTOR('',#12043,1.0);
#9178=CARTESIAN_POINT('',(4.15,2.65,0.900000000000001));
#9179=CARTESIAN_POINT('',(4.15,2.65,0.760000000000002));
#9180=VECTOR('',#12044,1.0);
#9181=CARTESIAN_POINT('',(4.15,2.35000000000003,0.760000000000002));
#9182=AXIS2_PLACEMENT_3D('',#12045,#12046,#12047);
#9183=CARTESIAN_POINT('',(4.15,-8.67689559747643E-15,0.760000000000002));
#9184=VECTOR('',#12048,1.0);
#9185=CARTESIAN_POINT('',(4.15,2.90999999999999,0.900000000000002));
#9186=VECTOR('',#12049,1.0);
#9187=CARTESIAN_POINT('',(4.25,0.05,0.76));
#9188=CARTESIAN_POINT('',(9.90376984481969E-18,0.0500000000000008,0.760000000000002));
#9189=VECTOR('',#12050,1.0);
#9190=CARTESIAN_POINT('',(4.4,2.35000000000003,0.760000000000002));
#9191=CARTESIAN_POINT('',(4.15,2.35,0.760000000000004));
#9192=VECTOR('',#12051,1.0);
#9193=CARTESIAN_POINT('',(4.4,0.55,0.760000000000002));
#9194=CARTESIAN_POINT('',(4.4,1.33226762955019E-15,0.760000000000002));
#9195=VECTOR('',#12052,1.0);
#9196=CARTESIAN_POINT('',(4.25,0.55,0.76));
#9197=CARTESIAN_POINT('',(0.0,0.55,0.760000000000002));
#9198=VECTOR('',#12053,1.0);
#9199=CARTESIAN_POINT('',(4.25,2.75610271884166E-15,0.760000000000002));
#9200=VECTOR('',#12054,1.0);
#9201=CARTESIAN_POINT('',(4.4,0.55,6.601));
#9202=VECTOR('',#12055,1.0);
#9203=CARTESIAN_POINT('',(4.39999999999999,2.35,0.999999999999999));
#9204=CARTESIAN_POINT('',(4.4,2.35000000000004,6.60099999999999));
#9205=VECTOR('',#12056,1.0);
#9206=CARTESIAN_POINT('',(4.39999999999999,2.14999999999999,1.2));
#9207=CARTESIAN_POINT('',(4.39999999999999,2.14999999999999,1.2));
#9208=VECTOR('',#12057,1.0);
#9209=CARTESIAN_POINT('',(4.39999999999999,2.14999999999999,1.3));
#9210=CARTESIAN_POINT('',(4.4,2.15,6.601));
#9211=VECTOR('',#12058,1.0);
#9212=CARTESIAN_POINT('',(4.39999999999999,2.85,1.35));
#9213=VECTOR('',#12059,1.0);
#9214=CARTESIAN_POINT('',(4.4,0.6,0.835000000000011));
#9215=CARTESIAN_POINT('',(4.4,1.75000000000002,0.835000000000013));
#9216=CARTESIAN_POINT('',(4.4,1.75000000000002,0.835000000000013));
#9217=VECTOR('',#12060,1.0);
#9218=CARTESIAN_POINT('',(4.4,0.6,1.27500000000001));
#9219=CARTESIAN_POINT('',(4.4,0.6,0.835000000000011));
#9220=VECTOR('',#12061,1.0);
#9221=CARTESIAN_POINT('',(4.4,1.75000000000002,1.27500000000001));
#9222=CARTESIAN_POINT('',(4.4,1.75000000000002,1.27500000000001));
#9223=VECTOR('',#12062,1.0);
#9224=CARTESIAN_POINT('',(4.4,1.75000000000002,0.835000000000013));
#9225=VECTOR('',#12063,1.0);
#9226=CARTESIAN_POINT('',(4.45000000000001,2.65000000000003,0.9));
#9227=CARTESIAN_POINT('',(5.39999999999999,2.65,0.9));
#9228=VECTOR('',#12064,1.0);
#9229=CARTESIAN_POINT('',(3.54999999999999,1.80000000000001,0.900000000000001));
#9230=CARTESIAN_POINT('',(3.55,2.90999999999999,0.900000000000002));
#9231=VECTOR('',#12065,1.0);
#9232=CARTESIAN_POINT('',(3.69999999999999,1.95000000000001,0.900000000000001));
#9233=CARTESIAN_POINT('',(3.69999999999999,1.95000000000001,0.900000000000001));
#9234=VECTOR('',#12066,1.0);
#9235=CARTESIAN_POINT('',(3.69999999999999,2.90999999999999,0.900000000000002));
#9236=CARTESIAN_POINT('',(3.69999999999999,3.1,0.900000000000001));
#9237=VECTOR('',#12067,1.0);
#9238=CARTESIAN_POINT('',(4.15,2.90999999999999,0.900000000000002));
#9239=VECTOR('',#12068,1.0);
#9240=CARTESIAN_POINT('',(4.65,3.1,0.900000000000001));
#9241=CARTESIAN_POINT('',(5.39999999999999,3.09999999999998,0.9));
#9242=VECTOR('',#12069,1.0);
#9243=CARTESIAN_POINT('',(4.65,2.85,0.900000000000001));
#9244=CARTESIAN_POINT('',(4.65,2.85,0.900000000000001));
#9245=VECTOR('',#12070,1.0);
#9246=CARTESIAN_POINT('',(4.74714285714286,2.45,0.9));
#9247=CARTESIAN_POINT('',(4.82,2.15,0.900000000000001));
#9248=VECTOR('',#12071,1.0);
#9249=CARTESIAN_POINT('',(4.45000000000001,2.45,0.9));
#9250=CARTESIAN_POINT('',(5.39999999999999,2.45,0.9));
#9251=VECTOR('',#12072,1.0);
#9252=CARTESIAN_POINT('',(4.45000000000001,2.45,0.9));
#9253=VECTOR('',#12073,1.0);
#9254=CARTESIAN_POINT('',(4.45,2.35,0.999999999999999));
#9255=CARTESIAN_POINT('',(5.39999999999999,2.35,0.999999999999999));
#9256=VECTOR('',#12074,1.0);
#9257=CARTESIAN_POINT('',(4.45000000000001,2.14999999999999,1.2));
#9258=VECTOR('',#12075,1.0);
#9259=CARTESIAN_POINT('',(4.82,2.14999999999999,1.2));
#9260=CARTESIAN_POINT('',(5.45704926157201,-0.473144018237686,3.82314401823768));
#9261=VECTOR('',#12076,1.0);
#9262=CARTESIAN_POINT('',(5.39999999999999,2.14999999999999,1.2));
#9263=VECTOR('',#12077,1.0);
#9264=CARTESIAN_POINT('',(4.65,3.1,6.601));
#9265=VECTOR('',#12078,1.0);
#9266=CARTESIAN_POINT('',(3.55,0.840000000000104,1.42));
#9267=CARTESIAN_POINT('',(3.55,0.15,1.42));
#9268=CARTESIAN_POINT('',(3.55,4.44089209850063E-16,1.42));
#9269=VECTOR('',#12079,1.0);
#9270=CARTESIAN_POINT('',(3.55000000000001,1.75,1.35));
#9271=VECTOR('',#12080,1.0);
#9272=CARTESIAN_POINT('',(3.54999999999999,1.80000000000001,6.601));
#9273=VECTOR('',#12081,1.0);
#9274=CARTESIAN_POINT('',(3.55,0.65,1.02));
#9275=CARTESIAN_POINT('',(3.55,0.0,1.02));
#9276=VECTOR('',#12082,1.0);
#9277=CARTESIAN_POINT('',(3.55,0.65,1.35));
#9278=CARTESIAN_POINT('',(3.55,0.65,1.02));
#9279=VECTOR('',#12083,1.0);
#9280=CARTESIAN_POINT('',(3.55,0.15,1.35));
#9281=CARTESIAN_POINT('',(3.55,0.150000000000002,1.35));
#9282=VECTOR('',#12084,1.0);
#9283=CARTESIAN_POINT('',(3.55,0.150000000000002,1.69));
#9284=VECTOR('',#12085,1.0);
#9285=CARTESIAN_POINT('',(3.69999999999999,2.90999999999999,6.601));
#9286=VECTOR('',#12086,1.0);
#9287=CARTESIAN_POINT('',(3.69999999999999,1.95000000000001,6.601));
#9288=VECTOR('',#12087,1.0);
#9289=CARTESIAN_POINT('',(4.82,2.15,1.3));
#9290=CARTESIAN_POINT('',(4.82,2.15,6.601));
#9291=VECTOR('',#12088,1.0);
#9292=CARTESIAN_POINT('',(5.39999999999999,2.14999999999999,1.3));
#9293=VECTOR('',#12089,1.0);
#9294=CARTESIAN_POINT('',(-4.1,1.75,1.35));
#9295=CARTESIAN_POINT('',(-4.1,0.0,1.35));
#9296=VECTOR('',#12090,1.0);
#9297=CARTESIAN_POINT('',(-3.55,1.75,1.35));
#9298=CARTESIAN_POINT('',(-8.99500000000001,1.75,1.35));
#9299=VECTOR('',#12091,1.0);
#9300=CARTESIAN_POINT('',(-3.55,1.8,1.35));
#9301=CARTESIAN_POINT('',(-3.55,3.1,1.35));
#9302=VECTOR('',#12092,1.0);
#9303=CARTESIAN_POINT('',(-3.7,1.95,1.35));
#9304=CARTESIAN_POINT('',(-3.7,1.95,1.35));
#9305=VECTOR('',#12093,1.0);
#9306=CARTESIAN_POINT('',(-3.7,2.90999999999999,1.35));
#9307=CARTESIAN_POINT('',(-3.7,3.1,1.35));
#9308=VECTOR('',#12094,1.0);
#9309=CARTESIAN_POINT('',(-4.15,2.90999999999999,1.35));
#9310=CARTESIAN_POINT('',(-4.15,2.90999999999999,1.35));
#9311=VECTOR('',#12095,1.0);
#9312=CARTESIAN_POINT('',(-4.15,3.09999999999998,1.35));
#9313=CARTESIAN_POINT('',(-4.15,3.09999999999998,1.35));
#9314=VECTOR('',#12096,1.0);
#9315=CARTESIAN_POINT('',(-4.65000000000001,3.09999999999999,1.35));
#9316=CARTESIAN_POINT('',(-4.82,3.1,1.35));
#9317=VECTOR('',#12097,1.0);
#9318=CARTESIAN_POINT('',(-4.65,2.84999999999999,1.35));
#9319=CARTESIAN_POINT('',(-4.65,2.84999999999999,1.35));
#9320=VECTOR('',#12098,1.0);
#9321=CARTESIAN_POINT('',(-5.40000000000002,2.85,1.35));
#9322=VECTOR('',#12099,1.0);
#9323=CARTESIAN_POINT('',(-4.4,0.0499999999999999,1.35));
#9324=CARTESIAN_POINT('',(-4.4,-6.42380494036183E-15,1.35));
#9325=VECTOR('',#12100,1.0);
#9326=CARTESIAN_POINT('',(-4.4,-6.42380494036183E-15,1.35));
#9327=VECTOR('',#12101,1.0);
#9328=CARTESIAN_POINT('',(2.9,0.65,1.35));
#9329=CARTESIAN_POINT('',(2.9,1.65428571428571,1.35));
#9330=CARTESIAN_POINT('',(2.9,0.0,1.35));
#9331=VECTOR('',#12102,1.0);
#9332=CARTESIAN_POINT('',(-2.9,1.65428571428571,1.35));
#9333=CARTESIAN_POINT('',(-2.9,1.65428571428571,1.35));
#9334=VECTOR('',#12103,1.0);
#9335=CARTESIAN_POINT('',(-2.9,0.65,1.35));
#9336=CARTESIAN_POINT('',(-2.9,0.0,1.35));
#9337=VECTOR('',#12104,1.0);
#9338=CARTESIAN_POINT('',(-3.55,0.65,1.35));
#9339=CARTESIAN_POINT('',(3.55,0.65,1.35));
#9340=VECTOR('',#12105,1.0);
#9341=CARTESIAN_POINT('',(-3.55,0.15,1.35));
#9342=CARTESIAN_POINT('',(-3.55,0.150000000000002,1.35));
#9343=VECTOR('',#12106,1.0);
#9344=CARTESIAN_POINT('',(4.1,0.15,1.35));
#9345=VECTOR('',#12107,1.0);
#9346=CARTESIAN_POINT('',(3.55,0.65,1.35));
#9347=VECTOR('',#12108,1.0);
#9348=CARTESIAN_POINT('',(-3.55,0.15,1.42));
#9349=CARTESIAN_POINT('',(-3.55,0.150000000000002,1.69));
#9350=VECTOR('',#12109,1.0);
#9351=CARTESIAN_POINT('',(-38.61,0.15,1.42));
#9352=VECTOR('',#12110,1.0);
#9353=CARTESIAN_POINT('',(-4.15,3.09999999999999,0.900000000000001));
#9354=CARTESIAN_POINT('',(-4.15,3.09999999999999,0.760000000000001));
#9355=VECTOR('',#12111,1.0);
#9356=CARTESIAN_POINT('',(-4.65000000000001,3.09999999999998,0.9));
#9357=CARTESIAN_POINT('',(-5.40000000000002,3.09999999999998,0.9));
#9358=VECTOR('',#12112,1.0);
#9359=CARTESIAN_POINT('',(-4.65000000000001,3.09999999999999,6.601));
#9360=VECTOR('',#12113,1.0);
#9361=CARTESIAN_POINT('',(-4.15,2.65,0.900000000000001));
#9362=CARTESIAN_POINT('',(-4.15,2.65,0.760000000000003));
#9363=VECTOR('',#12114,1.0);
#9364=CARTESIAN_POINT('',(-4.15,2.90999999999999,0.900000000000002));
#9365=VECTOR('',#12115,1.0);
#9366=CARTESIAN_POINT('',(-4.15,-8.67689559747643E-15,0.760000000000002));
#9367=VECTOR('',#12116,1.0);
#9368=CARTESIAN_POINT('',(-4.15,2.90999999999999,0.9));
#9369=CARTESIAN_POINT('',(-4.15,2.90999999999999,1.35));
#9370=VECTOR('',#12117,1.0);
#9371=CARTESIAN_POINT('',(-4.15,2.65,0.9));
#9372=VECTOR('',#12118,1.0);
#9373=CARTESIAN_POINT('',(-4.25,0.0499999999999997,0.76));
#9374=CARTESIAN_POINT('',(-4.4,0.0499999999999999,0.760000000000001));
#9375=CARTESIAN_POINT('',(-9.90376984481969E-18,0.0500000000000008,0.760000000000002));
#9376=VECTOR('',#12119,1.0);
#9377=CARTESIAN_POINT('',(-4.25,0.55,0.76));
#9378=CARTESIAN_POINT('',(-4.25,2.75610271884166E-15,0.760000000000002));
#9379=VECTOR('',#12120,1.0);
#9380=CARTESIAN_POINT('',(0.0,0.55,0.760000000000002));
#9381=VECTOR('',#12121,1.0);
#9382=CARTESIAN_POINT('',(-4.4,-5.77315972805081E-15,0.760000000000002));
#9383=VECTOR('',#12122,1.0);
#9384=CARTESIAN_POINT('',(-4.4,0.0499999999999999,6.601));
#9385=VECTOR('',#12123,1.0);
#9386=CARTESIAN_POINT('',(-4.82,2.14999999999999,1.3));
#9387=CARTESIAN_POINT('',(-4.82,2.14999999999999,1.2));
#9388=CARTESIAN_POINT('',(-4.82,2.14999999999999,6.601));
#9389=VECTOR('',#12124,1.0);
#9390=CARTESIAN_POINT('',(-5.40000000000001,2.14999999999999,1.2));
#9391=VECTOR('',#12125,1.0);
#9392=CARTESIAN_POINT('',(-5.40000000000001,2.14999999999999,1.3));
#9393=VECTOR('',#12126,1.0);
#9394=CARTESIAN_POINT('',(-4.73358170310702,2.50584004602991,1.325417146145));
#9395=VECTOR('',#12127,1.0);
#9396=CARTESIAN_POINT('',(-4.65,2.84999999999999,0.900000000000001));
#9397=CARTESIAN_POINT('',(-4.65,2.84999999999999,6.601));
#9398=VECTOR('',#12128,1.0);
#9399=CARTESIAN_POINT('',(-4.74714285714286,2.45,0.9));
#9400=CARTESIAN_POINT('',(-4.82,2.14999999999999,0.900000000000001));
#9401=VECTOR('',#12129,1.0);
#9402=CARTESIAN_POINT('',(-5.45704926157201,-0.47314401823769,3.82314401823769));
#9403=VECTOR('',#12130,1.0);
#9404=CARTESIAN_POINT('',(-4.65,2.84999999999999,0.900000000000001));
#9405=VECTOR('',#12131,1.0);
#9406=CARTESIAN_POINT('',(-2.9,1.75,1.25980769230769));
#9407=CARTESIAN_POINT('',(-2.9,1.45185896180215,1.54074828599412));
#9408=VECTOR('',#12132,1.0);
#9409=CARTESIAN_POINT('',(-2.9,1.75,0.900000000000001));
#9410=CARTESIAN_POINT('',(-2.9,1.75,1.35));
#9411=VECTOR('',#12133,1.0);
#9412=CARTESIAN_POINT('',(-2.9,1.75,0.900000000000001));
#9413=VECTOR('',#12134,1.0);
#9414=CARTESIAN_POINT('',(-2.9,0.65,1.02));
#9415=CARTESIAN_POINT('',(-2.9,0.0,1.02));
#9416=VECTOR('',#12135,1.0);
#9417=CARTESIAN_POINT('',(-2.9,0.65,0.0));
#9418=VECTOR('',#12136,1.0);
#9419=CARTESIAN_POINT('',(2.9,1.75,1.25980769230769));
#9420=CARTESIAN_POINT('',(2.9,1.75,0.900000000000001));
#9421=CARTESIAN_POINT('',(2.9,1.75,1.35));
#9422=VECTOR('',#12137,1.0);
#9423=CARTESIAN_POINT('',(2.9,1.45185896180215,1.54074828599412));
#9424=VECTOR('',#12138,1.0);
#9425=CARTESIAN_POINT('',(2.9,0.65,1.02));
#9426=CARTESIAN_POINT('',(2.9,0.65,0.0));
#9427=VECTOR('',#12139,1.0);
#9428=CARTESIAN_POINT('',(2.9,0.0,1.02));
#9429=VECTOR('',#12140,1.0);
#9430=CARTESIAN_POINT('',(2.9,1.75,0.900000000000001));
#9431=VECTOR('',#12141,1.0);
#9432=CARTESIAN_POINT('',(3.075,0.0,0.119999999999999));
#9433=CARTESIAN_POINT('',(3.075,-0.8,0.119999999999999));
#9434=CARTESIAN_POINT('',(3.075,0.0,0.119999999999999));
#9435=VECTOR('',#12142,1.0);
#9436=CARTESIAN_POINT('',(-5.8,0.0,0.119999999999999));
#9437=VECTOR('',#12143,1.0);
#9438=CARTESIAN_POINT('',(5.8,-0.8,0.119999999999999));
#9439=CARTESIAN_POINT('',(5.8,-0.8,0.119999999999999));
#9440=VECTOR('',#12144,1.0);
#9441=CARTESIAN_POINT('',(-5.8,-0.8,0.119999999999999));
#9442=VECTOR('',#12145,1.0);
#9443=CARTESIAN_POINT('',(-3.075,-0.8,0.119999999999999));
#9444=CARTESIAN_POINT('',(-5.8,-0.8,0.119999999999999));
#9445=CARTESIAN_POINT('',(-5.8,-0.8,0.119999999999999));
#9446=VECTOR('',#12146,1.0);
#9447=CARTESIAN_POINT('',(-3.075,-0.8,0.900000000000001));
#9448=CARTESIAN_POINT('',(-3.075,-0.8,0.119999999999999));
#9449=VECTOR('',#12147,1.0);
#9450=CARTESIAN_POINT('',(3.075,-0.8,0.900000000000001));
#9451=CARTESIAN_POINT('',(3.075,-0.8,0.900000000000001));
#9452=VECTOR('',#12148,1.0);
#9453=CARTESIAN_POINT('',(3.075,-0.8,0.119999999999999));
#9454=VECTOR('',#12149,1.0);
#9455=CARTESIAN_POINT('',(5.8,-0.8,1.82));
#9456=CARTESIAN_POINT('',(5.8,-0.8,0.119999999999999));
#9457=VECTOR('',#12150,1.0);
#9458=CARTESIAN_POINT('',(-5.8,-0.8,1.82));
#9459=CARTESIAN_POINT('',(5.8,-0.8,1.82));
#9460=VECTOR('',#12151,1.0);
#9461=CARTESIAN_POINT('',(-5.8,-0.8,1.82));
#9462=VECTOR('',#12152,1.0);
#9463=CARTESIAN_POINT('',(-5.8,-0.8,0.119999999999999));
#9464=VECTOR('',#12153,1.0);
#9465=CARTESIAN_POINT('',(-5.8,-0.8,1.82));
#9466=VECTOR('',#12154,1.0);
#9467=CARTESIAN_POINT('',(-3.075,0.0,0.119999999999999));
#9468=CARTESIAN_POINT('',(-5.8,0.0,0.119999999999999));
#9469=VECTOR('',#12155,1.0);
#9470=CARTESIAN_POINT('',(-3.075,0.0,0.119999999999999));
#9471=VECTOR('',#12156,1.0);
#9472=CARTESIAN_POINT('',(5.8,-0.8,1.82));
#9473=VECTOR('',#12157,1.0);
#9474=CARTESIAN_POINT('',(-3.8,-0.3,1.82));
#9475=CARTESIAN_POINT('',(-4.0,-0.6,1.82));
#9476=CARTESIAN_POINT('',(-4.0,-0.6,1.82));
#9477=VECTOR('',#12158,1.0);
#9478=CARTESIAN_POINT('',(-4.2,-0.3,1.82));
#9479=CARTESIAN_POINT('',(-4.2,-0.3,1.82));
#9480=VECTOR('',#12159,1.0);
#9481=CARTESIAN_POINT('',(-3.8,-0.3,1.82));
#9482=VECTOR('',#12160,1.0);
#9483=CARTESIAN_POINT('',(4.1,0.15,1.82));
#9484=VECTOR('',#12161,1.0);
#9485=CARTESIAN_POINT('',(4.1,0.15,1.82));
#9486=VECTOR('',#12162,1.0);
#9487=CARTESIAN_POINT('',(-4.1,0.15,1.82));
#9488=VECTOR('',#12163,1.0);
#9489=CARTESIAN_POINT('',(-2.9,1.75,1.25980769230769));
#9490=VECTOR('',#12164,1.0);
#9491=CARTESIAN_POINT('',(-2.9,1.75,0.900000000000001));
#9492=VECTOR('',#12165,1.0);
#9493=CARTESIAN_POINT('',(3.075,0.0,0.900000000000001));
#9494=CARTESIAN_POINT('',(3.075,0.0,0.900000000000001));
#9495=VECTOR('',#12166,1.0);
#9496=CARTESIAN_POINT('',(3.075,-0.8,0.900000000000001));
#9497=VECTOR('',#12167,1.0);
#9498=CARTESIAN_POINT('',(-3.075,0.0,0.900000000000001));
#9499=CARTESIAN_POINT('',(-3.075,-0.8,0.900000000000001));
#9500=VECTOR('',#12168,1.0);
#9501=CARTESIAN_POINT('',(-2.9,0.0,0.900000000000001));
#9502=VECTOR('',#12169,1.0);
#9503=CARTESIAN_POINT('',(3.075,0.0,0.900000000000001));
#9504=VECTOR('',#12170,1.0);
#9505=CARTESIAN_POINT('',(-3.075,0.0,0.900000000000001));
#9506=VECTOR('',#12171,1.0);
#9507=CARTESIAN_POINT('',(3.55,0.65,1.02));
#9508=VECTOR('',#12172,1.0);
#9509=CARTESIAN_POINT('',(-3.55,0.65,1.02));
#9510=CARTESIAN_POINT('',(-3.55,0.0,1.02));
#9511=VECTOR('',#12173,1.0);
#9512=CARTESIAN_POINT('',(3.55,0.65,1.02));
#9513=VECTOR('',#12174,1.0);
#9514=CARTESIAN_POINT('',(-3.55,0.65,1.02));
#9515=VECTOR('',#12175,1.0);
#9516=CARTESIAN_POINT('',(-3.54999999999999,0.840000000000104,1.42));
#9517=CARTESIAN_POINT('',(-3.55,3.1,1.42));
#9518=VECTOR('',#12176,1.0);
#9519=CARTESIAN_POINT('',(-3.55,1.8,0.900000000000002));
#9520=CARTESIAN_POINT('',(-3.55,2.90999999999999,0.900000000000002));
#9521=VECTOR('',#12177,1.0);
#9522=CARTESIAN_POINT('',(-3.55,1.8,6.601));
#9523=VECTOR('',#12178,1.0);
#9524=CARTESIAN_POINT('',(-3.54999999999999,1.75,1.35));
#9525=VECTOR('',#12179,1.0);
#9526=CARTESIAN_POINT('',(-3.7,1.95,0.900000000000002));
#9527=CARTESIAN_POINT('',(-3.7,1.95,0.900000000000001));
#9528=VECTOR('',#12180,1.0);
#9529=CARTESIAN_POINT('',(-3.7,1.95,6.601));
#9530=VECTOR('',#12181,1.0);
#9531=CARTESIAN_POINT('',(-3.7,2.90999999999999,0.900000000000001));
#9532=CARTESIAN_POINT('',(-3.7,2.90999999999999,6.601));
#9533=VECTOR('',#12182,1.0);
#9534=CARTESIAN_POINT('',(-3.7,3.1,0.900000000000001));
#9535=VECTOR('',#12183,1.0);
#9536=CARTESIAN_POINT('',(4.65,2.85,6.601));
#9537=VECTOR('',#12184,1.0);
#9538=CARTESIAN_POINT('',(4.73358170310702,2.50584004602992,1.325417146145));
#9539=VECTOR('',#12185,1.0);
#9540=CARTESIAN_POINT('',(-5.40000000000001,2.65,0.9));
#9541=VECTOR('',#12186,1.0);
#9542=CARTESIAN_POINT('',(-5.40000000000001,2.45,0.9));
#9543=VECTOR('',#12187,1.0);
#9544=CARTESIAN_POINT('',(-4.15,2.90999999999999,0.900000000000002));
#9545=VECTOR('',#12188,1.0);
#9546=CARTESIAN_POINT('',(-5.40000000000001,2.35,0.999999999999999));
#9547=VECTOR('',#12189,1.0);
#9548=CARTESIAN_POINT('',(4.57,0.894448637286711,1.27500000000001));
#9549=CARTESIAN_POINT('',(4.4,0.6,1.27500000000001));
#9550=VECTOR('',#12190,1.0);
#9551=CARTESIAN_POINT('',(4.57,0.894448637286711,0.835000000000012));
#9552=CARTESIAN_POINT('',(4.4,0.6,0.835000000000011));
#9553=VECTOR('',#12191,1.0);
#9554=CARTESIAN_POINT('',(4.57,0.894448637286711,0.835000000000012));
#9555=VECTOR('',#12192,1.0);
#9556=CARTESIAN_POINT('',(4.57,1.58,1.27500000000001));
#9557=CARTESIAN_POINT('',(4.57,0.894448637286711,1.27500000000001));
#9558=VECTOR('',#12193,1.0);
#9559=CARTESIAN_POINT('',(4.57,1.58,0.835000000000013));
#9560=CARTESIAN_POINT('',(4.57,0.894448637286711,0.835000000000012));
#9561=VECTOR('',#12194,1.0);
#9562=CARTESIAN_POINT('',(4.57,1.58,0.835000000000013));
#9563=VECTOR('',#12195,1.0);
#9564=CARTESIAN_POINT('',(4.57,1.58,1.27500000000001));
#9565=VECTOR('',#12196,1.0);
#9566=CARTESIAN_POINT('',(4.57,1.58,0.835000000000013));
#9567=VECTOR('',#12197,1.0);
#9568=CARTESIAN_POINT('',(-4.57,0.894448637286711,1.275));
#9569=CARTESIAN_POINT('',(-4.57,1.58,1.275));
#9570=CARTESIAN_POINT('',(-4.57,1.58,1.275));
#9571=VECTOR('',#12198,1.0);
#9572=CARTESIAN_POINT('',(-4.57,1.58,0.835000000000003));
#9573=CARTESIAN_POINT('',(-4.57,1.58,0.835000000000003));
#9574=VECTOR('',#12199,1.0);
#9575=CARTESIAN_POINT('',(-4.57,0.894448637286711,0.835000000000002));
#9576=CARTESIAN_POINT('',(-4.57,1.58,0.835000000000003));
#9577=VECTOR('',#12200,1.0);
#9578=CARTESIAN_POINT('',(-4.57,0.894448637286711,0.835000000000002));
#9579=VECTOR('',#12201,1.0);
#9580=CARTESIAN_POINT('',(-4.57,0.894448637286711,1.275));
#9581=VECTOR('',#12202,1.0);
#9582=CARTESIAN_POINT('',(-4.57,0.894448637286711,0.835000000000002));
#9583=VECTOR('',#12203,1.0);
#9584=CARTESIAN_POINT('',(-4.4,1.75,1.275));
#9585=VECTOR('',#12204,1.0);
#9586=CARTESIAN_POINT('',(-4.4,1.75,0.835000000000004));
#9587=VECTOR('',#12205,1.0);
#9588=CARTESIAN_POINT('',(4.1,0.450000000000002,1.45));
#9589=CARTESIAN_POINT('',(4.1,1.75,1.35));
#9590=VECTOR('',#12206,1.0);
#9591=CARTESIAN_POINT('',(4.1,0.450000000000002,1.45));
#9592=VECTOR('',#12207,1.0);
#9593=CARTESIAN_POINT('',(-4.1,0.450000000000002,1.45));
#9594=CARTESIAN_POINT('',(-4.1,0.450000000000002,1.45));
#9595=VECTOR('',#12208,1.0);
#9596=CARTESIAN_POINT('',(-4.1,1.75,1.35));
#9597=VECTOR('',#12209,1.0);
#9598=CARTESIAN_POINT('',(-3.9,0.840000000000104,1.42));
#9599=CARTESIAN_POINT('',(-3.9,0.450000000000002,1.45));
#9600=CARTESIAN_POINT('',(-3.9,1.75,1.35));
#9601=VECTOR('',#12210,1.0);
#9602=CARTESIAN_POINT('',(-8.99500000000001,0.840000000000104,1.42));
#9603=VECTOR('',#12211,1.0);
#9604=CARTESIAN_POINT('',(-8.99500000000001,0.450000000000002,1.45));
#9605=VECTOR('',#12212,1.0);
#9606=CARTESIAN_POINT('',(-3.9,0.450000000000002,1.45));
#9607=VECTOR('',#12213,1.0);
#9608=CARTESIAN_POINT('',(4.45,2.35,0.760000000000004));
#9609=CARTESIAN_POINT('',(4.45000000000001,2.36733500838582,0.689999999999999));
#9610=AXIS2_PLACEMENT_3D('',#12214,#12215,#12216);
#9611=CARTESIAN_POINT('',(4.45000000000001,2.50000000000003,0.689999999999999));
#9612=VECTOR('',#12217,1.0);
#9613=CARTESIAN_POINT('',(4.44999999999999,2.65,1.01000000000001));
#9614=VECTOR('',#12218,1.0);
#9615=CARTESIAN_POINT('',(4.45,2.35,0.760000000000004));
#9616=VECTOR('',#12219,1.0);
#9617=CARTESIAN_POINT('',(4.15,2.35,0.760000000000004));
#9618=VECTOR('',#12220,1.0);
#9619=CARTESIAN_POINT('',(4.25,2.36733500838582,0.69));
#9620=AXIS2_PLACEMENT_3D('',#12221,#12222,#12223);
#9621=CARTESIAN_POINT('',(4.15000000000001,2.36733500838582,0.689999999999999));
#9622=VECTOR('',#12224,1.0);
#9623=CARTESIAN_POINT('',(3.9,0.840000000000104,1.42));
#9624=CARTESIAN_POINT('',(8.99499999999996,0.840000000000104,1.42));
#9625=VECTOR('',#12225,1.0);
#9626=CARTESIAN_POINT('',(3.9,0.450000000000002,1.45));
#9627=CARTESIAN_POINT('',(3.9,1.75,1.35));
#9628=VECTOR('',#12226,1.0);
#9629=CARTESIAN_POINT('',(8.99499999999995,0.450000000000002,1.45));
#9630=VECTOR('',#12227,1.0);
#9631=CARTESIAN_POINT('',(3.9,0.450000000000002,1.45));
#9632=VECTOR('',#12228,1.0);
#9633=CARTESIAN_POINT('',(-4.0,-0.6,1.77));
#9634=CARTESIAN_POINT('',(-4.0,-0.6,1.77));
#9635=VECTOR('',#12229,1.0);
#9636=CARTESIAN_POINT('',(-4.2,-0.3,1.77));
#9637=CARTESIAN_POINT('',(-4.2,-0.3,1.77));
#9638=VECTOR('',#12230,1.0);
#9639=CARTESIAN_POINT('',(-4.2,-0.3,1.77));
#9640=VECTOR('',#12231,1.0);
#9641=CARTESIAN_POINT('',(-3.8,-0.3,1.77));
#9642=CARTESIAN_POINT('',(-3.8,-0.3,1.77));
#9643=VECTOR('',#12232,1.0);
#9644=CARTESIAN_POINT('',(-4.0,-0.6,1.77));
#9645=VECTOR('',#12233,1.0);
#9646=CARTESIAN_POINT('',(-3.8,-0.3,1.77));
#9647=VECTOR('',#12234,1.0);
#9648=CARTESIAN_POINT('',(-2.4,1.64367346938768,1.36000000000006));
#9649=CARTESIAN_POINT('',(-2.4,1.58,1.42));
#9650=CARTESIAN_POINT('',(-2.4,2.1,0.929999999999995));
#9651=VECTOR('',#12235,1.0);
#9652=CARTESIAN_POINT('',(-2.6,1.64367346938768,1.36000000000006));
#9653=CARTESIAN_POINT('',(2.985,1.64367346938768,1.36000000000006));
#9654=VECTOR('',#12236,1.0);
#9655=CARTESIAN_POINT('',(-2.6,1.58,1.42));
#9656=CARTESIAN_POINT('',(-2.6,2.1,0.929999999999995));
#9657=VECTOR('',#12237,1.0);
#9658=CARTESIAN_POINT('',(-2.985,1.58,1.42));
#9659=CARTESIAN_POINT('',(2.985,1.58,1.42));
#9660=VECTOR('',#12238,1.0);
#9661=CARTESIAN_POINT('',(-2.985,2.1,0.929999999999995));
#9662=CARTESIAN_POINT('',(-2.985,2.1,0.929999999999995));
#9663=VECTOR('',#12239,1.0);
#9664=CARTESIAN_POINT('',(2.985,2.1,0.929999999999995));
#9665=CARTESIAN_POINT('',(2.985,2.1,0.929999999999995));
#9666=VECTOR('',#12240,1.0);
#9667=CARTESIAN_POINT('',(2.985,1.58,1.42));
#9668=CARTESIAN_POINT('',(2.985,2.1,0.929999999999995));
#9669=VECTOR('',#12241,1.0);
#9670=CARTESIAN_POINT('',(2.6,1.58,1.42));
#9671=CARTESIAN_POINT('',(2.985,1.58,1.42));
#9672=VECTOR('',#12242,1.0);
#9673=CARTESIAN_POINT('',(2.6,1.64367346938768,1.36000000000006));
#9674=CARTESIAN_POINT('',(2.6,2.1,0.929999999999995));
#9675=VECTOR('',#12243,1.0);
#9676=CARTESIAN_POINT('',(2.4,1.64367346938768,1.36000000000006));
#9677=CARTESIAN_POINT('',(2.985,1.64367346938768,1.36000000000006));
#9678=VECTOR('',#12244,1.0);
#9679=CARTESIAN_POINT('',(2.4,1.58,1.42));
#9680=CARTESIAN_POINT('',(2.4,2.1,0.929999999999995));
#9681=VECTOR('',#12245,1.0);
#9682=CARTESIAN_POINT('',(2.1,1.58,1.42));
#9683=CARTESIAN_POINT('',(2.985,1.58,1.42));
#9684=VECTOR('',#12246,1.0);
#9685=CARTESIAN_POINT('',(2.1,1.64367346938768,1.36000000000006));
#9686=CARTESIAN_POINT('',(2.1,2.1,0.929999999999995));
#9687=VECTOR('',#12247,1.0);
#9688=CARTESIAN_POINT('',(1.9,1.64367346938768,1.36000000000006));
#9689=CARTESIAN_POINT('',(2.985,1.64367346938768,1.36000000000006));
#9690=VECTOR('',#12248,1.0);
#9691=CARTESIAN_POINT('',(1.9,1.58,1.42));
#9692=CARTESIAN_POINT('',(1.9,2.1,0.929999999999995));
#9693=VECTOR('',#12249,1.0);
#9694=CARTESIAN_POINT('',(1.6,1.58,1.42));
#9695=CARTESIAN_POINT('',(2.985,1.58,1.42));
#9696=VECTOR('',#12250,1.0);
#9697=CARTESIAN_POINT('',(1.6,1.64367346938768,1.36000000000006));
#9698=CARTESIAN_POINT('',(1.6,2.1,0.929999999999995));
#9699=VECTOR('',#12251,1.0);
#9700=CARTESIAN_POINT('',(1.4,1.64367346938768,1.36000000000006));
#9701=CARTESIAN_POINT('',(2.985,1.64367346938768,1.36000000000006));
#9702=VECTOR('',#12252,1.0);
#9703=CARTESIAN_POINT('',(1.4,1.58,1.42));
#9704=CARTESIAN_POINT('',(1.4,2.1,0.929999999999995));
#9705=VECTOR('',#12253,1.0);
#9706=CARTESIAN_POINT('',(1.1,1.58,1.42));
#9707=CARTESIAN_POINT('',(2.985,1.58,1.42));
#9708=VECTOR('',#12254,1.0);
#9709=CARTESIAN_POINT('',(1.1,1.64367346938768,1.36000000000006));
#9710=CARTESIAN_POINT('',(1.1,2.1,0.929999999999995));
#9711=VECTOR('',#12255,1.0);
#9712=CARTESIAN_POINT('',(0.9,1.64367346938768,1.36000000000006));
#9713=CARTESIAN_POINT('',(2.985,1.64367346938768,1.36000000000006));
#9714=VECTOR('',#12256,1.0);
#9715=CARTESIAN_POINT('',(0.9,1.58,1.42));
#9716=CARTESIAN_POINT('',(0.9,2.1,0.929999999999995));
#9717=VECTOR('',#12257,1.0);
#9718=CARTESIAN_POINT('',(0.6,1.58,1.42));
#9719=CARTESIAN_POINT('',(2.985,1.58,1.42));
#9720=VECTOR('',#12258,1.0);
#9721=CARTESIAN_POINT('',(0.6,1.64367346938768,1.36000000000006));
#9722=CARTESIAN_POINT('',(0.6,2.1,0.929999999999995));
#9723=VECTOR('',#12259,1.0);
#9724=CARTESIAN_POINT('',(0.4,1.64367346938768,1.36000000000006));
#9725=CARTESIAN_POINT('',(2.985,1.64367346938768,1.36000000000006));
#9726=VECTOR('',#12260,1.0);
#9727=CARTESIAN_POINT('',(0.4,1.58,1.42));
#9728=CARTESIAN_POINT('',(0.4,2.1,0.929999999999995));
#9729=VECTOR('',#12261,1.0);
#9730=CARTESIAN_POINT('',(0.0999999999999998,1.58,1.42));
#9731=CARTESIAN_POINT('',(2.985,1.58,1.42));
#9732=VECTOR('',#12262,1.0);
#9733=CARTESIAN_POINT('',(0.0999999999999999,1.64367346938768,1.36000000000006));
#9734=CARTESIAN_POINT('',(0.0999999999999998,2.1,0.929999999999995));
#9735=VECTOR('',#12263,1.0);
#9736=CARTESIAN_POINT('',(-0.0999999999999999,1.64367346938768,1.36000000000006));
#9737=CARTESIAN_POINT('',(2.985,1.64367346938768,1.36000000000006));
#9738=VECTOR('',#12264,1.0);
#9739=CARTESIAN_POINT('',(-0.0999999999999998,1.58,1.42));
#9740=CARTESIAN_POINT('',(-0.0999999999999998,2.1,0.929999999999995));
#9741=VECTOR('',#12265,1.0);
#9742=CARTESIAN_POINT('',(-0.4,1.58,1.42));
#9743=CARTESIAN_POINT('',(2.985,1.58,1.42));
#9744=VECTOR('',#12266,1.0);
#9745=CARTESIAN_POINT('',(-0.4,1.64367346938768,1.36000000000006));
#9746=CARTESIAN_POINT('',(-0.4,2.1,0.929999999999995));
#9747=VECTOR('',#12267,1.0);
#9748=CARTESIAN_POINT('',(-0.6,1.64367346938768,1.36000000000006));
#9749=CARTESIAN_POINT('',(2.985,1.64367346938768,1.36000000000006));
#9750=VECTOR('',#12268,1.0);
#9751=CARTESIAN_POINT('',(-0.6,1.58,1.42));
#9752=CARTESIAN_POINT('',(-0.6,2.1,0.929999999999995));
#9753=VECTOR('',#12269,1.0);
#9754=CARTESIAN_POINT('',(-0.9,1.58,1.42));
#9755=CARTESIAN_POINT('',(2.985,1.58,1.42));
#9756=VECTOR('',#12270,1.0);
#9757=CARTESIAN_POINT('',(-0.9,1.64367346938768,1.36000000000006));
#9758=CARTESIAN_POINT('',(-0.9,2.1,0.929999999999995));
#9759=VECTOR('',#12271,1.0);
#9760=CARTESIAN_POINT('',(-1.1,1.64367346938768,1.36000000000006));
#9761=CARTESIAN_POINT('',(2.985,1.64367346938768,1.36000000000006));
#9762=VECTOR('',#12272,1.0);
#9763=CARTESIAN_POINT('',(-1.1,1.58,1.42));
#9764=CARTESIAN_POINT('',(-1.1,2.1,0.929999999999995));
#9765=VECTOR('',#12273,1.0);
#9766=CARTESIAN_POINT('',(-1.4,1.58,1.42));
#9767=CARTESIAN_POINT('',(2.985,1.58,1.42));
#9768=VECTOR('',#12274,1.0);
#9769=CARTESIAN_POINT('',(-1.4,1.64367346938768,1.36000000000006));
#9770=CARTESIAN_POINT('',(-1.4,2.1,0.929999999999995));
#9771=VECTOR('',#12275,1.0);
#9772=CARTESIAN_POINT('',(-1.6,1.64367346938768,1.36000000000006));
#9773=CARTESIAN_POINT('',(2.985,1.64367346938768,1.36000000000006));
#9774=VECTOR('',#12276,1.0);
#9775=CARTESIAN_POINT('',(-1.6,1.58,1.42));
#9776=CARTESIAN_POINT('',(-1.6,2.1,0.929999999999995));
#9777=VECTOR('',#12277,1.0);
#9778=CARTESIAN_POINT('',(-1.9,1.58,1.42));
#9779=CARTESIAN_POINT('',(2.985,1.58,1.42));
#9780=VECTOR('',#12278,1.0);
#9781=CARTESIAN_POINT('',(-1.9,1.64367346938768,1.36000000000006));
#9782=CARTESIAN_POINT('',(-1.9,2.1,0.929999999999995));
#9783=VECTOR('',#12279,1.0);
#9784=CARTESIAN_POINT('',(-2.1,1.64367346938768,1.36000000000006));
#9785=CARTESIAN_POINT('',(2.985,1.64367346938768,1.36000000000006));
#9786=VECTOR('',#12280,1.0);
#9787=CARTESIAN_POINT('',(-2.1,1.58,1.42));
#9788=CARTESIAN_POINT('',(-2.1,2.1,0.929999999999995));
#9789=VECTOR('',#12281,1.0);
#9790=CARTESIAN_POINT('',(2.985,1.58,1.42));
#9791=VECTOR('',#12282,1.0);
#9792=CARTESIAN_POINT('',(4.25,0.05,0.239999999999997));
#9793=CARTESIAN_POINT('',(4.25,0.05,18.81));
#9794=VECTOR('',#12283,1.0);
#9795=CARTESIAN_POINT('',(4.25,0.55,0.689999999999999));
#9796=CARTESIAN_POINT('',(4.25,0.55,18.81));
#9797=VECTOR('',#12284,1.0);
#9798=CARTESIAN_POINT('',(4.25,0.0499999999999998,0.69));
#9799=VECTOR('',#12285,1.0);
#9800=CARTESIAN_POINT('',(4.25,2.725,0.69));
#9801=CARTESIAN_POINT('',(4.25,0.0499999999999998,0.69));
#9802=VECTOR('',#12286,1.0);
#9803=CARTESIAN_POINT('',(4.25,2.725,0.239999999999997));
#9804=CARTESIAN_POINT('',(4.25,2.725,18.81));
#9805=VECTOR('',#12287,1.0);
#9806=CARTESIAN_POINT('',(4.25,0.0499999999999998,0.239999999999997));
#9807=VECTOR('',#12288,1.0);
#9808=CARTESIAN_POINT('',(4.9,0.55,0.69));
#9809=CARTESIAN_POINT('',(4.9,0.55,0.69));
#9810=VECTOR('',#12289,1.0);
#9811=CARTESIAN_POINT('',(4.9,3.35,0.69));
#9812=CARTESIAN_POINT('',(4.9,3.5,0.69));
#9813=VECTOR('',#12290,1.0);
#9814=CARTESIAN_POINT('',(3.9,3.35,0.689999999999999));
#9815=CARTESIAN_POINT('',(48.51,3.35,0.690000000000009));
#9816=VECTOR('',#12291,1.0);
#9817=CARTESIAN_POINT('',(3.9,2.725,0.69));
#9818=CARTESIAN_POINT('',(3.9,3.5,0.689999999999999));
#9819=VECTOR('',#12292,1.0);
#9820=AXIS2_PLACEMENT_3D('',#12293,#12294,#12295);
#9821=CARTESIAN_POINT('',(3.9,2.725,1.42));
#9822=CARTESIAN_POINT('',(3.9,2.725,1.42));
#9823=VECTOR('',#12296,1.0);
#9824=CARTESIAN_POINT('',(3.9,2.725,1.9));
#9825=CARTESIAN_POINT('',(3.9,2.725,18.81));
#9826=VECTOR('',#12297,1.0);
#9827=CARTESIAN_POINT('',(3.9,0.15,1.9));
#9828=CARTESIAN_POINT('',(3.9,2.725,1.9));
#9829=VECTOR('',#12298,1.0);
#9830=CARTESIAN_POINT('',(3.9,0.15,1.42));
#9831=VECTOR('',#12299,1.0);
#9832=CARTESIAN_POINT('',(-2.6,1.71,0.589999999999996));
#9833=CARTESIAN_POINT('',(-2.985,1.71,0.589999999999996));
#9834=CARTESIAN_POINT('',(2.985,1.71,0.589999999999996));
#9835=VECTOR('',#12300,1.0);
#9836=CARTESIAN_POINT('',(-2.6,2.1,0.629999999999995));
#9837=CARTESIAN_POINT('',(-2.6,1.71,0.589999999999996));
#9838=VECTOR('',#12301,1.0);
#9839=CARTESIAN_POINT('',(-2.985,2.1,0.629999999999995));
#9840=CARTESIAN_POINT('',(2.985,2.1,0.629999999999995));
#9841=VECTOR('',#12302,1.0);
#9842=CARTESIAN_POINT('',(-2.985,1.71,0.589999999999996));
#9843=VECTOR('',#12303,1.0);
#9844=CARTESIAN_POINT('',(-2.4,1.71,0.589999999999996));
#9845=CARTESIAN_POINT('',(-2.4,2.1,0.629999999999995));
#9846=CARTESIAN_POINT('',(-2.4,1.71,0.589999999999996));
#9847=VECTOR('',#12304,1.0);
#9848=CARTESIAN_POINT('',(-2.1,1.71,0.589999999999996));
#9849=CARTESIAN_POINT('',(2.985,1.71,0.589999999999996));
#9850=VECTOR('',#12305,1.0);
#9851=CARTESIAN_POINT('',(-2.1,2.1,0.629999999999995));
#9852=CARTESIAN_POINT('',(-2.1,1.71,0.589999999999996));
#9853=VECTOR('',#12306,1.0);
#9854=CARTESIAN_POINT('',(2.985,2.1,0.629999999999995));
#9855=VECTOR('',#12307,1.0);
#9856=CARTESIAN_POINT('',(-1.9,1.71,0.589999999999996));
#9857=CARTESIAN_POINT('',(-1.9,2.1,0.629999999999995));
#9858=CARTESIAN_POINT('',(-1.9,1.71,0.589999999999996));
#9859=VECTOR('',#12308,1.0);
#9860=CARTESIAN_POINT('',(-1.6,1.71,0.589999999999996));
#9861=CARTESIAN_POINT('',(2.985,1.71,0.589999999999996));
#9862=VECTOR('',#12309,1.0);
#9863=CARTESIAN_POINT('',(-1.6,2.1,0.629999999999995));
#9864=CARTESIAN_POINT('',(-1.6,1.71,0.589999999999996));
#9865=VECTOR('',#12310,1.0);
#9866=CARTESIAN_POINT('',(2.985,2.1,0.629999999999995));
#9867=VECTOR('',#12311,1.0);
#9868=CARTESIAN_POINT('',(-1.4,1.71,0.589999999999996));
#9869=CARTESIAN_POINT('',(-1.4,2.1,0.629999999999995));
#9870=CARTESIAN_POINT('',(-1.4,1.71,0.589999999999996));
#9871=VECTOR('',#12312,1.0);
#9872=CARTESIAN_POINT('',(-1.1,1.71,0.589999999999996));
#9873=CARTESIAN_POINT('',(2.985,1.71,0.589999999999996));
#9874=VECTOR('',#12313,1.0);
#9875=CARTESIAN_POINT('',(-1.1,2.1,0.629999999999995));
#9876=CARTESIAN_POINT('',(-1.1,1.71,0.589999999999996));
#9877=VECTOR('',#12314,1.0);
#9878=CARTESIAN_POINT('',(2.985,2.1,0.629999999999995));
#9879=VECTOR('',#12315,1.0);
#9880=CARTESIAN_POINT('',(-0.9,1.71,0.589999999999996));
#9881=CARTESIAN_POINT('',(-0.9,2.1,0.629999999999995));
#9882=CARTESIAN_POINT('',(-0.9,1.71,0.589999999999996));
#9883=VECTOR('',#12316,1.0);
#9884=CARTESIAN_POINT('',(-0.6,1.71,0.589999999999996));
#9885=CARTESIAN_POINT('',(2.985,1.71,0.589999999999996));
#9886=VECTOR('',#12317,1.0);
#9887=CARTESIAN_POINT('',(-0.6,2.1,0.629999999999995));
#9888=CARTESIAN_POINT('',(-0.6,1.71,0.589999999999996));
#9889=VECTOR('',#12318,1.0);
#9890=CARTESIAN_POINT('',(2.985,2.1,0.629999999999995));
#9891=VECTOR('',#12319,1.0);
#9892=CARTESIAN_POINT('',(-0.4,1.71,0.589999999999996));
#9893=CARTESIAN_POINT('',(-0.4,2.1,0.629999999999995));
#9894=CARTESIAN_POINT('',(-0.4,1.71,0.589999999999996));
#9895=VECTOR('',#12320,1.0);
#9896=CARTESIAN_POINT('',(-0.0999999999999998,1.71,0.589999999999996));
#9897=CARTESIAN_POINT('',(2.985,1.71,0.589999999999996));
#9898=VECTOR('',#12321,1.0);
#9899=CARTESIAN_POINT('',(-0.0999999999999998,2.1,0.629999999999995));
#9900=CARTESIAN_POINT('',(-0.0999999999999998,1.71,0.589999999999996));
#9901=VECTOR('',#12322,1.0);
#9902=CARTESIAN_POINT('',(2.985,2.1,0.629999999999995));
#9903=VECTOR('',#12323,1.0);
#9904=CARTESIAN_POINT('',(0.0999999999999998,1.71,0.589999999999996));
#9905=CARTESIAN_POINT('',(0.0999999999999998,2.1,0.629999999999995));
#9906=CARTESIAN_POINT('',(0.0999999999999998,1.71,0.589999999999996));
#9907=VECTOR('',#12324,1.0);
#9908=CARTESIAN_POINT('',(0.4,1.71,0.589999999999996));
#9909=CARTESIAN_POINT('',(2.985,1.71,0.589999999999996));
#9910=VECTOR('',#12325,1.0);
#9911=CARTESIAN_POINT('',(0.4,2.1,0.629999999999995));
#9912=CARTESIAN_POINT('',(0.4,1.71,0.589999999999996));
#9913=VECTOR('',#12326,1.0);
#9914=CARTESIAN_POINT('',(2.985,2.1,0.629999999999995));
#9915=VECTOR('',#12327,1.0);
#9916=CARTESIAN_POINT('',(0.6,1.71,0.589999999999996));
#9917=CARTESIAN_POINT('',(0.6,2.1,0.629999999999995));
#9918=CARTESIAN_POINT('',(0.6,1.71,0.589999999999996));
#9919=VECTOR('',#12328,1.0);
#9920=CARTESIAN_POINT('',(0.9,1.71,0.589999999999996));
#9921=CARTESIAN_POINT('',(2.985,1.71,0.589999999999996));
#9922=VECTOR('',#12329,1.0);
#9923=CARTESIAN_POINT('',(0.9,2.1,0.629999999999995));
#9924=CARTESIAN_POINT('',(0.9,1.71,0.589999999999996));
#9925=VECTOR('',#12330,1.0);
#9926=CARTESIAN_POINT('',(2.985,2.1,0.629999999999995));
#9927=VECTOR('',#12331,1.0);
#9928=CARTESIAN_POINT('',(1.1,1.71,0.589999999999996));
#9929=CARTESIAN_POINT('',(1.1,2.1,0.629999999999995));
#9930=CARTESIAN_POINT('',(1.1,1.71,0.589999999999996));
#9931=VECTOR('',#12332,1.0);
#9932=CARTESIAN_POINT('',(1.4,1.71,0.589999999999996));
#9933=CARTESIAN_POINT('',(2.985,1.71,0.589999999999996));
#9934=VECTOR('',#12333,1.0);
#9935=CARTESIAN_POINT('',(1.4,2.1,0.629999999999995));
#9936=CARTESIAN_POINT('',(1.4,1.71,0.589999999999996));
#9937=VECTOR('',#12334,1.0);
#9938=CARTESIAN_POINT('',(2.985,2.1,0.629999999999995));
#9939=VECTOR('',#12335,1.0);
#9940=CARTESIAN_POINT('',(1.6,1.71,0.589999999999996));
#9941=CARTESIAN_POINT('',(1.6,2.1,0.629999999999995));
#9942=CARTESIAN_POINT('',(1.6,1.71,0.589999999999996));
#9943=VECTOR('',#12336,1.0);
#9944=CARTESIAN_POINT('',(1.9,1.71,0.589999999999996));
#9945=CARTESIAN_POINT('',(2.985,1.71,0.589999999999996));
#9946=VECTOR('',#12337,1.0);
#9947=CARTESIAN_POINT('',(1.9,2.1,0.629999999999995));
#9948=CARTESIAN_POINT('',(1.9,1.71,0.589999999999996));
#9949=VECTOR('',#12338,1.0);
#9950=CARTESIAN_POINT('',(2.985,2.1,0.629999999999995));
#9951=VECTOR('',#12339,1.0);
#9952=CARTESIAN_POINT('',(2.1,1.71,0.589999999999996));
#9953=CARTESIAN_POINT('',(2.1,2.1,0.629999999999995));
#9954=CARTESIAN_POINT('',(2.1,1.71,0.589999999999996));
#9955=VECTOR('',#12340,1.0);
#9956=CARTESIAN_POINT('',(2.4,1.71,0.589999999999996));
#9957=CARTESIAN_POINT('',(2.985,1.71,0.589999999999996));
#9958=VECTOR('',#12341,1.0);
#9959=CARTESIAN_POINT('',(2.4,2.1,0.629999999999995));
#9960=CARTESIAN_POINT('',(2.4,1.71,0.589999999999996));
#9961=VECTOR('',#12342,1.0);
#9962=CARTESIAN_POINT('',(2.985,2.1,0.629999999999995));
#9963=VECTOR('',#12343,1.0);
#9964=CARTESIAN_POINT('',(-3.565,0.0,-8.73173167792063E-16));
#9965=CARTESIAN_POINT('',(-3.565,0.0,-8.60422844084496E-16));
#9966=VECTOR('',#12344,1.0);
#9967=CARTESIAN_POINT('',(-2.95,-3.66373598126302E-15,0.0));
#9968=CARTESIAN_POINT('',(-4.9,0.0,3.00038465791101E-16));
#9969=VECTOR('',#12345,1.0);
#9970=CARTESIAN_POINT('',(-2.95,-5.23536506635479E-17,0.589999999999996));
#9971=CARTESIAN_POINT('',(-2.95,-3.66373598126302E-15,0.59));
#9972=VECTOR('',#12346,1.0);
#9973=CARTESIAN_POINT('',(-2.985,-5.23536506635479E-17,0.589999999999996));
#9974=CARTESIAN_POINT('',(2.985,-5.23536506635479E-17,0.589999999999996));
#9975=VECTOR('',#12347,1.0);
#9976=CARTESIAN_POINT('',(-2.985,-1.47284765356189E-16,1.42));
#9977=VECTOR('',#12348,1.0);
#9978=CARTESIAN_POINT('',(-3.6,2.05,1.42));
#9979=CARTESIAN_POINT('',(-3.6,2.05,0.830000000000001));
#9980=CARTESIAN_POINT('',(-3.6,2.05,14.058));
#9981=VECTOR('',#12349,1.0);
#9982=CARTESIAN_POINT('',(-3.6,3.35,1.42));
#9983=CARTESIAN_POINT('',(-3.6,34.65,1.42));
#9984=VECTOR('',#12350,1.0);
#9985=CARTESIAN_POINT('',(-3.6,3.35,0.83));
#9986=CARTESIAN_POINT('',(-3.6,3.35,1.60000000000001));
#9987=VECTOR('',#12351,1.0);
#9988=CARTESIAN_POINT('',(-3.6,34.65,0.83));
#9989=VECTOR('',#12352,1.0);
#9990=CARTESIAN_POINT('',(3.6,2.05,1.42));
#9991=CARTESIAN_POINT('',(3.6,3.35,1.42));
#9992=CARTESIAN_POINT('',(3.6,34.65,1.42));
#9993=VECTOR('',#12353,1.0);
#9994=CARTESIAN_POINT('',(3.6,2.05,0.829999999999999));
#9995=CARTESIAN_POINT('',(3.6,2.05,14.058));
#9996=VECTOR('',#12354,1.0);
#9997=CARTESIAN_POINT('',(3.6,3.35,0.83));
#9998=CARTESIAN_POINT('',(3.6,34.65,0.83));
#9999=VECTOR('',#12355,1.0);
#10000=CARTESIAN_POINT('',(3.6,3.35,1.60000000000001));
#10001=VECTOR('',#12356,1.0);
#10002=CARTESIAN_POINT('',(3.45,0.8,0.969999999999995));
#10003=CARTESIAN_POINT('',(3.45,0.8,0.969999999999995));
#10004=VECTOR('',#12357,1.0);
#10005=CARTESIAN_POINT('',(2.985,0.8,0.969999999999995));
#10006=CARTESIAN_POINT('',(3.6,0.8,0.969999999999995));
#10007=VECTOR('',#12358,1.0);
#10008=CARTESIAN_POINT('',(2.985,0.8,0.969999999999995));
#10009=VECTOR('',#12359,1.0);
#10010=CARTESIAN_POINT('',(3.45,0.8,1.42));
#10011=CARTESIAN_POINT('',(3.45,0.8,0.0));
#10012=VECTOR('',#12360,1.0);
#10013=CARTESIAN_POINT('',(2.985,0.8,1.42));
#10014=CARTESIAN_POINT('',(2.985,0.8,1.42));
#10015=VECTOR('',#12361,1.0);
#10016=CARTESIAN_POINT('',(2.985,0.8,0.969999999999995));
#10017=VECTOR('',#12362,1.0);
#10018=CARTESIAN_POINT('',(-3.45,0.8,0.969999999999995));
#10019=CARTESIAN_POINT('',(-3.45,0.8,0.969999999999995));
#10020=VECTOR('',#12363,1.0);
#10021=CARTESIAN_POINT('',(-2.985,0.8,0.969999999999995));
#10022=CARTESIAN_POINT('',(-2.985,0.8,0.969999999999995));
#10023=VECTOR('',#12364,1.0);
#10024=CARTESIAN_POINT('',(-3.6,0.8,0.969999999999995));
#10025=VECTOR('',#12365,1.0);
#10026=CARTESIAN_POINT('',(-2.985,0.8,1.42));
#10027=CARTESIAN_POINT('',(-3.45,0.8,1.42));
#10028=CARTESIAN_POINT('',(-2.985,0.8,1.42));
#10029=VECTOR('',#12366,1.0);
#10030=CARTESIAN_POINT('',(-3.45,0.8,0.0));
#10031=VECTOR('',#12367,1.0);
#10032=CARTESIAN_POINT('',(-2.985,0.8,0.969999999999995));
#10033=VECTOR('',#12368,1.0);
#10034=CARTESIAN_POINT('',(-3.9,0.15,1.9));
#10035=CARTESIAN_POINT('',(-3.9,2.725,1.9));
#10036=CARTESIAN_POINT('',(-3.9,0.0,1.9));
#10037=VECTOR('',#12369,1.0);
#10038=CARTESIAN_POINT('',(-38.61,0.15,1.9));
#10039=VECTOR('',#12370,1.0);
#10040=CARTESIAN_POINT('',(4.25,2.725,1.9));
#10041=AXIS2_PLACEMENT_3D('',#12371,#12372,#12373);
#10042=CARTESIAN_POINT('',(4.25,0.05,1.9));
#10043=CARTESIAN_POINT('',(4.25,0.0499999999999998,1.9));
#10044=VECTOR('',#12374,1.0);
#10045=CARTESIAN_POINT('',(4.9,0.0499999999999998,1.9));
#10046=CARTESIAN_POINT('',(4.90000000000001,0.0499999999999998,1.9));
#10047=VECTOR('',#12375,1.0);
#10048=CARTESIAN_POINT('',(4.9,3.5,1.9));
#10049=CARTESIAN_POINT('',(4.9,3.5,1.9));
#10050=VECTOR('',#12376,1.0);
#10051=CARTESIAN_POINT('',(-4.9,3.5,1.9));
#10052=CARTESIAN_POINT('',(4.9,3.5,1.9));
#10053=VECTOR('',#12377,1.0);
#10054=CARTESIAN_POINT('',(-4.9,0.0499999999999998,1.9));
#10055=CARTESIAN_POINT('',(-4.9,3.5,1.9));
#10056=VECTOR('',#12378,1.0);
#10057=CARTESIAN_POINT('',(-4.25,0.0499999999999997,1.9));
#10058=CARTESIAN_POINT('',(-4.25,0.05,1.9));
#10059=VECTOR('',#12379,1.0);
#10060=CARTESIAN_POINT('',(-4.25,2.725,1.9));
#10061=CARTESIAN_POINT('',(-4.25,2.725,1.9));
#10062=VECTOR('',#12380,1.0);
#10063=AXIS2_PLACEMENT_3D('',#12381,#12382,#12383);
#10064=CARTESIAN_POINT('',(-3.9,2.725,1.42));
#10065=CARTESIAN_POINT('',(-3.9,0.0,1.42));
#10066=VECTOR('',#12384,1.0);
#10067=CARTESIAN_POINT('',(-3.9,0.15,1.42));
#10068=VECTOR('',#12385,1.0);
#10069=CARTESIAN_POINT('',(-3.9,2.725,18.81));
#10070=VECTOR('',#12386,1.0);
#10071=CARTESIAN_POINT('',(-2.4,3.35,0.770000000000063));
#10072=CARTESIAN_POINT('',(-2.4,3.35,3.25260651745651E-16));
#10073=CARTESIAN_POINT('',(-2.4,3.35,1.60000000000001));
#10074=VECTOR('',#12387,1.0);
#10075=CARTESIAN_POINT('',(-2.6,3.35,0.770000000000063));
#10076=CARTESIAN_POINT('',(-2.4,3.35,0.770000000000063));
#10077=VECTOR('',#12388,1.0);
#10078=CARTESIAN_POINT('',(-2.59999999999998,3.35,-1.73472347597681E-15));
#10079=CARTESIAN_POINT('',(-2.6,3.35,1.60000000000001));
#10080=VECTOR('',#12389,1.0);
#10081=CARTESIAN_POINT('',(-3.565,3.35,-8.73173167792063E-16));
#10082=CARTESIAN_POINT('',(48.51,3.35,-1.73472347597681E-15));
#10083=VECTOR('',#12390,1.0);
#10084=CARTESIAN_POINT('',(-3.565,3.35,0.239999999999997));
#10085=CARTESIAN_POINT('',(-3.565,3.35,-8.60422844084496E-16));
#10086=VECTOR('',#12391,1.0);
#10087=CARTESIAN_POINT('',(-4.9,3.35,0.239999999999996));
#10088=CARTESIAN_POINT('',(-3.565,3.35,0.239999999999997));
#10089=VECTOR('',#12392,1.0);
#10090=CARTESIAN_POINT('',(-4.9,3.35,0.69));
#10091=CARTESIAN_POINT('',(-4.9,3.35,1.60000000000001));
#10092=VECTOR('',#12393,1.0);
#10093=CARTESIAN_POINT('',(-3.9,3.35,0.689999999999999));
#10094=CARTESIAN_POINT('',(48.51,3.35,0.689999999999988));
#10095=VECTOR('',#12394,1.0);
#10096=CARTESIAN_POINT('',(-3.9,3.35,0.83));
#10097=CARTESIAN_POINT('',(-3.9,3.35,1.60000000000001));
#10098=VECTOR('',#12395,1.0);
#10099=CARTESIAN_POINT('',(48.51,3.35,0.830000000000014));
#10100=VECTOR('',#12396,1.0);
#10101=CARTESIAN_POINT('',(-4.9,3.35,1.42));
#10102=CARTESIAN_POINT('',(48.51,3.35,1.42000000000001));
#10103=VECTOR('',#12397,1.0);
#10104=CARTESIAN_POINT('',(-4.89999999999999,3.35,1.60000000000001));
#10105=CARTESIAN_POINT('',(-4.9,3.35,1.60000000000001));
#10106=VECTOR('',#12398,1.0);
#10107=CARTESIAN_POINT('',(4.90000000000002,3.35,1.60000000000001));
#10108=CARTESIAN_POINT('',(48.51,3.35,1.60000000000001));
#10109=VECTOR('',#12399,1.0);
#10110=CARTESIAN_POINT('',(4.9,3.35,1.42));
#10111=CARTESIAN_POINT('',(4.9,3.35,1.60000000000001));
#10112=VECTOR('',#12400,1.0);
#10113=CARTESIAN_POINT('',(48.51,3.35,1.41999999999999));
#10114=VECTOR('',#12401,1.0);
#10115=CARTESIAN_POINT('',(3.9,3.35,0.83));
#10116=CARTESIAN_POINT('',(48.51,3.35,0.829999999999988));
#10117=VECTOR('',#12402,1.0);
#10118=CARTESIAN_POINT('',(3.9,3.35,1.60000000000001));
#10119=VECTOR('',#12403,1.0);
#10120=CARTESIAN_POINT('',(4.9,3.35,0.239999999999996));
#10121=CARTESIAN_POINT('',(4.9,3.35,1.60000000000001));
#10122=VECTOR('',#12404,1.0);
#10123=CARTESIAN_POINT('',(3.565,3.35,0.239999999999997));
#10124=CARTESIAN_POINT('',(4.9,3.35,0.239999999999996));
#10125=VECTOR('',#12405,1.0);
#10126=CARTESIAN_POINT('',(3.565,3.35,-8.67361737988404E-16));
#10127=CARTESIAN_POINT('',(3.565,3.35,0.239999999999997));
#10128=VECTOR('',#12406,1.0);
#10129=CARTESIAN_POINT('',(2.6,3.35,3.25260651745651E-16));
#10130=CARTESIAN_POINT('',(48.51,3.35,-1.73472347597681E-15));
#10131=VECTOR('',#12407,1.0);
#10132=CARTESIAN_POINT('',(2.6,3.35,0.770000000000063));
#10133=CARTESIAN_POINT('',(2.6,3.35,1.60000000000001));
#10134=VECTOR('',#12408,1.0);
#10135=CARTESIAN_POINT('',(2.4,3.35,0.770000000000063));
#10136=CARTESIAN_POINT('',(2.6,3.35,0.770000000000063));
#10137=VECTOR('',#12409,1.0);
#10138=CARTESIAN_POINT('',(2.40000000000001,3.35,-1.73472347597681E-15));
#10139=CARTESIAN_POINT('',(2.4,3.35,1.60000000000001));
#10140=VECTOR('',#12410,1.0);
#10141=CARTESIAN_POINT('',(2.1,3.35,3.25260651745651E-16));
#10142=CARTESIAN_POINT('',(48.51,3.35,-1.73472347597681E-15));
#10143=VECTOR('',#12411,1.0);
#10144=CARTESIAN_POINT('',(2.1,3.35,0.770000000000063));
#10145=CARTESIAN_POINT('',(2.1,3.35,1.60000000000001));
#10146=VECTOR('',#12412,1.0);
#10147=CARTESIAN_POINT('',(1.9,3.35,0.770000000000063));
#10148=CARTESIAN_POINT('',(2.1,3.35,0.770000000000063));
#10149=VECTOR('',#12413,1.0);
#10150=CARTESIAN_POINT('',(1.90000000000001,3.35,-1.73472347597681E-15));
#10151=CARTESIAN_POINT('',(1.9,3.35,1.60000000000001));
#10152=VECTOR('',#12414,1.0);
#10153=CARTESIAN_POINT('',(1.6,3.35,3.25260651745651E-16));
#10154=CARTESIAN_POINT('',(48.51,3.35,-1.73472347597681E-15));
#10155=VECTOR('',#12415,1.0);
#10156=CARTESIAN_POINT('',(1.6,3.35,0.770000000000063));
#10157=CARTESIAN_POINT('',(1.6,3.35,1.60000000000001));
#10158=VECTOR('',#12416,1.0);
#10159=CARTESIAN_POINT('',(1.4,3.35,0.770000000000063));
#10160=CARTESIAN_POINT('',(1.6,3.35,0.770000000000063));
#10161=VECTOR('',#12417,1.0);
#10162=CARTESIAN_POINT('',(1.40000000000001,3.35,-1.73472347597681E-15));
#10163=CARTESIAN_POINT('',(1.4,3.35,1.60000000000001));
#10164=VECTOR('',#12418,1.0);
#10165=CARTESIAN_POINT('',(1.1,3.35,3.25260651745651E-16));
#10166=CARTESIAN_POINT('',(48.51,3.35,-1.73472347597681E-15));
#10167=VECTOR('',#12419,1.0);
#10168=CARTESIAN_POINT('',(1.1,3.35,0.770000000000063));
#10169=CARTESIAN_POINT('',(1.1,3.35,1.60000000000001));
#10170=VECTOR('',#12420,1.0);
#10171=CARTESIAN_POINT('',(0.9,3.35,0.770000000000063));
#10172=CARTESIAN_POINT('',(1.1,3.35,0.770000000000063));
#10173=VECTOR('',#12421,1.0);
#10174=CARTESIAN_POINT('',(0.900000000000012,3.35,-1.73472347597681E-15));
#10175=CARTESIAN_POINT('',(0.899999999999998,3.35,1.60000000000001));
#10176=VECTOR('',#12422,1.0);
#10177=CARTESIAN_POINT('',(0.6,3.35,3.25260651745651E-16));
#10178=CARTESIAN_POINT('',(48.51,3.35,-1.73472347597681E-15));
#10179=VECTOR('',#12423,1.0);
#10180=CARTESIAN_POINT('',(0.6,3.35,0.770000000000063));
#10181=CARTESIAN_POINT('',(0.600000000000003,3.35,1.60000000000001));
#10182=VECTOR('',#12424,1.0);
#10183=CARTESIAN_POINT('',(0.4,3.35,0.770000000000063));
#10184=CARTESIAN_POINT('',(0.6,3.35,0.770000000000063));
#10185=VECTOR('',#12425,1.0);
#10186=CARTESIAN_POINT('',(0.400000000000011,3.35,-1.73472347597681E-15));
#10187=CARTESIAN_POINT('',(0.399999999999998,3.35,1.60000000000001));
#10188=VECTOR('',#12426,1.0);
#10189=CARTESIAN_POINT('',(0.1,3.35,3.25260651745651E-16));
#10190=CARTESIAN_POINT('',(48.51,3.35,-1.73472347597681E-15));
#10191=VECTOR('',#12427,1.0);
#10192=CARTESIAN_POINT('',(0.1,3.35,0.770000000000063));
#10193=CARTESIAN_POINT('',(0.100000000000003,3.35,1.60000000000001));
#10194=VECTOR('',#12428,1.0);
#10195=CARTESIAN_POINT('',(-0.1,3.35,0.770000000000063));
#10196=CARTESIAN_POINT('',(0.1,3.35,0.770000000000063));
#10197=VECTOR('',#12429,1.0);
#10198=CARTESIAN_POINT('',(-0.099999999999989,3.35,-1.73472347597681E-15));
#10199=CARTESIAN_POINT('',(-0.100000000000003,3.35,1.60000000000001));
#10200=VECTOR('',#12430,1.0);
#10201=CARTESIAN_POINT('',(-0.4,3.35,3.25260651745651E-16));
#10202=CARTESIAN_POINT('',(48.51,3.35,-1.73472347597681E-15));
#10203=VECTOR('',#12431,1.0);
#10204=CARTESIAN_POINT('',(-0.4,3.35,0.770000000000063));
#10205=CARTESIAN_POINT('',(-0.399999999999998,3.35,1.60000000000001));
#10206=VECTOR('',#12432,1.0);
#10207=CARTESIAN_POINT('',(-0.6,3.35,0.770000000000063));
#10208=CARTESIAN_POINT('',(-0.4,3.35,0.770000000000063));
#10209=VECTOR('',#12433,1.0);
#10210=CARTESIAN_POINT('',(-0.599999999999983,3.35,-1.73472347597681E-15));
#10211=CARTESIAN_POINT('',(-0.600000000000003,3.35,1.60000000000001));
#10212=VECTOR('',#12434,1.0);
#10213=CARTESIAN_POINT('',(-0.9,3.35,3.25260651745651E-16));
#10214=CARTESIAN_POINT('',(48.51,3.35,-1.73472347597681E-15));
#10215=VECTOR('',#12435,1.0);
#10216=CARTESIAN_POINT('',(-0.9,3.35,0.770000000000063));
#10217=CARTESIAN_POINT('',(-0.899999999999998,3.35,1.60000000000001));
#10218=VECTOR('',#12436,1.0);
#10219=CARTESIAN_POINT('',(-1.1,3.35,0.770000000000063));
#10220=CARTESIAN_POINT('',(-0.9,3.35,0.770000000000063));
#10221=VECTOR('',#12437,1.0);
#10222=CARTESIAN_POINT('',(-1.09999999999998,3.35,-1.73472347597681E-15));
#10223=CARTESIAN_POINT('',(-1.1,3.35,1.60000000000001));
#10224=VECTOR('',#12438,1.0);
#10225=CARTESIAN_POINT('',(-1.4,3.35,3.25260651745651E-16));
#10226=CARTESIAN_POINT('',(48.51,3.35,-1.73472347597681E-15));
#10227=VECTOR('',#12439,1.0);
#10228=CARTESIAN_POINT('',(-1.4,3.35,0.770000000000063));
#10229=CARTESIAN_POINT('',(-1.4,3.35,1.60000000000001));
#10230=VECTOR('',#12440,1.0);
#10231=CARTESIAN_POINT('',(-1.6,3.35,0.770000000000063));
#10232=CARTESIAN_POINT('',(-1.4,3.35,0.770000000000063));
#10233=VECTOR('',#12441,1.0);
#10234=CARTESIAN_POINT('',(-1.59999999999998,3.35,-1.73472347597681E-15));
#10235=CARTESIAN_POINT('',(-1.6,3.35,1.60000000000001));
#10236=VECTOR('',#12442,1.0);
#10237=CARTESIAN_POINT('',(-1.9,3.35,3.25260651745651E-16));
#10238=CARTESIAN_POINT('',(48.51,3.35,-1.73472347597681E-15));
#10239=VECTOR('',#12443,1.0);
#10240=CARTESIAN_POINT('',(-1.9,3.35,0.770000000000063));
#10241=CARTESIAN_POINT('',(-1.9,3.35,1.60000000000001));
#10242=VECTOR('',#12444,1.0);
#10243=CARTESIAN_POINT('',(-2.1,3.35,0.770000000000063));
#10244=CARTESIAN_POINT('',(-1.9,3.35,0.770000000000063));
#10245=VECTOR('',#12445,1.0);
#10246=CARTESIAN_POINT('',(-2.09999999999998,3.35,-1.73472347597681E-15));
#10247=CARTESIAN_POINT('',(-2.1,3.35,1.60000000000001));
#10248=VECTOR('',#12446,1.0);
#10249=CARTESIAN_POINT('',(48.51,3.35,-1.73472347597681E-15));
#10250=VECTOR('',#12447,1.0);
#10251=CARTESIAN_POINT('',(-4.9,0.55,1.42));
#10252=CARTESIAN_POINT('',(-4.9,3.5,1.42));
#10253=VECTOR('',#12448,1.0);
#10254=CARTESIAN_POINT('',(-4.9,0.55,0.69));
#10255=CARTESIAN_POINT('',(-4.9,0.55,1.42));
#10256=VECTOR('',#12449,1.0);
#10257=CARTESIAN_POINT('',(-4.9,3.5,0.69));
#10258=VECTOR('',#12450,1.0);
#10259=CARTESIAN_POINT('',(-4.9,0.0500000000000014,0.239999999999996));
#10260=CARTESIAN_POINT('',(-4.9,33.165,0.239999999999996));
#10261=VECTOR('',#12451,1.0);
#10262=CARTESIAN_POINT('',(-4.9,0.0499999999999998,18.81));
#10263=VECTOR('',#12452,1.0);
#10264=CARTESIAN_POINT('',(-4.9,3.5,1.75000000000001));
#10265=CARTESIAN_POINT('',(-4.9,3.5,1.9));
#10266=VECTOR('',#12453,1.0);
#10267=CARTESIAN_POINT('',(-4.9,3.5,1.75000000000001));
#10268=VECTOR('',#12454,1.0);
#10269=CARTESIAN_POINT('',(3.9,2.725,0.239999999999997));
#10270=CARTESIAN_POINT('',(3.9,2.725,18.81));
#10271=VECTOR('',#12455,1.0);
#10272=AXIS2_PLACEMENT_3D('',#12456,#12457,#12458);
#10273=CARTESIAN_POINT('',(4.9,0.55,1.42));
#10274=CARTESIAN_POINT('',(4.9,0.55,1.42));
#10275=VECTOR('',#12459,1.0);
#10276=CARTESIAN_POINT('',(4.9,3.5,1.42));
#10277=VECTOR('',#12460,1.0);
#10278=CARTESIAN_POINT('',(4.90000000000002,3.5,1.75000000000001));
#10279=CARTESIAN_POINT('',(4.9,3.5,1.75000000000001));
#10280=VECTOR('',#12461,1.0);
#10281=CARTESIAN_POINT('',(4.9,3.5,2.22044604925031E-16));
#10282=VECTOR('',#12462,1.0);
#10283=CARTESIAN_POINT('',(4.9,0.0500000000000014,0.239999999999996));
#10284=CARTESIAN_POINT('',(4.9,0.0499999999999998,18.81));
#10285=VECTOR('',#12463,1.0);
#10286=CARTESIAN_POINT('',(4.9,33.165,0.239999999999996));
#10287=VECTOR('',#12464,1.0);
#10288=CARTESIAN_POINT('',(-3.9,0.0,0.830000000000001));
#10289=VECTOR('',#12465,1.0);
#10290=CARTESIAN_POINT('',(-3.45,1.9,0.830000000000001));
#10291=CARTESIAN_POINT('',(-3.45,0.0,0.830000000000001));
#10292=VECTOR('',#12466,1.0);
#10293=CARTESIAN_POINT('',(-3.45,1.9,0.830000000000001));
#10294=VECTOR('',#12467,1.0);
#10295=CARTESIAN_POINT('',(4.4,0.55,1.42));
#10296=CARTESIAN_POINT('',(4.4,0.550000000000002,1.42));
#10297=VECTOR('',#12468,1.0);
#10298=CARTESIAN_POINT('',(4.4,0.0500000000000014,1.42));
#10299=CARTESIAN_POINT('',(4.4,0.0499999999999999,18.81));
#10300=VECTOR('',#12469,1.0);
#10301=CARTESIAN_POINT('',(4.4,34.65,1.42));
#10302=VECTOR('',#12470,1.0);
#10303=CARTESIAN_POINT('',(3.9,2.725,0.830000000000001));
#10304=VECTOR('',#12471,1.0);
#10305=CARTESIAN_POINT('',(3.45,1.9,0.829999999999999));
#10306=CARTESIAN_POINT('',(3.6,2.05,0.829999999999999));
#10307=VECTOR('',#12472,1.0);
#10308=CARTESIAN_POINT('',(3.45,1.9,0.829999999999999));
#10309=VECTOR('',#12473,1.0);
#10310=CARTESIAN_POINT('',(3.565,0.0,-8.67361737988404E-16));
#10311=CARTESIAN_POINT('',(3.565,0.0,0.239999999999997));
#10312=VECTOR('',#12474,1.0);
#10313=CARTESIAN_POINT('',(2.985,-5.23536506635479E-17,0.589999999999996));
#10314=CARTESIAN_POINT('',(2.985,-1.47284765356189E-16,1.42));
#10315=VECTOR('',#12475,1.0);
#10316=CARTESIAN_POINT('',(2.95,-5.23536506635479E-17,0.589999999999996));
#10317=CARTESIAN_POINT('',(2.985,-5.23536506635479E-17,0.589999999999996));
#10318=VECTOR('',#12476,1.0);
#10319=CARTESIAN_POINT('',(2.95,0.0,3.00038465791101E-16));
#10320=CARTESIAN_POINT('',(2.95,-3.68628738645072E-15,0.59));
#10321=VECTOR('',#12477,1.0);
#10322=CARTESIAN_POINT('',(-4.9,0.0,3.00038465791101E-16));
#10323=VECTOR('',#12478,1.0);
#10324=CARTESIAN_POINT('',(-2.985,0.0,0.589999999999996));
#10325=VECTOR('',#12479,1.0);
#10326=CARTESIAN_POINT('',(-2.985,2.1,0.629999999999995));
#10327=VECTOR('',#12480,1.0);
#10328=CARTESIAN_POINT('',(-2.985,1.58,1.42));
#10329=VECTOR('',#12481,1.0);
#10330=CARTESIAN_POINT('',(-3.565,33.165,-8.73173167792063E-16));
#10331=VECTOR('',#12482,1.0);
#10332=CARTESIAN_POINT('',(48.51,3.35,-1.73472347597681E-15));
#10333=VECTOR('',#12483,1.0);
#10334=CARTESIAN_POINT('',(48.51,3.35,-1.73472347597681E-15));
#10335=VECTOR('',#12484,1.0);
#10336=CARTESIAN_POINT('',(48.51,3.35,-1.73472347597681E-15));
#10337=VECTOR('',#12485,1.0);
#10338=CARTESIAN_POINT('',(48.51,3.35,-1.73472347597681E-15));
#10339=VECTOR('',#12486,1.0);
#10340=CARTESIAN_POINT('',(48.51,3.35,-1.73472347597681E-15));
#10341=VECTOR('',#12487,1.0);
#10342=CARTESIAN_POINT('',(48.51,3.35,-1.73472347597681E-15));
#10343=VECTOR('',#12488,1.0);
#10344=CARTESIAN_POINT('',(48.51,3.35,-1.73472347597681E-15));
#10345=VECTOR('',#12489,1.0);
#10346=CARTESIAN_POINT('',(48.51,3.35,-1.73472347597681E-15));
#10347=VECTOR('',#12490,1.0);
#10348=CARTESIAN_POINT('',(48.51,3.35,-1.73472347597681E-15));
#10349=VECTOR('',#12491,1.0);
#10350=CARTESIAN_POINT('',(48.51,3.35,-1.73472347597681E-15));
#10351=VECTOR('',#12492,1.0);
#10352=CARTESIAN_POINT('',(48.51,3.35,-1.73472347597681E-15));
#10353=VECTOR('',#12493,1.0);
#10354=CARTESIAN_POINT('',(3.565,33.165,-8.67361737988404E-16));
#10355=VECTOR('',#12494,1.0);
#10356=CARTESIAN_POINT('',(2.95,-0.799999999999992,0.0));
#10357=CARTESIAN_POINT('',(2.95,-0.799999999999992,0.0));
#10358=VECTOR('',#12495,1.0);
#10359=CARTESIAN_POINT('',(-2.95,-0.8,0.0));
#10360=CARTESIAN_POINT('',(-2.95,-0.8,0.0));
#10361=VECTOR('',#12496,1.0);
#10362=CARTESIAN_POINT('',(-2.95,-3.66373598126302E-15,0.0));
#10363=VECTOR('',#12497,1.0);
#10364=CARTESIAN_POINT('',(-4.25,0.55,0.689999999999999));
#10365=CARTESIAN_POINT('',(-4.25,0.55,18.81));
#10366=VECTOR('',#12498,1.0);
#10367=CARTESIAN_POINT('',(-4.25,0.0499999999999997,0.239999999999997));
#10368=CARTESIAN_POINT('',(-4.25,0.0499999999999997,18.81));
#10369=VECTOR('',#12499,1.0);
#10370=CARTESIAN_POINT('',(-4.25,2.725,0.239999999999997));
#10371=CARTESIAN_POINT('',(-4.25,2.725,0.239999999999997));
#10372=VECTOR('',#12500,1.0);
#10373=CARTESIAN_POINT('',(-4.25,2.725,0.69));
#10374=CARTESIAN_POINT('',(-4.25,2.725,18.81));
#10375=VECTOR('',#12501,1.0);
#10376=CARTESIAN_POINT('',(-4.25,2.725,0.69));
#10377=VECTOR('',#12502,1.0);
#10378=CARTESIAN_POINT('',(-4.25,2.725,0.69));
#10379=VECTOR('',#12503,1.0);
#10380=CARTESIAN_POINT('',(-3.9,2.725,0.689999999999999));
#10381=CARTESIAN_POINT('',(-3.9,3.5,0.689999999999999));
#10382=VECTOR('',#12504,1.0);
#10383=CARTESIAN_POINT('',(-3.9,2.725,0.239999999999997));
#10384=CARTESIAN_POINT('',(-3.9,2.725,18.81));
#10385=VECTOR('',#12505,1.0);
#10386=CARTESIAN_POINT('',(-3.9,0.0,0.239999999999997));
#10387=VECTOR('',#12506,1.0);
#10388=AXIS2_PLACEMENT_3D('',#12507,#12508,#12509);
#10389=AXIS2_PLACEMENT_3D('',#12510,#12511,#12512);
#10390=CARTESIAN_POINT('',(3.9,2.725,0.239999999999997));
#10391=VECTOR('',#12513,1.0);
#10392=CARTESIAN_POINT('',(4.89999999999999,0.0499999999999998,0.239999999999997));
#10393=VECTOR('',#12514,1.0);
#10394=CARTESIAN_POINT('',(4.25,0.05,1.42));
#10395=CARTESIAN_POINT('',(4.25,0.05,18.81));
#10396=VECTOR('',#12515,1.0);
#10397=CARTESIAN_POINT('',(4.9,0.0499999999999998,1.42));
#10398=VECTOR('',#12516,1.0);
#10399=CARTESIAN_POINT('',(4.25,2.725,1.42));
#10400=CARTESIAN_POINT('',(4.25,2.725,18.81));
#10401=VECTOR('',#12517,1.0);
#10402=CARTESIAN_POINT('',(4.25,0.0499999999999998,1.42));
#10403=VECTOR('',#12518,1.0);
#10404=AXIS2_PLACEMENT_3D('',#12519,#12520,#12521);
#10405=CARTESIAN_POINT('',(48.51,3.5,1.75000000000001));
#10406=VECTOR('',#12522,1.0);
#10407=CARTESIAN_POINT('',(-4.25,2.725,1.42));
#10408=CARTESIAN_POINT('',(-4.25,0.0499999999999997,1.42));
#10409=CARTESIAN_POINT('',(-4.25,2.725,1.42));
#10410=VECTOR('',#12523,1.0);
#10411=CARTESIAN_POINT('',(-4.25,2.725,18.81));
#10412=VECTOR('',#12524,1.0);
#10413=CARTESIAN_POINT('',(-4.25,0.0499999999999997,18.81));
#10414=VECTOR('',#12525,1.0);
#10415=CARTESIAN_POINT('',(-4.4,0.0500000000000014,1.42));
#10416=CARTESIAN_POINT('',(-4.4,0.0499999999999999,18.81));
#10417=VECTOR('',#12526,1.0);
#10418=CARTESIAN_POINT('',(-4.25,0.05,1.42));
#10419=VECTOR('',#12527,1.0);
#10420=CARTESIAN_POINT('',(-4.24999999999999,0.05,0.239999999999997));
#10421=VECTOR('',#12528,1.0);
#10422=AXIS2_PLACEMENT_3D('',#12529,#12530,#12531);
#10423=CARTESIAN_POINT('',(-2.95,-0.8,0.59));
#10424=CARTESIAN_POINT('',(-2.95,-0.8,0.59));
#10425=VECTOR('',#12532,1.0);
#10426=CARTESIAN_POINT('',(-2.95,-3.66373598126302E-15,0.59));
#10427=VECTOR('',#12533,1.0);
#10428=CARTESIAN_POINT('',(2.95,-0.799999999999992,0.59));
#10429=CARTESIAN_POINT('',(2.95,-0.799999999999992,0.59));
#10430=VECTOR('',#12534,1.0);
#10431=CARTESIAN_POINT('',(-2.95,-0.8,0.59));
#10432=VECTOR('',#12535,1.0);
#10433=CARTESIAN_POINT('',(2.95,-0.799999999999992,0.59));
#10434=VECTOR('',#12536,1.0);
#10435=CARTESIAN_POINT('',(-2.4,0.102196117772227,0.59));
#10436=CARTESIAN_POINT('',(-2.4,0.0,0.59));
#10437=VECTOR('',#12537,1.0);
#10438=CARTESIAN_POINT('',(-2.6,0.102196117772227,0.59));
#10439=CARTESIAN_POINT('',(0.0,0.102196117772227,0.59));
#10440=VECTOR('',#12538,1.0);
#10441=CARTESIAN_POINT('',(-2.6,0.0,0.59));
#10442=VECTOR('',#12539,1.0);
#10443=CARTESIAN_POINT('',(2.985,1.71,0.589999999999996));
#10444=CARTESIAN_POINT('',(2.985,0.0,0.589999999999996));
#10445=VECTOR('',#12540,1.0);
#10446=CARTESIAN_POINT('',(2.6,1.71,0.589999999999996));
#10447=CARTESIAN_POINT('',(2.985,1.71,0.589999999999996));
#10448=VECTOR('',#12541,1.0);
#10449=CARTESIAN_POINT('',(2.6,0.102196117772227,0.59));
#10450=CARTESIAN_POINT('',(2.6,0.0,0.59));
#10451=VECTOR('',#12542,1.0);
#10452=CARTESIAN_POINT('',(2.4,0.102196117772227,0.59));
#10453=CARTESIAN_POINT('',(0.0,0.102196117772227,0.59));
#10454=VECTOR('',#12543,1.0);
#10455=CARTESIAN_POINT('',(2.4,0.0,0.59));
#10456=VECTOR('',#12544,1.0);
#10457=CARTESIAN_POINT('',(2.1,0.102196117772227,0.59));
#10458=CARTESIAN_POINT('',(2.1,0.0,0.59));
#10459=VECTOR('',#12545,1.0);
#10460=CARTESIAN_POINT('',(1.9,0.102196117772227,0.59));
#10461=CARTESIAN_POINT('',(0.0,0.102196117772227,0.59));
#10462=VECTOR('',#12546,1.0);
#10463=CARTESIAN_POINT('',(1.9,0.0,0.59));
#10464=VECTOR('',#12547,1.0);
#10465=CARTESIAN_POINT('',(1.6,0.102196117772227,0.59));
#10466=CARTESIAN_POINT('',(1.6,0.0,0.59));
#10467=VECTOR('',#12548,1.0);
#10468=CARTESIAN_POINT('',(1.4,0.102196117772227,0.59));
#10469=CARTESIAN_POINT('',(0.0,0.102196117772227,0.59));
#10470=VECTOR('',#12549,1.0);
#10471=CARTESIAN_POINT('',(1.4,0.0,0.59));
#10472=VECTOR('',#12550,1.0);
#10473=CARTESIAN_POINT('',(1.1,0.102196117772227,0.59));
#10474=CARTESIAN_POINT('',(1.1,0.0,0.59));
#10475=VECTOR('',#12551,1.0);
#10476=CARTESIAN_POINT('',(0.9,0.102196117772227,0.59));
#10477=CARTESIAN_POINT('',(0.0,0.102196117772227,0.59));
#10478=VECTOR('',#12552,1.0);
#10479=CARTESIAN_POINT('',(0.9,0.0,0.59));
#10480=VECTOR('',#12553,1.0);
#10481=CARTESIAN_POINT('',(0.6,0.102196117772227,0.59));
#10482=CARTESIAN_POINT('',(0.6,0.0,0.59));
#10483=VECTOR('',#12554,1.0);
#10484=CARTESIAN_POINT('',(0.4,0.102196117772227,0.59));
#10485=CARTESIAN_POINT('',(0.0,0.102196117772227,0.59));
#10486=VECTOR('',#12555,1.0);
#10487=CARTESIAN_POINT('',(0.4,0.0,0.59));
#10488=VECTOR('',#12556,1.0);
#10489=CARTESIAN_POINT('',(0.1,0.102196117772227,0.59));
#10490=CARTESIAN_POINT('',(0.1,0.0,0.59));
#10491=VECTOR('',#12557,1.0);
#10492=CARTESIAN_POINT('',(-0.1,0.102196117772227,0.59));
#10493=CARTESIAN_POINT('',(0.0,0.102196117772227,0.59));
#10494=VECTOR('',#12558,1.0);
#10495=CARTESIAN_POINT('',(-0.1,0.0,0.59));
#10496=VECTOR('',#12559,1.0);
#10497=CARTESIAN_POINT('',(-0.4,0.102196117772227,0.59));
#10498=CARTESIAN_POINT('',(-0.4,0.0,0.59));
#10499=VECTOR('',#12560,1.0);
#10500=CARTESIAN_POINT('',(-0.6,0.102196117772227,0.59));
#10501=CARTESIAN_POINT('',(0.0,0.102196117772227,0.59));
#10502=VECTOR('',#12561,1.0);
#10503=CARTESIAN_POINT('',(-0.6,0.0,0.59));
#10504=VECTOR('',#12562,1.0);
#10505=CARTESIAN_POINT('',(-0.9,0.102196117772227,0.59));
#10506=CARTESIAN_POINT('',(-0.9,0.0,0.59));
#10507=VECTOR('',#12563,1.0);
#10508=CARTESIAN_POINT('',(-1.1,0.102196117772227,0.59));
#10509=CARTESIAN_POINT('',(0.0,0.102196117772227,0.59));
#10510=VECTOR('',#12564,1.0);
#10511=CARTESIAN_POINT('',(-1.1,0.0,0.59));
#10512=VECTOR('',#12565,1.0);
#10513=CARTESIAN_POINT('',(-1.4,0.102196117772227,0.59));
#10514=CARTESIAN_POINT('',(-1.4,0.0,0.59));
#10515=VECTOR('',#12566,1.0);
#10516=CARTESIAN_POINT('',(-1.6,0.102196117772227,0.59));
#10517=CARTESIAN_POINT('',(0.0,0.102196117772227,0.59));
#10518=VECTOR('',#12567,1.0);
#10519=CARTESIAN_POINT('',(-1.6,0.0,0.59));
#10520=VECTOR('',#12568,1.0);
#10521=CARTESIAN_POINT('',(-1.9,0.102196117772227,0.59));
#10522=CARTESIAN_POINT('',(-1.9,0.0,0.59));
#10523=VECTOR('',#12569,1.0);
#10524=CARTESIAN_POINT('',(-2.1,0.102196117772227,0.59));
#10525=CARTESIAN_POINT('',(0.0,0.102196117772227,0.59));
#10526=VECTOR('',#12570,1.0);
#10527=CARTESIAN_POINT('',(-2.1,0.0,0.59));
#10528=VECTOR('',#12571,1.0);
#10529=CARTESIAN_POINT('',(2.6,2.1,0.629999999999995));
#10530=CARTESIAN_POINT('',(2.6,1.71,0.589999999999996));
#10531=VECTOR('',#12572,1.0);
#10532=CARTESIAN_POINT('',(2.985,2.1,0.629999999999995));
#10533=CARTESIAN_POINT('',(2.985,1.71,0.589999999999996));
#10534=VECTOR('',#12573,1.0);
#10535=CARTESIAN_POINT('',(2.985,2.1,0.629999999999995));
#10536=VECTOR('',#12574,1.0);
#10537=CARTESIAN_POINT('',(-2.4,2.1,0.638202550244322));
#10538=CARTESIAN_POINT('',(-2.4,2.1,0.629999999999995));
#10539=VECTOR('',#12575,1.0);
#10540=CARTESIAN_POINT('',(-2.1,2.1,0.638202550244322));
#10541=CARTESIAN_POINT('',(-2.1,2.1,0.629999999999995));
#10542=VECTOR('',#12576,1.0);
#10543=CARTESIAN_POINT('',(-1.9,2.1,0.638202550244322));
#10544=CARTESIAN_POINT('',(2.985,2.1,0.638202550244322));
#10545=VECTOR('',#12577,1.0);
#10546=CARTESIAN_POINT('',(-1.9,2.1,0.629999999999995));
#10547=VECTOR('',#12578,1.0);
#10548=CARTESIAN_POINT('',(-1.6,2.1,0.638202550244322));
#10549=CARTESIAN_POINT('',(-1.6,2.1,0.629999999999995));
#10550=VECTOR('',#12579,1.0);
#10551=CARTESIAN_POINT('',(-1.4,2.1,0.638202550244322));
#10552=CARTESIAN_POINT('',(2.985,2.1,0.638202550244322));
#10553=VECTOR('',#12580,1.0);
#10554=CARTESIAN_POINT('',(-1.4,2.1,0.629999999999995));
#10555=VECTOR('',#12581,1.0);
#10556=CARTESIAN_POINT('',(-1.1,2.1,0.638202550244322));
#10557=CARTESIAN_POINT('',(-1.1,2.1,0.629999999999995));
#10558=VECTOR('',#12582,1.0);
#10559=CARTESIAN_POINT('',(-0.9,2.1,0.638202550244322));
#10560=CARTESIAN_POINT('',(2.985,2.1,0.638202550244322));
#10561=VECTOR('',#12583,1.0);
#10562=CARTESIAN_POINT('',(-0.9,2.1,0.629999999999995));
#10563=VECTOR('',#12584,1.0);
#10564=CARTESIAN_POINT('',(-0.6,2.1,0.638202550244322));
#10565=CARTESIAN_POINT('',(-0.6,2.1,0.629999999999995));
#10566=VECTOR('',#12585,1.0);
#10567=CARTESIAN_POINT('',(-0.4,2.1,0.638202550244322));
#10568=CARTESIAN_POINT('',(2.985,2.1,0.638202550244322));
#10569=VECTOR('',#12586,1.0);
#10570=CARTESIAN_POINT('',(-0.4,2.1,0.629999999999995));
#10571=VECTOR('',#12587,1.0);
#10572=CARTESIAN_POINT('',(-0.0999999999999999,2.1,0.638202550244322));
#10573=CARTESIAN_POINT('',(-0.0999999999999998,2.1,0.629999999999995));
#10574=VECTOR('',#12588,1.0);
#10575=CARTESIAN_POINT('',(0.0999999999999999,2.1,0.638202550244322));
#10576=CARTESIAN_POINT('',(2.985,2.1,0.638202550244322));
#10577=VECTOR('',#12589,1.0);
#10578=CARTESIAN_POINT('',(0.0999999999999998,2.1,0.629999999999995));
#10579=VECTOR('',#12590,1.0);
#10580=CARTESIAN_POINT('',(0.4,2.1,0.638202550244322));
#10581=CARTESIAN_POINT('',(0.4,2.1,0.629999999999995));
#10582=VECTOR('',#12591,1.0);
#10583=CARTESIAN_POINT('',(0.6,2.1,0.638202550244322));
#10584=CARTESIAN_POINT('',(2.985,2.1,0.638202550244322));
#10585=VECTOR('',#12592,1.0);
#10586=CARTESIAN_POINT('',(0.6,2.1,0.629999999999995));
#10587=VECTOR('',#12593,1.0);
#10588=CARTESIAN_POINT('',(0.9,2.1,0.638202550244322));
#10589=CARTESIAN_POINT('',(0.9,2.1,0.629999999999995));
#10590=VECTOR('',#12594,1.0);
#10591=CARTESIAN_POINT('',(1.1,2.1,0.638202550244322));
#10592=CARTESIAN_POINT('',(2.985,2.1,0.638202550244322));
#10593=VECTOR('',#12595,1.0);
#10594=CARTESIAN_POINT('',(1.1,2.1,0.629999999999995));
#10595=VECTOR('',#12596,1.0);
#10596=CARTESIAN_POINT('',(1.4,2.1,0.638202550244322));
#10597=CARTESIAN_POINT('',(1.4,2.1,0.629999999999995));
#10598=VECTOR('',#12597,1.0);
#10599=CARTESIAN_POINT('',(1.6,2.1,0.638202550244322));
#10600=CARTESIAN_POINT('',(2.985,2.1,0.638202550244322));
#10601=VECTOR('',#12598,1.0);
#10602=CARTESIAN_POINT('',(1.6,2.1,0.629999999999995));
#10603=VECTOR('',#12599,1.0);
#10604=CARTESIAN_POINT('',(1.9,2.1,0.638202550244322));
#10605=CARTESIAN_POINT('',(1.9,2.1,0.629999999999995));
#10606=VECTOR('',#12600,1.0);
#10607=CARTESIAN_POINT('',(2.1,2.1,0.638202550244322));
#10608=CARTESIAN_POINT('',(2.985,2.1,0.638202550244322));
#10609=VECTOR('',#12601,1.0);
#10610=CARTESIAN_POINT('',(2.1,2.1,0.629999999999995));
#10611=VECTOR('',#12602,1.0);
#10612=CARTESIAN_POINT('',(2.4,2.1,0.638202550244322));
#10613=CARTESIAN_POINT('',(2.4,2.1,0.629999999999995));
#10614=VECTOR('',#12603,1.0);
#10615=CARTESIAN_POINT('',(2.6,2.1,0.638202550244322));
#10616=CARTESIAN_POINT('',(2.985,2.1,0.638202550244322));
#10617=VECTOR('',#12604,1.0);
#10618=CARTESIAN_POINT('',(2.6,2.1,0.629999999999995));
#10619=VECTOR('',#12605,1.0);
#10620=CARTESIAN_POINT('',(2.985,2.1,0.629999999999995));
#10621=VECTOR('',#12606,1.0);
#10622=CARTESIAN_POINT('',(-2.6,2.1,0.638202550244322));
#10623=CARTESIAN_POINT('',(-2.6,2.1,0.629999999999995));
#10624=VECTOR('',#12607,1.0);
#10625=CARTESIAN_POINT('',(2.985,2.1,0.638202550244322));
#10626=VECTOR('',#12608,1.0);
#10627=CARTESIAN_POINT('',(-4.4,0.55,1.42));
#10628=CARTESIAN_POINT('',(-4.4,34.65,1.42));
#10629=VECTOR('',#12609,1.0);
#10630=CARTESIAN_POINT('',(-3.9,0.55,1.42));
#10631=VECTOR('',#12610,1.0);
#10632=CARTESIAN_POINT('',(-3.45,1.9,1.42));
#10633=CARTESIAN_POINT('',(-3.45,1.9,1.42));
#10634=VECTOR('',#12611,1.0);
#10635=CARTESIAN_POINT('',(-3.45,0.0,1.42));
#10636=VECTOR('',#12612,1.0);
#10637=CARTESIAN_POINT('',(-2.6,0.216076951545906,1.42));
#10638=CARTESIAN_POINT('',(-2.6,1.58,1.42));
#10639=VECTOR('',#12613,1.0);
#10640=CARTESIAN_POINT('',(-2.4,0.216076951545906,1.42));
#10641=CARTESIAN_POINT('',(-2.4,0.216076951545906,1.42));
#10642=VECTOR('',#12614,1.0);
#10643=CARTESIAN_POINT('',(-2.4,1.58,1.42));
#10644=VECTOR('',#12615,1.0);
#10645=CARTESIAN_POINT('',(-2.1,0.216076951545906,1.42));
#10646=CARTESIAN_POINT('',(-2.1,1.58,1.42));
#10647=VECTOR('',#12616,1.0);
#10648=CARTESIAN_POINT('',(-1.9,0.216076951545906,1.42));
#10649=CARTESIAN_POINT('',(-1.9,0.216076951545906,1.42));
#10650=VECTOR('',#12617,1.0);
#10651=CARTESIAN_POINT('',(-1.9,1.58,1.42));
#10652=VECTOR('',#12618,1.0);
#10653=CARTESIAN_POINT('',(-1.6,0.216076951545906,1.42));
#10654=CARTESIAN_POINT('',(-1.6,1.58,1.42));
#10655=VECTOR('',#12619,1.0);
#10656=CARTESIAN_POINT('',(-1.4,0.216076951545906,1.42));
#10657=CARTESIAN_POINT('',(-1.4,0.216076951545906,1.42));
#10658=VECTOR('',#12620,1.0);
#10659=CARTESIAN_POINT('',(-1.4,1.58,1.42));
#10660=VECTOR('',#12621,1.0);
#10661=CARTESIAN_POINT('',(-1.1,0.216076951545906,1.42));
#10662=CARTESIAN_POINT('',(-1.1,1.58,1.42));
#10663=VECTOR('',#12622,1.0);
#10664=CARTESIAN_POINT('',(-0.9,0.216076951545906,1.42));
#10665=CARTESIAN_POINT('',(-0.9,0.216076951545906,1.42));
#10666=VECTOR('',#12623,1.0);
#10667=CARTESIAN_POINT('',(-0.9,1.58,1.42));
#10668=VECTOR('',#12624,1.0);
#10669=CARTESIAN_POINT('',(-0.6,0.216076951545906,1.42));
#10670=CARTESIAN_POINT('',(-0.6,1.58,1.42));
#10671=VECTOR('',#12625,1.0);
#10672=CARTESIAN_POINT('',(-0.4,0.216076951545906,1.42));
#10673=CARTESIAN_POINT('',(-0.4,0.216076951545906,1.42));
#10674=VECTOR('',#12626,1.0);
#10675=CARTESIAN_POINT('',(-0.4,1.58,1.42));
#10676=VECTOR('',#12627,1.0);
#10677=CARTESIAN_POINT('',(-0.1,0.216076951545906,1.42));
#10678=CARTESIAN_POINT('',(-0.0999999999999998,1.58,1.42));
#10679=VECTOR('',#12628,1.0);
#10680=CARTESIAN_POINT('',(0.1,0.216076951545906,1.42));
#10681=CARTESIAN_POINT('',(0.1,0.216076951545906,1.42));
#10682=VECTOR('',#12629,1.0);
#10683=CARTESIAN_POINT('',(0.0999999999999998,1.58,1.42));
#10684=VECTOR('',#12630,1.0);
#10685=CARTESIAN_POINT('',(0.4,0.216076951545906,1.42));
#10686=CARTESIAN_POINT('',(0.4,1.58,1.42));
#10687=VECTOR('',#12631,1.0);
#10688=CARTESIAN_POINT('',(0.6,0.216076951545906,1.42));
#10689=CARTESIAN_POINT('',(0.6,0.216076951545906,1.42));
#10690=VECTOR('',#12632,1.0);
#10691=CARTESIAN_POINT('',(0.6,1.58,1.42));
#10692=VECTOR('',#12633,1.0);
#10693=CARTESIAN_POINT('',(0.9,0.216076951545906,1.42));
#10694=CARTESIAN_POINT('',(0.9,1.58,1.42));
#10695=VECTOR('',#12634,1.0);
#10696=CARTESIAN_POINT('',(1.1,0.216076951545906,1.42));
#10697=CARTESIAN_POINT('',(1.1,0.216076951545906,1.42));
#10698=VECTOR('',#12635,1.0);
#10699=CARTESIAN_POINT('',(1.1,1.58,1.42));
#10700=VECTOR('',#12636,1.0);
#10701=CARTESIAN_POINT('',(1.4,0.216076951545906,1.42));
#10702=CARTESIAN_POINT('',(1.4,1.58,1.42));
#10703=VECTOR('',#12637,1.0);
#10704=CARTESIAN_POINT('',(1.6,0.216076951545906,1.42));
#10705=CARTESIAN_POINT('',(1.6,0.216076951545906,1.42));
#10706=VECTOR('',#12638,1.0);
#10707=CARTESIAN_POINT('',(1.6,1.58,1.42));
#10708=VECTOR('',#12639,1.0);
#10709=CARTESIAN_POINT('',(1.9,0.216076951545906,1.42));
#10710=CARTESIAN_POINT('',(1.9,1.58,1.42));
#10711=VECTOR('',#12640,1.0);
#10712=CARTESIAN_POINT('',(2.1,0.216076951545906,1.42));
#10713=CARTESIAN_POINT('',(2.1,0.216076951545906,1.42));
#10714=VECTOR('',#12641,1.0);
#10715=CARTESIAN_POINT('',(2.1,1.58,1.42));
#10716=VECTOR('',#12642,1.0);
#10717=CARTESIAN_POINT('',(2.4,0.216076951545906,1.42));
#10718=CARTESIAN_POINT('',(2.4,1.58,1.42));
#10719=VECTOR('',#12643,1.0);
#10720=CARTESIAN_POINT('',(2.6,0.216076951545906,1.42));
#10721=CARTESIAN_POINT('',(2.6,0.216076951545906,1.42));
#10722=VECTOR('',#12644,1.0);
#10723=CARTESIAN_POINT('',(2.6,1.58,1.42));
#10724=VECTOR('',#12645,1.0);
#10725=CARTESIAN_POINT('',(2.985,1.58,1.42));
#10726=VECTOR('',#12646,1.0);
#10727=CARTESIAN_POINT('',(3.45,1.9,1.42));
#10728=CARTESIAN_POINT('',(3.45,1.9,1.42));
#10729=VECTOR('',#12647,1.0);
#10730=CARTESIAN_POINT('',(3.6,2.05,1.42));
#10731=VECTOR('',#12648,1.0);
#10732=CARTESIAN_POINT('',(3.9,0.55,1.42));
#10733=VECTOR('',#12649,1.0);
#10734=CARTESIAN_POINT('',(-4.4,0.550000000000002,1.42));
#10735=VECTOR('',#12650,1.0);
#10736=CARTESIAN_POINT('',(-3.565,33.165,0.239999999999997));
#10737=VECTOR('',#12651,1.0);
#10738=CARTESIAN_POINT('',(3.565,33.165,0.239999999999997));
#10739=VECTOR('',#12652,1.0);
#10740=CARTESIAN_POINT('',(-4.9,0.55,0.69));
#10741=VECTOR('',#12653,1.0);
#10742=CARTESIAN_POINT('',(-3.45,1.9,14.058));
#10743=VECTOR('',#12654,1.0);
#10744=CARTESIAN_POINT('',(3.45,1.9,14.058));
#10745=VECTOR('',#12655,1.0);
#10746=CARTESIAN_POINT('',(2.6,0.32,1.36000000000006));
#10747=CARTESIAN_POINT('',(2.6,0.32,1.36000000000006));
#10748=VECTOR('',#12656,1.0);
#10749=AXIS2_PLACEMENT_3D('',#12657,#12658,#12659);
#10750=CARTESIAN_POINT('',(2.4,0.32,1.36000000000006));
#10751=CARTESIAN_POINT('',(2.4,0.32,1.36000000000006));
#10752=VECTOR('',#12660,1.0);
#10753=AXIS2_PLACEMENT_3D('',#12661,#12662,#12663);
#10754=CARTESIAN_POINT('',(2.6,0.32,1.36000000000006));
#10755=VECTOR('',#12664,1.0);
#10756=CARTESIAN_POINT('',(2.4,0.47,0.683848945472233));
#10757=CARTESIAN_POINT('',(2.4,0.47,0.683848945472233));
#10758=VECTOR('',#12665,1.0);
#10759=CARTESIAN_POINT('',(2.6,0.47,0.683848945472233));
#10760=CARTESIAN_POINT('',(2.6,0.47,0.683848945472233));
#10761=VECTOR('',#12666,1.0);
#10762=CARTESIAN_POINT('',(2.6,0.47,0.683848945472233));
#10763=VECTOR('',#12667,1.0);
#10764=CARTESIAN_POINT('',(2.4,0.363027989269214,0.757101195198517));
#10765=AXIS2_PLACEMENT_3D('',#12668,#12669,#12670);
#10766=CARTESIAN_POINT('',(2.6,0.363027989269214,0.757101195198517));
#10767=CARTESIAN_POINT('',(2.6,0.363027989269214,0.757101195198517));
#10768=VECTOR('',#12671,1.0);
#10769=AXIS2_PLACEMENT_3D('',#12672,#12673,#12674);
#10770=CARTESIAN_POINT('',(2.6,0.363027989269214,0.757101195198517));
#10771=VECTOR('',#12675,1.0);
#10772=CARTESIAN_POINT('',(2.6,2.75,0.620000000000063));
#10773=VECTOR('',#12676,1.0);
#10774=CARTESIAN_POINT('',(2.4,0.363027989269214,0.757101195198517));
#10775=VECTOR('',#12677,1.0);
#10776=CARTESIAN_POINT('',(2.4,2.75,0.620000000000063));
#10777=VECTOR('',#12678,1.0);
#10778=CARTESIAN_POINT('',(2.6,3.35,-0.019999999999938));
#10779=CARTESIAN_POINT('',(2.6,3.35,0.300000000000062));
#10780=VECTOR('',#12679,1.0);
#10781=CARTESIAN_POINT('',(2.4,3.35,-0.019999999999938));
#10782=CARTESIAN_POINT('',(2.4,3.35,0.300000000000062));
#10783=VECTOR('',#12680,1.0);
#10784=CARTESIAN_POINT('',(2.6,3.35,-0.019999999999938));
#10785=VECTOR('',#12681,1.0);
#10786=CARTESIAN_POINT('',(2.6,3.7,0.770000000000062));
#10787=CARTESIAN_POINT('',(2.6,3.7,0.770000000000062));
#10788=VECTOR('',#12682,1.0);
#10789=CARTESIAN_POINT('',(2.6,4.2,-0.0199999999999376));
#10790=CARTESIAN_POINT('',(2.6,3.35,-0.019999999999938));
#10791=VECTOR('',#12683,1.0);
#10792=CARTESIAN_POINT('',(2.6,4.2,0.160000000000063));
#10793=CARTESIAN_POINT('',(2.6,4.2,-0.0199999999999376));
#10794=VECTOR('',#12684,1.0);
#10795=CARTESIAN_POINT('',(2.6,3.7,0.160000000000062));
#10796=CARTESIAN_POINT('',(2.6,4.2,0.160000000000063));
#10797=VECTOR('',#12685,1.0);
#10798=CARTESIAN_POINT('',(2.6,3.7,0.160000000000062));
#10799=VECTOR('',#12686,1.0);
#10800=CARTESIAN_POINT('',(2.4,3.7,0.770000000000062));
#10801=CARTESIAN_POINT('',(2.4,3.7,0.770000000000062));
#10802=VECTOR('',#12687,1.0);
#10803=CARTESIAN_POINT('',(2.4,3.7,0.160000000000062));
#10804=CARTESIAN_POINT('',(2.4,3.7,0.160000000000062));
#10805=VECTOR('',#12688,1.0);
#10806=CARTESIAN_POINT('',(2.4,4.2,0.160000000000063));
#10807=CARTESIAN_POINT('',(2.4,4.2,0.160000000000063));
#10808=VECTOR('',#12689,1.0);
#10809=CARTESIAN_POINT('',(2.4,4.2,-0.0199999999999376));
#10810=CARTESIAN_POINT('',(2.4,4.2,-0.0199999999999376));
#10811=VECTOR('',#12690,1.0);
#10812=CARTESIAN_POINT('',(2.4,3.35,-0.019999999999938));
#10813=VECTOR('',#12691,1.0);
#10814=CARTESIAN_POINT('',(2.6,4.2,-0.0199999999999376));
#10815=VECTOR('',#12692,1.0);
#10816=CARTESIAN_POINT('',(2.6,4.2,0.160000000000063));
#10817=VECTOR('',#12693,1.0);
#10818=CARTESIAN_POINT('',(2.6,3.7,0.160000000000062));
#10819=VECTOR('',#12694,1.0);
#10820=CARTESIAN_POINT('',(2.6,3.7,0.770000000000062));
#10821=VECTOR('',#12695,1.0);
#10822=CARTESIAN_POINT('',(2.1,0.32,1.36000000000006));
#10823=CARTESIAN_POINT('',(2.1,0.32,1.36000000000006));
#10824=VECTOR('',#12696,1.0);
#10825=AXIS2_PLACEMENT_3D('',#12697,#12698,#12699);
#10826=CARTESIAN_POINT('',(1.9,0.32,1.36000000000006));
#10827=CARTESIAN_POINT('',(1.9,0.32,1.36000000000006));
#10828=VECTOR('',#12700,1.0);
#10829=AXIS2_PLACEMENT_3D('',#12701,#12702,#12703);
#10830=CARTESIAN_POINT('',(2.1,0.32,1.36000000000006));
#10831=VECTOR('',#12704,1.0);
#10832=CARTESIAN_POINT('',(1.9,0.47,0.683848945472233));
#10833=CARTESIAN_POINT('',(1.9,0.47,0.683848945472233));
#10834=VECTOR('',#12705,1.0);
#10835=CARTESIAN_POINT('',(2.1,0.47,0.683848945472233));
#10836=CARTESIAN_POINT('',(2.1,0.47,0.683848945472233));
#10837=VECTOR('',#12706,1.0);
#10838=CARTESIAN_POINT('',(2.1,0.47,0.683848945472233));
#10839=VECTOR('',#12707,1.0);
#10840=CARTESIAN_POINT('',(1.9,0.363027989269214,0.757101195198517));
#10841=AXIS2_PLACEMENT_3D('',#12708,#12709,#12710);
#10842=CARTESIAN_POINT('',(2.1,0.363027989269214,0.757101195198517));
#10843=CARTESIAN_POINT('',(2.1,0.363027989269214,0.757101195198517));
#10844=VECTOR('',#12711,1.0);
#10845=AXIS2_PLACEMENT_3D('',#12712,#12713,#12714);
#10846=CARTESIAN_POINT('',(2.1,0.363027989269214,0.757101195198517));
#10847=VECTOR('',#12715,1.0);
#10848=CARTESIAN_POINT('',(2.1,2.75,0.620000000000063));
#10849=VECTOR('',#12716,1.0);
#10850=CARTESIAN_POINT('',(1.9,0.363027989269214,0.757101195198517));
#10851=VECTOR('',#12717,1.0);
#10852=CARTESIAN_POINT('',(1.9,2.75,0.620000000000063));
#10853=VECTOR('',#12718,1.0);
#10854=CARTESIAN_POINT('',(2.1,3.35,-0.019999999999938));
#10855=CARTESIAN_POINT('',(2.1,3.35,0.300000000000062));
#10856=VECTOR('',#12719,1.0);
#10857=CARTESIAN_POINT('',(1.9,3.35,-0.019999999999938));
#10858=CARTESIAN_POINT('',(1.9,3.35,0.300000000000062));
#10859=VECTOR('',#12720,1.0);
#10860=CARTESIAN_POINT('',(2.1,3.35,-0.019999999999938));
#10861=VECTOR('',#12721,1.0);
#10862=CARTESIAN_POINT('',(2.1,3.7,0.770000000000062));
#10863=CARTESIAN_POINT('',(2.1,3.7,0.770000000000062));
#10864=VECTOR('',#12722,1.0);
#10865=CARTESIAN_POINT('',(2.1,4.2,-0.0199999999999376));
#10866=CARTESIAN_POINT('',(2.1,3.35,-0.019999999999938));
#10867=VECTOR('',#12723,1.0);
#10868=CARTESIAN_POINT('',(2.1,4.2,0.160000000000063));
#10869=CARTESIAN_POINT('',(2.1,4.2,-0.0199999999999376));
#10870=VECTOR('',#12724,1.0);
#10871=CARTESIAN_POINT('',(2.1,3.7,0.160000000000062));
#10872=CARTESIAN_POINT('',(2.1,4.2,0.160000000000063));
#10873=VECTOR('',#12725,1.0);
#10874=CARTESIAN_POINT('',(2.1,3.7,0.160000000000062));
#10875=VECTOR('',#12726,1.0);
#10876=CARTESIAN_POINT('',(1.9,3.7,0.770000000000062));
#10877=CARTESIAN_POINT('',(1.9,3.7,0.770000000000062));
#10878=VECTOR('',#12727,1.0);
#10879=CARTESIAN_POINT('',(1.9,3.7,0.160000000000062));
#10880=CARTESIAN_POINT('',(1.9,3.7,0.160000000000062));
#10881=VECTOR('',#12728,1.0);
#10882=CARTESIAN_POINT('',(1.9,4.2,0.160000000000063));
#10883=CARTESIAN_POINT('',(1.9,4.2,0.160000000000063));
#10884=VECTOR('',#12729,1.0);
#10885=CARTESIAN_POINT('',(1.9,4.2,-0.0199999999999376));
#10886=CARTESIAN_POINT('',(1.9,4.2,-0.0199999999999376));
#10887=VECTOR('',#12730,1.0);
#10888=CARTESIAN_POINT('',(1.9,3.35,-0.019999999999938));
#10889=VECTOR('',#12731,1.0);
#10890=CARTESIAN_POINT('',(2.1,4.2,-0.0199999999999376));
#10891=VECTOR('',#12732,1.0);
#10892=CARTESIAN_POINT('',(2.1,4.2,0.160000000000063));
#10893=VECTOR('',#12733,1.0);
#10894=CARTESIAN_POINT('',(2.1,3.7,0.160000000000062));
#10895=VECTOR('',#12734,1.0);
#10896=CARTESIAN_POINT('',(2.1,3.7,0.770000000000062));
#10897=VECTOR('',#12735,1.0);
#10898=CARTESIAN_POINT('',(1.6,0.32,1.36000000000006));
#10899=CARTESIAN_POINT('',(1.6,0.32,1.36000000000006));
#10900=VECTOR('',#12736,1.0);
#10901=AXIS2_PLACEMENT_3D('',#12737,#12738,#12739);
#10902=CARTESIAN_POINT('',(1.4,0.32,1.36000000000006));
#10903=CARTESIAN_POINT('',(1.4,0.32,1.36000000000006));
#10904=VECTOR('',#12740,1.0);
#10905=AXIS2_PLACEMENT_3D('',#12741,#12742,#12743);
#10906=CARTESIAN_POINT('',(1.6,0.32,1.36000000000006));
#10907=VECTOR('',#12744,1.0);
#10908=CARTESIAN_POINT('',(1.4,0.47,0.683848945472233));
#10909=CARTESIAN_POINT('',(1.4,0.47,0.683848945472233));
#10910=VECTOR('',#12745,1.0);
#10911=CARTESIAN_POINT('',(1.6,0.47,0.683848945472233));
#10912=CARTESIAN_POINT('',(1.6,0.47,0.683848945472233));
#10913=VECTOR('',#12746,1.0);
#10914=CARTESIAN_POINT('',(1.6,0.47,0.683848945472233));
#10915=VECTOR('',#12747,1.0);
#10916=CARTESIAN_POINT('',(1.4,0.363027989269214,0.757101195198517));
#10917=AXIS2_PLACEMENT_3D('',#12748,#12749,#12750);
#10918=CARTESIAN_POINT('',(1.6,0.363027989269214,0.757101195198517));
#10919=CARTESIAN_POINT('',(1.6,0.363027989269214,0.757101195198517));
#10920=VECTOR('',#12751,1.0);
#10921=AXIS2_PLACEMENT_3D('',#12752,#12753,#12754);
#10922=CARTESIAN_POINT('',(1.6,0.363027989269214,0.757101195198517));
#10923=VECTOR('',#12755,1.0);
#10924=CARTESIAN_POINT('',(1.6,2.75,0.620000000000063));
#10925=VECTOR('',#12756,1.0);
#10926=CARTESIAN_POINT('',(1.4,0.363027989269214,0.757101195198517));
#10927=VECTOR('',#12757,1.0);
#10928=CARTESIAN_POINT('',(1.4,2.75,0.620000000000063));
#10929=VECTOR('',#12758,1.0);
#10930=CARTESIAN_POINT('',(1.6,3.35,-0.019999999999938));
#10931=CARTESIAN_POINT('',(1.6,3.35,0.300000000000062));
#10932=VECTOR('',#12759,1.0);
#10933=CARTESIAN_POINT('',(1.4,3.35,-0.019999999999938));
#10934=CARTESIAN_POINT('',(1.4,3.35,0.300000000000062));
#10935=VECTOR('',#12760,1.0);
#10936=CARTESIAN_POINT('',(1.6,3.35,-0.019999999999938));
#10937=VECTOR('',#12761,1.0);
#10938=CARTESIAN_POINT('',(1.6,3.7,0.770000000000062));
#10939=CARTESIAN_POINT('',(1.6,3.7,0.770000000000062));
#10940=VECTOR('',#12762,1.0);
#10941=CARTESIAN_POINT('',(1.6,4.2,-0.0199999999999376));
#10942=CARTESIAN_POINT('',(1.6,3.35,-0.019999999999938));
#10943=VECTOR('',#12763,1.0);
#10944=CARTESIAN_POINT('',(1.6,4.2,0.160000000000063));
#10945=CARTESIAN_POINT('',(1.6,4.2,-0.0199999999999376));
#10946=VECTOR('',#12764,1.0);
#10947=CARTESIAN_POINT('',(1.6,3.7,0.160000000000062));
#10948=CARTESIAN_POINT('',(1.6,4.2,0.160000000000063));
#10949=VECTOR('',#12765,1.0);
#10950=CARTESIAN_POINT('',(1.6,3.7,0.160000000000062));
#10951=VECTOR('',#12766,1.0);
#10952=CARTESIAN_POINT('',(1.4,3.7,0.770000000000062));
#10953=CARTESIAN_POINT('',(1.4,3.7,0.770000000000062));
#10954=VECTOR('',#12767,1.0);
#10955=CARTESIAN_POINT('',(1.4,3.7,0.160000000000062));
#10956=CARTESIAN_POINT('',(1.4,3.7,0.160000000000062));
#10957=VECTOR('',#12768,1.0);
#10958=CARTESIAN_POINT('',(1.4,4.2,0.160000000000063));
#10959=CARTESIAN_POINT('',(1.4,4.2,0.160000000000063));
#10960=VECTOR('',#12769,1.0);
#10961=CARTESIAN_POINT('',(1.4,4.2,-0.0199999999999376));
#10962=CARTESIAN_POINT('',(1.4,4.2,-0.0199999999999376));
#10963=VECTOR('',#12770,1.0);
#10964=CARTESIAN_POINT('',(1.4,3.35,-0.019999999999938));
#10965=VECTOR('',#12771,1.0);
#10966=CARTESIAN_POINT('',(1.6,4.2,-0.0199999999999376));
#10967=VECTOR('',#12772,1.0);
#10968=CARTESIAN_POINT('',(1.6,4.2,0.160000000000063));
#10969=VECTOR('',#12773,1.0);
#10970=CARTESIAN_POINT('',(1.6,3.7,0.160000000000062));
#10971=VECTOR('',#12774,1.0);
#10972=CARTESIAN_POINT('',(1.6,3.7,0.770000000000062));
#10973=VECTOR('',#12775,1.0);
#10974=CARTESIAN_POINT('',(1.1,0.32,1.36000000000006));
#10975=CARTESIAN_POINT('',(1.1,0.32,1.36000000000006));
#10976=VECTOR('',#12776,1.0);
#10977=AXIS2_PLACEMENT_3D('',#12777,#12778,#12779);
#10978=CARTESIAN_POINT('',(0.9,0.32,1.36000000000006));
#10979=CARTESIAN_POINT('',(0.9,0.32,1.36000000000006));
#10980=VECTOR('',#12780,1.0);
#10981=AXIS2_PLACEMENT_3D('',#12781,#12782,#12783);
#10982=CARTESIAN_POINT('',(1.1,0.32,1.36000000000006));
#10983=VECTOR('',#12784,1.0);
#10984=CARTESIAN_POINT('',(0.9,0.47,0.683848945472233));
#10985=CARTESIAN_POINT('',(0.9,0.47,0.683848945472233));
#10986=VECTOR('',#12785,1.0);
#10987=CARTESIAN_POINT('',(1.1,0.47,0.683848945472233));
#10988=CARTESIAN_POINT('',(1.1,0.47,0.683848945472233));
#10989=VECTOR('',#12786,1.0);
#10990=CARTESIAN_POINT('',(1.1,0.47,0.683848945472233));
#10991=VECTOR('',#12787,1.0);
#10992=CARTESIAN_POINT('',(0.9,0.363027989269214,0.757101195198517));
#10993=AXIS2_PLACEMENT_3D('',#12788,#12789,#12790);
#10994=CARTESIAN_POINT('',(1.1,0.363027989269214,0.757101195198517));
#10995=CARTESIAN_POINT('',(1.1,0.363027989269214,0.757101195198517));
#10996=VECTOR('',#12791,1.0);
#10997=AXIS2_PLACEMENT_3D('',#12792,#12793,#12794);
#10998=CARTESIAN_POINT('',(1.1,0.363027989269214,0.757101195198517));
#10999=VECTOR('',#12795,1.0);
#11000=CARTESIAN_POINT('',(1.1,2.75,0.620000000000063));
#11001=VECTOR('',#12796,1.0);
#11002=CARTESIAN_POINT('',(0.9,0.363027989269214,0.757101195198517));
#11003=VECTOR('',#12797,1.0);
#11004=CARTESIAN_POINT('',(0.9,2.75,0.620000000000063));
#11005=VECTOR('',#12798,1.0);
#11006=CARTESIAN_POINT('',(1.1,3.35,-0.019999999999938));
#11007=CARTESIAN_POINT('',(1.1,3.35,0.300000000000062));
#11008=VECTOR('',#12799,1.0);
#11009=CARTESIAN_POINT('',(0.9,3.35,-0.019999999999938));
#11010=CARTESIAN_POINT('',(0.9,3.35,0.300000000000062));
#11011=VECTOR('',#12800,1.0);
#11012=CARTESIAN_POINT('',(1.1,3.35,-0.019999999999938));
#11013=VECTOR('',#12801,1.0);
#11014=CARTESIAN_POINT('',(1.1,3.7,0.770000000000062));
#11015=CARTESIAN_POINT('',(1.1,3.7,0.770000000000062));
#11016=VECTOR('',#12802,1.0);
#11017=CARTESIAN_POINT('',(1.1,4.2,-0.0199999999999376));
#11018=CARTESIAN_POINT('',(1.1,3.35,-0.019999999999938));
#11019=VECTOR('',#12803,1.0);
#11020=CARTESIAN_POINT('',(1.1,4.2,0.160000000000063));
#11021=CARTESIAN_POINT('',(1.1,4.2,-0.0199999999999376));
#11022=VECTOR('',#12804,1.0);
#11023=CARTESIAN_POINT('',(1.1,3.7,0.160000000000062));
#11024=CARTESIAN_POINT('',(1.1,4.2,0.160000000000063));
#11025=VECTOR('',#12805,1.0);
#11026=CARTESIAN_POINT('',(1.1,3.7,0.160000000000062));
#11027=VECTOR('',#12806,1.0);
#11028=CARTESIAN_POINT('',(0.9,3.7,0.770000000000062));
#11029=CARTESIAN_POINT('',(0.9,3.7,0.770000000000062));
#11030=VECTOR('',#12807,1.0);
#11031=CARTESIAN_POINT('',(0.9,3.7,0.160000000000062));
#11032=CARTESIAN_POINT('',(0.9,3.7,0.160000000000062));
#11033=VECTOR('',#12808,1.0);
#11034=CARTESIAN_POINT('',(0.9,4.2,0.160000000000063));
#11035=CARTESIAN_POINT('',(0.9,4.2,0.160000000000063));
#11036=VECTOR('',#12809,1.0);
#11037=CARTESIAN_POINT('',(0.9,4.2,-0.0199999999999376));
#11038=CARTESIAN_POINT('',(0.9,4.2,-0.0199999999999376));
#11039=VECTOR('',#12810,1.0);
#11040=CARTESIAN_POINT('',(0.9,3.35,-0.019999999999938));
#11041=VECTOR('',#12811,1.0);
#11042=CARTESIAN_POINT('',(1.1,4.2,-0.0199999999999376));
#11043=VECTOR('',#12812,1.0);
#11044=CARTESIAN_POINT('',(1.1,4.2,0.160000000000063));
#11045=VECTOR('',#12813,1.0);
#11046=CARTESIAN_POINT('',(1.1,3.7,0.160000000000062));
#11047=VECTOR('',#12814,1.0);
#11048=CARTESIAN_POINT('',(1.1,3.7,0.770000000000062));
#11049=VECTOR('',#12815,1.0);
#11050=CARTESIAN_POINT('',(0.6,0.32,1.36000000000006));
#11051=CARTESIAN_POINT('',(0.6,0.32,1.36000000000006));
#11052=VECTOR('',#12816,1.0);
#11053=AXIS2_PLACEMENT_3D('',#12817,#12818,#12819);
#11054=CARTESIAN_POINT('',(0.4,0.32,1.36000000000006));
#11055=CARTESIAN_POINT('',(0.4,0.32,1.36000000000006));
#11056=VECTOR('',#12820,1.0);
#11057=AXIS2_PLACEMENT_3D('',#12821,#12822,#12823);
#11058=CARTESIAN_POINT('',(0.6,0.32,1.36000000000006));
#11059=VECTOR('',#12824,1.0);
#11060=CARTESIAN_POINT('',(0.4,0.47,0.683848945472233));
#11061=CARTESIAN_POINT('',(0.4,0.47,0.683848945472233));
#11062=VECTOR('',#12825,1.0);
#11063=CARTESIAN_POINT('',(0.6,0.47,0.683848945472233));
#11064=CARTESIAN_POINT('',(0.6,0.47,0.683848945472233));
#11065=VECTOR('',#12826,1.0);
#11066=CARTESIAN_POINT('',(0.6,0.47,0.683848945472233));
#11067=VECTOR('',#12827,1.0);
#11068=CARTESIAN_POINT('',(0.4,0.363027989269214,0.757101195198517));
#11069=AXIS2_PLACEMENT_3D('',#12828,#12829,#12830);
#11070=CARTESIAN_POINT('',(0.6,0.363027989269214,0.757101195198517));
#11071=CARTESIAN_POINT('',(0.6,0.363027989269214,0.757101195198517));
#11072=VECTOR('',#12831,1.0);
#11073=AXIS2_PLACEMENT_3D('',#12832,#12833,#12834);
#11074=CARTESIAN_POINT('',(0.6,0.363027989269214,0.757101195198517));
#11075=VECTOR('',#12835,1.0);
#11076=CARTESIAN_POINT('',(0.6,2.75,0.620000000000063));
#11077=VECTOR('',#12836,1.0);
#11078=CARTESIAN_POINT('',(0.4,0.363027989269214,0.757101195198517));
#11079=VECTOR('',#12837,1.0);
#11080=CARTESIAN_POINT('',(0.4,2.75,0.620000000000063));
#11081=VECTOR('',#12838,1.0);
#11082=CARTESIAN_POINT('',(0.6,3.35,-0.019999999999938));
#11083=CARTESIAN_POINT('',(0.6,3.35,0.300000000000062));
#11084=VECTOR('',#12839,1.0);
#11085=CARTESIAN_POINT('',(0.4,3.35,-0.019999999999938));
#11086=CARTESIAN_POINT('',(0.4,3.35,0.300000000000062));
#11087=VECTOR('',#12840,1.0);
#11088=CARTESIAN_POINT('',(0.6,3.35,-0.019999999999938));
#11089=VECTOR('',#12841,1.0);
#11090=CARTESIAN_POINT('',(0.6,3.7,0.770000000000062));
#11091=CARTESIAN_POINT('',(0.6,3.7,0.770000000000062));
#11092=VECTOR('',#12842,1.0);
#11093=CARTESIAN_POINT('',(0.6,4.2,-0.0199999999999376));
#11094=CARTESIAN_POINT('',(0.6,3.35,-0.019999999999938));
#11095=VECTOR('',#12843,1.0);
#11096=CARTESIAN_POINT('',(0.6,4.2,0.160000000000063));
#11097=CARTESIAN_POINT('',(0.6,4.2,-0.0199999999999376));
#11098=VECTOR('',#12844,1.0);
#11099=CARTESIAN_POINT('',(0.6,3.7,0.160000000000062));
#11100=CARTESIAN_POINT('',(0.6,4.2,0.160000000000063));
#11101=VECTOR('',#12845,1.0);
#11102=CARTESIAN_POINT('',(0.6,3.7,0.160000000000062));
#11103=VECTOR('',#12846,1.0);
#11104=CARTESIAN_POINT('',(0.4,3.7,0.770000000000062));
#11105=CARTESIAN_POINT('',(0.4,3.7,0.770000000000062));
#11106=VECTOR('',#12847,1.0);
#11107=CARTESIAN_POINT('',(0.4,3.7,0.160000000000062));
#11108=CARTESIAN_POINT('',(0.4,3.7,0.160000000000062));
#11109=VECTOR('',#12848,1.0);
#11110=CARTESIAN_POINT('',(0.4,4.2,0.160000000000063));
#11111=CARTESIAN_POINT('',(0.4,4.2,0.160000000000063));
#11112=VECTOR('',#12849,1.0);
#11113=CARTESIAN_POINT('',(0.4,4.2,-0.0199999999999376));
#11114=CARTESIAN_POINT('',(0.4,4.2,-0.0199999999999376));
#11115=VECTOR('',#12850,1.0);
#11116=CARTESIAN_POINT('',(0.4,3.35,-0.019999999999938));
#11117=VECTOR('',#12851,1.0);
#11118=CARTESIAN_POINT('',(0.6,4.2,-0.0199999999999376));
#11119=VECTOR('',#12852,1.0);
#11120=CARTESIAN_POINT('',(0.6,4.2,0.160000000000063));
#11121=VECTOR('',#12853,1.0);
#11122=CARTESIAN_POINT('',(0.6,3.7,0.160000000000062));
#11123=VECTOR('',#12854,1.0);
#11124=CARTESIAN_POINT('',(0.6,3.7,0.770000000000062));
#11125=VECTOR('',#12855,1.0);
#11126=CARTESIAN_POINT('',(0.1,0.32,1.36000000000006));
#11127=CARTESIAN_POINT('',(0.1,0.32,1.36000000000006));
#11128=VECTOR('',#12856,1.0);
#11129=AXIS2_PLACEMENT_3D('',#12857,#12858,#12859);
#11130=CARTESIAN_POINT('',(-0.1,0.32,1.36000000000006));
#11131=CARTESIAN_POINT('',(-0.1,0.32,1.36000000000006));
#11132=VECTOR('',#12860,1.0);
#11133=AXIS2_PLACEMENT_3D('',#12861,#12862,#12863);
#11134=CARTESIAN_POINT('',(0.1,0.32,1.36000000000006));
#11135=VECTOR('',#12864,1.0);
#11136=CARTESIAN_POINT('',(-0.1,0.47,0.683848945472233));
#11137=CARTESIAN_POINT('',(-0.1,0.47,0.683848945472233));
#11138=VECTOR('',#12865,1.0);
#11139=CARTESIAN_POINT('',(0.1,0.47,0.683848945472233));
#11140=CARTESIAN_POINT('',(0.1,0.47,0.683848945472233));
#11141=VECTOR('',#12866,1.0);
#11142=CARTESIAN_POINT('',(0.1,0.47,0.683848945472233));
#11143=VECTOR('',#12867,1.0);
#11144=CARTESIAN_POINT('',(-0.1,0.363027989269214,0.757101195198517));
#11145=AXIS2_PLACEMENT_3D('',#12868,#12869,#12870);
#11146=CARTESIAN_POINT('',(0.1,0.363027989269214,0.757101195198517));
#11147=CARTESIAN_POINT('',(0.1,0.363027989269214,0.757101195198517));
#11148=VECTOR('',#12871,1.0);
#11149=AXIS2_PLACEMENT_3D('',#12872,#12873,#12874);
#11150=CARTESIAN_POINT('',(0.1,0.363027989269214,0.757101195198517));
#11151=VECTOR('',#12875,1.0);
#11152=CARTESIAN_POINT('',(0.1,2.75,0.620000000000063));
#11153=VECTOR('',#12876,1.0);
#11154=CARTESIAN_POINT('',(-0.1,0.363027989269214,0.757101195198517));
#11155=VECTOR('',#12877,1.0);
#11156=CARTESIAN_POINT('',(-0.1,2.75,0.620000000000063));
#11157=VECTOR('',#12878,1.0);
#11158=CARTESIAN_POINT('',(0.1,3.35,-0.019999999999938));
#11159=CARTESIAN_POINT('',(0.1,3.35,0.300000000000062));
#11160=VECTOR('',#12879,1.0);
#11161=CARTESIAN_POINT('',(-0.1,3.35,-0.019999999999938));
#11162=CARTESIAN_POINT('',(-0.1,3.35,0.300000000000062));
#11163=VECTOR('',#12880,1.0);
#11164=CARTESIAN_POINT('',(0.1,3.35,-0.019999999999938));
#11165=VECTOR('',#12881,1.0);
#11166=CARTESIAN_POINT('',(0.1,3.7,0.770000000000062));
#11167=CARTESIAN_POINT('',(0.1,3.7,0.770000000000062));
#11168=VECTOR('',#12882,1.0);
#11169=CARTESIAN_POINT('',(0.1,4.2,-0.0199999999999376));
#11170=CARTESIAN_POINT('',(0.1,3.35,-0.019999999999938));
#11171=VECTOR('',#12883,1.0);
#11172=CARTESIAN_POINT('',(0.1,4.2,0.160000000000063));
#11173=CARTESIAN_POINT('',(0.1,4.2,-0.0199999999999376));
#11174=VECTOR('',#12884,1.0);
#11175=CARTESIAN_POINT('',(0.1,3.7,0.160000000000062));
#11176=CARTESIAN_POINT('',(0.1,4.2,0.160000000000063));
#11177=VECTOR('',#12885,1.0);
#11178=CARTESIAN_POINT('',(0.1,3.7,0.160000000000062));
#11179=VECTOR('',#12886,1.0);
#11180=CARTESIAN_POINT('',(-0.1,3.7,0.770000000000062));
#11181=CARTESIAN_POINT('',(-0.1,3.7,0.770000000000062));
#11182=VECTOR('',#12887,1.0);
#11183=CARTESIAN_POINT('',(-0.1,3.7,0.160000000000062));
#11184=CARTESIAN_POINT('',(-0.1,3.7,0.160000000000062));
#11185=VECTOR('',#12888,1.0);
#11186=CARTESIAN_POINT('',(-0.1,4.2,0.160000000000063));
#11187=CARTESIAN_POINT('',(-0.1,4.2,0.160000000000063));
#11188=VECTOR('',#12889,1.0);
#11189=CARTESIAN_POINT('',(-0.1,4.2,-0.0199999999999376));
#11190=CARTESIAN_POINT('',(-0.1,4.2,-0.0199999999999376));
#11191=VECTOR('',#12890,1.0);
#11192=CARTESIAN_POINT('',(-0.1,3.35,-0.019999999999938));
#11193=VECTOR('',#12891,1.0);
#11194=CARTESIAN_POINT('',(0.1,4.2,-0.0199999999999376));
#11195=VECTOR('',#12892,1.0);
#11196=CARTESIAN_POINT('',(0.1,4.2,0.160000000000063));
#11197=VECTOR('',#12893,1.0);
#11198=CARTESIAN_POINT('',(0.1,3.7,0.160000000000062));
#11199=VECTOR('',#12894,1.0);
#11200=CARTESIAN_POINT('',(0.1,3.7,0.770000000000062));
#11201=VECTOR('',#12895,1.0);
#11202=CARTESIAN_POINT('',(-0.4,0.32,1.36000000000006));
#11203=CARTESIAN_POINT('',(-0.4,0.32,1.36000000000006));
#11204=VECTOR('',#12896,1.0);
#11205=AXIS2_PLACEMENT_3D('',#12897,#12898,#12899);
#11206=CARTESIAN_POINT('',(-0.6,0.32,1.36000000000006));
#11207=CARTESIAN_POINT('',(-0.6,0.32,1.36000000000006));
#11208=VECTOR('',#12900,1.0);
#11209=AXIS2_PLACEMENT_3D('',#12901,#12902,#12903);
#11210=CARTESIAN_POINT('',(-0.4,0.32,1.36000000000006));
#11211=VECTOR('',#12904,1.0);
#11212=CARTESIAN_POINT('',(-0.6,0.47,0.683848945472233));
#11213=CARTESIAN_POINT('',(-0.6,0.47,0.683848945472233));
#11214=VECTOR('',#12905,1.0);
#11215=CARTESIAN_POINT('',(-0.4,0.47,0.683848945472233));
#11216=CARTESIAN_POINT('',(-0.4,0.47,0.683848945472233));
#11217=VECTOR('',#12906,1.0);
#11218=CARTESIAN_POINT('',(-0.4,0.47,0.683848945472233));
#11219=VECTOR('',#12907,1.0);
#11220=CARTESIAN_POINT('',(-0.6,0.363027989269214,0.757101195198517));
#11221=AXIS2_PLACEMENT_3D('',#12908,#12909,#12910);
#11222=CARTESIAN_POINT('',(-0.4,0.363027989269214,0.757101195198517));
#11223=CARTESIAN_POINT('',(-0.4,0.363027989269214,0.757101195198517));
#11224=VECTOR('',#12911,1.0);
#11225=AXIS2_PLACEMENT_3D('',#12912,#12913,#12914);
#11226=CARTESIAN_POINT('',(-0.4,0.363027989269214,0.757101195198517));
#11227=VECTOR('',#12915,1.0);
#11228=CARTESIAN_POINT('',(-0.4,2.75,0.620000000000063));
#11229=VECTOR('',#12916,1.0);
#11230=CARTESIAN_POINT('',(-0.6,0.363027989269214,0.757101195198517));
#11231=VECTOR('',#12917,1.0);
#11232=CARTESIAN_POINT('',(-0.6,2.75,0.620000000000063));
#11233=VECTOR('',#12918,1.0);
#11234=CARTESIAN_POINT('',(-0.4,3.35,-0.019999999999938));
#11235=CARTESIAN_POINT('',(-0.4,3.35,0.300000000000062));
#11236=VECTOR('',#12919,1.0);
#11237=CARTESIAN_POINT('',(-0.6,3.35,-0.019999999999938));
#11238=CARTESIAN_POINT('',(-0.6,3.35,0.300000000000062));
#11239=VECTOR('',#12920,1.0);
#11240=CARTESIAN_POINT('',(-0.4,3.35,-0.019999999999938));
#11241=VECTOR('',#12921,1.0);
#11242=CARTESIAN_POINT('',(-0.4,3.7,0.770000000000062));
#11243=CARTESIAN_POINT('',(-0.4,3.7,0.770000000000062));
#11244=VECTOR('',#12922,1.0);
#11245=CARTESIAN_POINT('',(-0.4,4.2,-0.0199999999999376));
#11246=CARTESIAN_POINT('',(-0.4,3.35,-0.019999999999938));
#11247=VECTOR('',#12923,1.0);
#11248=CARTESIAN_POINT('',(-0.4,4.2,0.160000000000063));
#11249=CARTESIAN_POINT('',(-0.4,4.2,-0.0199999999999376));
#11250=VECTOR('',#12924,1.0);
#11251=CARTESIAN_POINT('',(-0.4,3.7,0.160000000000062));
#11252=CARTESIAN_POINT('',(-0.4,4.2,0.160000000000063));
#11253=VECTOR('',#12925,1.0);
#11254=CARTESIAN_POINT('',(-0.4,3.7,0.160000000000062));
#11255=VECTOR('',#12926,1.0);
#11256=CARTESIAN_POINT('',(-0.6,3.7,0.770000000000062));
#11257=CARTESIAN_POINT('',(-0.6,3.7,0.770000000000062));
#11258=VECTOR('',#12927,1.0);
#11259=CARTESIAN_POINT('',(-0.6,3.7,0.160000000000062));
#11260=CARTESIAN_POINT('',(-0.6,3.7,0.160000000000062));
#11261=VECTOR('',#12928,1.0);
#11262=CARTESIAN_POINT('',(-0.6,4.2,0.160000000000063));
#11263=CARTESIAN_POINT('',(-0.6,4.2,0.160000000000063));
#11264=VECTOR('',#12929,1.0);
#11265=CARTESIAN_POINT('',(-0.6,4.2,-0.0199999999999376));
#11266=CARTESIAN_POINT('',(-0.6,4.2,-0.0199999999999376));
#11267=VECTOR('',#12930,1.0);
#11268=CARTESIAN_POINT('',(-0.6,3.35,-0.019999999999938));
#11269=VECTOR('',#12931,1.0);
#11270=CARTESIAN_POINT('',(-0.4,4.2,-0.0199999999999376));
#11271=VECTOR('',#12932,1.0);
#11272=CARTESIAN_POINT('',(-0.4,4.2,0.160000000000063));
#11273=VECTOR('',#12933,1.0);
#11274=CARTESIAN_POINT('',(-0.4,3.7,0.160000000000062));
#11275=VECTOR('',#12934,1.0);
#11276=CARTESIAN_POINT('',(-0.4,3.7,0.770000000000062));
#11277=VECTOR('',#12935,1.0);
#11278=CARTESIAN_POINT('',(-0.9,0.32,1.36000000000006));
#11279=CARTESIAN_POINT('',(-0.9,0.32,1.36000000000006));
#11280=VECTOR('',#12936,1.0);
#11281=AXIS2_PLACEMENT_3D('',#12937,#12938,#12939);
#11282=CARTESIAN_POINT('',(-1.1,0.32,1.36000000000006));
#11283=CARTESIAN_POINT('',(-1.1,0.32,1.36000000000006));
#11284=VECTOR('',#12940,1.0);
#11285=AXIS2_PLACEMENT_3D('',#12941,#12942,#12943);
#11286=CARTESIAN_POINT('',(-0.9,0.32,1.36000000000006));
#11287=VECTOR('',#12944,1.0);
#11288=CARTESIAN_POINT('',(-1.1,0.47,0.683848945472233));
#11289=CARTESIAN_POINT('',(-1.1,0.47,0.683848945472233));
#11290=VECTOR('',#12945,1.0);
#11291=CARTESIAN_POINT('',(-0.9,0.47,0.683848945472233));
#11292=CARTESIAN_POINT('',(-0.9,0.47,0.683848945472233));
#11293=VECTOR('',#12946,1.0);
#11294=CARTESIAN_POINT('',(-0.9,0.47,0.683848945472233));
#11295=VECTOR('',#12947,1.0);
#11296=CARTESIAN_POINT('',(-1.1,0.363027989269214,0.757101195198517));
#11297=AXIS2_PLACEMENT_3D('',#12948,#12949,#12950);
#11298=CARTESIAN_POINT('',(-0.9,0.363027989269214,0.757101195198517));
#11299=CARTESIAN_POINT('',(-0.9,0.363027989269214,0.757101195198517));
#11300=VECTOR('',#12951,1.0);
#11301=AXIS2_PLACEMENT_3D('',#12952,#12953,#12954);
#11302=CARTESIAN_POINT('',(-0.9,0.363027989269214,0.757101195198517));
#11303=VECTOR('',#12955,1.0);
#11304=CARTESIAN_POINT('',(-0.9,2.75,0.620000000000063));
#11305=VECTOR('',#12956,1.0);
#11306=CARTESIAN_POINT('',(-1.1,0.363027989269214,0.757101195198517));
#11307=VECTOR('',#12957,1.0);
#11308=CARTESIAN_POINT('',(-1.1,2.75,0.620000000000063));
#11309=VECTOR('',#12958,1.0);
#11310=CARTESIAN_POINT('',(-0.9,3.35,-0.019999999999938));
#11311=CARTESIAN_POINT('',(-0.9,3.35,0.300000000000062));
#11312=VECTOR('',#12959,1.0);
#11313=CARTESIAN_POINT('',(-1.1,3.35,-0.019999999999938));
#11314=CARTESIAN_POINT('',(-1.1,3.35,0.300000000000062));
#11315=VECTOR('',#12960,1.0);
#11316=CARTESIAN_POINT('',(-0.9,3.35,-0.019999999999938));
#11317=VECTOR('',#12961,1.0);
#11318=CARTESIAN_POINT('',(-0.9,3.7,0.770000000000062));
#11319=CARTESIAN_POINT('',(-0.9,3.7,0.770000000000062));
#11320=VECTOR('',#12962,1.0);
#11321=CARTESIAN_POINT('',(-0.9,4.2,-0.0199999999999376));
#11322=CARTESIAN_POINT('',(-0.9,3.35,-0.019999999999938));
#11323=VECTOR('',#12963,1.0);
#11324=CARTESIAN_POINT('',(-0.9,4.2,0.160000000000063));
#11325=CARTESIAN_POINT('',(-0.9,4.2,-0.0199999999999376));
#11326=VECTOR('',#12964,1.0);
#11327=CARTESIAN_POINT('',(-0.9,3.7,0.160000000000062));
#11328=CARTESIAN_POINT('',(-0.9,4.2,0.160000000000063));
#11329=VECTOR('',#12965,1.0);
#11330=CARTESIAN_POINT('',(-0.9,3.7,0.160000000000062));
#11331=VECTOR('',#12966,1.0);
#11332=CARTESIAN_POINT('',(-1.1,3.7,0.770000000000062));
#11333=CARTESIAN_POINT('',(-1.1,3.7,0.770000000000062));
#11334=VECTOR('',#12967,1.0);
#11335=CARTESIAN_POINT('',(-1.1,3.7,0.160000000000062));
#11336=CARTESIAN_POINT('',(-1.1,3.7,0.160000000000062));
#11337=VECTOR('',#12968,1.0);
#11338=CARTESIAN_POINT('',(-1.1,4.2,0.160000000000063));
#11339=CARTESIAN_POINT('',(-1.1,4.2,0.160000000000063));
#11340=VECTOR('',#12969,1.0);
#11341=CARTESIAN_POINT('',(-1.1,4.2,-0.0199999999999376));
#11342=CARTESIAN_POINT('',(-1.1,4.2,-0.0199999999999376));
#11343=VECTOR('',#12970,1.0);
#11344=CARTESIAN_POINT('',(-1.1,3.35,-0.019999999999938));
#11345=VECTOR('',#12971,1.0);
#11346=CARTESIAN_POINT('',(-0.9,4.2,-0.0199999999999376));
#11347=VECTOR('',#12972,1.0);
#11348=CARTESIAN_POINT('',(-0.9,4.2,0.160000000000063));
#11349=VECTOR('',#12973,1.0);
#11350=CARTESIAN_POINT('',(-0.9,3.7,0.160000000000062));
#11351=VECTOR('',#12974,1.0);
#11352=CARTESIAN_POINT('',(-0.9,3.7,0.770000000000062));
#11353=VECTOR('',#12975,1.0);
#11354=CARTESIAN_POINT('',(-1.4,0.32,1.36000000000006));
#11355=CARTESIAN_POINT('',(-1.4,0.32,1.36000000000006));
#11356=VECTOR('',#12976,1.0);
#11357=AXIS2_PLACEMENT_3D('',#12977,#12978,#12979);
#11358=CARTESIAN_POINT('',(-1.6,0.32,1.36000000000006));
#11359=CARTESIAN_POINT('',(-1.6,0.32,1.36000000000006));
#11360=VECTOR('',#12980,1.0);
#11361=AXIS2_PLACEMENT_3D('',#12981,#12982,#12983);
#11362=CARTESIAN_POINT('',(-1.4,0.32,1.36000000000006));
#11363=VECTOR('',#12984,1.0);
#11364=CARTESIAN_POINT('',(-1.6,0.47,0.683848945472233));
#11365=CARTESIAN_POINT('',(-1.6,0.47,0.683848945472233));
#11366=VECTOR('',#12985,1.0);
#11367=CARTESIAN_POINT('',(-1.4,0.47,0.683848945472233));
#11368=CARTESIAN_POINT('',(-1.4,0.47,0.683848945472233));
#11369=VECTOR('',#12986,1.0);
#11370=CARTESIAN_POINT('',(-1.4,0.47,0.683848945472233));
#11371=VECTOR('',#12987,1.0);
#11372=CARTESIAN_POINT('',(-1.6,0.363027989269214,0.757101195198517));
#11373=AXIS2_PLACEMENT_3D('',#12988,#12989,#12990);
#11374=CARTESIAN_POINT('',(-1.4,0.363027989269214,0.757101195198517));
#11375=CARTESIAN_POINT('',(-1.4,0.363027989269214,0.757101195198517));
#11376=VECTOR('',#12991,1.0);
#11377=AXIS2_PLACEMENT_3D('',#12992,#12993,#12994);
#11378=CARTESIAN_POINT('',(-1.4,0.363027989269214,0.757101195198517));
#11379=VECTOR('',#12995,1.0);
#11380=CARTESIAN_POINT('',(-1.4,2.75,0.620000000000063));
#11381=VECTOR('',#12996,1.0);
#11382=CARTESIAN_POINT('',(-1.6,0.363027989269214,0.757101195198517));
#11383=VECTOR('',#12997,1.0);
#11384=CARTESIAN_POINT('',(-1.6,2.75,0.620000000000063));
#11385=VECTOR('',#12998,1.0);
#11386=CARTESIAN_POINT('',(-1.4,3.35,-0.019999999999938));
#11387=CARTESIAN_POINT('',(-1.4,3.35,0.300000000000062));
#11388=VECTOR('',#12999,1.0);
#11389=CARTESIAN_POINT('',(-1.6,3.35,-0.019999999999938));
#11390=CARTESIAN_POINT('',(-1.6,3.35,0.300000000000062));
#11391=VECTOR('',#13000,1.0);
#11392=CARTESIAN_POINT('',(-1.4,3.35,-0.019999999999938));
#11393=VECTOR('',#13001,1.0);
#11394=CARTESIAN_POINT('',(-1.4,3.7,0.770000000000062));
#11395=CARTESIAN_POINT('',(-1.4,3.7,0.770000000000062));
#11396=VECTOR('',#13002,1.0);
#11397=CARTESIAN_POINT('',(-1.4,4.2,-0.0199999999999376));
#11398=CARTESIAN_POINT('',(-1.4,3.35,-0.019999999999938));
#11399=VECTOR('',#13003,1.0);
#11400=CARTESIAN_POINT('',(-1.4,4.2,0.160000000000063));
#11401=CARTESIAN_POINT('',(-1.4,4.2,-0.0199999999999376));
#11402=VECTOR('',#13004,1.0);
#11403=CARTESIAN_POINT('',(-1.4,3.7,0.160000000000062));
#11404=CARTESIAN_POINT('',(-1.4,4.2,0.160000000000063));
#11405=VECTOR('',#13005,1.0);
#11406=CARTESIAN_POINT('',(-1.4,3.7,0.160000000000062));
#11407=VECTOR('',#13006,1.0);
#11408=CARTESIAN_POINT('',(-1.6,3.7,0.770000000000062));
#11409=CARTESIAN_POINT('',(-1.6,3.7,0.770000000000062));
#11410=VECTOR('',#13007,1.0);
#11411=CARTESIAN_POINT('',(-1.6,3.7,0.160000000000062));
#11412=CARTESIAN_POINT('',(-1.6,3.7,0.160000000000062));
#11413=VECTOR('',#13008,1.0);
#11414=CARTESIAN_POINT('',(-1.6,4.2,0.160000000000063));
#11415=CARTESIAN_POINT('',(-1.6,4.2,0.160000000000063));
#11416=VECTOR('',#13009,1.0);
#11417=CARTESIAN_POINT('',(-1.6,4.2,-0.0199999999999376));
#11418=CARTESIAN_POINT('',(-1.6,4.2,-0.0199999999999376));
#11419=VECTOR('',#13010,1.0);
#11420=CARTESIAN_POINT('',(-1.6,3.35,-0.019999999999938));
#11421=VECTOR('',#13011,1.0);
#11422=CARTESIAN_POINT('',(-1.4,4.2,-0.0199999999999376));
#11423=VECTOR('',#13012,1.0);
#11424=CARTESIAN_POINT('',(-1.4,4.2,0.160000000000063));
#11425=VECTOR('',#13013,1.0);
#11426=CARTESIAN_POINT('',(-1.4,3.7,0.160000000000062));
#11427=VECTOR('',#13014,1.0);
#11428=CARTESIAN_POINT('',(-1.4,3.7,0.770000000000062));
#11429=VECTOR('',#13015,1.0);
#11430=CARTESIAN_POINT('',(-1.9,0.32,1.36000000000006));
#11431=CARTESIAN_POINT('',(-1.9,0.32,1.36000000000006));
#11432=VECTOR('',#13016,1.0);
#11433=AXIS2_PLACEMENT_3D('',#13017,#13018,#13019);
#11434=CARTESIAN_POINT('',(-2.1,0.32,1.36000000000006));
#11435=CARTESIAN_POINT('',(-2.1,0.32,1.36000000000006));
#11436=VECTOR('',#13020,1.0);
#11437=AXIS2_PLACEMENT_3D('',#13021,#13022,#13023);
#11438=CARTESIAN_POINT('',(-1.9,0.32,1.36000000000006));
#11439=VECTOR('',#13024,1.0);
#11440=CARTESIAN_POINT('',(-2.1,0.47,0.683848945472233));
#11441=CARTESIAN_POINT('',(-2.1,0.47,0.683848945472233));
#11442=VECTOR('',#13025,1.0);
#11443=CARTESIAN_POINT('',(-1.9,0.47,0.683848945472233));
#11444=CARTESIAN_POINT('',(-1.9,0.47,0.683848945472233));
#11445=VECTOR('',#13026,1.0);
#11446=CARTESIAN_POINT('',(-1.9,0.47,0.683848945472233));
#11447=VECTOR('',#13027,1.0);
#11448=CARTESIAN_POINT('',(-2.1,0.363027989269214,0.757101195198517));
#11449=AXIS2_PLACEMENT_3D('',#13028,#13029,#13030);
#11450=CARTESIAN_POINT('',(-1.9,0.363027989269214,0.757101195198517));
#11451=CARTESIAN_POINT('',(-1.9,0.363027989269214,0.757101195198517));
#11452=VECTOR('',#13031,1.0);
#11453=AXIS2_PLACEMENT_3D('',#13032,#13033,#13034);
#11454=CARTESIAN_POINT('',(-1.9,0.363027989269214,0.757101195198517));
#11455=VECTOR('',#13035,1.0);
#11456=CARTESIAN_POINT('',(-1.9,2.75,0.620000000000063));
#11457=VECTOR('',#13036,1.0);
#11458=CARTESIAN_POINT('',(-2.1,0.363027989269214,0.757101195198517));
#11459=VECTOR('',#13037,1.0);
#11460=CARTESIAN_POINT('',(-2.1,2.75,0.620000000000063));
#11461=VECTOR('',#13038,1.0);
#11462=CARTESIAN_POINT('',(-1.9,3.35,-0.019999999999938));
#11463=CARTESIAN_POINT('',(-1.9,3.35,0.300000000000062));
#11464=VECTOR('',#13039,1.0);
#11465=CARTESIAN_POINT('',(-2.1,3.35,-0.019999999999938));
#11466=CARTESIAN_POINT('',(-2.1,3.35,0.300000000000062));
#11467=VECTOR('',#13040,1.0);
#11468=CARTESIAN_POINT('',(-1.9,3.35,-0.019999999999938));
#11469=VECTOR('',#13041,1.0);
#11470=CARTESIAN_POINT('',(-1.9,3.7,0.770000000000062));
#11471=CARTESIAN_POINT('',(-1.9,3.7,0.770000000000062));
#11472=VECTOR('',#13042,1.0);
#11473=CARTESIAN_POINT('',(-1.9,4.2,-0.0199999999999376));
#11474=CARTESIAN_POINT('',(-1.9,3.35,-0.019999999999938));
#11475=VECTOR('',#13043,1.0);
#11476=CARTESIAN_POINT('',(-1.9,4.2,0.160000000000063));
#11477=CARTESIAN_POINT('',(-1.9,4.2,-0.0199999999999376));
#11478=VECTOR('',#13044,1.0);
#11479=CARTESIAN_POINT('',(-1.9,3.7,0.160000000000062));
#11480=CARTESIAN_POINT('',(-1.9,4.2,0.160000000000063));
#11481=VECTOR('',#13045,1.0);
#11482=CARTESIAN_POINT('',(-1.9,3.7,0.160000000000062));
#11483=VECTOR('',#13046,1.0);
#11484=CARTESIAN_POINT('',(-2.1,3.7,0.770000000000062));
#11485=CARTESIAN_POINT('',(-2.1,3.7,0.770000000000062));
#11486=VECTOR('',#13047,1.0);
#11487=CARTESIAN_POINT('',(-2.1,3.7,0.160000000000062));
#11488=CARTESIAN_POINT('',(-2.1,3.7,0.160000000000062));
#11489=VECTOR('',#13048,1.0);
#11490=CARTESIAN_POINT('',(-2.1,4.2,0.160000000000063));
#11491=CARTESIAN_POINT('',(-2.1,4.2,0.160000000000063));
#11492=VECTOR('',#13049,1.0);
#11493=CARTESIAN_POINT('',(-2.1,4.2,-0.0199999999999376));
#11494=CARTESIAN_POINT('',(-2.1,4.2,-0.0199999999999376));
#11495=VECTOR('',#13050,1.0);
#11496=CARTESIAN_POINT('',(-2.1,3.35,-0.019999999999938));
#11497=VECTOR('',#13051,1.0);
#11498=CARTESIAN_POINT('',(-1.9,4.2,-0.0199999999999376));
#11499=VECTOR('',#13052,1.0);
#11500=CARTESIAN_POINT('',(-1.9,4.2,0.160000000000063));
#11501=VECTOR('',#13053,1.0);
#11502=CARTESIAN_POINT('',(-1.9,3.7,0.160000000000062));
#11503=VECTOR('',#13054,1.0);
#11504=CARTESIAN_POINT('',(-1.9,3.7,0.770000000000062));
#11505=VECTOR('',#13055,1.0);
#11506=CARTESIAN_POINT('',(-2.4,0.32,1.36000000000006));
#11507=CARTESIAN_POINT('',(-2.4,0.32,1.36000000000006));
#11508=VECTOR('',#13056,1.0);
#11509=AXIS2_PLACEMENT_3D('',#13057,#13058,#13059);
#11510=CARTESIAN_POINT('',(-2.6,0.32,1.36000000000006));
#11511=CARTESIAN_POINT('',(-2.6,0.32,1.36000000000006));
#11512=VECTOR('',#13060,1.0);
#11513=AXIS2_PLACEMENT_3D('',#13061,#13062,#13063);
#11514=CARTESIAN_POINT('',(-2.4,0.32,1.36000000000006));
#11515=VECTOR('',#13064,1.0);
#11516=CARTESIAN_POINT('',(-2.6,0.47,0.683848945472233));
#11517=CARTESIAN_POINT('',(-2.6,0.47,0.683848945472233));
#11518=VECTOR('',#13065,1.0);
#11519=CARTESIAN_POINT('',(-2.4,0.47,0.683848945472233));
#11520=CARTESIAN_POINT('',(-2.4,0.47,0.683848945472233));
#11521=VECTOR('',#13066,1.0);
#11522=CARTESIAN_POINT('',(-2.4,0.47,0.683848945472233));
#11523=VECTOR('',#13067,1.0);
#11524=CARTESIAN_POINT('',(-2.6,0.363027989269214,0.757101195198517));
#11525=AXIS2_PLACEMENT_3D('',#13068,#13069,#13070);
#11526=CARTESIAN_POINT('',(-2.4,0.363027989269214,0.757101195198517));
#11527=CARTESIAN_POINT('',(-2.4,0.363027989269214,0.757101195198517));
#11528=VECTOR('',#13071,1.0);
#11529=AXIS2_PLACEMENT_3D('',#13072,#13073,#13074);
#11530=CARTESIAN_POINT('',(-2.4,0.363027989269214,0.757101195198517));
#11531=VECTOR('',#13075,1.0);
#11532=CARTESIAN_POINT('',(-2.4,2.75,0.620000000000063));
#11533=VECTOR('',#13076,1.0);
#11534=CARTESIAN_POINT('',(-2.6,0.363027989269214,0.757101195198517));
#11535=VECTOR('',#13077,1.0);
#11536=CARTESIAN_POINT('',(-2.6,2.75,0.620000000000063));
#11537=VECTOR('',#13078,1.0);
#11538=CARTESIAN_POINT('',(-2.4,3.35,-0.019999999999938));
#11539=CARTESIAN_POINT('',(-2.4,3.35,0.300000000000062));
#11540=VECTOR('',#13079,1.0);
#11541=CARTESIAN_POINT('',(-2.6,3.35,-0.019999999999938));
#11542=CARTESIAN_POINT('',(-2.6,3.35,0.300000000000062));
#11543=VECTOR('',#13080,1.0);
#11544=CARTESIAN_POINT('',(-2.4,3.35,-0.019999999999938));
#11545=VECTOR('',#13081,1.0);
#11546=CARTESIAN_POINT('',(-2.4,3.7,0.770000000000062));
#11547=CARTESIAN_POINT('',(-2.4,3.7,0.770000000000062));
#11548=VECTOR('',#13082,1.0);
#11549=CARTESIAN_POINT('',(-2.4,4.2,-0.0199999999999376));
#11550=CARTESIAN_POINT('',(-2.4,3.35,-0.019999999999938));
#11551=VECTOR('',#13083,1.0);
#11552=CARTESIAN_POINT('',(-2.4,4.2,0.160000000000063));
#11553=CARTESIAN_POINT('',(-2.4,4.2,-0.0199999999999376));
#11554=VECTOR('',#13084,1.0);
#11555=CARTESIAN_POINT('',(-2.4,3.7,0.160000000000062));
#11556=CARTESIAN_POINT('',(-2.4,4.2,0.160000000000063));
#11557=VECTOR('',#13085,1.0);
#11558=CARTESIAN_POINT('',(-2.4,3.7,0.160000000000062));
#11559=VECTOR('',#13086,1.0);
#11560=CARTESIAN_POINT('',(-2.6,3.7,0.770000000000062));
#11561=CARTESIAN_POINT('',(-2.6,3.7,0.770000000000062));
#11562=VECTOR('',#13087,1.0);
#11563=CARTESIAN_POINT('',(-2.6,3.7,0.160000000000062));
#11564=CARTESIAN_POINT('',(-2.6,3.7,0.160000000000062));
#11565=VECTOR('',#13088,1.0);
#11566=CARTESIAN_POINT('',(-2.6,4.2,0.160000000000063));
#11567=CARTESIAN_POINT('',(-2.6,4.2,0.160000000000063));
#11568=VECTOR('',#13089,1.0);
#11569=CARTESIAN_POINT('',(-2.6,4.2,-0.0199999999999376));
#11570=CARTESIAN_POINT('',(-2.6,4.2,-0.0199999999999376));
#11571=VECTOR('',#13090,1.0);
#11572=CARTESIAN_POINT('',(-2.6,3.35,-0.019999999999938));
#11573=VECTOR('',#13091,1.0);
#11574=CARTESIAN_POINT('',(-2.4,4.2,-0.0199999999999376));
#11575=VECTOR('',#13092,1.0);
#11576=CARTESIAN_POINT('',(-2.4,4.2,0.160000000000063));
#11577=VECTOR('',#13093,1.0);
#11578=CARTESIAN_POINT('',(-2.4,3.7,0.160000000000062));
#11579=VECTOR('',#13094,1.0);
#11580=CARTESIAN_POINT('',(-2.4,3.7,0.770000000000062));
#11581=VECTOR('',#13095,1.0);
#11582=CARTESIAN_POINT('',(-5.6,2.5,0.0));
#11583=CARTESIAN_POINT('',(-5.6,2.3,0.0));
#11584=CARTESIAN_POINT('',(-5.6,2.5,0.0));
#11585=VECTOR('',#13096,1.0);
#11586=CARTESIAN_POINT('',(-5.6,2.3,0.2));
#11587=CARTESIAN_POINT('',(-5.6,2.3,0.2));
#11588=VECTOR('',#13097,1.0);
#11589=CARTESIAN_POINT('',(-5.6,2.5,0.2));
#11590=CARTESIAN_POINT('',(-5.6,2.5,0.2));
#11591=VECTOR('',#13098,1.0);
#11592=CARTESIAN_POINT('',(-5.6,2.5,0.2));
#11593=VECTOR('',#13099,1.0);
#11594=CARTESIAN_POINT('',(-4.75,2.3,0.0));
#11595=CARTESIAN_POINT('',(-5.6,2.3,0.0));
#11596=VECTOR('',#13100,1.0);
#11597=CARTESIAN_POINT('',(-4.75,2.3,0.2));
#11598=CARTESIAN_POINT('',(-4.75,2.3,0.2));
#11599=VECTOR('',#13101,1.0);
#11600=CARTESIAN_POINT('',(-5.6,2.3,0.2));
#11601=VECTOR('',#13102,1.0);
#11602=CARTESIAN_POINT('',(-4.75,1.15,0.0));
#11603=CARTESIAN_POINT('',(-4.75,2.3,0.0));
#11604=VECTOR('',#13103,1.0);
#11605=CARTESIAN_POINT('',(-4.75,1.15,0.2));
#11606=CARTESIAN_POINT('',(-4.75,1.15,0.2));
#11607=VECTOR('',#13104,1.0);
#11608=CARTESIAN_POINT('',(-4.75,2.3,0.2));
#11609=VECTOR('',#13105,1.0);
#11610=CARTESIAN_POINT('',(-3.81,1.15,0.0));
#11611=CARTESIAN_POINT('',(-4.75,1.15,0.0));
#11612=VECTOR('',#13106,1.0);
#11613=CARTESIAN_POINT('',(-3.81,1.15,0.2));
#11614=CARTESIAN_POINT('',(-3.81,1.15,0.2));
#11615=VECTOR('',#13107,1.0);
#11616=CARTESIAN_POINT('',(-4.75,1.15,0.2));
#11617=VECTOR('',#13108,1.0);
#11618=CARTESIAN_POINT('',(-3.81,2.06,0.0));
#11619=CARTESIAN_POINT('',(-3.81,1.15,0.0));
#11620=VECTOR('',#13109,1.0);
#11621=CARTESIAN_POINT('',(-3.81,2.06,0.2));
#11622=CARTESIAN_POINT('',(-3.81,2.06,0.2));
#11623=VECTOR('',#13110,1.0);
#11624=CARTESIAN_POINT('',(-3.81,1.15,0.2));
#11625=VECTOR('',#13111,1.0);
#11626=CARTESIAN_POINT('',(-3.565,2.06,0.0));
#11627=CARTESIAN_POINT('',(-3.81,2.06,0.0));
#11628=VECTOR('',#13112,1.0);
#11629=CARTESIAN_POINT('',(-3.565,2.06,0.2));
#11630=CARTESIAN_POINT('',(-3.565,2.06,0.2));
#11631=VECTOR('',#13113,1.0);
#11632=CARTESIAN_POINT('',(-3.81,2.06,0.2));
#11633=VECTOR('',#13114,1.0);
#11634=CARTESIAN_POINT('',(-3.565,2.8,0.0));
#11635=CARTESIAN_POINT('',(-3.565,2.06,0.0));
#11636=VECTOR('',#13115,1.0);
#11637=CARTESIAN_POINT('',(-3.565,2.8,0.2));
#11638=CARTESIAN_POINT('',(-3.565,2.8,0.2));
#11639=VECTOR('',#13116,1.0);
#11640=CARTESIAN_POINT('',(-3.565,2.06,0.2));
#11641=VECTOR('',#13117,1.0);
#11642=CARTESIAN_POINT('',(-3.81,2.8,0.0));
#11643=CARTESIAN_POINT('',(-3.565,2.8,0.0));
#11644=VECTOR('',#13118,1.0);
#11645=CARTESIAN_POINT('',(-3.81,2.8,0.2));
#11646=CARTESIAN_POINT('',(-3.81,2.8,0.2));
#11647=VECTOR('',#13119,1.0);
#11648=CARTESIAN_POINT('',(-3.565,2.8,0.2));
#11649=VECTOR('',#13120,1.0);
#11650=CARTESIAN_POINT('',(-3.81,3.45,0.0));
#11651=CARTESIAN_POINT('',(-3.81,2.8,0.0));
#11652=VECTOR('',#13121,1.0);
#11653=CARTESIAN_POINT('',(-3.81,3.45,0.2));
#11654=CARTESIAN_POINT('',(-3.81,3.45,0.2));
#11655=VECTOR('',#13122,1.0);
#11656=CARTESIAN_POINT('',(-3.81,2.8,0.2));
#11657=VECTOR('',#13123,1.0);
#11658=CARTESIAN_POINT('',(-5.1,3.45,0.0));
#11659=CARTESIAN_POINT('',(-3.81,3.45,0.0));
#11660=VECTOR('',#13124,1.0);
#11661=CARTESIAN_POINT('',(-5.1,3.45,0.2));
#11662=CARTESIAN_POINT('',(-5.1,3.45,0.2));
#11663=VECTOR('',#13125,1.0);
#11664=CARTESIAN_POINT('',(-3.81,3.45,0.2));
#11665=VECTOR('',#13126,1.0);
#11666=CARTESIAN_POINT('',(-5.1,3.0,0.0));
#11667=CARTESIAN_POINT('',(-5.1,3.45,0.0));
#11668=VECTOR('',#13127,1.0);
#11669=CARTESIAN_POINT('',(-5.1,3.0,0.2));
#11670=CARTESIAN_POINT('',(-5.1,3.0,0.2));
#11671=VECTOR('',#13128,1.0);
#11672=CARTESIAN_POINT('',(-5.1,3.45,0.2));
#11673=VECTOR('',#13129,1.0);
#11674=CARTESIAN_POINT('',(-5.6,3.0,0.0));
#11675=CARTESIAN_POINT('',(-5.1,3.0,0.0));
#11676=VECTOR('',#13130,1.0);
#11677=CARTESIAN_POINT('',(-5.6,3.0,0.2));
#11678=CARTESIAN_POINT('',(-5.6,3.0,0.2));
#11679=VECTOR('',#13131,1.0);
#11680=CARTESIAN_POINT('',(-5.1,3.0,0.2));
#11681=VECTOR('',#13132,1.0);
#11682=CARTESIAN_POINT('',(-5.6,2.8,0.0));
#11683=CARTESIAN_POINT('',(-5.6,3.0,0.0));
#11684=VECTOR('',#13133,1.0);
#11685=CARTESIAN_POINT('',(-5.6,2.8,0.2));
#11686=CARTESIAN_POINT('',(-5.6,2.8,0.2));
#11687=VECTOR('',#13134,1.0);
#11688=CARTESIAN_POINT('',(-5.6,3.0,0.2));
#11689=VECTOR('',#13135,1.0);
#11690=CARTESIAN_POINT('',(-5.1,2.8,0.0));
#11691=CARTESIAN_POINT('',(-5.6,2.8,0.0));
#11692=VECTOR('',#13136,1.0);
#11693=CARTESIAN_POINT('',(-5.1,2.8,0.2));
#11694=CARTESIAN_POINT('',(-5.1,2.8,0.2));
#11695=VECTOR('',#13137,1.0);
#11696=CARTESIAN_POINT('',(-5.6,2.8,0.2));
#11697=VECTOR('',#13138,1.0);
#11698=CARTESIAN_POINT('',(-5.1,2.5,0.0));
#11699=CARTESIAN_POINT('',(-5.1,2.8,0.0));
#11700=VECTOR('',#13139,1.0);
#11701=CARTESIAN_POINT('',(-5.1,2.5,0.2));
#11702=CARTESIAN_POINT('',(-5.1,2.5,0.2));
#11703=VECTOR('',#13140,1.0);
#11704=CARTESIAN_POINT('',(-5.1,2.8,0.2));
#11705=VECTOR('',#13141,1.0);
#11706=CARTESIAN_POINT('',(-5.1,2.5,0.0));
#11707=VECTOR('',#13142,1.0);
#11708=CARTESIAN_POINT('',(-5.1,2.5,0.2));
#11709=VECTOR('',#13143,1.0);
#11710=CARTESIAN_POINT('',(3.81,2.06,0.0));
#11711=CARTESIAN_POINT('',(3.81,1.15,0.0));
#11712=CARTESIAN_POINT('',(3.81,2.06,0.0));
#11713=VECTOR('',#13144,1.0);
#11714=CARTESIAN_POINT('',(3.81,1.15,0.2));
#11715=CARTESIAN_POINT('',(3.81,1.15,0.2));
#11716=VECTOR('',#13145,1.0);
#11717=CARTESIAN_POINT('',(3.81,2.06,0.2));
#11718=CARTESIAN_POINT('',(3.81,2.06,0.2));
#11719=VECTOR('',#13146,1.0);
#11720=CARTESIAN_POINT('',(3.81,2.06,0.2));
#11721=VECTOR('',#13147,1.0);
#11722=CARTESIAN_POINT('',(4.75,1.15,0.0));
#11723=CARTESIAN_POINT('',(3.81,1.15,0.0));
#11724=VECTOR('',#13148,1.0);
#11725=CARTESIAN_POINT('',(4.75,1.15,0.2));
#11726=CARTESIAN_POINT('',(4.75,1.15,0.2));
#11727=VECTOR('',#13149,1.0);
#11728=CARTESIAN_POINT('',(3.81,1.15,0.2));
#11729=VECTOR('',#13150,1.0);
#11730=CARTESIAN_POINT('',(4.75,2.3,0.0));
#11731=CARTESIAN_POINT('',(4.75,1.15,0.0));
#11732=VECTOR('',#13151,1.0);
#11733=CARTESIAN_POINT('',(4.75,2.3,0.2));
#11734=CARTESIAN_POINT('',(4.75,2.3,0.2));
#11735=VECTOR('',#13152,1.0);
#11736=CARTESIAN_POINT('',(4.75,1.15,0.2));
#11737=VECTOR('',#13153,1.0);
#11738=CARTESIAN_POINT('',(5.6,2.3,0.0));
#11739=CARTESIAN_POINT('',(4.75,2.3,0.0));
#11740=VECTOR('',#13154,1.0);
#11741=CARTESIAN_POINT('',(5.6,2.3,0.2));
#11742=CARTESIAN_POINT('',(5.6,2.3,0.2));
#11743=VECTOR('',#13155,1.0);
#11744=CARTESIAN_POINT('',(4.75,2.3,0.2));
#11745=VECTOR('',#13156,1.0);
#11746=CARTESIAN_POINT('',(5.6,2.5,0.0));
#11747=CARTESIAN_POINT('',(5.6,2.3,0.0));
#11748=VECTOR('',#13157,1.0);
#11749=CARTESIAN_POINT('',(5.6,2.5,0.2));
#11750=CARTESIAN_POINT('',(5.6,2.5,0.2));
#11751=VECTOR('',#13158,1.0);
#11752=CARTESIAN_POINT('',(5.6,2.3,0.2));
#11753=VECTOR('',#13159,1.0);
#11754=CARTESIAN_POINT('',(5.1,2.5,0.0));
#11755=CARTESIAN_POINT('',(5.6,2.5,0.0));
#11756=VECTOR('',#13160,1.0);
#11757=CARTESIAN_POINT('',(5.1,2.5,0.2));
#11758=CARTESIAN_POINT('',(5.1,2.5,0.2));
#11759=VECTOR('',#13161,1.0);
#11760=CARTESIAN_POINT('',(5.6,2.5,0.2));
#11761=VECTOR('',#13162,1.0);
#11762=CARTESIAN_POINT('',(5.1,2.8,0.0));
#11763=CARTESIAN_POINT('',(5.1,2.5,0.0));
#11764=VECTOR('',#13163,1.0);
#11765=CARTESIAN_POINT('',(5.1,2.8,0.2));
#11766=CARTESIAN_POINT('',(5.1,2.8,0.2));
#11767=VECTOR('',#13164,1.0);
#11768=CARTESIAN_POINT('',(5.1,2.5,0.2));
#11769=VECTOR('',#13165,1.0);
#11770=CARTESIAN_POINT('',(5.6,2.8,0.0));
#11771=CARTESIAN_POINT('',(5.1,2.8,0.0));
#11772=VECTOR('',#13166,1.0);
#11773=CARTESIAN_POINT('',(5.6,2.8,0.2));
#11774=CARTESIAN_POINT('',(5.6,2.8,0.2));
#11775=VECTOR('',#13167,1.0);
#11776=CARTESIAN_POINT('',(5.1,2.8,0.2));
#11777=VECTOR('',#13168,1.0);
#11778=CARTESIAN_POINT('',(5.6,3.0,0.0));
#11779=CARTESIAN_POINT('',(5.6,2.8,0.0));
#11780=VECTOR('',#13169,1.0);
#11781=CARTESIAN_POINT('',(5.6,3.0,0.2));
#11782=CARTESIAN_POINT('',(5.6,3.0,0.2));
#11783=VECTOR('',#13170,1.0);
#11784=CARTESIAN_POINT('',(5.6,2.8,0.2));
#11785=VECTOR('',#13171,1.0);
#11786=CARTESIAN_POINT('',(5.1,3.0,0.0));
#11787=CARTESIAN_POINT('',(5.6,3.0,0.0));
#11788=VECTOR('',#13172,1.0);
#11789=CARTESIAN_POINT('',(5.1,3.0,0.2));
#11790=CARTESIAN_POINT('',(5.1,3.0,0.2));
#11791=VECTOR('',#13173,1.0);
#11792=CARTESIAN_POINT('',(5.6,3.0,0.2));
#11793=VECTOR('',#13174,1.0);
#11794=CARTESIAN_POINT('',(5.1,3.45,0.0));
#11795=CARTESIAN_POINT('',(5.1,3.0,0.0));
#11796=VECTOR('',#13175,1.0);
#11797=CARTESIAN_POINT('',(5.1,3.45,0.2));
#11798=CARTESIAN_POINT('',(5.1,3.45,0.2));
#11799=VECTOR('',#13176,1.0);
#11800=CARTESIAN_POINT('',(5.1,3.0,0.2));
#11801=VECTOR('',#13177,1.0);
#11802=CARTESIAN_POINT('',(3.81,3.45,0.0));
#11803=CARTESIAN_POINT('',(5.1,3.45,0.0));
#11804=VECTOR('',#13178,1.0);
#11805=CARTESIAN_POINT('',(3.81,3.45,0.2));
#11806=CARTESIAN_POINT('',(3.81,3.45,0.2));
#11807=VECTOR('',#13179,1.0);
#11808=CARTESIAN_POINT('',(5.1,3.45,0.2));
#11809=VECTOR('',#13180,1.0);
#11810=CARTESIAN_POINT('',(3.81,2.8,0.0));
#11811=CARTESIAN_POINT('',(3.81,3.45,0.0));
#11812=VECTOR('',#13181,1.0);
#11813=CARTESIAN_POINT('',(3.81,2.8,0.2));
#11814=CARTESIAN_POINT('',(3.81,2.8,0.2));
#11815=VECTOR('',#13182,1.0);
#11816=CARTESIAN_POINT('',(3.81,3.45,0.2));
#11817=VECTOR('',#13183,1.0);
#11818=CARTESIAN_POINT('',(3.565,2.8,0.0));
#11819=CARTESIAN_POINT('',(3.81,2.8,0.0));
#11820=VECTOR('',#13184,1.0);
#11821=CARTESIAN_POINT('',(3.565,2.8,0.2));
#11822=CARTESIAN_POINT('',(3.565,2.8,0.2));
#11823=VECTOR('',#13185,1.0);
#11824=CARTESIAN_POINT('',(3.81,2.8,0.2));
#11825=VECTOR('',#13186,1.0);
#11826=CARTESIAN_POINT('',(3.565,2.06,0.0));
#11827=CARTESIAN_POINT('',(3.565,2.8,0.0));
#11828=VECTOR('',#13187,1.0);
#11829=CARTESIAN_POINT('',(3.565,2.06,0.2));
#11830=CARTESIAN_POINT('',(3.565,2.06,0.2));
#11831=VECTOR('',#13188,1.0);
#11832=CARTESIAN_POINT('',(3.565,2.8,0.2));
#11833=VECTOR('',#13189,1.0);
#11834=CARTESIAN_POINT('',(3.565,2.06,0.0));
#11835=VECTOR('',#13190,1.0);
#11836=CARTESIAN_POINT('',(3.565,2.06,0.2));
#11837=VECTOR('',#13191,1.0);
#11838=DIRECTION('',(-1.0,0.0,-0.0));
#11839=CARTESIAN_POINT('',(-2.4,0.39,0.715000000000062));
#11840=DIRECTION('',(1.0,0.0,0.0));
#11841=DIRECTION('',(0.0,1.0,0.0));
#11842=DIRECTION('',(-1.0,0.0,0.0));
#11843=CARTESIAN_POINT('',(-2.6,0.39,0.715000000000062));
#11844=DIRECTION('',(1.0,0.0,0.0));
#11845=DIRECTION('',(0.0,1.0,0.0));
#11846=DIRECTION('',(-1.0,0.0,-0.0));
#11847=CARTESIAN_POINT('',(-1.9,0.39,0.715000000000062));
#11848=DIRECTION('',(1.0,0.0,0.0));
#11849=DIRECTION('',(0.0,1.0,0.0));
#11850=DIRECTION('',(-1.0,0.0,0.0));
#11851=CARTESIAN_POINT('',(-2.1,0.39,0.715000000000062));
#11852=DIRECTION('',(1.0,0.0,0.0));
#11853=DIRECTION('',(0.0,1.0,0.0));
#11854=DIRECTION('',(-1.0,0.0,-0.0));
#11855=CARTESIAN_POINT('',(-1.4,0.39,0.715000000000062));
#11856=DIRECTION('',(1.0,0.0,0.0));
#11857=DIRECTION('',(0.0,1.0,0.0));
#11858=DIRECTION('',(-1.0,0.0,0.0));
#11859=CARTESIAN_POINT('',(-1.6,0.39,0.715000000000062));
#11860=DIRECTION('',(1.0,0.0,0.0));
#11861=DIRECTION('',(0.0,1.0,0.0));
#11862=DIRECTION('',(-1.0,0.0,-0.0));
#11863=CARTESIAN_POINT('',(-0.9,0.39,0.715000000000062));
#11864=DIRECTION('',(1.0,0.0,0.0));
#11865=DIRECTION('',(0.0,1.0,0.0));
#11866=DIRECTION('',(-1.0,0.0,0.0));
#11867=CARTESIAN_POINT('',(-1.1,0.39,0.715000000000062));
#11868=DIRECTION('',(1.0,0.0,0.0));
#11869=DIRECTION('',(0.0,1.0,0.0));
#11870=DIRECTION('',(-1.0,0.0,-0.0));
#11871=CARTESIAN_POINT('',(-0.4,0.39,0.715000000000062));
#11872=DIRECTION('',(1.0,0.0,0.0));
#11873=DIRECTION('',(0.0,1.0,0.0));
#11874=DIRECTION('',(-1.0,0.0,0.0));
#11875=CARTESIAN_POINT('',(-0.6,0.39,0.715000000000062));
#11876=DIRECTION('',(1.0,0.0,0.0));
#11877=DIRECTION('',(0.0,1.0,0.0));
#11878=DIRECTION('',(-1.0,0.0,-0.0));
#11879=CARTESIAN_POINT('',(0.1,0.39,0.715000000000062));
#11880=DIRECTION('',(1.0,0.0,0.0));
#11881=DIRECTION('',(0.0,1.0,0.0));
#11882=DIRECTION('',(-1.0,0.0,0.0));
#11883=CARTESIAN_POINT('',(-0.1,0.39,0.715000000000062));
#11884=DIRECTION('',(1.0,0.0,0.0));
#11885=DIRECTION('',(0.0,1.0,0.0));
#11886=DIRECTION('',(-1.0,0.0,-0.0));
#11887=CARTESIAN_POINT('',(0.6,0.39,0.715000000000062));
#11888=DIRECTION('',(1.0,0.0,0.0));
#11889=DIRECTION('',(0.0,1.0,0.0));
#11890=DIRECTION('',(-1.0,0.0,0.0));
#11891=CARTESIAN_POINT('',(0.4,0.39,0.715000000000062));
#11892=DIRECTION('',(1.0,0.0,0.0));
#11893=DIRECTION('',(0.0,1.0,0.0));
#11894=DIRECTION('',(-1.0,0.0,-0.0));
#11895=CARTESIAN_POINT('',(1.1,0.39,0.715000000000062));
#11896=DIRECTION('',(1.0,0.0,0.0));
#11897=DIRECTION('',(0.0,1.0,0.0));
#11898=DIRECTION('',(-1.0,0.0,0.0));
#11899=CARTESIAN_POINT('',(0.9,0.39,0.715000000000062));
#11900=DIRECTION('',(1.0,0.0,0.0));
#11901=DIRECTION('',(0.0,1.0,0.0));
#11902=DIRECTION('',(-1.0,0.0,-0.0));
#11903=CARTESIAN_POINT('',(1.6,0.39,0.715000000000062));
#11904=DIRECTION('',(1.0,0.0,0.0));
#11905=DIRECTION('',(0.0,1.0,0.0));
#11906=DIRECTION('',(-1.0,0.0,0.0));
#11907=CARTESIAN_POINT('',(1.4,0.39,0.715000000000062));
#11908=DIRECTION('',(1.0,0.0,0.0));
#11909=DIRECTION('',(0.0,1.0,0.0));
#11910=DIRECTION('',(-1.0,0.0,-0.0));
#11911=CARTESIAN_POINT('',(2.1,0.39,0.715000000000062));
#11912=DIRECTION('',(1.0,0.0,0.0));
#11913=DIRECTION('',(0.0,1.0,0.0));
#11914=DIRECTION('',(-1.0,0.0,0.0));
#11915=CARTESIAN_POINT('',(1.9,0.39,0.715000000000062));
#11916=DIRECTION('',(1.0,0.0,0.0));
#11917=DIRECTION('',(0.0,1.0,0.0));
#11918=DIRECTION('',(-1.0,0.0,-0.0));
#11919=CARTESIAN_POINT('',(2.6,0.39,0.715000000000062));
#11920=DIRECTION('',(1.0,0.0,0.0));
#11921=DIRECTION('',(0.0,1.0,0.0));
#11922=DIRECTION('',(-1.0,0.0,0.0));
#11923=CARTESIAN_POINT('',(2.4,0.39,0.715000000000062));
#11924=DIRECTION('',(1.0,0.0,0.0));
#11925=DIRECTION('',(0.0,1.0,0.0));
#11926=DIRECTION('',(1.0,-0.0,-0.0));
#11927=CARTESIAN_POINT('',(4.15000000000001,2.50000000000003,0.760000000000001));
#11928=DIRECTION('',(1.0,0.0,0.0));
#11929=DIRECTION('',(0.0,-1.0,0.0));
#11930=DIRECTION('',(-1.0,0.0,0.0));
#11931=CARTESIAN_POINT('',(4.45000000000001,2.50000000000003,0.760000000000001));
#11932=DIRECTION('',(1.0,0.0,0.0));
#11933=DIRECTION('',(0.0,-1.0,0.0));
#11934=DIRECTION('',(-1.0,0.0,0.0));
#11935=CARTESIAN_POINT('',(4.25,2.50000000000003,0.760000000000001));
#11936=DIRECTION('',(-1.0,0.0,0.0));
#11937=DIRECTION('',(0.0,-1.0,0.0));
#11938=DIRECTION('',(1.0,-0.0,0.0));
#11939=CARTESIAN_POINT('',(-4.25,2.50000000000003,0.760000000000001));
#11940=DIRECTION('',(-1.0,0.0,0.0));
#11941=DIRECTION('',(0.0,1.0,0.0));
#11942=DIRECTION('',(-1.0,0.0,0.0));
#11943=CARTESIAN_POINT('',(-4.44999999999999,2.50000000000003,0.760000000000001));
#11944=DIRECTION('',(1.0,0.0,0.0));
#11945=DIRECTION('',(0.0,-1.0,0.0));
#11946=DIRECTION('',(1.0,0.0,0.0));
#11947=CARTESIAN_POINT('',(-4.14999999999999,2.50000000000003,0.760000000000001));
#11948=DIRECTION('',(1.0,0.0,0.0));
#11949=DIRECTION('',(0.0,-1.0,0.0));
#11950=DIRECTION('',(-8.06848128361306E-16,1.0,0.0));
#11951=DIRECTION('',(0.0,0.0,-1.0));
#11952=DIRECTION('',(8.06848128361306E-16,-1.0,1.23908819712629E-16));
#11953=DIRECTION('',(0.0,0.0,-1.0));
#11954=DIRECTION('',(0.0,4.51750905202289E-16,-1.0));
#11955=DIRECTION('',(-1.0,0.0,0.0));
#11956=DIRECTION('',(0.0,-9.80395581502851E-16,1.0));
#11957=DIRECTION('',(-1.0,0.0,0.0));
#11958=DIRECTION('',(0.0,-4.51750905202289E-16,1.0));
#11959=DIRECTION('',(1.0,0.0,0.0));
#11960=DIRECTION('',(0.0,-9.80395581502851E-16,1.0));
#11961=DIRECTION('',(-1.0,0.0,0.0));
#11962=DIRECTION('',(0.0,0.0,-1.0));
#11963=DIRECTION('',(-1.0,0.0,6.0910234409298E-16));
#11964=DIRECTION('',(0.0,0.0,-1.0));
#11965=DIRECTION('',(-1.0,0.0,2.71050543121376E-16));
#11966=DIRECTION('',(0.0,0.0,-1.0));
#11967=DIRECTION('',(-1.0,0.0,1.76293036176504E-16));
#11968=DIRECTION('',(0.0,1.14374836979086E-16,-1.0));
#11969=DIRECTION('',(-1.0,0.0,0.0));
#11970=DIRECTION('',(0.0,0.0,1.0));
#11971=DIRECTION('',(-1.0,0.0,0.0));
#11972=DIRECTION('',(0.0,0.0,1.0));
#11973=DIRECTION('',(-1.0,-3.41480999208032E-16,0.0));
#11974=DIRECTION('',(0.0,-1.2390881971263E-15,-1.0));
#11975=DIRECTION('',(1.0,1.83697019872103E-16,0.0));
#11976=DIRECTION('',(1.0,0.0,0.0));
#11977=DIRECTION('',(0.0,0.0,-1.0));
#11978=DIRECTION('',(1.0,0.0,0.0));
#11979=DIRECTION('',(0.0,0.0,-1.0));
#11980=DIRECTION('',(-1.0,0.0,0.0));
#11981=DIRECTION('',(7.54227598250786E-16,-1.0,-1.31989829693888E-15));
#11982=DIRECTION('',(0.0,0.0,-1.0));
#11983=DIRECTION('',(7.54227598250786E-16,-1.0,-1.31989829693888E-15));
#11984=DIRECTION('',(0.0,0.0,-1.0));
#11985=DIRECTION('',(-8.06848128361306E-16,1.0,0.0));
#11986=DIRECTION('',(0.0,0.0,1.0));
#11987=DIRECTION('',(8.06848128361306E-16,-1.0,1.23908819712629E-16));
#11988=DIRECTION('',(7.41563581248713E-15,-0.997458699830735,-0.0712470499879089));
#11989=DIRECTION('',(0.0,0.0,1.0));
#11990=DIRECTION('',(-2.04439122224448E-15,0.707106781186548,-0.707106781186547));
#11991=DIRECTION('',(-5.5986335592652E-30,6.9388939039072E-15,1.0));
#11992=DIRECTION('',(0.0,0.0,1.0));
#11993=DIRECTION('',(-1.0,0.0,0.0));
#11994=DIRECTION('',(0.0,0.0,1.0));
#11995=DIRECTION('',(1.0,0.0,0.0));
#11996=DIRECTION('',(0.0,0.0,-1.0));
#11997=DIRECTION('',(1.0,0.0,0.0));
#11998=DIRECTION('',(0.0,0.0,-1.0));
#11999=DIRECTION('',(1.0,-1.83697019872103E-16,0.0));
#12000=DIRECTION('',(0.0,-1.2390881971263E-15,-1.0));
#12001=DIRECTION('',(1.0,-3.41480999208032E-16,0.0));
#12002=DIRECTION('',(0.0,0.0,1.0));
#12003=DIRECTION('',(-1.0,0.0,0.0));
#12004=DIRECTION('',(0.0,0.0,1.0));
#12005=DIRECTION('',(-1.0,0.0,0.0));
#12006=DIRECTION('',(0.0,1.14374836979086E-16,-1.0));
#12007=DIRECTION('',(1.0,0.0,1.76293036176504E-16));
#12008=DIRECTION('',(0.0,0.0,-1.0));
#12009=DIRECTION('',(1.0,0.0,2.71050543121376E-16));
#12010=DIRECTION('',(0.0,0.0,-1.0));
#12011=DIRECTION('',(-1.0,0.0,-6.0910234409298E-16));
#12012=CARTESIAN_POINT('',(-4.14999999999999,2.50000000000003,0.760000000000001));
#12013=DIRECTION('',(1.0,0.0,0.0));
#12014=DIRECTION('',(0.0,-1.0,0.0));
#12015=DIRECTION('',(1.0,0.0,0.0));
#12016=DIRECTION('',(1.0,0.0,0.0));
#12017=CARTESIAN_POINT('',(-4.44999999999999,2.50000000000003,0.760000000000001));
#12018=DIRECTION('',(1.0,0.0,0.0));
#12019=DIRECTION('',(0.0,-1.0,0.0));
#12020=DIRECTION('',(1.0,0.0,0.0));
#12021=CARTESIAN_POINT('',(-4.25,2.50000000000003,0.760000000000001));
#12022=DIRECTION('',(-1.0,0.0,0.0));
#12023=DIRECTION('',(0.0,1.0,0.0));
#12024=DIRECTION('',(0.0,-1.0,0.0));
#12025=DIRECTION('',(0.0,-6.9388939039072E-15,-1.0));
#12026=DIRECTION('',(0.0,0.707106781186548,-0.707106781186547));
#12027=DIRECTION('',(0.0,1.0,-3.33600668457085E-16));
#12028=DIRECTION('',(0.0,6.93889390390719E-15,1.0));
#12029=DIRECTION('',(-1.0,0.0,0.0));
#12030=DIRECTION('',(0.0,1.0,0.0));
#12031=DIRECTION('',(8.06848128361306E-16,-1.0,1.23908819712629E-16));
#12032=DIRECTION('',(8.06848128361306E-16,-1.0,1.23908819712629E-16));
#12033=DIRECTION('',(-1.0,0.0,0.0));
#12034=DIRECTION('',(6.93889390390722E-15,1.0,-1.23908819712629E-16));
#12035=DIRECTION('',(-1.0,0.0,0.0));
#12036=DIRECTION('',(0.0,-1.0,0.0));
#12037=DIRECTION('',(-1.0,-3.41480999208032E-16,0.0));
#12038=DIRECTION('',(-7.54227598250787E-16,1.0,-1.23908819712629E-16));
#12039=DIRECTION('',(0.707106781186548,0.707106781186547,-8.76167666676213E-17));
#12040=DIRECTION('',(0.0,1.0,-1.23908819712629E-16));
#12041=DIRECTION('',(-6.99485272571295E-16,-1.0,2.40933816107898E-16));
#12042=DIRECTION('',(0.0,0.0,1.0));
#12043=DIRECTION('',(0.0,-7.35052320329153E-16,1.0));
#12044=DIRECTION('',(3.46689578122707E-30,6.19544098563151E-15,1.0));
#12045=CARTESIAN_POINT('',(4.15000000000001,2.50000000000003,0.760000000000001));
#12046=DIRECTION('',(1.0,0.0,0.0));
#12047=DIRECTION('',(0.0,-1.0,0.0));
#12048=DIRECTION('',(6.99485272571295E-16,1.0,-1.39897054514259E-16));
#12049=DIRECTION('',(7.45156132292445E-16,1.0,-7.45156132292445E-17));
#12050=DIRECTION('',(-1.0,1.98075396896391E-16,0.0));
#12051=DIRECTION('',(1.0,0.0,0.0));
#12052=DIRECTION('',(-8.06848128361306E-16,1.0,0.0));
#12053=DIRECTION('',(1.0,0.0,0.0));
#12054=DIRECTION('',(-6.48494757374507E-16,1.0,0.0));
#12055=DIRECTION('',(0.0,0.0,-1.0));
#12056=DIRECTION('',(5.5986335592652E-30,-6.9388939039072E-15,-1.0));
#12057=DIRECTION('',(-2.04439122224448E-15,0.707106781186548,-0.707106781186547));
#12058=DIRECTION('',(0.0,0.0,1.0));
#12059=DIRECTION('',(6.17969651040594E-15,-0.997458699830735,-0.0712470499879089));
#12060=DIRECTION('',(-1.50845519650154E-15,1.0,1.31989829693885E-15));
#12061=DIRECTION('',(0.0,0.0,-1.0));
#12062=DIRECTION('',(-1.50845519650154E-15,1.0,1.31989829693885E-15));
#12063=DIRECTION('',(0.0,0.0,-1.0));
#12064=DIRECTION('',(-1.0,0.0,0.0));
#12065=DIRECTION('',(-7.45156132292445E-16,-1.0,7.45156132292445E-17));
#12066=DIRECTION('',(0.707106781186548,0.707106781186547,-5.26904954186727E-17));
#12067=DIRECTION('',(-7.54227598250787E-16,1.0,-7.45156132292444E-17));
#12068=DIRECTION('',(1.0,3.41480999208032E-16,0.0));
#12069=DIRECTION('',(-1.0,0.0,0.0));
#12070=DIRECTION('',(6.93889390390722E-15,1.0,-3.33600668457085E-16));
#12071=DIRECTION('',(-0.23599732810074,0.971753703944221,-3.24177685211441E-16));
#12072=DIRECTION('',(1.0,0.0,0.0));
#12073=DIRECTION('',(0.0,1.0,-3.33600668457085E-16));
#12074=DIRECTION('',(1.0,0.0,0.0));
#12075=DIRECTION('',(0.0,0.707106781186548,-0.707106781186547));
#12076=DIRECTION('',(-0.169248512475358,0.696905639604416,-0.696905639604415));
#12077=DIRECTION('',(-1.0,0.0,0.0));
#12078=DIRECTION('',(0.0,0.0,-1.0));
#12079=DIRECTION('',(0.0,-1.0,0.0));
#12080=DIRECTION('',(-4.98927064277184E-15,-0.997054485501582,0.0766964988847373));
#12081=DIRECTION('',(0.0,0.0,-1.0));
#12082=DIRECTION('',(0.0,1.0,0.0));
#12083=DIRECTION('',(0.0,0.0,1.0));
#12084=DIRECTION('',(-4.87890977618477E-15,-1.0,1.35525271560688E-16));
#12085=DIRECTION('',(0.0,7.97207479768753E-17,-1.0));
#12086=DIRECTION('',(0.0,0.0,1.0));
#12087=DIRECTION('',(0.0,0.0,1.0));
#12088=DIRECTION('',(0.0,0.0,-1.0));
#12089=DIRECTION('',(-1.0,0.0,0.0));
#12090=DIRECTION('',(0.0,1.0,0.0));
#12091=DIRECTION('',(1.0,0.0,0.0));
#12092=DIRECTION('',(2.79794109028517E-16,1.0,-1.23908819712629E-16));
#12093=DIRECTION('',(-0.707106781186549,0.707106781186546,-8.76167666676212E-17));
#12094=DIRECTION('',(-7.54227598250787E-16,1.0,-1.23908819712629E-16));
#12095=DIRECTION('',(1.0,-3.41480999208032E-16,0.0));
#12096=DIRECTION('',(0.0,-1.0,0.0));
#12097=DIRECTION('',(-1.0,3.41480999208032E-16,-4.23125075661565E-32));
#12098=DIRECTION('',(-1.38777878078145E-14,1.0,-1.23908819712629E-16));
#12099=DIRECTION('',(1.0,0.0,0.0));
#12100=DIRECTION('',(8.06848128361306E-16,-1.0,1.23908819712629E-16));
#12101=DIRECTION('',(8.06848128361306E-16,-1.0,1.23908819712629E-16));
#12102=DIRECTION('',(0.0,1.0,-1.23908819712629E-16));
#12103=DIRECTION('',(-1.0,0.0,0.0));
#12104=DIRECTION('',(0.0,1.0,-1.23908819712629E-16));
#12105=DIRECTION('',(-1.0,0.0,0.0));
#12106=DIRECTION('',(-4.60785923306339E-15,-1.0,1.35525271560688E-16));
#12107=DIRECTION('',(-1.0,0.0,0.0));
#12108=DIRECTION('',(-1.0,0.0,0.0));
#12109=DIRECTION('',(0.0,7.97207479768753E-17,-1.0));
#12110=DIRECTION('',(1.0,0.0,0.0));
#12111=DIRECTION('',(0.0,-7.35052320329153E-16,1.0));
#12112=DIRECTION('',(1.0,0.0,0.0));
#12113=DIRECTION('',(0.0,0.0,-1.0));
#12114=DIRECTION('',(3.46689578122707E-30,6.19544098563151E-15,1.0));
#12115=DIRECTION('',(7.45156132292445E-16,1.0,-7.45156132292445E-17));
#12116=DIRECTION('',(6.99485272571295E-16,1.0,-1.39897054514259E-16));
#12117=DIRECTION('',(0.0,0.0,1.0));
#12118=DIRECTION('',(-6.99485272571295E-16,-1.0,2.40933816107898E-16));
#12119=DIRECTION('',(-1.0,-1.98075396896391E-16,0.0));
#12120=DIRECTION('',(-6.48494757374507E-16,-1.0,0.0));
#12121=DIRECTION('',(-1.0,0.0,0.0));
#12122=DIRECTION('',(-8.06848128361306E-16,1.0,0.0));
#12123=DIRECTION('',(0.0,0.0,1.0));
#12124=DIRECTION('',(0.0,0.0,-1.0));
#12125=DIRECTION('',(1.0,0.0,0.0));
#12126=DIRECTION('',(1.0,0.0,0.0));
#12127=DIRECTION('',(0.235430870253247,0.969421230454544,0.0692443736038953));
#12128=DIRECTION('',(0.0,0.0,1.0));
#12129=DIRECTION('',(-0.23599732810074,-0.971753703944221,3.24177685211441E-16));
#12130=DIRECTION('',(-0.169248512475358,-0.696905639604416,0.696905639604415));
#12131=DIRECTION('',(1.38777878078145E-14,-1.0,3.33600668457085E-16));
#12132=DIRECTION('',(0.0,-0.727788971792835,0.685801146497094));
#12133=DIRECTION('',(0.0,9.63735264431558E-16,-1.0));
#12134=DIRECTION('',(0.0,-1.0,-2.47817639425258E-16));
#12135=DIRECTION('',(0.0,1.0,0.0));
#12136=DIRECTION('',(0.0,0.0,1.0));
#12137=DIRECTION('',(0.0,9.63735264431558E-16,-1.0));
#12138=DIRECTION('',(0.0,-0.727788971792835,0.685801146497094));
#12139=DIRECTION('',(0.0,0.0,1.0));
#12140=DIRECTION('',(0.0,1.0,0.0));
#12141=DIRECTION('',(0.0,-1.0,-2.47817639425258E-16));
#12142=DIRECTION('',(0.0,-1.0,-1.35525271560688E-16));
#12143=DIRECTION('',(1.0,0.0,0.0));
#12144=DIRECTION('',(0.0,-1.0,0.0));
#12145=DIRECTION('',(-1.0,0.0,0.0));
#12146=DIRECTION('',(-1.0,0.0,0.0));
#12147=DIRECTION('',(0.0,-4.17000835571347E-16,1.0));
#12148=DIRECTION('',(-1.0,0.0,0.0));
#12149=DIRECTION('',(0.0,-4.17000835571347E-16,1.0));
#12150=DIRECTION('',(0.0,0.0,-1.0));
#12151=DIRECTION('',(1.0,0.0,0.0));
#12152=DIRECTION('',(0.0,0.0,1.0));
#12153=DIRECTION('',(0.0,-1.0,0.0));
#12154=DIRECTION('',(0.0,-1.0,0.0));
#12155=DIRECTION('',(1.0,0.0,0.0));
#12156=DIRECTION('',(0.0,-1.0,-1.35525271560688E-16));
#12157=DIRECTION('',(0.0,1.0,0.0));
#12158=DIRECTION('',(-0.554700196225229,-0.832050294337844,0.0));
#12159=DIRECTION('',(0.55470019622523,-0.832050294337843,0.0));
#12160=DIRECTION('',(-1.0,0.0,0.0));
#12161=DIRECTION('',(0.0,-1.0,0.0));
#12162=DIRECTION('',(-1.0,0.0,0.0));
#12163=DIRECTION('',(0.0,-1.0,0.0));
#12164=DIRECTION('',(1.0,0.0,0.0));
#12165=DIRECTION('',(1.0,0.0,0.0));
#12166=DIRECTION('',(-1.0,0.0,0.0));
#12167=DIRECTION('',(0.0,1.0,0.0));
#12168=DIRECTION('',(0.0,1.0,0.0));
#12169=DIRECTION('',(-1.0,0.0,0.0));
#12170=DIRECTION('',(0.0,0.0,-1.0));
#12171=DIRECTION('',(0.0,0.0,-1.0));
#12172=DIRECTION('',(-1.0,0.0,0.0));
#12173=DIRECTION('',(0.0,1.0,0.0));
#12174=DIRECTION('',(-1.0,0.0,0.0));
#12175=DIRECTION('',(0.0,0.0,1.0));
#12176=DIRECTION('',(2.79794109028517E-16,1.0,0.0));
#12177=DIRECTION('',(-7.45156132292445E-16,-1.0,7.45156132292445E-17));
#12178=DIRECTION('',(0.0,0.0,-1.0));
#12179=DIRECTION('',(-4.65665259992038E-15,-0.997054485501582,0.0766964988847373));
#12180=DIRECTION('',(0.707106781186549,-0.707106781186546,5.26904954186726E-17));
#12181=DIRECTION('',(0.0,0.0,1.0));
#12182=DIRECTION('',(0.0,0.0,-1.0));
#12183=DIRECTION('',(7.54227598250787E-16,-1.0,7.45156132292444E-17));
#12184=DIRECTION('',(0.0,0.0,1.0));
#12185=DIRECTION('',(0.235430870253247,-0.969421230454544,-0.0692443736038953));
#12186=DIRECTION('',(1.0,0.0,0.0));
#12187=DIRECTION('',(-1.0,0.0,0.0));
#12188=DIRECTION('',(-1.0,3.41480999208032E-16,0.0));
#12189=DIRECTION('',(-1.0,0.0,0.0));
#12190=DIRECTION('',(-0.5,-0.866025403784438,-1.27553196763E-15));
#12191=DIRECTION('',(-0.5,-0.866025403784438,-1.27553196763E-15));
#12192=DIRECTION('',(0.0,0.0,-1.0));
#12193=DIRECTION('',(0.0,-1.0,-1.58150392728333E-15));
#12194=DIRECTION('',(0.0,-1.0,-1.58150392728333E-15));
#12195=DIRECTION('',(0.0,0.0,-1.0));
#12196=DIRECTION('',(0.707106781186506,-0.707106781186589,0.0));
#12197=DIRECTION('',(0.707106781186506,-0.707106781186589,0.0));
#12198=DIRECTION('',(0.0,1.0,1.26520314182666E-15));
#12199=DIRECTION('',(0.0,0.0,-1.0));
#12200=DIRECTION('',(0.0,1.0,1.26520314182666E-15));
#12201=DIRECTION('',(0.0,0.0,-1.0));
#12202=DIRECTION('',(-0.5,0.866025403784438,6.37765983814999E-16));
#12203=DIRECTION('',(-0.5,0.866025403784438,6.37765983814999E-16));
#12204=DIRECTION('',(0.707106781186546,0.707106781186549,1.80387460786279E-15));
#12205=DIRECTION('',(0.707106781186546,0.707106781186549,1.80387460786279E-15));
#12206=DIRECTION('',(0.0,0.997054485501582,-0.0766964988847373));
#12207=DIRECTION('',(0.0,0.78086880944303,-0.624695047554424));
#12208=DIRECTION('',(0.0,0.78086880944303,-0.624695047554424));
#12209=DIRECTION('',(0.0,0.997054485501582,-0.0766964988847373));
#12210=DIRECTION('',(0.0,-0.997054485501582,0.0766964988847373));
#12211=DIRECTION('',(-1.0,0.0,0.0));
#12212=DIRECTION('',(1.0,0.0,0.0));
#12213=DIRECTION('',(0.0,-0.78086880944303,0.624695047554424));
#12214=CARTESIAN_POINT('',(4.45000000000001,2.50000000000003,0.760000000000001));
#12215=DIRECTION('',(1.0,0.0,0.0));
#12216=DIRECTION('',(0.0,-1.0,0.0));
#12217=DIRECTION('',(0.0,1.0,0.0));
#12218=DIRECTION('',(0.0,6.9388939039072E-15,1.0));
#12219=DIRECTION('',(0.0,-6.9388939039072E-15,-1.0));
#12220=DIRECTION('',(-1.0,0.0,0.0));
#12221=CARTESIAN_POINT('',(4.25,2.50000000000003,0.760000000000001));
#12222=DIRECTION('',(-1.0,0.0,0.0));
#12223=DIRECTION('',(0.0,-1.0,0.0));
#12224=DIRECTION('',(1.0,0.0,0.0));
#12225=DIRECTION('',(1.0,0.0,0.0));
#12226=DIRECTION('',(0.0,-0.997054485501582,0.0766964988847373));
#12227=DIRECTION('',(-1.0,0.0,0.0));
#12228=DIRECTION('',(0.0,-0.78086880944303,0.624695047554424));
#12229=DIRECTION('',(0.0,0.0,-1.0));
#12230=DIRECTION('',(-0.55470019622523,0.832050294337843,0.0));
#12231=DIRECTION('',(0.0,0.0,-1.0));
#12232=DIRECTION('',(0.0,0.0,-1.0));
#12233=DIRECTION('',(-0.554700196225229,-0.832050294337844,0.0));
#12234=DIRECTION('',(1.0,0.0,0.0));
#12235=DIRECTION('',(0.0,-0.727788971792835,0.685801146497094));
#12236=DIRECTION('',(-1.0,0.0,0.0));
#12237=DIRECTION('',(0.0,-0.727788971792835,0.685801146497094));
#12238=DIRECTION('',(1.0,0.0,0.0));
#12239=DIRECTION('',(0.0,0.727788971792835,-0.685801146497094));
#12240=DIRECTION('',(1.0,0.0,0.0));
#12241=DIRECTION('',(0.0,0.727788971792835,-0.685801146497094));
#12242=DIRECTION('',(1.0,0.0,0.0));
#12243=DIRECTION('',(0.0,-0.727788971792835,0.685801146497094));
#12244=DIRECTION('',(-1.0,0.0,0.0));
#12245=DIRECTION('',(0.0,-0.727788971792835,0.685801146497094));
#12246=DIRECTION('',(1.0,0.0,0.0));
#12247=DIRECTION('',(0.0,-0.727788971792835,0.685801146497094));
#12248=DIRECTION('',(-1.0,0.0,0.0));
#12249=DIRECTION('',(0.0,-0.727788971792835,0.685801146497094));
#12250=DIRECTION('',(1.0,0.0,0.0));
#12251=DIRECTION('',(0.0,-0.727788971792835,0.685801146497094));
#12252=DIRECTION('',(-1.0,0.0,0.0));
#12253=DIRECTION('',(0.0,-0.727788971792835,0.685801146497094));
#12254=DIRECTION('',(1.0,0.0,0.0));
#12255=DIRECTION('',(0.0,-0.727788971792835,0.685801146497094));
#12256=DIRECTION('',(-1.0,0.0,0.0));
#12257=DIRECTION('',(0.0,-0.727788971792835,0.685801146497094));
#12258=DIRECTION('',(1.0,0.0,0.0));
#12259=DIRECTION('',(0.0,-0.727788971792835,0.685801146497094));
#12260=DIRECTION('',(-1.0,0.0,0.0));
#12261=DIRECTION('',(0.0,-0.727788971792835,0.685801146497094));
#12262=DIRECTION('',(1.0,0.0,0.0));
#12263=DIRECTION('',(0.0,-0.727788971792835,0.685801146497094));
#12264=DIRECTION('',(-1.0,0.0,0.0));
#12265=DIRECTION('',(0.0,-0.727788971792835,0.685801146497094));
#12266=DIRECTION('',(1.0,0.0,0.0));
#12267=DIRECTION('',(0.0,-0.727788971792835,0.685801146497094));
#12268=DIRECTION('',(-1.0,0.0,0.0));
#12269=DIRECTION('',(0.0,-0.727788971792835,0.685801146497094));
#12270=DIRECTION('',(1.0,0.0,0.0));
#12271=DIRECTION('',(0.0,-0.727788971792835,0.685801146497094));
#12272=DIRECTION('',(-1.0,0.0,0.0));
#12273=DIRECTION('',(0.0,-0.727788971792835,0.685801146497094));
#12274=DIRECTION('',(1.0,0.0,0.0));
#12275=DIRECTION('',(0.0,-0.727788971792835,0.685801146497094));
#12276=DIRECTION('',(-1.0,0.0,0.0));
#12277=DIRECTION('',(0.0,-0.727788971792835,0.685801146497094));
#12278=DIRECTION('',(1.0,0.0,0.0));
#12279=DIRECTION('',(0.0,-0.727788971792835,0.685801146497094));
#12280=DIRECTION('',(-1.0,0.0,0.0));
#12281=DIRECTION('',(0.0,-0.727788971792835,0.685801146497094));
#12282=DIRECTION('',(1.0,0.0,0.0));
#12283=DIRECTION('',(0.0,0.0,1.0));
#12284=DIRECTION('',(0.0,0.0,-1.0));
#12285=DIRECTION('',(-6.48494757374507E-16,1.0,-1.4061988495818E-31));
#12286=DIRECTION('',(-6.48494757374507E-16,1.0,-1.4061988495818E-31));
#12287=DIRECTION('',(0.0,0.0,1.0));
#12288=DIRECTION('',(-6.48494757374507E-16,1.0,3.94999676848821E-31));
#12289=DIRECTION('',(1.0,0.0,2.16840434497101E-16));
#12290=DIRECTION('',(0.0,-1.0,0.0));
#12291=DIRECTION('',(1.0,0.0,2.16840434497101E-16));
#12292=DIRECTION('',(0.0,-1.0,0.0));
#12293=CARTESIAN_POINT('',(4.075,2.725,0.69));
#12294=DIRECTION('',(-0.0,0.0,1.0));
#12295=DIRECTION('',(1.0,0.0,0.0));
#12296=DIRECTION('',(0.0,1.0,0.0));
#12297=DIRECTION('',(0.0,0.0,1.0));
#12298=DIRECTION('',(0.0,-1.0,0.0));
#12299=DIRECTION('',(0.0,4.51750905202289E-16,-1.0));
#12300=DIRECTION('',(-1.0,0.0,0.0));
#12301=DIRECTION('',(0.0,0.994781438611052,0.102028865498569));
#12302=DIRECTION('',(1.0,0.0,0.0));
#12303=DIRECTION('',(0.0,-0.994781438611052,-0.102028865498569));
#12304=DIRECTION('',(0.0,0.994781438611052,0.102028865498569));
#12305=DIRECTION('',(-1.0,0.0,0.0));
#12306=DIRECTION('',(0.0,0.994781438611052,0.102028865498569));
#12307=DIRECTION('',(1.0,0.0,0.0));
#12308=DIRECTION('',(0.0,0.994781438611052,0.102028865498569));
#12309=DIRECTION('',(-1.0,0.0,0.0));
#12310=DIRECTION('',(0.0,0.994781438611052,0.102028865498569));
#12311=DIRECTION('',(1.0,0.0,0.0));
#12312=DIRECTION('',(0.0,0.994781438611052,0.102028865498569));
#12313=DIRECTION('',(-1.0,0.0,0.0));
#12314=DIRECTION('',(0.0,0.994781438611052,0.102028865498569));
#12315=DIRECTION('',(1.0,0.0,0.0));
#12316=DIRECTION('',(0.0,0.994781438611052,0.102028865498569));
#12317=DIRECTION('',(-1.0,0.0,0.0));
#12318=DIRECTION('',(0.0,0.994781438611052,0.102028865498569));
#12319=DIRECTION('',(1.0,0.0,0.0));
#12320=DIRECTION('',(0.0,0.994781438611052,0.102028865498569));
#12321=DIRECTION('',(-1.0,0.0,0.0));
#12322=DIRECTION('',(0.0,0.994781438611052,0.102028865498569));
#12323=DIRECTION('',(1.0,0.0,0.0));
#12324=DIRECTION('',(0.0,0.994781438611052,0.102028865498569));
#12325=DIRECTION('',(-1.0,0.0,0.0));
#12326=DIRECTION('',(0.0,0.994781438611052,0.102028865498569));
#12327=DIRECTION('',(1.0,0.0,0.0));
#12328=DIRECTION('',(0.0,0.994781438611052,0.102028865498569));
#12329=DIRECTION('',(-1.0,0.0,0.0));
#12330=DIRECTION('',(0.0,0.994781438611052,0.102028865498569));
#12331=DIRECTION('',(1.0,0.0,0.0));
#12332=DIRECTION('',(0.0,0.994781438611052,0.102028865498569));
#12333=DIRECTION('',(-1.0,0.0,0.0));
#12334=DIRECTION('',(0.0,0.994781438611052,0.102028865498569));
#12335=DIRECTION('',(1.0,0.0,0.0));
#12336=DIRECTION('',(0.0,0.994781438611052,0.102028865498569));
#12337=DIRECTION('',(-1.0,0.0,0.0));
#12338=DIRECTION('',(0.0,0.994781438611052,0.102028865498569));
#12339=DIRECTION('',(1.0,0.0,0.0));
#12340=DIRECTION('',(0.0,0.994781438611052,0.102028865498569));
#12341=DIRECTION('',(-1.0,0.0,0.0));
#12342=DIRECTION('',(0.0,0.994781438611052,0.102028865498569));
#12343=DIRECTION('',(1.0,0.0,0.0));
#12344=DIRECTION('',(0.0,0.0,1.0));
#12345=DIRECTION('',(1.0,0.0,0.0));
#12346=DIRECTION('',(0.0,0.0,-1.0));
#12347=DIRECTION('',(1.0,0.0,0.0));
#12348=DIRECTION('',(0.0,1.14374836979086E-16,-1.0));
#12349=DIRECTION('',(0.0,0.0,-1.0));
#12350=DIRECTION('',(0.0,1.0,0.0));
#12351=DIRECTION('',(0.0,0.0,-1.0));
#12352=DIRECTION('',(0.0,1.0,0.0));
#12353=DIRECTION('',(0.0,1.0,0.0));
#12354=DIRECTION('',(0.0,0.0,-1.0));
#12355=DIRECTION('',(0.0,1.0,0.0));
#12356=DIRECTION('',(0.0,0.0,-1.0));
#12357=DIRECTION('',(0.0,1.0,0.0));
#12358=DIRECTION('',(1.0,0.0,-1.76293036176504E-16));
#12359=DIRECTION('',(0.0,-1.0,0.0));
#12360=DIRECTION('',(0.0,0.0,-1.0));
#12361=DIRECTION('',(1.0,0.0,-3.52586072353009E-16));
#12362=DIRECTION('',(0.0,0.0,1.0));
#12363=DIRECTION('',(0.0,1.0,0.0));
#12364=DIRECTION('',(0.0,-1.0,0.0));
#12365=DIRECTION('',(-1.0,0.0,-1.76293036176504E-16));
#12366=DIRECTION('',(-1.0,0.0,-3.52586072353009E-16));
#12367=DIRECTION('',(0.0,0.0,-1.0));
#12368=DIRECTION('',(0.0,0.0,1.0));
#12369=DIRECTION('',(0.0,1.0,0.0));
#12370=DIRECTION('',(1.0,0.0,0.0));
#12371=CARTESIAN_POINT('',(4.075,2.725,1.9));
#12372=DIRECTION('',(-0.0,0.0,1.0));
#12373=DIRECTION('',(1.0,0.0,0.0));
#12374=DIRECTION('',(-6.48494757374507E-16,1.0,-2.29583485646008E-31));
#12375=DIRECTION('',(-1.0,1.98075396896391E-16,-3.5402519917894E-16));
#12376=DIRECTION('',(0.0,-1.0,0.0));
#12377=DIRECTION('',(-1.0,0.0,-3.5402519917894E-16));
#12378=DIRECTION('',(0.0,-1.0,0.0));
#12379=DIRECTION('',(-1.0,-1.98075396896391E-16,-3.5402519917894E-16));
#12380=DIRECTION('',(-6.48494757374507E-16,-1.0,-2.29583485646008E-31));
#12381=CARTESIAN_POINT('',(-4.075,2.725,1.9));
#12382=DIRECTION('',(-0.0,0.0,1.0));
#12383=DIRECTION('',(1.0,0.0,0.0));
#12384=DIRECTION('',(0.0,1.0,0.0));
#12385=DIRECTION('',(0.0,-4.51750905202289E-16,1.0));
#12386=DIRECTION('',(0.0,0.0,1.0));
#12387=DIRECTION('',(0.0,0.0,-1.0));
#12388=DIRECTION('',(-1.0,0.0,0.0));
#12389=DIRECTION('',(0.0,0.0,-1.0));
#12390=DIRECTION('',(-1.0,0.0,0.0));
#12391=DIRECTION('',(0.0,0.0,1.0));
#12392=DIRECTION('',(-1.0,0.0,-6.0910234409298E-16));
#12393=DIRECTION('',(0.0,0.0,-1.0));
#12394=DIRECTION('',(-1.0,0.0,2.16840434497101E-16));
#12395=DIRECTION('',(0.0,0.0,-1.0));
#12396=DIRECTION('',(-1.0,0.0,-2.71050543121376E-16));
#12397=DIRECTION('',(-1.0,0.0,-2.71050543121376E-16));
#12398=DIRECTION('',(0.0,0.0,-1.0));
#12399=DIRECTION('',(1.0,0.0,0.0));
#12400=DIRECTION('',(0.0,0.0,-1.0));
#12401=DIRECTION('',(-1.0,0.0,2.71050543121376E-16));
#12402=DIRECTION('',(1.0,0.0,-2.71050543121376E-16));
#12403=DIRECTION('',(0.0,0.0,-1.0));
#12404=DIRECTION('',(0.0,0.0,-1.0));
#12405=DIRECTION('',(-1.0,0.0,6.0910234409298E-16));
#12406=DIRECTION('',(0.0,0.0,-1.0));
#12407=DIRECTION('',(-1.0,0.0,0.0));
#12408=DIRECTION('',(0.0,0.0,1.0));
#12409=DIRECTION('',(-1.0,0.0,0.0));
#12410=DIRECTION('',(0.0,0.0,1.0));
#12411=DIRECTION('',(-1.0,0.0,0.0));
#12412=DIRECTION('',(0.0,0.0,1.0));
#12413=DIRECTION('',(-1.0,0.0,0.0));
#12414=DIRECTION('',(0.0,0.0,1.0));
#12415=DIRECTION('',(-1.0,0.0,0.0));
#12416=DIRECTION('',(0.0,0.0,1.0));
#12417=DIRECTION('',(-1.0,0.0,0.0));
#12418=DIRECTION('',(0.0,0.0,1.0));
#12419=DIRECTION('',(-1.0,0.0,0.0));
#12420=DIRECTION('',(0.0,0.0,1.0));
#12421=DIRECTION('',(-1.0,0.0,0.0));
#12422=DIRECTION('',(0.0,0.0,1.0));
#12423=DIRECTION('',(-1.0,0.0,0.0));
#12424=DIRECTION('',(0.0,0.0,-1.0));
#12425=DIRECTION('',(-1.0,0.0,0.0));
#12426=DIRECTION('',(0.0,0.0,-1.0));
#12427=DIRECTION('',(-1.0,0.0,0.0));
#12428=DIRECTION('',(0.0,0.0,-1.0));
#12429=DIRECTION('',(-1.0,0.0,0.0));
#12430=DIRECTION('',(0.0,0.0,-1.0));
#12431=DIRECTION('',(-1.0,0.0,0.0));
#12432=DIRECTION('',(0.0,0.0,-1.0));
#12433=DIRECTION('',(-1.0,0.0,0.0));
#12434=DIRECTION('',(0.0,0.0,-1.0));
#12435=DIRECTION('',(-1.0,0.0,0.0));
#12436=DIRECTION('',(0.0,0.0,-1.0));
#12437=DIRECTION('',(-1.0,0.0,0.0));
#12438=DIRECTION('',(0.0,0.0,-1.0));
#12439=DIRECTION('',(-1.0,0.0,0.0));
#12440=DIRECTION('',(0.0,0.0,-1.0));
#12441=DIRECTION('',(-1.0,0.0,0.0));
#12442=DIRECTION('',(0.0,0.0,-1.0));
#12443=DIRECTION('',(-1.0,0.0,0.0));
#12444=DIRECTION('',(0.0,0.0,-1.0));
#12445=DIRECTION('',(-1.0,0.0,0.0));
#12446=DIRECTION('',(0.0,0.0,-1.0));
#12447=DIRECTION('',(-1.0,0.0,0.0));
#12448=DIRECTION('',(0.0,-1.0,0.0));
#12449=DIRECTION('',(0.0,0.0,-1.0));
#12450=DIRECTION('',(0.0,-1.0,0.0));
#12451=DIRECTION('',(0.0,-1.0,0.0));
#12452=DIRECTION('',(0.0,0.0,-1.0));
#12453=DIRECTION('',(0.0,0.0,-1.0));
#12454=DIRECTION('',(0.0,-0.707106781186548,-0.707106781186548));
#12455=DIRECTION('',(0.0,0.0,1.0));
#12456=CARTESIAN_POINT('',(4.075,2.725,0.239999999999997));
#12457=DIRECTION('',(6.19544098563146E-16,0.0,1.0));
#12458=DIRECTION('',(1.0,0.0,-6.19544098563146E-16));
#12459=DIRECTION('',(0.0,0.0,-1.0));
#12460=DIRECTION('',(0.0,-1.0,0.0));
#12461=DIRECTION('',(0.0,-0.707106781186548,-0.707106781186548));
#12462=DIRECTION('',(0.0,0.0,1.0));
#12463=DIRECTION('',(0.0,0.0,-1.0));
#12464=DIRECTION('',(0.0,-1.0,0.0));
#12465=DIRECTION('',(0.0,-1.0,0.0));
#12466=DIRECTION('',(0.0,1.0,0.0));
#12467=DIRECTION('',(-0.707106781186549,0.707106781186547,1.91661677085422E-16));
#12468=DIRECTION('',(0.0,0.0,-1.0));
#12469=DIRECTION('',(0.0,0.0,-1.0));
#12470=DIRECTION('',(0.0,1.0,0.0));
#12471=DIRECTION('',(0.0,-1.0,0.0));
#12472=DIRECTION('',(-0.707106781186549,-0.707106781186547,1.91661677085422E-16));
#12473=DIRECTION('',(0.0,-1.0,0.0));
#12474=DIRECTION('',(0.0,0.0,-1.0));
#12475=DIRECTION('',(0.0,1.14374836979086E-16,-1.0));
#12476=DIRECTION('',(1.0,0.0,0.0));
#12477=DIRECTION('',(0.0,0.0,-1.0));
#12478=DIRECTION('',(1.0,0.0,0.0));
#12479=DIRECTION('',(0.0,1.0,1.26807271635732E-16));
#12480=DIRECTION('',(0.0,0.0,-1.0));
#12481=DIRECTION('',(0.0,1.0,0.0));
#12482=DIRECTION('',(0.0,-1.0,0.0));
#12483=DIRECTION('',(-1.0,0.0,0.0));
#12484=DIRECTION('',(-1.0,0.0,0.0));
#12485=DIRECTION('',(-1.0,0.0,0.0));
#12486=DIRECTION('',(-1.0,0.0,0.0));
#12487=DIRECTION('',(-1.0,0.0,0.0));
#12488=DIRECTION('',(-1.0,0.0,0.0));
#12489=DIRECTION('',(-1.0,0.0,0.0));
#12490=DIRECTION('',(-1.0,0.0,0.0));
#12491=DIRECTION('',(-1.0,0.0,0.0));
#12492=DIRECTION('',(-1.0,0.0,0.0));
#12493=DIRECTION('',(-1.0,0.0,0.0));
#12494=DIRECTION('',(0.0,-1.0,0.0));
#12495=DIRECTION('',(-5.4210108624276E-16,1.0,0.0));
#12496=DIRECTION('',(1.0,1.32309417659248E-15,0.0));
#12497=DIRECTION('',(5.42101086242755E-16,-1.0,0.0));
#12498=DIRECTION('',(0.0,0.0,-1.0));
#12499=DIRECTION('',(0.0,0.0,1.0));
#12500=DIRECTION('',(-6.48494757374507E-16,-1.0,-3.94999676848821E-31));
#12501=DIRECTION('',(0.0,0.0,1.0));
#12502=DIRECTION('',(6.48494757374507E-16,1.0,-1.4061988495818E-31));
#12503=DIRECTION('',(6.48494757374507E-16,1.0,-1.4061988495818E-31));
#12504=DIRECTION('',(0.0,-1.0,0.0));
#12505=DIRECTION('',(0.0,0.0,1.0));
#12506=DIRECTION('',(0.0,1.0,0.0));
#12507=CARTESIAN_POINT('',(-4.075,2.725,0.69));
#12508=DIRECTION('',(0.0,0.0,-1.0));
#12509=DIRECTION('',(-1.0,0.0,0.0));
#12510=CARTESIAN_POINT('',(-4.075,2.725,0.239999999999997));
#12511=DIRECTION('',(-6.19544098563146E-16,0.0,1.0));
#12512=DIRECTION('',(1.0,0.0,6.19544098563146E-16));
#12513=DIRECTION('',(0.0,-1.0,0.0));
#12514=DIRECTION('',(-1.0,1.98075396896391E-16,6.0910234409298E-16));
#12515=DIRECTION('',(0.0,0.0,1.0));
#12516=DIRECTION('',(1.0,-1.98075396896391E-16,-2.71050543121376E-16));
#12517=DIRECTION('',(0.0,0.0,1.0));
#12518=DIRECTION('',(6.48494757374507E-16,-1.0,-1.75774856197725E-31));
#12519=CARTESIAN_POINT('',(4.075,2.725,1.42));
#12520=DIRECTION('',(0.0,0.0,-1.0));
#12521=DIRECTION('',(-1.0,0.0,0.0));
#12522=DIRECTION('',(-1.0,0.0,0.0));
#12523=DIRECTION('',(-6.48494757374507E-16,-1.0,-1.75774856197725E-31));
#12524=DIRECTION('',(0.0,0.0,1.0));
#12525=DIRECTION('',(0.0,0.0,1.0));
#12526=DIRECTION('',(0.0,0.0,-1.0));
#12527=DIRECTION('',(-1.0,-1.98075396896391E-16,-2.71050543121376E-16));
#12528=DIRECTION('',(-1.0,-1.98075396896391E-16,-6.0910234409298E-16));
#12529=CARTESIAN_POINT('',(-4.075,2.725,1.42));
#12530=DIRECTION('',(-0.0,0.0,1.0));
#12531=DIRECTION('',(1.0,0.0,0.0));
#12532=DIRECTION('',(0.0,0.0,-1.0));
#12533=DIRECTION('',(5.42101086242755E-16,-1.0,0.0));
#12534=DIRECTION('',(0.0,0.0,-1.0));
#12535=DIRECTION('',(1.0,1.32309417659248E-15,0.0));
#12536=DIRECTION('',(-5.4210108624276E-16,1.0,0.0));
#12537=DIRECTION('',(0.0,1.0,0.0));
#12538=DIRECTION('',(-1.0,0.0,0.0));
#12539=DIRECTION('',(0.0,1.0,0.0));
#12540=DIRECTION('',(0.0,1.0,1.26807271635732E-16));
#12541=DIRECTION('',(-1.0,0.0,0.0));
#12542=DIRECTION('',(0.0,1.0,0.0));
#12543=DIRECTION('',(-1.0,0.0,0.0));
#12544=DIRECTION('',(0.0,1.0,0.0));
#12545=DIRECTION('',(0.0,1.0,0.0));
#12546=DIRECTION('',(-1.0,0.0,0.0));
#12547=DIRECTION('',(0.0,1.0,0.0));
#12548=DIRECTION('',(0.0,1.0,0.0));
#12549=DIRECTION('',(-1.0,0.0,0.0));
#12550=DIRECTION('',(0.0,1.0,0.0));
#12551=DIRECTION('',(0.0,1.0,0.0));
#12552=DIRECTION('',(-1.0,0.0,0.0));
#12553=DIRECTION('',(0.0,1.0,0.0));
#12554=DIRECTION('',(0.0,1.0,0.0));
#12555=DIRECTION('',(-1.0,0.0,0.0));
#12556=DIRECTION('',(0.0,1.0,0.0));
#12557=DIRECTION('',(0.0,1.0,0.0));
#12558=DIRECTION('',(-1.0,0.0,0.0));
#12559=DIRECTION('',(0.0,1.0,0.0));
#12560=DIRECTION('',(0.0,1.0,0.0));
#12561=DIRECTION('',(-1.0,0.0,0.0));
#12562=DIRECTION('',(0.0,1.0,0.0));
#12563=DIRECTION('',(0.0,1.0,0.0));
#12564=DIRECTION('',(-1.0,0.0,0.0));
#12565=DIRECTION('',(0.0,1.0,0.0));
#12566=DIRECTION('',(0.0,1.0,0.0));
#12567=DIRECTION('',(-1.0,0.0,0.0));
#12568=DIRECTION('',(0.0,1.0,0.0));
#12569=DIRECTION('',(0.0,1.0,0.0));
#12570=DIRECTION('',(-1.0,0.0,0.0));
#12571=DIRECTION('',(0.0,1.0,0.0));
#12572=DIRECTION('',(0.0,0.994781438611052,0.102028865498569));
#12573=DIRECTION('',(0.0,-0.994781438611052,-0.102028865498569));
#12574=DIRECTION('',(1.0,0.0,0.0));
#12575=DIRECTION('',(0.0,0.0,1.0));
#12576=DIRECTION('',(0.0,0.0,1.0));
#12577=DIRECTION('',(1.0,0.0,0.0));
#12578=DIRECTION('',(0.0,0.0,1.0));
#12579=DIRECTION('',(0.0,0.0,1.0));
#12580=DIRECTION('',(1.0,0.0,0.0));
#12581=DIRECTION('',(0.0,0.0,1.0));
#12582=DIRECTION('',(0.0,0.0,1.0));
#12583=DIRECTION('',(1.0,0.0,0.0));
#12584=DIRECTION('',(0.0,0.0,1.0));
#12585=DIRECTION('',(0.0,0.0,1.0));
#12586=DIRECTION('',(1.0,0.0,0.0));
#12587=DIRECTION('',(0.0,0.0,1.0));
#12588=DIRECTION('',(0.0,0.0,1.0));
#12589=DIRECTION('',(1.0,0.0,0.0));
#12590=DIRECTION('',(0.0,0.0,1.0));
#12591=DIRECTION('',(0.0,0.0,1.0));
#12592=DIRECTION('',(1.0,0.0,0.0));
#12593=DIRECTION('',(0.0,0.0,1.0));
#12594=DIRECTION('',(0.0,0.0,1.0));
#12595=DIRECTION('',(1.0,0.0,0.0));
#12596=DIRECTION('',(0.0,0.0,1.0));
#12597=DIRECTION('',(0.0,0.0,1.0));
#12598=DIRECTION('',(1.0,0.0,0.0));
#12599=DIRECTION('',(0.0,0.0,1.0));
#12600=DIRECTION('',(0.0,0.0,1.0));
#12601=DIRECTION('',(1.0,0.0,0.0));
#12602=DIRECTION('',(0.0,0.0,1.0));
#12603=DIRECTION('',(0.0,0.0,1.0));
#12604=DIRECTION('',(1.0,0.0,0.0));
#12605=DIRECTION('',(0.0,0.0,1.0));
#12606=DIRECTION('',(0.0,0.0,-1.0));
#12607=DIRECTION('',(0.0,0.0,1.0));
#12608=DIRECTION('',(1.0,0.0,0.0));
#12609=DIRECTION('',(0.0,1.0,0.0));
#12610=DIRECTION('',(-1.0,0.0,2.16840434497101E-16));
#12611=DIRECTION('',(0.707106781186549,-0.707106781186547,0.0));
#12612=DIRECTION('',(0.0,-1.0,0.0));
#12613=DIRECTION('',(0.0,-1.0,0.0));
#12614=DIRECTION('',(1.0,0.0,0.0));
#12615=DIRECTION('',(0.0,-1.0,0.0));
#12616=DIRECTION('',(0.0,-1.0,0.0));
#12617=DIRECTION('',(1.0,0.0,0.0));
#12618=DIRECTION('',(0.0,-1.0,0.0));
#12619=DIRECTION('',(0.0,-1.0,0.0));
#12620=DIRECTION('',(1.0,0.0,0.0));
#12621=DIRECTION('',(0.0,-1.0,0.0));
#12622=DIRECTION('',(0.0,-1.0,0.0));
#12623=DIRECTION('',(1.0,0.0,0.0));
#12624=DIRECTION('',(0.0,-1.0,0.0));
#12625=DIRECTION('',(0.0,-1.0,0.0));
#12626=DIRECTION('',(1.0,0.0,0.0));
#12627=DIRECTION('',(0.0,-1.0,0.0));
#12628=DIRECTION('',(0.0,-1.0,0.0));
#12629=DIRECTION('',(1.0,0.0,0.0));
#12630=DIRECTION('',(0.0,-1.0,0.0));
#12631=DIRECTION('',(0.0,-1.0,0.0));
#12632=DIRECTION('',(1.0,0.0,0.0));
#12633=DIRECTION('',(0.0,-1.0,0.0));
#12634=DIRECTION('',(0.0,-1.0,0.0));
#12635=DIRECTION('',(1.0,0.0,0.0));
#12636=DIRECTION('',(0.0,-1.0,0.0));
#12637=DIRECTION('',(0.0,-1.0,0.0));
#12638=DIRECTION('',(1.0,0.0,0.0));
#12639=DIRECTION('',(0.0,-1.0,0.0));
#12640=DIRECTION('',(0.0,-1.0,0.0));
#12641=DIRECTION('',(1.0,0.0,0.0));
#12642=DIRECTION('',(0.0,-1.0,0.0));
#12643=DIRECTION('',(0.0,-1.0,0.0));
#12644=DIRECTION('',(1.0,0.0,0.0));
#12645=DIRECTION('',(0.0,-1.0,0.0));
#12646=DIRECTION('',(0.0,1.0,0.0));
#12647=DIRECTION('',(0.0,-1.0,0.0));
#12648=DIRECTION('',(-0.707106781186549,-0.707106781186547,0.0));
#12649=DIRECTION('',(1.0,0.0,2.16840434497101E-16));
#12650=DIRECTION('',(0.0,0.0,1.0));
#12651=DIRECTION('',(0.0,1.0,0.0));
#12652=DIRECTION('',(0.0,1.0,0.0));
#12653=DIRECTION('',(-1.0,0.0,2.16840434497101E-16));
#12654=DIRECTION('',(0.0,0.0,1.0));
#12655=DIRECTION('',(0.0,0.0,1.0));
#12656=DIRECTION('',(0.0,1.0,0.0));
#12657=CARTESIAN_POINT('',(2.6,0.32,1.48000000000006));
#12658=DIRECTION('',(1.0,0.0,0.0));
#12659=DIRECTION('',(0.0,1.0,0.0));
#12660=DIRECTION('',(0.0,1.0,0.0));
#12661=CARTESIAN_POINT('',(2.4,0.32,1.48000000000006));
#12662=DIRECTION('',(1.0,0.0,0.0));
#12663=DIRECTION('',(0.0,1.0,0.0));
#12664=DIRECTION('',(-1.0,0.0,0.0));
#12665=DIRECTION('',(0.0,-0.546172127413338,0.837672971532918));
#12666=DIRECTION('',(0.0,-0.546172127413338,0.837672971532918));
#12667=DIRECTION('',(-1.0,0.0,0.0));
#12668=CARTESIAN_POINT('',(2.4,0.39,0.715000000000062));
#12669=DIRECTION('',(1.0,0.0,0.0));
#12670=DIRECTION('',(0.0,1.0,0.0));
#12671=DIRECTION('',(-1.0,0.0,0.0));
#12672=CARTESIAN_POINT('',(2.6,0.39,0.715000000000062));
#12673=DIRECTION('',(1.0,0.0,0.0));
#12674=DIRECTION('',(0.0,1.0,0.0));
#12675=DIRECTION('',(0.0,-0.842023903969087,-0.539440214615724));
#12676=DIRECTION('',(0.0,-0.999608120610232,0.0279929492922725));
#12677=DIRECTION('',(0.0,-0.842023903969087,-0.539440214615724));
#12678=DIRECTION('',(0.0,-0.999608120610232,0.0279929492922725));
#12679=DIRECTION('',(0.0,0.0,-1.0));
#12680=DIRECTION('',(0.0,0.0,-1.0));
#12681=DIRECTION('',(-1.0,0.0,0.0));
#12682=DIRECTION('',(0.0,-1.0,1.23908819712629E-15));
#12683=DIRECTION('',(0.0,1.0,4.82310525260096E-16));
#12684=DIRECTION('',(0.0,0.0,1.0));
#12685=DIRECTION('',(0.0,-1.0,-4.33680868994201E-16));
#12686=DIRECTION('',(0.0,0.0,1.0));
#12687=DIRECTION('',(0.0,-1.0,1.23908819712629E-15));
#12688=DIRECTION('',(0.0,0.0,1.0));
#12689=DIRECTION('',(0.0,-1.0,-4.33680868994201E-16));
#12690=DIRECTION('',(0.0,0.0,1.0));
#12691=DIRECTION('',(0.0,1.0,4.82310525260096E-16));
#12692=DIRECTION('',(-1.0,0.0,0.0));
#12693=DIRECTION('',(-1.0,0.0,0.0));
#12694=DIRECTION('',(-1.0,0.0,0.0));
#12695=DIRECTION('',(-1.0,0.0,0.0));
#12696=DIRECTION('',(0.0,1.0,0.0));
#12697=CARTESIAN_POINT('',(2.1,0.32,1.48000000000006));
#12698=DIRECTION('',(1.0,0.0,0.0));
#12699=DIRECTION('',(0.0,1.0,0.0));
#12700=DIRECTION('',(0.0,1.0,0.0));
#12701=CARTESIAN_POINT('',(1.9,0.32,1.48000000000006));
#12702=DIRECTION('',(1.0,0.0,0.0));
#12703=DIRECTION('',(0.0,1.0,0.0));
#12704=DIRECTION('',(-1.0,0.0,0.0));
#12705=DIRECTION('',(0.0,-0.546172127413338,0.837672971532918));
#12706=DIRECTION('',(0.0,-0.546172127413338,0.837672971532918));
#12707=DIRECTION('',(-1.0,0.0,0.0));
#12708=CARTESIAN_POINT('',(1.9,0.39,0.715000000000062));
#12709=DIRECTION('',(1.0,0.0,0.0));
#12710=DIRECTION('',(0.0,1.0,0.0));
#12711=DIRECTION('',(-1.0,0.0,0.0));
#12712=CARTESIAN_POINT('',(2.1,0.39,0.715000000000062));
#12713=DIRECTION('',(1.0,0.0,0.0));
#12714=DIRECTION('',(0.0,1.0,0.0));
#12715=DIRECTION('',(0.0,-0.842023903969087,-0.539440214615724));
#12716=DIRECTION('',(0.0,-0.999608120610232,0.0279929492922725));
#12717=DIRECTION('',(0.0,-0.842023903969087,-0.539440214615724));
#12718=DIRECTION('',(0.0,-0.999608120610232,0.0279929492922725));
#12719=DIRECTION('',(0.0,0.0,-1.0));
#12720=DIRECTION('',(0.0,0.0,-1.0));
#12721=DIRECTION('',(-1.0,0.0,0.0));
#12722=DIRECTION('',(0.0,-1.0,1.23908819712629E-15));
#12723=DIRECTION('',(0.0,1.0,4.82310525260096E-16));
#12724=DIRECTION('',(0.0,0.0,1.0));
#12725=DIRECTION('',(0.0,-1.0,-4.33680868994201E-16));
#12726=DIRECTION('',(0.0,0.0,1.0));
#12727=DIRECTION('',(0.0,-1.0,1.23908819712629E-15));
#12728=DIRECTION('',(0.0,0.0,1.0));
#12729=DIRECTION('',(0.0,-1.0,-4.33680868994201E-16));
#12730=DIRECTION('',(0.0,0.0,1.0));
#12731=DIRECTION('',(0.0,1.0,4.82310525260096E-16));
#12732=DIRECTION('',(-1.0,0.0,0.0));
#12733=DIRECTION('',(-1.0,0.0,0.0));
#12734=DIRECTION('',(-1.0,0.0,0.0));
#12735=DIRECTION('',(-1.0,0.0,0.0));
#12736=DIRECTION('',(0.0,1.0,0.0));
#12737=CARTESIAN_POINT('',(1.6,0.32,1.48000000000006));
#12738=DIRECTION('',(1.0,0.0,0.0));
#12739=DIRECTION('',(0.0,1.0,0.0));
#12740=DIRECTION('',(0.0,1.0,0.0));
#12741=CARTESIAN_POINT('',(1.4,0.32,1.48000000000006));
#12742=DIRECTION('',(1.0,0.0,0.0));
#12743=DIRECTION('',(0.0,1.0,0.0));
#12744=DIRECTION('',(-1.0,0.0,0.0));
#12745=DIRECTION('',(0.0,-0.546172127413338,0.837672971532918));
#12746=DIRECTION('',(0.0,-0.546172127413338,0.837672971532918));
#12747=DIRECTION('',(-1.0,0.0,0.0));
#12748=CARTESIAN_POINT('',(1.4,0.39,0.715000000000062));
#12749=DIRECTION('',(1.0,0.0,0.0));
#12750=DIRECTION('',(0.0,1.0,0.0));
#12751=DIRECTION('',(-1.0,0.0,0.0));
#12752=CARTESIAN_POINT('',(1.6,0.39,0.715000000000062));
#12753=DIRECTION('',(1.0,0.0,0.0));
#12754=DIRECTION('',(0.0,1.0,0.0));
#12755=DIRECTION('',(0.0,-0.842023903969087,-0.539440214615724));
#12756=DIRECTION('',(0.0,-0.999608120610232,0.0279929492922725));
#12757=DIRECTION('',(0.0,-0.842023903969087,-0.539440214615724));
#12758=DIRECTION('',(0.0,-0.999608120610232,0.0279929492922725));
#12759=DIRECTION('',(0.0,0.0,-1.0));
#12760=DIRECTION('',(0.0,0.0,-1.0));
#12761=DIRECTION('',(-1.0,0.0,0.0));
#12762=DIRECTION('',(0.0,-1.0,1.23908819712629E-15));
#12763=DIRECTION('',(0.0,1.0,4.82310525260096E-16));
#12764=DIRECTION('',(0.0,0.0,1.0));
#12765=DIRECTION('',(0.0,-1.0,-4.33680868994201E-16));
#12766=DIRECTION('',(0.0,0.0,1.0));
#12767=DIRECTION('',(0.0,-1.0,1.23908819712629E-15));
#12768=DIRECTION('',(0.0,0.0,1.0));
#12769=DIRECTION('',(0.0,-1.0,-4.33680868994201E-16));
#12770=DIRECTION('',(0.0,0.0,1.0));
#12771=DIRECTION('',(0.0,1.0,4.82310525260096E-16));
#12772=DIRECTION('',(-1.0,0.0,0.0));
#12773=DIRECTION('',(-1.0,0.0,0.0));
#12774=DIRECTION('',(-1.0,0.0,0.0));
#12775=DIRECTION('',(-1.0,0.0,0.0));
#12776=DIRECTION('',(0.0,1.0,0.0));
#12777=CARTESIAN_POINT('',(1.1,0.32,1.48000000000006));
#12778=DIRECTION('',(1.0,0.0,0.0));
#12779=DIRECTION('',(0.0,1.0,0.0));
#12780=DIRECTION('',(0.0,1.0,0.0));
#12781=CARTESIAN_POINT('',(0.9,0.32,1.48000000000006));
#12782=DIRECTION('',(1.0,0.0,0.0));
#12783=DIRECTION('',(0.0,1.0,0.0));
#12784=DIRECTION('',(-1.0,0.0,0.0));
#12785=DIRECTION('',(0.0,-0.546172127413338,0.837672971532918));
#12786=DIRECTION('',(0.0,-0.546172127413338,0.837672971532918));
#12787=DIRECTION('',(-1.0,0.0,0.0));
#12788=CARTESIAN_POINT('',(0.9,0.39,0.715000000000062));
#12789=DIRECTION('',(1.0,0.0,0.0));
#12790=DIRECTION('',(0.0,1.0,0.0));
#12791=DIRECTION('',(-1.0,0.0,0.0));
#12792=CARTESIAN_POINT('',(1.1,0.39,0.715000000000062));
#12793=DIRECTION('',(1.0,0.0,0.0));
#12794=DIRECTION('',(0.0,1.0,0.0));
#12795=DIRECTION('',(0.0,-0.842023903969087,-0.539440214615724));
#12796=DIRECTION('',(0.0,-0.999608120610232,0.0279929492922725));
#12797=DIRECTION('',(0.0,-0.842023903969087,-0.539440214615724));
#12798=DIRECTION('',(0.0,-0.999608120610232,0.0279929492922725));
#12799=DIRECTION('',(0.0,0.0,-1.0));
#12800=DIRECTION('',(0.0,0.0,-1.0));
#12801=DIRECTION('',(-1.0,0.0,0.0));
#12802=DIRECTION('',(0.0,-1.0,1.23908819712629E-15));
#12803=DIRECTION('',(0.0,1.0,4.82310525260096E-16));
#12804=DIRECTION('',(0.0,0.0,1.0));
#12805=DIRECTION('',(0.0,-1.0,-4.33680868994201E-16));
#12806=DIRECTION('',(0.0,0.0,1.0));
#12807=DIRECTION('',(0.0,-1.0,1.23908819712629E-15));
#12808=DIRECTION('',(0.0,0.0,1.0));
#12809=DIRECTION('',(0.0,-1.0,-4.33680868994201E-16));
#12810=DIRECTION('',(0.0,0.0,1.0));
#12811=DIRECTION('',(0.0,1.0,4.82310525260096E-16));
#12812=DIRECTION('',(-1.0,0.0,0.0));
#12813=DIRECTION('',(-1.0,0.0,0.0));
#12814=DIRECTION('',(-1.0,0.0,0.0));
#12815=DIRECTION('',(-1.0,0.0,0.0));
#12816=DIRECTION('',(0.0,1.0,0.0));
#12817=CARTESIAN_POINT('',(0.6,0.32,1.48000000000006));
#12818=DIRECTION('',(1.0,0.0,0.0));
#12819=DIRECTION('',(0.0,1.0,0.0));
#12820=DIRECTION('',(0.0,1.0,0.0));
#12821=CARTESIAN_POINT('',(0.4,0.32,1.48000000000006));
#12822=DIRECTION('',(1.0,0.0,0.0));
#12823=DIRECTION('',(0.0,1.0,0.0));
#12824=DIRECTION('',(-1.0,0.0,0.0));
#12825=DIRECTION('',(0.0,-0.546172127413338,0.837672971532918));
#12826=DIRECTION('',(0.0,-0.546172127413338,0.837672971532918));
#12827=DIRECTION('',(-1.0,0.0,0.0));
#12828=CARTESIAN_POINT('',(0.4,0.39,0.715000000000062));
#12829=DIRECTION('',(1.0,0.0,0.0));
#12830=DIRECTION('',(0.0,1.0,0.0));
#12831=DIRECTION('',(-1.0,0.0,0.0));
#12832=CARTESIAN_POINT('',(0.6,0.39,0.715000000000062));
#12833=DIRECTION('',(1.0,0.0,0.0));
#12834=DIRECTION('',(0.0,1.0,0.0));
#12835=DIRECTION('',(0.0,-0.842023903969087,-0.539440214615724));
#12836=DIRECTION('',(0.0,-0.999608120610232,0.0279929492922725));
#12837=DIRECTION('',(0.0,-0.842023903969087,-0.539440214615724));
#12838=DIRECTION('',(0.0,-0.999608120610232,0.0279929492922725));
#12839=DIRECTION('',(0.0,0.0,-1.0));
#12840=DIRECTION('',(0.0,0.0,-1.0));
#12841=DIRECTION('',(-1.0,0.0,0.0));
#12842=DIRECTION('',(0.0,-1.0,1.23908819712629E-15));
#12843=DIRECTION('',(0.0,1.0,4.82310525260096E-16));
#12844=DIRECTION('',(0.0,0.0,1.0));
#12845=DIRECTION('',(0.0,-1.0,-4.33680868994201E-16));
#12846=DIRECTION('',(0.0,0.0,1.0));
#12847=DIRECTION('',(0.0,-1.0,1.23908819712629E-15));
#12848=DIRECTION('',(0.0,0.0,1.0));
#12849=DIRECTION('',(0.0,-1.0,-4.33680868994201E-16));
#12850=DIRECTION('',(0.0,0.0,1.0));
#12851=DIRECTION('',(0.0,1.0,4.82310525260096E-16));
#12852=DIRECTION('',(-1.0,0.0,0.0));
#12853=DIRECTION('',(-1.0,0.0,0.0));
#12854=DIRECTION('',(-1.0,0.0,0.0));
#12855=DIRECTION('',(-1.0,0.0,0.0));
#12856=DIRECTION('',(0.0,1.0,0.0));
#12857=CARTESIAN_POINT('',(0.1,0.32,1.48000000000006));
#12858=DIRECTION('',(1.0,0.0,0.0));
#12859=DIRECTION('',(0.0,1.0,0.0));
#12860=DIRECTION('',(0.0,1.0,0.0));
#12861=CARTESIAN_POINT('',(-0.1,0.32,1.48000000000006));
#12862=DIRECTION('',(1.0,0.0,0.0));
#12863=DIRECTION('',(0.0,1.0,0.0));
#12864=DIRECTION('',(-1.0,0.0,0.0));
#12865=DIRECTION('',(0.0,-0.546172127413338,0.837672971532918));
#12866=DIRECTION('',(0.0,-0.546172127413338,0.837672971532918));
#12867=DIRECTION('',(-1.0,0.0,0.0));
#12868=CARTESIAN_POINT('',(-0.1,0.39,0.715000000000062));
#12869=DIRECTION('',(1.0,0.0,0.0));
#12870=DIRECTION('',(0.0,1.0,0.0));
#12871=DIRECTION('',(-1.0,0.0,0.0));
#12872=CARTESIAN_POINT('',(0.1,0.39,0.715000000000062));
#12873=DIRECTION('',(1.0,0.0,0.0));
#12874=DIRECTION('',(0.0,1.0,0.0));
#12875=DIRECTION('',(0.0,-0.842023903969087,-0.539440214615724));
#12876=DIRECTION('',(0.0,-0.999608120610232,0.0279929492922725));
#12877=DIRECTION('',(0.0,-0.842023903969087,-0.539440214615724));
#12878=DIRECTION('',(0.0,-0.999608120610232,0.0279929492922725));
#12879=DIRECTION('',(0.0,0.0,-1.0));
#12880=DIRECTION('',(0.0,0.0,-1.0));
#12881=DIRECTION('',(-1.0,0.0,0.0));
#12882=DIRECTION('',(0.0,-1.0,1.23908819712629E-15));
#12883=DIRECTION('',(0.0,1.0,4.82310525260096E-16));
#12884=DIRECTION('',(0.0,0.0,1.0));
#12885=DIRECTION('',(0.0,-1.0,-4.33680868994201E-16));
#12886=DIRECTION('',(0.0,0.0,1.0));
#12887=DIRECTION('',(0.0,-1.0,1.23908819712629E-15));
#12888=DIRECTION('',(0.0,0.0,1.0));
#12889=DIRECTION('',(0.0,-1.0,-4.33680868994201E-16));
#12890=DIRECTION('',(0.0,0.0,1.0));
#12891=DIRECTION('',(0.0,1.0,4.82310525260096E-16));
#12892=DIRECTION('',(-1.0,0.0,0.0));
#12893=DIRECTION('',(-1.0,0.0,0.0));
#12894=DIRECTION('',(-1.0,0.0,0.0));
#12895=DIRECTION('',(-1.0,0.0,0.0));
#12896=DIRECTION('',(0.0,1.0,0.0));
#12897=CARTESIAN_POINT('',(-0.4,0.32,1.48000000000006));
#12898=DIRECTION('',(1.0,0.0,0.0));
#12899=DIRECTION('',(0.0,1.0,0.0));
#12900=DIRECTION('',(0.0,1.0,0.0));
#12901=CARTESIAN_POINT('',(-0.6,0.32,1.48000000000006));
#12902=DIRECTION('',(1.0,0.0,0.0));
#12903=DIRECTION('',(0.0,1.0,0.0));
#12904=DIRECTION('',(-1.0,0.0,0.0));
#12905=DIRECTION('',(0.0,-0.546172127413338,0.837672971532918));
#12906=DIRECTION('',(0.0,-0.546172127413338,0.837672971532918));
#12907=DIRECTION('',(-1.0,0.0,0.0));
#12908=CARTESIAN_POINT('',(-0.6,0.39,0.715000000000062));
#12909=DIRECTION('',(1.0,0.0,0.0));
#12910=DIRECTION('',(0.0,1.0,0.0));
#12911=DIRECTION('',(-1.0,0.0,0.0));
#12912=CARTESIAN_POINT('',(-0.4,0.39,0.715000000000062));
#12913=DIRECTION('',(1.0,0.0,0.0));
#12914=DIRECTION('',(0.0,1.0,0.0));
#12915=DIRECTION('',(0.0,-0.842023903969087,-0.539440214615724));
#12916=DIRECTION('',(0.0,-0.999608120610232,0.0279929492922725));
#12917=DIRECTION('',(0.0,-0.842023903969087,-0.539440214615724));
#12918=DIRECTION('',(0.0,-0.999608120610232,0.0279929492922725));
#12919=DIRECTION('',(0.0,0.0,-1.0));
#12920=DIRECTION('',(0.0,0.0,-1.0));
#12921=DIRECTION('',(-1.0,0.0,0.0));
#12922=DIRECTION('',(0.0,-1.0,1.23908819712629E-15));
#12923=DIRECTION('',(0.0,1.0,4.82310525260096E-16));
#12924=DIRECTION('',(0.0,0.0,1.0));
#12925=DIRECTION('',(0.0,-1.0,-4.33680868994201E-16));
#12926=DIRECTION('',(0.0,0.0,1.0));
#12927=DIRECTION('',(0.0,-1.0,1.23908819712629E-15));
#12928=DIRECTION('',(0.0,0.0,1.0));
#12929=DIRECTION('',(0.0,-1.0,-4.33680868994201E-16));
#12930=DIRECTION('',(0.0,0.0,1.0));
#12931=DIRECTION('',(0.0,1.0,4.82310525260096E-16));
#12932=DIRECTION('',(-1.0,0.0,0.0));
#12933=DIRECTION('',(-1.0,0.0,0.0));
#12934=DIRECTION('',(-1.0,0.0,0.0));
#12935=DIRECTION('',(-1.0,0.0,0.0));
#12936=DIRECTION('',(0.0,1.0,0.0));
#12937=CARTESIAN_POINT('',(-0.9,0.32,1.48000000000006));
#12938=DIRECTION('',(1.0,0.0,0.0));
#12939=DIRECTION('',(0.0,1.0,0.0));
#12940=DIRECTION('',(0.0,1.0,0.0));
#12941=CARTESIAN_POINT('',(-1.1,0.32,1.48000000000006));
#12942=DIRECTION('',(1.0,0.0,0.0));
#12943=DIRECTION('',(0.0,1.0,0.0));
#12944=DIRECTION('',(-1.0,0.0,0.0));
#12945=DIRECTION('',(0.0,-0.546172127413338,0.837672971532918));
#12946=DIRECTION('',(0.0,-0.546172127413338,0.837672971532918));
#12947=DIRECTION('',(-1.0,0.0,0.0));
#12948=CARTESIAN_POINT('',(-1.1,0.39,0.715000000000062));
#12949=DIRECTION('',(1.0,0.0,0.0));
#12950=DIRECTION('',(0.0,1.0,0.0));
#12951=DIRECTION('',(-1.0,0.0,0.0));
#12952=CARTESIAN_POINT('',(-0.9,0.39,0.715000000000062));
#12953=DIRECTION('',(1.0,0.0,0.0));
#12954=DIRECTION('',(0.0,1.0,0.0));
#12955=DIRECTION('',(0.0,-0.842023903969087,-0.539440214615724));
#12956=DIRECTION('',(0.0,-0.999608120610232,0.0279929492922725));
#12957=DIRECTION('',(0.0,-0.842023903969087,-0.539440214615724));
#12958=DIRECTION('',(0.0,-0.999608120610232,0.0279929492922725));
#12959=DIRECTION('',(0.0,0.0,-1.0));
#12960=DIRECTION('',(0.0,0.0,-1.0));
#12961=DIRECTION('',(-1.0,0.0,0.0));
#12962=DIRECTION('',(0.0,-1.0,1.23908819712629E-15));
#12963=DIRECTION('',(0.0,1.0,4.82310525260096E-16));
#12964=DIRECTION('',(0.0,0.0,1.0));
#12965=DIRECTION('',(0.0,-1.0,-4.33680868994201E-16));
#12966=DIRECTION('',(0.0,0.0,1.0));
#12967=DIRECTION('',(0.0,-1.0,1.23908819712629E-15));
#12968=DIRECTION('',(0.0,0.0,1.0));
#12969=DIRECTION('',(0.0,-1.0,-4.33680868994201E-16));
#12970=DIRECTION('',(0.0,0.0,1.0));
#12971=DIRECTION('',(0.0,1.0,4.82310525260096E-16));
#12972=DIRECTION('',(-1.0,0.0,0.0));
#12973=DIRECTION('',(-1.0,0.0,0.0));
#12974=DIRECTION('',(-1.0,0.0,0.0));
#12975=DIRECTION('',(-1.0,0.0,0.0));
#12976=DIRECTION('',(0.0,1.0,0.0));
#12977=CARTESIAN_POINT('',(-1.4,0.32,1.48000000000006));
#12978=DIRECTION('',(1.0,0.0,0.0));
#12979=DIRECTION('',(0.0,1.0,0.0));
#12980=DIRECTION('',(0.0,1.0,0.0));
#12981=CARTESIAN_POINT('',(-1.6,0.32,1.48000000000006));
#12982=DIRECTION('',(1.0,0.0,0.0));
#12983=DIRECTION('',(0.0,1.0,0.0));
#12984=DIRECTION('',(-1.0,0.0,0.0));
#12985=DIRECTION('',(0.0,-0.546172127413338,0.837672971532918));
#12986=DIRECTION('',(0.0,-0.546172127413338,0.837672971532918));
#12987=DIRECTION('',(-1.0,0.0,0.0));
#12988=CARTESIAN_POINT('',(-1.6,0.39,0.715000000000062));
#12989=DIRECTION('',(1.0,0.0,0.0));
#12990=DIRECTION('',(0.0,1.0,0.0));
#12991=DIRECTION('',(-1.0,0.0,0.0));
#12992=CARTESIAN_POINT('',(-1.4,0.39,0.715000000000062));
#12993=DIRECTION('',(1.0,0.0,0.0));
#12994=DIRECTION('',(0.0,1.0,0.0));
#12995=DIRECTION('',(0.0,-0.842023903969087,-0.539440214615724));
#12996=DIRECTION('',(0.0,-0.999608120610232,0.0279929492922725));
#12997=DIRECTION('',(0.0,-0.842023903969087,-0.539440214615724));
#12998=DIRECTION('',(0.0,-0.999608120610232,0.0279929492922725));
#12999=DIRECTION('',(0.0,0.0,-1.0));
#13000=DIRECTION('',(0.0,0.0,-1.0));
#13001=DIRECTION('',(-1.0,0.0,0.0));
#13002=DIRECTION('',(0.0,-1.0,1.23908819712629E-15));
#13003=DIRECTION('',(0.0,1.0,4.82310525260096E-16));
#13004=DIRECTION('',(0.0,0.0,1.0));
#13005=DIRECTION('',(0.0,-1.0,-4.33680868994201E-16));
#13006=DIRECTION('',(0.0,0.0,1.0));
#13007=DIRECTION('',(0.0,-1.0,1.23908819712629E-15));
#13008=DIRECTION('',(0.0,0.0,1.0));
#13009=DIRECTION('',(0.0,-1.0,-4.33680868994201E-16));
#13010=DIRECTION('',(0.0,0.0,1.0));
#13011=DIRECTION('',(0.0,1.0,4.82310525260096E-16));
#13012=DIRECTION('',(-1.0,0.0,0.0));
#13013=DIRECTION('',(-1.0,0.0,0.0));
#13014=DIRECTION('',(-1.0,0.0,0.0));
#13015=DIRECTION('',(-1.0,0.0,0.0));
#13016=DIRECTION('',(0.0,1.0,0.0));
#13017=CARTESIAN_POINT('',(-1.9,0.32,1.48000000000006));
#13018=DIRECTION('',(1.0,0.0,0.0));
#13019=DIRECTION('',(0.0,1.0,0.0));
#13020=DIRECTION('',(0.0,1.0,0.0));
#13021=CARTESIAN_POINT('',(-2.1,0.32,1.48000000000006));
#13022=DIRECTION('',(1.0,0.0,0.0));
#13023=DIRECTION('',(0.0,1.0,0.0));
#13024=DIRECTION('',(-1.0,0.0,0.0));
#13025=DIRECTION('',(0.0,-0.546172127413338,0.837672971532918));
#13026=DIRECTION('',(0.0,-0.546172127413338,0.837672971532918));
#13027=DIRECTION('',(-1.0,0.0,0.0));
#13028=CARTESIAN_POINT('',(-2.1,0.39,0.715000000000062));
#13029=DIRECTION('',(1.0,0.0,0.0));
#13030=DIRECTION('',(0.0,1.0,0.0));
#13031=DIRECTION('',(-1.0,0.0,0.0));
#13032=CARTESIAN_POINT('',(-1.9,0.39,0.715000000000062));
#13033=DIRECTION('',(1.0,0.0,0.0));
#13034=DIRECTION('',(0.0,1.0,0.0));
#13035=DIRECTION('',(0.0,-0.842023903969087,-0.539440214615724));
#13036=DIRECTION('',(0.0,-0.999608120610232,0.0279929492922725));
#13037=DIRECTION('',(0.0,-0.842023903969087,-0.539440214615724));
#13038=DIRECTION('',(0.0,-0.999608120610232,0.0279929492922725));
#13039=DIRECTION('',(0.0,0.0,-1.0));
#13040=DIRECTION('',(0.0,0.0,-1.0));
#13041=DIRECTION('',(-1.0,0.0,0.0));
#13042=DIRECTION('',(0.0,-1.0,1.23908819712629E-15));
#13043=DIRECTION('',(0.0,1.0,4.82310525260096E-16));
#13044=DIRECTION('',(0.0,0.0,1.0));
#13045=DIRECTION('',(0.0,-1.0,-4.33680868994201E-16));
#13046=DIRECTION('',(0.0,0.0,1.0));
#13047=DIRECTION('',(0.0,-1.0,1.23908819712629E-15));
#13048=DIRECTION('',(0.0,0.0,1.0));
#13049=DIRECTION('',(0.0,-1.0,-4.33680868994201E-16));
#13050=DIRECTION('',(0.0,0.0,1.0));
#13051=DIRECTION('',(0.0,1.0,4.82310525260096E-16));
#13052=DIRECTION('',(-1.0,0.0,0.0));
#13053=DIRECTION('',(-1.0,0.0,0.0));
#13054=DIRECTION('',(-1.0,0.0,0.0));
#13055=DIRECTION('',(-1.0,0.0,0.0));
#13056=DIRECTION('',(0.0,1.0,0.0));
#13057=CARTESIAN_POINT('',(-2.4,0.32,1.48000000000006));
#13058=DIRECTION('',(1.0,0.0,0.0));
#13059=DIRECTION('',(0.0,1.0,0.0));
#13060=DIRECTION('',(0.0,1.0,0.0));
#13061=CARTESIAN_POINT('',(-2.6,0.32,1.48000000000006));
#13062=DIRECTION('',(1.0,0.0,0.0));
#13063=DIRECTION('',(0.0,1.0,0.0));
#13064=DIRECTION('',(-1.0,0.0,0.0));
#13065=DIRECTION('',(0.0,-0.546172127413338,0.837672971532918));
#13066=DIRECTION('',(0.0,-0.546172127413338,0.837672971532918));
#13067=DIRECTION('',(-1.0,0.0,0.0));
#13068=CARTESIAN_POINT('',(-2.6,0.39,0.715000000000062));
#13069=DIRECTION('',(1.0,0.0,0.0));
#13070=DIRECTION('',(0.0,1.0,0.0));
#13071=DIRECTION('',(-1.0,0.0,0.0));
#13072=CARTESIAN_POINT('',(-2.4,0.39,0.715000000000062));
#13073=DIRECTION('',(1.0,0.0,0.0));
#13074=DIRECTION('',(0.0,1.0,0.0));
#13075=DIRECTION('',(0.0,-0.842023903969087,-0.539440214615724));
#13076=DIRECTION('',(0.0,-0.999608120610232,0.0279929492922725));
#13077=DIRECTION('',(0.0,-0.842023903969087,-0.539440214615724));
#13078=DIRECTION('',(0.0,-0.999608120610232,0.0279929492922725));
#13079=DIRECTION('',(0.0,0.0,-1.0));
#13080=DIRECTION('',(0.0,0.0,-1.0));
#13081=DIRECTION('',(-1.0,0.0,0.0));
#13082=DIRECTION('',(0.0,-1.0,1.23908819712629E-15));
#13083=DIRECTION('',(0.0,1.0,4.82310525260096E-16));
#13084=DIRECTION('',(0.0,0.0,1.0));
#13085=DIRECTION('',(0.0,-1.0,-4.33680868994201E-16));
#13086=DIRECTION('',(0.0,0.0,1.0));
#13087=DIRECTION('',(0.0,-1.0,1.23908819712629E-15));
#13088=DIRECTION('',(0.0,0.0,1.0));
#13089=DIRECTION('',(0.0,-1.0,-4.33680868994201E-16));
#13090=DIRECTION('',(0.0,0.0,1.0));
#13091=DIRECTION('',(0.0,1.0,4.82310525260096E-16));
#13092=DIRECTION('',(-1.0,0.0,0.0));
#13093=DIRECTION('',(-1.0,0.0,0.0));
#13094=DIRECTION('',(-1.0,0.0,0.0));
#13095=DIRECTION('',(-1.0,0.0,0.0));
#13096=DIRECTION('',(0.0,-1.0,0.0));
#13097=DIRECTION('',(0.0,0.0,-1.0));
#13098=DIRECTION('',(0.0,-1.0,0.0));
#13099=DIRECTION('',(0.0,0.0,-1.0));
#13100=DIRECTION('',(1.0,-5.10212787052002E-16,0.0));
#13101=DIRECTION('',(0.0,0.0,-1.0));
#13102=DIRECTION('',(1.0,-5.10212787052002E-16,0.0));
#13103=DIRECTION('',(7.54227598250786E-16,-1.0,0.0));
#13104=DIRECTION('',(0.0,0.0,-1.0));
#13105=DIRECTION('',(7.54227598250786E-16,-1.0,0.0));
#13106=DIRECTION('',(1.0,0.0,0.0));
#13107=DIRECTION('',(0.0,0.0,-1.0));
#13108=DIRECTION('',(1.0,0.0,0.0));
#13109=DIRECTION('',(-4.76572383510114E-16,1.0,0.0));
#13110=DIRECTION('',(0.0,0.0,-1.0));
#13111=DIRECTION('',(-4.76572383510114E-16,1.0,0.0));
#13112=DIRECTION('',(1.0,1.94713859548417E-14,0.0));
#13113=DIRECTION('',(0.0,0.0,-1.0));
#13114=DIRECTION('',(1.0,1.94713859548417E-14,0.0));
#13115=DIRECTION('',(0.0,1.0,0.0));
#13116=DIRECTION('',(0.0,0.0,-1.0));
#13117=DIRECTION('',(0.0,1.0,0.0));
#13118=DIRECTION('',(-1.0,0.0,0.0));
#13119=DIRECTION('',(0.0,0.0,-1.0));
#13120=DIRECTION('',(-1.0,0.0,0.0));
#13121=DIRECTION('',(0.0,1.0,0.0));
#13122=DIRECTION('',(0.0,0.0,-1.0));
#13123=DIRECTION('',(0.0,1.0,0.0));
#13124=DIRECTION('',(-1.0,3.36186720150544E-16,0.0));
#13125=DIRECTION('',(0.0,0.0,-1.0));
#13126=DIRECTION('',(-1.0,3.36186720150544E-16,0.0));
#13127=DIRECTION('',(0.0,-1.0,0.0));
#13128=DIRECTION('',(0.0,0.0,-1.0));
#13129=DIRECTION('',(0.0,-1.0,0.0));
#13130=DIRECTION('',(-1.0,-8.67361737988403E-16,0.0));
#13131=DIRECTION('',(0.0,0.0,-1.0));
#13132=DIRECTION('',(-1.0,-8.67361737988403E-16,0.0));
#13133=DIRECTION('',(0.0,-1.0,0.0));
#13134=DIRECTION('',(0.0,0.0,-1.0));
#13135=DIRECTION('',(0.0,-1.0,0.0));
#13136=DIRECTION('',(1.0,0.0,0.0));
#13137=DIRECTION('',(0.0,0.0,-1.0));
#13138=DIRECTION('',(1.0,0.0,0.0));
#13139=DIRECTION('',(0.0,-1.0,0.0));
#13140=DIRECTION('',(0.0,0.0,-1.0));
#13141=DIRECTION('',(0.0,-1.0,0.0));
#13142=DIRECTION('',(-1.0,-7.80625564189563E-15,0.0));
#13143=DIRECTION('',(-1.0,-7.80625564189563E-15,0.0));
#13144=DIRECTION('',(4.76572383510112E-16,-1.0,0.0));
#13145=DIRECTION('',(0.0,0.0,1.0));
#13146=DIRECTION('',(4.76572383510112E-16,-1.0,0.0));
#13147=DIRECTION('',(0.0,0.0,-1.0));
#13148=DIRECTION('',(1.0,0.0,0.0));
#13149=DIRECTION('',(0.0,0.0,1.0));
#13150=DIRECTION('',(1.0,0.0,0.0));
#13151=DIRECTION('',(7.54227598250786E-16,1.0,0.0));
#13152=DIRECTION('',(0.0,0.0,-1.0));
#13153=DIRECTION('',(7.54227598250786E-16,1.0,0.0));
#13154=DIRECTION('',(-1.0,-5.10212787052002E-16,0.0));
#13155=DIRECTION('',(0.0,0.0,1.0));
#13156=DIRECTION('',(-1.0,-5.10212787052002E-16,0.0));
#13157=DIRECTION('',(0.0,-1.0,0.0));
#13158=DIRECTION('',(0.0,0.0,1.0));
#13159=DIRECTION('',(0.0,-1.0,0.0));
#13160=DIRECTION('',(1.0,0.0,0.0));
#13161=DIRECTION('',(0.0,0.0,1.0));
#13162=DIRECTION('',(1.0,0.0,0.0));
#13163=DIRECTION('',(0.0,-1.0,0.0));
#13164=DIRECTION('',(0.0,0.0,1.0));
#13165=DIRECTION('',(0.0,-1.0,0.0));
#13166=DIRECTION('',(-1.0,0.0,0.0));
#13167=DIRECTION('',(0.0,0.0,1.0));
#13168=DIRECTION('',(-1.0,0.0,0.0));
#13169=DIRECTION('',(0.0,-1.0,0.0));
#13170=DIRECTION('',(0.0,0.0,1.0));
#13171=DIRECTION('',(0.0,-1.0,0.0));
#13172=DIRECTION('',(1.0,0.0,0.0));
#13173=DIRECTION('',(0.0,0.0,1.0));
#13174=DIRECTION('',(1.0,0.0,0.0));
#13175=DIRECTION('',(0.0,-1.0,0.0));
#13176=DIRECTION('',(0.0,0.0,1.0));
#13177=DIRECTION('',(0.0,-1.0,0.0));
#13178=DIRECTION('',(1.0,3.36186720150544E-16,0.0));
#13179=DIRECTION('',(0.0,0.0,-1.0));
#13180=DIRECTION('',(1.0,3.36186720150544E-16,0.0));
#13181=DIRECTION('',(0.0,-1.0,0.0));
#13182=DIRECTION('',(0.0,0.0,-1.0));
#13183=DIRECTION('',(0.0,-1.0,0.0));
#13184=DIRECTION('',(-1.0,0.0,0.0));
#13185=DIRECTION('',(0.0,0.0,-1.0));
#13186=DIRECTION('',(-1.0,0.0,0.0));
#13187=DIRECTION('',(0.0,-1.0,0.0));
#13188=DIRECTION('',(0.0,0.0,-1.0));
#13189=DIRECTION('',(0.0,-1.0,0.0));
#13190=DIRECTION('',(1.0,1.77012599589471E-15,0.0));
#13191=DIRECTION('',(1.0,1.77012599589471E-15,0.0));
#13192=PRESENTATION_LAYER_ASSIGNMENT('1','Layer 1',(#31,#33,#35));
ENDSEC;
END-ISO-10303-21;
