ISO-10303-21;
HEADER;
/* Generated by software containing ST-Developer
 * from STEP Tools, Inc. (www.steptools.com) 
 */
/* OPTION: using custom renumber hook */

FILE_DESCRIPTION(
/* description */ ('STEP AP214'),
/* implementation_level */ '2;1');

FILE_NAME(
/* name */ 'PSS-02-01-T-S',
/* time_stamp */ '2026-08-25T00:00:38+02:00',
/* author */ ('License CC BY-ND 4.0'),
/* organization */ ('CADENAS'),
/* preprocessor_version */ 'ST-DEVELOPER v20',
/* originating_system */ 'PARTsolutions',
/* authorisation */ '  ');

FILE_SCHEMA (('AUTOMOTIVE_DESIGN {1 0 10303 214 3 1 1}'));
ENDSEC;

DATA;
#10=PROPERTY_DEFINITION_REPRESENTATION(#14,#12);
#11=PROPERTY_DEFINITION_REPRESENTATION(#15,#13);
#12=REPRESENTATION('',(#16),#3095);
#13=REPRESENTATION('',(#17),#3095);
#14=PROPERTY_DEFINITION('pmi validation property','',#3107);
#15=PROPERTY_DEFINITION('pmi validation property','',#3107);
#16=VALUE_REPRESENTATION_ITEM('number of annotations',COUNT_MEASURE(0.));
#17=VALUE_REPRESENTATION_ITEM('number of views',COUNT_MEASURE(0.));
#18=CIRCLE('',#2013,0.00500000000000006);
#19=CIRCLE('',#2014,0.00500000000000006);
#20=CIRCLE('',#2021,0.0325);
#21=CIRCLE('',#2022,0.0325);
#22=CIRCLE('',#2024,0.0325);
#23=CIRCLE('',#2025,0.0325);
#24=CIRCLE('',#2032,0.00499999999999995);
#25=CIRCLE('',#2033,0.00499999999999995);
#26=CIRCLE('',#2042,0.00500000000000002);
#27=CIRCLE('',#2043,0.00500000000000002);
#28=CIRCLE('',#2050,0.0325);
#29=CIRCLE('',#2051,0.0325);
#30=CIRCLE('',#2053,0.0325);
#31=CIRCLE('',#2054,0.0325);
#32=CIRCLE('',#2061,0.00500000000000001);
#33=CIRCLE('',#2062,0.00500000000000001);
#34=CYLINDRICAL_SURFACE('',#2012,0.00500000000000006);
#35=CYLINDRICAL_SURFACE('',#2020,0.0325);
#36=CYLINDRICAL_SURFACE('',#2023,0.0325);
#37=CYLINDRICAL_SURFACE('',#2031,0.00499999999999995);
#38=CYLINDRICAL_SURFACE('',#2041,0.00500000000000002);
#39=CYLINDRICAL_SURFACE('',#2049,0.0325);
#40=CYLINDRICAL_SURFACE('',#2052,0.0325);
#41=CYLINDRICAL_SURFACE('',#2060,0.00500000000000001);
#42=CONTEXT_DEPENDENT_SHAPE_REPRESENTATION(#46,#3109);
#43=CONTEXT_DEPENDENT_SHAPE_REPRESENTATION(#47,#3111);
#44=NEXT_ASSEMBLY_USAGE_OCCURRENCE('NAUO1','PSS-02-01-T-S_t',
'PSS-02-01-T-S_t',#3112,#3113,'');
#45=NEXT_ASSEMBLY_USAGE_OCCURRENCE('NAUO2','PSS-02-01-T-S_p1',
'PSS-02-01-T-S_p1',#3112,#3114,'');
#46=(
REPRESENTATION_RELATIONSHIP(' ',' ',#1952,#1951)
REPRESENTATION_RELATIONSHIP_WITH_TRANSFORMATION(#48)
SHAPE_REPRESENTATION_RELATIONSHIP()
);
#47=(
REPRESENTATION_RELATIONSHIP(' ',' ',#1953,#1951)
REPRESENTATION_RELATIONSHIP_WITH_TRANSFORMATION(#49)
SHAPE_REPRESENTATION_RELATIONSHIP()
);
#48=ITEM_DEFINED_TRANSFORMATION(' ',' ',#1954,#1989);
#49=ITEM_DEFINED_TRANSFORMATION(' ',' ',#1954,#2066);
#50=SHAPE_REPRESENTATION_RELATIONSHIP('','',#1952,#52);
#51=SHAPE_REPRESENTATION_RELATIONSHIP('','',#1953,#53);
#52=ADVANCED_BREP_SHAPE_REPRESENTATION('',(#1946),#3096);
#53=ADVANCED_BREP_SHAPE_REPRESENTATION('',(#1947),#3097);
#54=ORIENTED_EDGE('',*,*,#594,.T.);
#55=ORIENTED_EDGE('',*,*,#595,.F.);
#56=ORIENTED_EDGE('',*,*,#596,.F.);
#57=ORIENTED_EDGE('',*,*,#597,.F.);
#58=ORIENTED_EDGE('',*,*,#598,.F.);
#59=ORIENTED_EDGE('',*,*,#599,.F.);
#60=ORIENTED_EDGE('',*,*,#600,.T.);
#61=ORIENTED_EDGE('',*,*,#601,.F.);
#62=ORIENTED_EDGE('',*,*,#602,.F.);
#63=ORIENTED_EDGE('',*,*,#603,.F.);
#64=ORIENTED_EDGE('',*,*,#604,.F.);
#65=ORIENTED_EDGE('',*,*,#605,.F.);
#66=ORIENTED_EDGE('',*,*,#606,.T.);
#67=ORIENTED_EDGE('',*,*,#607,.F.);
#68=ORIENTED_EDGE('',*,*,#608,.F.);
#69=ORIENTED_EDGE('',*,*,#609,.T.);
#70=ORIENTED_EDGE('',*,*,#610,.F.);
#71=ORIENTED_EDGE('',*,*,#611,.T.);
#72=ORIENTED_EDGE('',*,*,#612,.T.);
#73=ORIENTED_EDGE('',*,*,#613,.F.);
#74=ORIENTED_EDGE('',*,*,#614,.F.);
#75=ORIENTED_EDGE('',*,*,#615,.T.);
#76=ORIENTED_EDGE('',*,*,#616,.F.);
#77=ORIENTED_EDGE('',*,*,#617,.F.);
#78=ORIENTED_EDGE('',*,*,#618,.F.);
#79=ORIENTED_EDGE('',*,*,#597,.T.);
#80=ORIENTED_EDGE('',*,*,#619,.F.);
#81=ORIENTED_EDGE('',*,*,#620,.F.);
#82=ORIENTED_EDGE('',*,*,#621,.T.);
#83=ORIENTED_EDGE('',*,*,#603,.T.);
#84=ORIENTED_EDGE('',*,*,#622,.F.);
#85=ORIENTED_EDGE('',*,*,#623,.F.);
#86=ORIENTED_EDGE('',*,*,#624,.F.);
#87=ORIENTED_EDGE('',*,*,#599,.T.);
#88=ORIENTED_EDGE('',*,*,#625,.F.);
#89=ORIENTED_EDGE('',*,*,#626,.F.);
#90=ORIENTED_EDGE('',*,*,#627,.T.);
#91=ORIENTED_EDGE('',*,*,#628,.T.);
#92=ORIENTED_EDGE('',*,*,#629,.T.);
#93=ORIENTED_EDGE('',*,*,#613,.T.);
#94=ORIENTED_EDGE('',*,*,#630,.T.);
#95=ORIENTED_EDGE('',*,*,#631,.T.);
#96=ORIENTED_EDGE('',*,*,#632,.T.);
#97=ORIENTED_EDGE('',*,*,#617,.T.);
#98=ORIENTED_EDGE('',*,*,#633,.F.);
#99=ORIENTED_EDGE('',*,*,#634,.F.);
#100=ORIENTED_EDGE('',*,*,#635,.T.);
#101=ORIENTED_EDGE('',*,*,#607,.T.);
#102=ORIENTED_EDGE('',*,*,#595,.T.);
#103=ORIENTED_EDGE('',*,*,#636,.T.);
#104=ORIENTED_EDGE('',*,*,#637,.F.);
#105=ORIENTED_EDGE('',*,*,#638,.T.);
#106=ORIENTED_EDGE('',*,*,#639,.F.);
#107=ORIENTED_EDGE('',*,*,#640,.T.);
#108=ORIENTED_EDGE('',*,*,#601,.T.);
#109=ORIENTED_EDGE('',*,*,#641,.T.);
#110=ORIENTED_EDGE('',*,*,#642,.F.);
#111=ORIENTED_EDGE('',*,*,#643,.T.);
#112=ORIENTED_EDGE('',*,*,#605,.T.);
#113=ORIENTED_EDGE('',*,*,#644,.F.);
#114=ORIENTED_EDGE('',*,*,#645,.T.);
#115=ORIENTED_EDGE('',*,*,#646,.T.);
#116=ORIENTED_EDGE('',*,*,#609,.F.);
#117=ORIENTED_EDGE('',*,*,#647,.T.);
#118=ORIENTED_EDGE('',*,*,#611,.F.);
#119=ORIENTED_EDGE('',*,*,#648,.T.);
#120=ORIENTED_EDGE('',*,*,#649,.T.);
#121=ORIENTED_EDGE('',*,*,#650,.T.);
#122=ORIENTED_EDGE('',*,*,#615,.F.);
#123=ORIENTED_EDGE('',*,*,#651,.T.);
#124=ORIENTED_EDGE('',*,*,#652,.T.);
#125=ORIENTED_EDGE('',*,*,#653,.F.);
#126=ORIENTED_EDGE('',*,*,#644,.T.);
#127=ORIENTED_EDGE('',*,*,#604,.T.);
#128=ORIENTED_EDGE('',*,*,#621,.F.);
#129=ORIENTED_EDGE('',*,*,#654,.F.);
#130=ORIENTED_EDGE('',*,*,#633,.T.);
#131=ORIENTED_EDGE('',*,*,#616,.T.);
#132=ORIENTED_EDGE('',*,*,#653,.T.);
#133=ORIENTED_EDGE('',*,*,#655,.T.);
#134=ORIENTED_EDGE('',*,*,#638,.F.);
#135=ORIENTED_EDGE('',*,*,#656,.F.);
#136=ORIENTED_EDGE('',*,*,#647,.F.);
#137=ORIENTED_EDGE('',*,*,#608,.T.);
#138=ORIENTED_EDGE('',*,*,#635,.F.);
#139=ORIENTED_EDGE('',*,*,#657,.F.);
#140=ORIENTED_EDGE('',*,*,#619,.T.);
#141=ORIENTED_EDGE('',*,*,#596,.T.);
#142=ORIENTED_EDGE('',*,*,#658,.T.);
#143=ORIENTED_EDGE('',*,*,#659,.T.);
#144=ORIENTED_EDGE('',*,*,#660,.F.);
#145=ORIENTED_EDGE('',*,*,#661,.T.);
#146=ORIENTED_EDGE('',*,*,#660,.T.);
#147=ORIENTED_EDGE('',*,*,#662,.T.);
#148=ORIENTED_EDGE('',*,*,#663,.F.);
#149=ORIENTED_EDGE('',*,*,#664,.T.);
#150=ORIENTED_EDGE('',*,*,#663,.T.);
#151=ORIENTED_EDGE('',*,*,#665,.T.);
#152=ORIENTED_EDGE('',*,*,#666,.F.);
#153=ORIENTED_EDGE('',*,*,#667,.T.);
#154=ORIENTED_EDGE('',*,*,#668,.T.);
#155=ORIENTED_EDGE('',*,*,#669,.T.);
#156=ORIENTED_EDGE('',*,*,#670,.F.);
#157=ORIENTED_EDGE('',*,*,#671,.T.);
#158=ORIENTED_EDGE('',*,*,#670,.T.);
#159=ORIENTED_EDGE('',*,*,#672,.T.);
#160=ORIENTED_EDGE('',*,*,#673,.F.);
#161=ORIENTED_EDGE('',*,*,#674,.T.);
#162=ORIENTED_EDGE('',*,*,#673,.T.);
#163=ORIENTED_EDGE('',*,*,#675,.T.);
#164=ORIENTED_EDGE('',*,*,#676,.F.);
#165=ORIENTED_EDGE('',*,*,#677,.T.);
#166=ORIENTED_EDGE('',*,*,#666,.T.);
#167=ORIENTED_EDGE('',*,*,#678,.T.);
#168=ORIENTED_EDGE('',*,*,#658,.F.);
#169=ORIENTED_EDGE('',*,*,#679,.T.);
#170=ORIENTED_EDGE('',*,*,#676,.T.);
#171=ORIENTED_EDGE('',*,*,#680,.T.);
#172=ORIENTED_EDGE('',*,*,#668,.F.);
#173=ORIENTED_EDGE('',*,*,#681,.T.);
#174=ORIENTED_EDGE('',*,*,#671,.F.);
#175=ORIENTED_EDGE('',*,*,#674,.F.);
#176=ORIENTED_EDGE('',*,*,#677,.F.);
#177=ORIENTED_EDGE('',*,*,#681,.F.);
#178=ORIENTED_EDGE('',*,*,#661,.F.);
#179=ORIENTED_EDGE('',*,*,#664,.F.);
#180=ORIENTED_EDGE('',*,*,#667,.F.);
#181=ORIENTED_EDGE('',*,*,#679,.F.);
#182=ORIENTED_EDGE('',*,*,#654,.T.);
#183=ORIENTED_EDGE('',*,*,#620,.T.);
#184=ORIENTED_EDGE('',*,*,#657,.T.);
#185=ORIENTED_EDGE('',*,*,#634,.T.);
#186=ORIENTED_EDGE('',*,*,#682,.F.);
#187=ORIENTED_EDGE('',*,*,#649,.F.);
#188=ORIENTED_EDGE('',*,*,#683,.T.);
#189=ORIENTED_EDGE('',*,*,#628,.F.);
#190=ORIENTED_EDGE('',*,*,#684,.F.);
#191=ORIENTED_EDGE('',*,*,#645,.F.);
#192=ORIENTED_EDGE('',*,*,#656,.T.);
#193=ORIENTED_EDGE('',*,*,#637,.T.);
#194=ORIENTED_EDGE('',*,*,#685,.F.);
#195=ORIENTED_EDGE('',*,*,#626,.T.);
#196=ORIENTED_EDGE('',*,*,#686,.T.);
#197=ORIENTED_EDGE('',*,*,#639,.T.);
#198=ORIENTED_EDGE('',*,*,#687,.F.);
#199=ORIENTED_EDGE('',*,*,#623,.T.);
#200=ORIENTED_EDGE('',*,*,#688,.T.);
#201=ORIENTED_EDGE('',*,*,#642,.T.);
#202=ORIENTED_EDGE('',*,*,#655,.F.);
#203=ORIENTED_EDGE('',*,*,#652,.F.);
#204=ORIENTED_EDGE('',*,*,#689,.T.);
#205=ORIENTED_EDGE('',*,*,#631,.F.);
#206=ORIENTED_EDGE('',*,*,#680,.F.);
#207=ORIENTED_EDGE('',*,*,#675,.F.);
#208=ORIENTED_EDGE('',*,*,#672,.F.);
#209=ORIENTED_EDGE('',*,*,#669,.F.);
#210=ORIENTED_EDGE('',*,*,#678,.F.);
#211=ORIENTED_EDGE('',*,*,#665,.F.);
#212=ORIENTED_EDGE('',*,*,#662,.F.);
#213=ORIENTED_EDGE('',*,*,#659,.F.);
#214=ORIENTED_EDGE('',*,*,#614,.T.);
#215=ORIENTED_EDGE('',*,*,#632,.F.);
#216=ORIENTED_EDGE('',*,*,#689,.F.);
#217=ORIENTED_EDGE('',*,*,#651,.F.);
#218=ORIENTED_EDGE('',*,*,#682,.T.);
#219=ORIENTED_EDGE('',*,*,#630,.F.);
#220=ORIENTED_EDGE('',*,*,#612,.F.);
#221=ORIENTED_EDGE('',*,*,#650,.F.);
#222=ORIENTED_EDGE('',*,*,#610,.T.);
#223=ORIENTED_EDGE('',*,*,#629,.F.);
#224=ORIENTED_EDGE('',*,*,#683,.F.);
#225=ORIENTED_EDGE('',*,*,#648,.F.);
#226=ORIENTED_EDGE('',*,*,#684,.T.);
#227=ORIENTED_EDGE('',*,*,#627,.F.);
#228=ORIENTED_EDGE('',*,*,#606,.F.);
#229=ORIENTED_EDGE('',*,*,#646,.F.);
#230=ORIENTED_EDGE('',*,*,#688,.F.);
#231=ORIENTED_EDGE('',*,*,#622,.T.);
#232=ORIENTED_EDGE('',*,*,#602,.T.);
#233=ORIENTED_EDGE('',*,*,#643,.F.);
#234=ORIENTED_EDGE('',*,*,#600,.F.);
#235=ORIENTED_EDGE('',*,*,#624,.T.);
#236=ORIENTED_EDGE('',*,*,#687,.T.);
#237=ORIENTED_EDGE('',*,*,#641,.F.);
#238=ORIENTED_EDGE('',*,*,#594,.F.);
#239=ORIENTED_EDGE('',*,*,#618,.T.);
#240=ORIENTED_EDGE('',*,*,#685,.T.);
#241=ORIENTED_EDGE('',*,*,#636,.F.);
#242=ORIENTED_EDGE('',*,*,#686,.F.);
#243=ORIENTED_EDGE('',*,*,#625,.T.);
#244=ORIENTED_EDGE('',*,*,#598,.T.);
#245=ORIENTED_EDGE('',*,*,#640,.F.);
#246=ORIENTED_EDGE('',*,*,#690,.T.);
#247=ORIENTED_EDGE('',*,*,#691,.F.);
#248=ORIENTED_EDGE('',*,*,#692,.F.);
#249=ORIENTED_EDGE('',*,*,#693,.T.);
#250=ORIENTED_EDGE('',*,*,#694,.T.);
#251=ORIENTED_EDGE('',*,*,#695,.F.);
#252=ORIENTED_EDGE('',*,*,#696,.F.);
#253=ORIENTED_EDGE('',*,*,#691,.T.);
#254=ORIENTED_EDGE('',*,*,#697,.T.);
#255=ORIENTED_EDGE('',*,*,#698,.F.);
#256=ORIENTED_EDGE('',*,*,#699,.F.);
#257=ORIENTED_EDGE('',*,*,#695,.T.);
#258=ORIENTED_EDGE('',*,*,#700,.T.);
#259=ORIENTED_EDGE('',*,*,#701,.F.);
#260=ORIENTED_EDGE('',*,*,#702,.F.);
#261=ORIENTED_EDGE('',*,*,#698,.T.);
#262=ORIENTED_EDGE('',*,*,#703,.T.);
#263=ORIENTED_EDGE('',*,*,#704,.F.);
#264=ORIENTED_EDGE('',*,*,#705,.F.);
#265=ORIENTED_EDGE('',*,*,#701,.T.);
#266=ORIENTED_EDGE('',*,*,#706,.T.);
#267=ORIENTED_EDGE('',*,*,#707,.F.);
#268=ORIENTED_EDGE('',*,*,#708,.F.);
#269=ORIENTED_EDGE('',*,*,#704,.T.);
#270=ORIENTED_EDGE('',*,*,#709,.T.);
#271=ORIENTED_EDGE('',*,*,#710,.F.);
#272=ORIENTED_EDGE('',*,*,#711,.F.);
#273=ORIENTED_EDGE('',*,*,#707,.T.);
#274=ORIENTED_EDGE('',*,*,#712,.T.);
#275=ORIENTED_EDGE('',*,*,#713,.F.);
#276=ORIENTED_EDGE('',*,*,#714,.F.);
#277=ORIENTED_EDGE('',*,*,#710,.T.);
#278=ORIENTED_EDGE('',*,*,#715,.T.);
#279=ORIENTED_EDGE('',*,*,#716,.F.);
#280=ORIENTED_EDGE('',*,*,#717,.F.);
#281=ORIENTED_EDGE('',*,*,#713,.T.);
#282=ORIENTED_EDGE('',*,*,#718,.T.);
#283=ORIENTED_EDGE('',*,*,#719,.F.);
#284=ORIENTED_EDGE('',*,*,#720,.F.);
#285=ORIENTED_EDGE('',*,*,#716,.T.);
#286=ORIENTED_EDGE('',*,*,#721,.T.);
#287=ORIENTED_EDGE('',*,*,#722,.F.);
#288=ORIENTED_EDGE('',*,*,#723,.F.);
#289=ORIENTED_EDGE('',*,*,#719,.T.);
#290=ORIENTED_EDGE('',*,*,#724,.T.);
#291=ORIENTED_EDGE('',*,*,#725,.F.);
#292=ORIENTED_EDGE('',*,*,#726,.F.);
#293=ORIENTED_EDGE('',*,*,#722,.T.);
#294=ORIENTED_EDGE('',*,*,#727,.T.);
#295=ORIENTED_EDGE('',*,*,#728,.F.);
#296=ORIENTED_EDGE('',*,*,#729,.F.);
#297=ORIENTED_EDGE('',*,*,#725,.T.);
#298=ORIENTED_EDGE('',*,*,#730,.T.);
#299=ORIENTED_EDGE('',*,*,#731,.F.);
#300=ORIENTED_EDGE('',*,*,#732,.F.);
#301=ORIENTED_EDGE('',*,*,#728,.T.);
#302=ORIENTED_EDGE('',*,*,#733,.T.);
#303=ORIENTED_EDGE('',*,*,#734,.F.);
#304=ORIENTED_EDGE('',*,*,#735,.F.);
#305=ORIENTED_EDGE('',*,*,#731,.T.);
#306=ORIENTED_EDGE('',*,*,#736,.T.);
#307=ORIENTED_EDGE('',*,*,#737,.F.);
#308=ORIENTED_EDGE('',*,*,#738,.F.);
#309=ORIENTED_EDGE('',*,*,#734,.T.);
#310=ORIENTED_EDGE('',*,*,#739,.T.);
#311=ORIENTED_EDGE('',*,*,#740,.F.);
#312=ORIENTED_EDGE('',*,*,#741,.F.);
#313=ORIENTED_EDGE('',*,*,#737,.T.);
#314=ORIENTED_EDGE('',*,*,#742,.T.);
#315=ORIENTED_EDGE('',*,*,#743,.F.);
#316=ORIENTED_EDGE('',*,*,#744,.F.);
#317=ORIENTED_EDGE('',*,*,#740,.T.);
#318=ORIENTED_EDGE('',*,*,#745,.T.);
#319=ORIENTED_EDGE('',*,*,#746,.F.);
#320=ORIENTED_EDGE('',*,*,#747,.F.);
#321=ORIENTED_EDGE('',*,*,#743,.T.);
#322=ORIENTED_EDGE('',*,*,#748,.T.);
#323=ORIENTED_EDGE('',*,*,#749,.F.);
#324=ORIENTED_EDGE('',*,*,#750,.F.);
#325=ORIENTED_EDGE('',*,*,#746,.T.);
#326=ORIENTED_EDGE('',*,*,#751,.T.);
#327=ORIENTED_EDGE('',*,*,#752,.F.);
#328=ORIENTED_EDGE('',*,*,#753,.F.);
#329=ORIENTED_EDGE('',*,*,#749,.T.);
#330=ORIENTED_EDGE('',*,*,#754,.T.);
#331=ORIENTED_EDGE('',*,*,#755,.F.);
#332=ORIENTED_EDGE('',*,*,#756,.F.);
#333=ORIENTED_EDGE('',*,*,#752,.T.);
#334=ORIENTED_EDGE('',*,*,#757,.T.);
#335=ORIENTED_EDGE('',*,*,#758,.F.);
#336=ORIENTED_EDGE('',*,*,#759,.F.);
#337=ORIENTED_EDGE('',*,*,#755,.T.);
#338=ORIENTED_EDGE('',*,*,#760,.T.);
#339=ORIENTED_EDGE('',*,*,#761,.F.);
#340=ORIENTED_EDGE('',*,*,#762,.F.);
#341=ORIENTED_EDGE('',*,*,#758,.T.);
#342=ORIENTED_EDGE('',*,*,#763,.T.);
#343=ORIENTED_EDGE('',*,*,#764,.F.);
#344=ORIENTED_EDGE('',*,*,#765,.F.);
#345=ORIENTED_EDGE('',*,*,#761,.T.);
#346=ORIENTED_EDGE('',*,*,#766,.T.);
#347=ORIENTED_EDGE('',*,*,#767,.F.);
#348=ORIENTED_EDGE('',*,*,#768,.F.);
#349=ORIENTED_EDGE('',*,*,#764,.T.);
#350=ORIENTED_EDGE('',*,*,#769,.T.);
#351=ORIENTED_EDGE('',*,*,#770,.F.);
#352=ORIENTED_EDGE('',*,*,#771,.F.);
#353=ORIENTED_EDGE('',*,*,#767,.T.);
#354=ORIENTED_EDGE('',*,*,#772,.T.);
#355=ORIENTED_EDGE('',*,*,#773,.F.);
#356=ORIENTED_EDGE('',*,*,#774,.F.);
#357=ORIENTED_EDGE('',*,*,#770,.T.);
#358=ORIENTED_EDGE('',*,*,#775,.F.);
#359=ORIENTED_EDGE('',*,*,#776,.F.);
#360=ORIENTED_EDGE('',*,*,#777,.T.);
#361=ORIENTED_EDGE('',*,*,#773,.T.);
#362=ORIENTED_EDGE('',*,*,#778,.F.);
#363=ORIENTED_EDGE('',*,*,#779,.F.);
#364=ORIENTED_EDGE('',*,*,#780,.T.);
#365=ORIENTED_EDGE('',*,*,#776,.T.);
#366=ORIENTED_EDGE('',*,*,#781,.T.);
#367=ORIENTED_EDGE('',*,*,#782,.F.);
#368=ORIENTED_EDGE('',*,*,#783,.F.);
#369=ORIENTED_EDGE('',*,*,#779,.T.);
#370=ORIENTED_EDGE('',*,*,#784,.T.);
#371=ORIENTED_EDGE('',*,*,#785,.F.);
#372=ORIENTED_EDGE('',*,*,#786,.F.);
#373=ORIENTED_EDGE('',*,*,#782,.T.);
#374=ORIENTED_EDGE('',*,*,#787,.T.);
#375=ORIENTED_EDGE('',*,*,#788,.F.);
#376=ORIENTED_EDGE('',*,*,#789,.F.);
#377=ORIENTED_EDGE('',*,*,#785,.T.);
#378=ORIENTED_EDGE('',*,*,#790,.T.);
#379=ORIENTED_EDGE('',*,*,#791,.F.);
#380=ORIENTED_EDGE('',*,*,#792,.F.);
#381=ORIENTED_EDGE('',*,*,#788,.T.);
#382=ORIENTED_EDGE('',*,*,#793,.T.);
#383=ORIENTED_EDGE('',*,*,#794,.F.);
#384=ORIENTED_EDGE('',*,*,#795,.F.);
#385=ORIENTED_EDGE('',*,*,#791,.T.);
#386=ORIENTED_EDGE('',*,*,#796,.T.);
#387=ORIENTED_EDGE('',*,*,#797,.F.);
#388=ORIENTED_EDGE('',*,*,#798,.F.);
#389=ORIENTED_EDGE('',*,*,#794,.T.);
#390=ORIENTED_EDGE('',*,*,#799,.T.);
#391=ORIENTED_EDGE('',*,*,#800,.F.);
#392=ORIENTED_EDGE('',*,*,#801,.F.);
#393=ORIENTED_EDGE('',*,*,#797,.T.);
#394=ORIENTED_EDGE('',*,*,#802,.T.);
#395=ORIENTED_EDGE('',*,*,#803,.F.);
#396=ORIENTED_EDGE('',*,*,#804,.F.);
#397=ORIENTED_EDGE('',*,*,#800,.T.);
#398=ORIENTED_EDGE('',*,*,#805,.T.);
#399=ORIENTED_EDGE('',*,*,#806,.F.);
#400=ORIENTED_EDGE('',*,*,#807,.F.);
#401=ORIENTED_EDGE('',*,*,#803,.T.);
#402=ORIENTED_EDGE('',*,*,#808,.T.);
#403=ORIENTED_EDGE('',*,*,#809,.F.);
#404=ORIENTED_EDGE('',*,*,#810,.F.);
#405=ORIENTED_EDGE('',*,*,#806,.T.);
#406=ORIENTED_EDGE('',*,*,#811,.T.);
#407=ORIENTED_EDGE('',*,*,#812,.F.);
#408=ORIENTED_EDGE('',*,*,#813,.F.);
#409=ORIENTED_EDGE('',*,*,#809,.T.);
#410=ORIENTED_EDGE('',*,*,#814,.T.);
#411=ORIENTED_EDGE('',*,*,#815,.F.);
#412=ORIENTED_EDGE('',*,*,#816,.F.);
#413=ORIENTED_EDGE('',*,*,#812,.T.);
#414=ORIENTED_EDGE('',*,*,#817,.T.);
#415=ORIENTED_EDGE('',*,*,#818,.F.);
#416=ORIENTED_EDGE('',*,*,#819,.F.);
#417=ORIENTED_EDGE('',*,*,#815,.T.);
#418=ORIENTED_EDGE('',*,*,#820,.T.);
#419=ORIENTED_EDGE('',*,*,#821,.F.);
#420=ORIENTED_EDGE('',*,*,#822,.F.);
#421=ORIENTED_EDGE('',*,*,#818,.T.);
#422=ORIENTED_EDGE('',*,*,#823,.T.);
#423=ORIENTED_EDGE('',*,*,#824,.F.);
#424=ORIENTED_EDGE('',*,*,#825,.F.);
#425=ORIENTED_EDGE('',*,*,#821,.T.);
#426=ORIENTED_EDGE('',*,*,#826,.T.);
#427=ORIENTED_EDGE('',*,*,#827,.F.);
#428=ORIENTED_EDGE('',*,*,#828,.F.);
#429=ORIENTED_EDGE('',*,*,#824,.T.);
#430=ORIENTED_EDGE('',*,*,#829,.T.);
#431=ORIENTED_EDGE('',*,*,#830,.F.);
#432=ORIENTED_EDGE('',*,*,#831,.F.);
#433=ORIENTED_EDGE('',*,*,#827,.T.);
#434=ORIENTED_EDGE('',*,*,#832,.T.);
#435=ORIENTED_EDGE('',*,*,#833,.F.);
#436=ORIENTED_EDGE('',*,*,#834,.F.);
#437=ORIENTED_EDGE('',*,*,#830,.T.);
#438=ORIENTED_EDGE('',*,*,#835,.T.);
#439=ORIENTED_EDGE('',*,*,#836,.F.);
#440=ORIENTED_EDGE('',*,*,#837,.F.);
#441=ORIENTED_EDGE('',*,*,#833,.T.);
#442=ORIENTED_EDGE('',*,*,#838,.F.);
#443=ORIENTED_EDGE('',*,*,#839,.F.);
#444=ORIENTED_EDGE('',*,*,#840,.T.);
#445=ORIENTED_EDGE('',*,*,#836,.T.);
#446=ORIENTED_EDGE('',*,*,#841,.F.);
#447=ORIENTED_EDGE('',*,*,#842,.F.);
#448=ORIENTED_EDGE('',*,*,#843,.T.);
#449=ORIENTED_EDGE('',*,*,#839,.T.);
#450=ORIENTED_EDGE('',*,*,#844,.T.);
#451=ORIENTED_EDGE('',*,*,#845,.F.);
#452=ORIENTED_EDGE('',*,*,#846,.F.);
#453=ORIENTED_EDGE('',*,*,#842,.T.);
#454=ORIENTED_EDGE('',*,*,#847,.T.);
#455=ORIENTED_EDGE('',*,*,#848,.F.);
#456=ORIENTED_EDGE('',*,*,#849,.F.);
#457=ORIENTED_EDGE('',*,*,#845,.T.);
#458=ORIENTED_EDGE('',*,*,#850,.T.);
#459=ORIENTED_EDGE('',*,*,#851,.F.);
#460=ORIENTED_EDGE('',*,*,#852,.F.);
#461=ORIENTED_EDGE('',*,*,#848,.T.);
#462=ORIENTED_EDGE('',*,*,#853,.T.);
#463=ORIENTED_EDGE('',*,*,#854,.F.);
#464=ORIENTED_EDGE('',*,*,#855,.F.);
#465=ORIENTED_EDGE('',*,*,#851,.T.);
#466=ORIENTED_EDGE('',*,*,#856,.T.);
#467=ORIENTED_EDGE('',*,*,#857,.F.);
#468=ORIENTED_EDGE('',*,*,#858,.F.);
#469=ORIENTED_EDGE('',*,*,#854,.T.);
#470=ORIENTED_EDGE('',*,*,#859,.T.);
#471=ORIENTED_EDGE('',*,*,#860,.F.);
#472=ORIENTED_EDGE('',*,*,#861,.F.);
#473=ORIENTED_EDGE('',*,*,#857,.T.);
#474=ORIENTED_EDGE('',*,*,#862,.T.);
#475=ORIENTED_EDGE('',*,*,#693,.F.);
#476=ORIENTED_EDGE('',*,*,#863,.F.);
#477=ORIENTED_EDGE('',*,*,#860,.T.);
#478=ORIENTED_EDGE('',*,*,#692,.T.);
#479=ORIENTED_EDGE('',*,*,#696,.T.);
#480=ORIENTED_EDGE('',*,*,#699,.T.);
#481=ORIENTED_EDGE('',*,*,#702,.T.);
#482=ORIENTED_EDGE('',*,*,#705,.T.);
#483=ORIENTED_EDGE('',*,*,#708,.T.);
#484=ORIENTED_EDGE('',*,*,#711,.T.);
#485=ORIENTED_EDGE('',*,*,#714,.T.);
#486=ORIENTED_EDGE('',*,*,#717,.T.);
#487=ORIENTED_EDGE('',*,*,#720,.T.);
#488=ORIENTED_EDGE('',*,*,#723,.T.);
#489=ORIENTED_EDGE('',*,*,#726,.T.);
#490=ORIENTED_EDGE('',*,*,#729,.T.);
#491=ORIENTED_EDGE('',*,*,#732,.T.);
#492=ORIENTED_EDGE('',*,*,#735,.T.);
#493=ORIENTED_EDGE('',*,*,#738,.T.);
#494=ORIENTED_EDGE('',*,*,#741,.T.);
#495=ORIENTED_EDGE('',*,*,#744,.T.);
#496=ORIENTED_EDGE('',*,*,#747,.T.);
#497=ORIENTED_EDGE('',*,*,#750,.T.);
#498=ORIENTED_EDGE('',*,*,#753,.T.);
#499=ORIENTED_EDGE('',*,*,#756,.T.);
#500=ORIENTED_EDGE('',*,*,#759,.T.);
#501=ORIENTED_EDGE('',*,*,#762,.T.);
#502=ORIENTED_EDGE('',*,*,#765,.T.);
#503=ORIENTED_EDGE('',*,*,#768,.T.);
#504=ORIENTED_EDGE('',*,*,#771,.T.);
#505=ORIENTED_EDGE('',*,*,#774,.T.);
#506=ORIENTED_EDGE('',*,*,#777,.F.);
#507=ORIENTED_EDGE('',*,*,#780,.F.);
#508=ORIENTED_EDGE('',*,*,#783,.T.);
#509=ORIENTED_EDGE('',*,*,#786,.T.);
#510=ORIENTED_EDGE('',*,*,#789,.T.);
#511=ORIENTED_EDGE('',*,*,#792,.T.);
#512=ORIENTED_EDGE('',*,*,#795,.T.);
#513=ORIENTED_EDGE('',*,*,#798,.T.);
#514=ORIENTED_EDGE('',*,*,#801,.T.);
#515=ORIENTED_EDGE('',*,*,#804,.T.);
#516=ORIENTED_EDGE('',*,*,#807,.T.);
#517=ORIENTED_EDGE('',*,*,#810,.T.);
#518=ORIENTED_EDGE('',*,*,#813,.T.);
#519=ORIENTED_EDGE('',*,*,#816,.T.);
#520=ORIENTED_EDGE('',*,*,#819,.T.);
#521=ORIENTED_EDGE('',*,*,#822,.T.);
#522=ORIENTED_EDGE('',*,*,#825,.T.);
#523=ORIENTED_EDGE('',*,*,#828,.T.);
#524=ORIENTED_EDGE('',*,*,#831,.T.);
#525=ORIENTED_EDGE('',*,*,#834,.T.);
#526=ORIENTED_EDGE('',*,*,#837,.T.);
#527=ORIENTED_EDGE('',*,*,#840,.F.);
#528=ORIENTED_EDGE('',*,*,#843,.F.);
#529=ORIENTED_EDGE('',*,*,#846,.T.);
#530=ORIENTED_EDGE('',*,*,#849,.T.);
#531=ORIENTED_EDGE('',*,*,#852,.T.);
#532=ORIENTED_EDGE('',*,*,#855,.T.);
#533=ORIENTED_EDGE('',*,*,#858,.T.);
#534=ORIENTED_EDGE('',*,*,#861,.T.);
#535=ORIENTED_EDGE('',*,*,#863,.T.);
#536=ORIENTED_EDGE('',*,*,#690,.F.);
#537=ORIENTED_EDGE('',*,*,#862,.F.);
#538=ORIENTED_EDGE('',*,*,#859,.F.);
#539=ORIENTED_EDGE('',*,*,#856,.F.);
#540=ORIENTED_EDGE('',*,*,#853,.F.);
#541=ORIENTED_EDGE('',*,*,#850,.F.);
#542=ORIENTED_EDGE('',*,*,#847,.F.);
#543=ORIENTED_EDGE('',*,*,#844,.F.);
#544=ORIENTED_EDGE('',*,*,#841,.T.);
#545=ORIENTED_EDGE('',*,*,#838,.T.);
#546=ORIENTED_EDGE('',*,*,#835,.F.);
#547=ORIENTED_EDGE('',*,*,#832,.F.);
#548=ORIENTED_EDGE('',*,*,#829,.F.);
#549=ORIENTED_EDGE('',*,*,#826,.F.);
#550=ORIENTED_EDGE('',*,*,#823,.F.);
#551=ORIENTED_EDGE('',*,*,#820,.F.);
#552=ORIENTED_EDGE('',*,*,#817,.F.);
#553=ORIENTED_EDGE('',*,*,#814,.F.);
#554=ORIENTED_EDGE('',*,*,#811,.F.);
#555=ORIENTED_EDGE('',*,*,#808,.F.);
#556=ORIENTED_EDGE('',*,*,#805,.F.);
#557=ORIENTED_EDGE('',*,*,#802,.F.);
#558=ORIENTED_EDGE('',*,*,#799,.F.);
#559=ORIENTED_EDGE('',*,*,#796,.F.);
#560=ORIENTED_EDGE('',*,*,#793,.F.);
#561=ORIENTED_EDGE('',*,*,#790,.F.);
#562=ORIENTED_EDGE('',*,*,#787,.F.);
#563=ORIENTED_EDGE('',*,*,#784,.F.);
#564=ORIENTED_EDGE('',*,*,#781,.F.);
#565=ORIENTED_EDGE('',*,*,#778,.T.);
#566=ORIENTED_EDGE('',*,*,#775,.T.);
#567=ORIENTED_EDGE('',*,*,#772,.F.);
#568=ORIENTED_EDGE('',*,*,#769,.F.);
#569=ORIENTED_EDGE('',*,*,#766,.F.);
#570=ORIENTED_EDGE('',*,*,#763,.F.);
#571=ORIENTED_EDGE('',*,*,#760,.F.);
#572=ORIENTED_EDGE('',*,*,#757,.F.);
#573=ORIENTED_EDGE('',*,*,#754,.F.);
#574=ORIENTED_EDGE('',*,*,#751,.F.);
#575=ORIENTED_EDGE('',*,*,#748,.F.);
#576=ORIENTED_EDGE('',*,*,#745,.F.);
#577=ORIENTED_EDGE('',*,*,#742,.F.);
#578=ORIENTED_EDGE('',*,*,#739,.F.);
#579=ORIENTED_EDGE('',*,*,#736,.F.);
#580=ORIENTED_EDGE('',*,*,#733,.F.);
#581=ORIENTED_EDGE('',*,*,#730,.F.);
#582=ORIENTED_EDGE('',*,*,#727,.F.);
#583=ORIENTED_EDGE('',*,*,#724,.F.);
#584=ORIENTED_EDGE('',*,*,#721,.F.);
#585=ORIENTED_EDGE('',*,*,#718,.F.);
#586=ORIENTED_EDGE('',*,*,#715,.F.);
#587=ORIENTED_EDGE('',*,*,#712,.F.);
#588=ORIENTED_EDGE('',*,*,#709,.F.);
#589=ORIENTED_EDGE('',*,*,#706,.F.);
#590=ORIENTED_EDGE('',*,*,#703,.F.);
#591=ORIENTED_EDGE('',*,*,#700,.F.);
#592=ORIENTED_EDGE('',*,*,#697,.F.);
#593=ORIENTED_EDGE('',*,*,#694,.F.);
#594=EDGE_CURVE('',#864,#865,#1044,.T.);
#595=EDGE_CURVE('',#866,#865,#1045,.T.);
#596=EDGE_CURVE('',#867,#866,#1046,.T.);
#597=EDGE_CURVE('',#864,#867,#1047,.T.);
#598=EDGE_CURVE('',#868,#869,#1048,.T.);
#599=EDGE_CURVE('',#870,#868,#1049,.T.);
#600=EDGE_CURVE('',#870,#871,#1050,.T.);
#601=EDGE_CURVE('',#869,#871,#1051,.T.);
#602=EDGE_CURVE('',#872,#873,#1052,.T.);
#603=EDGE_CURVE('',#874,#872,#1053,.T.);
#604=EDGE_CURVE('',#875,#874,#1054,.T.);
#605=EDGE_CURVE('',#873,#875,#1055,.T.);
#606=EDGE_CURVE('',#876,#877,#1056,.T.);
#607=EDGE_CURVE('',#878,#877,#1057,.T.);
#608=EDGE_CURVE('',#879,#878,#1058,.T.);
#609=EDGE_CURVE('',#879,#876,#1059,.T.);
#610=EDGE_CURVE('',#880,#881,#1060,.T.);
#611=EDGE_CURVE('',#880,#882,#1061,.T.);
#612=EDGE_CURVE('',#882,#883,#1062,.T.);
#613=EDGE_CURVE('',#881,#883,#1063,.T.);
#614=EDGE_CURVE('',#884,#885,#1064,.T.);
#615=EDGE_CURVE('',#884,#886,#1065,.T.);
#616=EDGE_CURVE('',#887,#886,#1066,.T.);
#617=EDGE_CURVE('',#885,#887,#1067,.T.);
#618=EDGE_CURVE('',#864,#888,#1068,.T.);
#619=EDGE_CURVE('',#889,#867,#1069,.T.);
#620=EDGE_CURVE('',#890,#889,#1070,.T.);
#621=EDGE_CURVE('',#890,#874,#1071,.T.);
#622=EDGE_CURVE('',#891,#872,#1072,.T.);
#623=EDGE_CURVE('',#892,#891,#1073,.T.);
#624=EDGE_CURVE('',#870,#892,#1074,.T.);
#625=EDGE_CURVE('',#893,#868,#1075,.T.);
#626=EDGE_CURVE('',#888,#893,#1076,.T.);
#627=EDGE_CURVE('',#877,#894,#1077,.T.);
#628=EDGE_CURVE('',#894,#895,#1078,.T.);
#629=EDGE_CURVE('',#895,#881,#1079,.T.);
#630=EDGE_CURVE('',#883,#896,#1080,.T.);
#631=EDGE_CURVE('',#896,#897,#1081,.T.);
#632=EDGE_CURVE('',#897,#885,#1082,.T.);
#633=EDGE_CURVE('',#898,#887,#1083,.T.);
#634=EDGE_CURVE('',#899,#898,#1084,.T.);
#635=EDGE_CURVE('',#899,#878,#1085,.T.);
#636=EDGE_CURVE('',#865,#900,#1086,.T.);
#637=EDGE_CURVE('',#901,#900,#1087,.T.);
#638=EDGE_CURVE('',#901,#866,#1088,.T.);
#639=EDGE_CURVE('',#902,#903,#1089,.T.);
#640=EDGE_CURVE('',#902,#869,#1090,.T.);
#641=EDGE_CURVE('',#871,#903,#1091,.T.);
#642=EDGE_CURVE('',#904,#905,#1092,.T.);
#643=EDGE_CURVE('',#904,#873,#1093,.T.);
#644=EDGE_CURVE('',#905,#875,#1094,.T.);
#645=EDGE_CURVE('',#906,#907,#1095,.T.);
#646=EDGE_CURVE('',#907,#876,#1096,.T.);
#647=EDGE_CURVE('',#879,#906,#1097,.T.);
#648=EDGE_CURVE('',#880,#908,#1098,.T.);
#649=EDGE_CURVE('',#908,#909,#1099,.T.);
#650=EDGE_CURVE('',#909,#882,#1100,.T.);
#651=EDGE_CURVE('',#884,#910,#1101,.T.);
#652=EDGE_CURVE('',#910,#911,#1102,.T.);
#653=EDGE_CURVE('',#886,#911,#1103,.T.);
#654=EDGE_CURVE('',#898,#890,#1104,.T.);
#655=EDGE_CURVE('',#911,#905,#1105,.T.);
#656=EDGE_CURVE('',#906,#901,#1106,.T.);
#657=EDGE_CURVE('',#889,#899,#1107,.T.);
#658=EDGE_CURVE('',#912,#913,#1108,.T.);
#659=EDGE_CURVE('',#913,#914,#1109,.T.);
#660=EDGE_CURVE('',#915,#914,#1110,.T.);
#661=EDGE_CURVE('',#915,#912,#1111,.T.);
#662=EDGE_CURVE('',#914,#916,#1112,.T.);
#663=EDGE_CURVE('',#917,#916,#1113,.T.);
#664=EDGE_CURVE('',#917,#915,#1114,.T.);
#665=EDGE_CURVE('',#916,#918,#1115,.T.);
#666=EDGE_CURVE('',#919,#918,#1116,.T.);
#667=EDGE_CURVE('',#919,#917,#1117,.T.);
#668=EDGE_CURVE('',#920,#921,#1118,.T.);
#669=EDGE_CURVE('',#921,#922,#1119,.T.);
#670=EDGE_CURVE('',#923,#922,#1120,.T.);
#671=EDGE_CURVE('',#923,#920,#1121,.T.);
#672=EDGE_CURVE('',#922,#924,#1122,.T.);
#673=EDGE_CURVE('',#925,#924,#1123,.T.);
#674=EDGE_CURVE('',#925,#923,#1124,.T.);
#675=EDGE_CURVE('',#924,#926,#1125,.T.);
#676=EDGE_CURVE('',#927,#926,#1126,.T.);
#677=EDGE_CURVE('',#927,#925,#1127,.T.);
#678=EDGE_CURVE('',#918,#913,#1128,.T.);
#679=EDGE_CURVE('',#912,#919,#1129,.T.);
#680=EDGE_CURVE('',#926,#921,#1130,.T.);
#681=EDGE_CURVE('',#920,#927,#1131,.T.);
#682=EDGE_CURVE('',#909,#896,#1132,.T.);
#683=EDGE_CURVE('',#908,#895,#1133,.T.);
#684=EDGE_CURVE('',#907,#894,#1134,.T.);
#685=EDGE_CURVE('',#888,#900,#1135,.T.);
#686=EDGE_CURVE('',#893,#902,#1136,.T.);
#687=EDGE_CURVE('',#892,#903,#1137,.T.);
#688=EDGE_CURVE('',#891,#904,#1138,.T.);
#689=EDGE_CURVE('',#910,#897,#1139,.T.);
#690=EDGE_CURVE('',#928,#929,#1140,.T.);
#691=EDGE_CURVE('',#930,#929,#1141,.T.);
#692=EDGE_CURVE('',#931,#930,#1142,.T.);
#693=EDGE_CURVE('',#931,#928,#1143,.T.);
#694=EDGE_CURVE('',#929,#932,#1144,.T.);
#695=EDGE_CURVE('',#933,#932,#1145,.T.);
#696=EDGE_CURVE('',#930,#933,#1146,.T.);
#697=EDGE_CURVE('',#932,#934,#1147,.T.);
#698=EDGE_CURVE('',#935,#934,#1148,.T.);
#699=EDGE_CURVE('',#933,#935,#1149,.T.);
#700=EDGE_CURVE('',#934,#936,#1150,.T.);
#701=EDGE_CURVE('',#937,#936,#1151,.T.);
#702=EDGE_CURVE('',#935,#937,#1152,.T.);
#703=EDGE_CURVE('',#936,#938,#1153,.T.);
#704=EDGE_CURVE('',#939,#938,#1154,.T.);
#705=EDGE_CURVE('',#937,#939,#1155,.T.);
#706=EDGE_CURVE('',#938,#940,#1156,.T.);
#707=EDGE_CURVE('',#941,#940,#1157,.T.);
#708=EDGE_CURVE('',#939,#941,#1158,.T.);
#709=EDGE_CURVE('',#940,#942,#1159,.T.);
#710=EDGE_CURVE('',#943,#942,#1160,.T.);
#711=EDGE_CURVE('',#941,#943,#1161,.T.);
#712=EDGE_CURVE('',#942,#944,#1162,.T.);
#713=EDGE_CURVE('',#945,#944,#1163,.T.);
#714=EDGE_CURVE('',#943,#945,#1164,.T.);
#715=EDGE_CURVE('',#944,#946,#1165,.T.);
#716=EDGE_CURVE('',#947,#946,#1166,.T.);
#717=EDGE_CURVE('',#945,#947,#1167,.T.);
#718=EDGE_CURVE('',#946,#948,#1168,.T.);
#719=EDGE_CURVE('',#949,#948,#1169,.T.);
#720=EDGE_CURVE('',#947,#949,#1170,.T.);
#721=EDGE_CURVE('',#948,#950,#1171,.T.);
#722=EDGE_CURVE('',#951,#950,#1172,.T.);
#723=EDGE_CURVE('',#949,#951,#1173,.T.);
#724=EDGE_CURVE('',#950,#952,#1174,.T.);
#725=EDGE_CURVE('',#953,#952,#1175,.T.);
#726=EDGE_CURVE('',#951,#953,#1176,.T.);
#727=EDGE_CURVE('',#952,#954,#1177,.T.);
#728=EDGE_CURVE('',#955,#954,#1178,.T.);
#729=EDGE_CURVE('',#953,#955,#1179,.T.);
#730=EDGE_CURVE('',#954,#956,#1180,.T.);
#731=EDGE_CURVE('',#957,#956,#1181,.T.);
#732=EDGE_CURVE('',#955,#957,#1182,.T.);
#733=EDGE_CURVE('',#956,#958,#1183,.T.);
#734=EDGE_CURVE('',#959,#958,#1184,.T.);
#735=EDGE_CURVE('',#957,#959,#1185,.T.);
#736=EDGE_CURVE('',#958,#960,#1186,.T.);
#737=EDGE_CURVE('',#961,#960,#1187,.T.);
#738=EDGE_CURVE('',#959,#961,#1188,.T.);
#739=EDGE_CURVE('',#960,#962,#1189,.T.);
#740=EDGE_CURVE('',#963,#962,#1190,.T.);
#741=EDGE_CURVE('',#961,#963,#1191,.T.);
#742=EDGE_CURVE('',#962,#964,#1192,.T.);
#743=EDGE_CURVE('',#965,#964,#1193,.T.);
#744=EDGE_CURVE('',#963,#965,#1194,.T.);
#745=EDGE_CURVE('',#964,#966,#1195,.T.);
#746=EDGE_CURVE('',#967,#966,#1196,.T.);
#747=EDGE_CURVE('',#965,#967,#1197,.T.);
#748=EDGE_CURVE('',#966,#968,#1198,.T.);
#749=EDGE_CURVE('',#969,#968,#1199,.T.);
#750=EDGE_CURVE('',#967,#969,#1200,.T.);
#751=EDGE_CURVE('',#968,#970,#1201,.T.);
#752=EDGE_CURVE('',#971,#970,#1202,.T.);
#753=EDGE_CURVE('',#969,#971,#1203,.T.);
#754=EDGE_CURVE('',#970,#972,#1204,.T.);
#755=EDGE_CURVE('',#973,#972,#1205,.T.);
#756=EDGE_CURVE('',#971,#973,#1206,.T.);
#757=EDGE_CURVE('',#972,#974,#18,.T.);
#758=EDGE_CURVE('',#975,#974,#1207,.T.);
#759=EDGE_CURVE('',#973,#975,#19,.T.);
#760=EDGE_CURVE('',#974,#976,#1208,.T.);
#761=EDGE_CURVE('',#977,#976,#1209,.T.);
#762=EDGE_CURVE('',#975,#977,#1210,.T.);
#763=EDGE_CURVE('',#976,#978,#1211,.T.);
#764=EDGE_CURVE('',#979,#978,#1212,.T.);
#765=EDGE_CURVE('',#977,#979,#1213,.T.);
#766=EDGE_CURVE('',#978,#980,#1214,.T.);
#767=EDGE_CURVE('',#981,#980,#1215,.T.);
#768=EDGE_CURVE('',#979,#981,#1216,.T.);
#769=EDGE_CURVE('',#980,#982,#1217,.T.);
#770=EDGE_CURVE('',#983,#982,#1218,.T.);
#771=EDGE_CURVE('',#981,#983,#1219,.T.);
#772=EDGE_CURVE('',#982,#984,#1220,.T.);
#773=EDGE_CURVE('',#985,#984,#1221,.T.);
#774=EDGE_CURVE('',#983,#985,#1222,.T.);
#775=EDGE_CURVE('',#986,#984,#20,.T.);
#776=EDGE_CURVE('',#987,#986,#1223,.T.);
#777=EDGE_CURVE('',#987,#985,#21,.T.);
#778=EDGE_CURVE('',#988,#986,#22,.T.);
#779=EDGE_CURVE('',#989,#988,#1224,.T.);
#780=EDGE_CURVE('',#989,#987,#23,.T.);
#781=EDGE_CURVE('',#988,#990,#1225,.T.);
#782=EDGE_CURVE('',#991,#990,#1226,.T.);
#783=EDGE_CURVE('',#989,#991,#1227,.T.);
#784=EDGE_CURVE('',#990,#992,#1228,.T.);
#785=EDGE_CURVE('',#993,#992,#1229,.T.);
#786=EDGE_CURVE('',#991,#993,#1230,.T.);
#787=EDGE_CURVE('',#992,#994,#1231,.T.);
#788=EDGE_CURVE('',#995,#994,#1232,.T.);
#789=EDGE_CURVE('',#993,#995,#1233,.T.);
#790=EDGE_CURVE('',#994,#996,#1234,.T.);
#791=EDGE_CURVE('',#997,#996,#1235,.T.);
#792=EDGE_CURVE('',#995,#997,#1236,.T.);
#793=EDGE_CURVE('',#996,#998,#1237,.T.);
#794=EDGE_CURVE('',#999,#998,#1238,.T.);
#795=EDGE_CURVE('',#997,#999,#1239,.T.);
#796=EDGE_CURVE('',#998,#1000,#24,.T.);
#797=EDGE_CURVE('',#1001,#1000,#1240,.T.);
#798=EDGE_CURVE('',#999,#1001,#25,.T.);
#799=EDGE_CURVE('',#1000,#1002,#1241,.T.);
#800=EDGE_CURVE('',#1003,#1002,#1242,.T.);
#801=EDGE_CURVE('',#1001,#1003,#1243,.T.);
#802=EDGE_CURVE('',#1002,#1004,#1244,.T.);
#803=EDGE_CURVE('',#1005,#1004,#1245,.T.);
#804=EDGE_CURVE('',#1003,#1005,#1246,.T.);
#805=EDGE_CURVE('',#1004,#1006,#1247,.T.);
#806=EDGE_CURVE('',#1007,#1006,#1248,.T.);
#807=EDGE_CURVE('',#1005,#1007,#1249,.T.);
#808=EDGE_CURVE('',#1006,#1008,#1250,.T.);
#809=EDGE_CURVE('',#1009,#1008,#1251,.T.);
#810=EDGE_CURVE('',#1007,#1009,#1252,.T.);
#811=EDGE_CURVE('',#1008,#1010,#1253,.T.);
#812=EDGE_CURVE('',#1011,#1010,#1254,.T.);
#813=EDGE_CURVE('',#1009,#1011,#1255,.T.);
#814=EDGE_CURVE('',#1010,#1012,#1256,.T.);
#815=EDGE_CURVE('',#1013,#1012,#1257,.T.);
#816=EDGE_CURVE('',#1011,#1013,#1258,.T.);
#817=EDGE_CURVE('',#1012,#1014,#1259,.T.);
#818=EDGE_CURVE('',#1015,#1014,#1260,.T.);
#819=EDGE_CURVE('',#1013,#1015,#1261,.T.);
#820=EDGE_CURVE('',#1014,#1016,#26,.T.);
#821=EDGE_CURVE('',#1017,#1016,#1262,.T.);
#822=EDGE_CURVE('',#1015,#1017,#27,.T.);
#823=EDGE_CURVE('',#1016,#1018,#1263,.T.);
#824=EDGE_CURVE('',#1019,#1018,#1264,.T.);
#825=EDGE_CURVE('',#1017,#1019,#1265,.T.);
#826=EDGE_CURVE('',#1018,#1020,#1266,.T.);
#827=EDGE_CURVE('',#1021,#1020,#1267,.T.);
#828=EDGE_CURVE('',#1019,#1021,#1268,.T.);
#829=EDGE_CURVE('',#1020,#1022,#1269,.T.);
#830=EDGE_CURVE('',#1023,#1022,#1270,.T.);
#831=EDGE_CURVE('',#1021,#1023,#1271,.T.);
#832=EDGE_CURVE('',#1022,#1024,#1272,.T.);
#833=EDGE_CURVE('',#1025,#1024,#1273,.T.);
#834=EDGE_CURVE('',#1023,#1025,#1274,.T.);
#835=EDGE_CURVE('',#1024,#1026,#1275,.T.);
#836=EDGE_CURVE('',#1027,#1026,#1276,.T.);
#837=EDGE_CURVE('',#1025,#1027,#1277,.T.);
#838=EDGE_CURVE('',#1028,#1026,#28,.T.);
#839=EDGE_CURVE('',#1029,#1028,#1278,.T.);
#840=EDGE_CURVE('',#1029,#1027,#29,.T.);
#841=EDGE_CURVE('',#1030,#1028,#30,.T.);
#842=EDGE_CURVE('',#1031,#1030,#1279,.T.);
#843=EDGE_CURVE('',#1031,#1029,#31,.T.);
#844=EDGE_CURVE('',#1030,#1032,#1280,.T.);
#845=EDGE_CURVE('',#1033,#1032,#1281,.T.);
#846=EDGE_CURVE('',#1031,#1033,#1282,.T.);
#847=EDGE_CURVE('',#1032,#1034,#1283,.T.);
#848=EDGE_CURVE('',#1035,#1034,#1284,.T.);
#849=EDGE_CURVE('',#1033,#1035,#1285,.T.);
#850=EDGE_CURVE('',#1034,#1036,#1286,.T.);
#851=EDGE_CURVE('',#1037,#1036,#1287,.T.);
#852=EDGE_CURVE('',#1035,#1037,#1288,.T.);
#853=EDGE_CURVE('',#1036,#1038,#1289,.T.);
#854=EDGE_CURVE('',#1039,#1038,#1290,.T.);
#855=EDGE_CURVE('',#1037,#1039,#1291,.T.);
#856=EDGE_CURVE('',#1038,#1040,#1292,.T.);
#857=EDGE_CURVE('',#1041,#1040,#1293,.T.);
#858=EDGE_CURVE('',#1039,#1041,#1294,.T.);
#859=EDGE_CURVE('',#1040,#1042,#32,.T.);
#860=EDGE_CURVE('',#1043,#1042,#1295,.T.);
#861=EDGE_CURVE('',#1041,#1043,#33,.T.);
#862=EDGE_CURVE('',#1042,#928,#1296,.T.);
#863=EDGE_CURVE('',#1043,#931,#1297,.T.);
#864=VERTEX_POINT('',#2550);
#865=VERTEX_POINT('',#2551);
#866=VERTEX_POINT('',#2553);
#867=VERTEX_POINT('',#2555);
#868=VERTEX_POINT('',#2559);
#869=VERTEX_POINT('',#2560);
#870=VERTEX_POINT('',#2562);
#871=VERTEX_POINT('',#2564);
#872=VERTEX_POINT('',#2568);
#873=VERTEX_POINT('',#2569);
#874=VERTEX_POINT('',#2571);
#875=VERTEX_POINT('',#2573);
#876=VERTEX_POINT('',#2577);
#877=VERTEX_POINT('',#2578);
#878=VERTEX_POINT('',#2580);
#879=VERTEX_POINT('',#2582);
#880=VERTEX_POINT('',#2586);
#881=VERTEX_POINT('',#2587);
#882=VERTEX_POINT('',#2589);
#883=VERTEX_POINT('',#2591);
#884=VERTEX_POINT('',#2595);
#885=VERTEX_POINT('',#2596);
#886=VERTEX_POINT('',#2598);
#887=VERTEX_POINT('',#2600);
#888=VERTEX_POINT('',#2604);
#889=VERTEX_POINT('',#2606);
#890=VERTEX_POINT('',#2608);
#891=VERTEX_POINT('',#2611);
#892=VERTEX_POINT('',#2613);
#893=VERTEX_POINT('',#2616);
#894=VERTEX_POINT('',#2620);
#895=VERTEX_POINT('',#2622);
#896=VERTEX_POINT('',#2625);
#897=VERTEX_POINT('',#2627);
#898=VERTEX_POINT('',#2630);
#899=VERTEX_POINT('',#2632);
#900=VERTEX_POINT('',#2636);
#901=VERTEX_POINT('',#2638);
#902=VERTEX_POINT('',#2642);
#903=VERTEX_POINT('',#2643);
#904=VERTEX_POINT('',#2648);
#905=VERTEX_POINT('',#2649);
#906=VERTEX_POINT('',#2654);
#907=VERTEX_POINT('',#2655);
#908=VERTEX_POINT('',#2660);
#909=VERTEX_POINT('',#2662);
#910=VERTEX_POINT('',#2666);
#911=VERTEX_POINT('',#2668);
#912=VERTEX_POINT('',#2678);
#913=VERTEX_POINT('',#2679);
#914=VERTEX_POINT('',#2681);
#915=VERTEX_POINT('',#2683);
#916=VERTEX_POINT('',#2687);
#917=VERTEX_POINT('',#2689);
#918=VERTEX_POINT('',#2693);
#919=VERTEX_POINT('',#2695);
#920=VERTEX_POINT('',#2699);
#921=VERTEX_POINT('',#2700);
#922=VERTEX_POINT('',#2702);
#923=VERTEX_POINT('',#2704);
#924=VERTEX_POINT('',#2708);
#925=VERTEX_POINT('',#2710);
#926=VERTEX_POINT('',#2714);
#927=VERTEX_POINT('',#2716);
#928=VERTEX_POINT('',#2745);
#929=VERTEX_POINT('',#2746);
#930=VERTEX_POINT('',#2748);
#931=VERTEX_POINT('',#2750);
#932=VERTEX_POINT('',#2754);
#933=VERTEX_POINT('',#2756);
#934=VERTEX_POINT('',#2760);
#935=VERTEX_POINT('',#2762);
#936=VERTEX_POINT('',#2766);
#937=VERTEX_POINT('',#2768);
#938=VERTEX_POINT('',#2772);
#939=VERTEX_POINT('',#2774);
#940=VERTEX_POINT('',#2778);
#941=VERTEX_POINT('',#2780);
#942=VERTEX_POINT('',#2784);
#943=VERTEX_POINT('',#2786);
#944=VERTEX_POINT('',#2790);
#945=VERTEX_POINT('',#2792);
#946=VERTEX_POINT('',#2796);
#947=VERTEX_POINT('',#2798);
#948=VERTEX_POINT('',#2802);
#949=VERTEX_POINT('',#2804);
#950=VERTEX_POINT('',#2808);
#951=VERTEX_POINT('',#2810);
#952=VERTEX_POINT('',#2814);
#953=VERTEX_POINT('',#2816);
#954=VERTEX_POINT('',#2820);
#955=VERTEX_POINT('',#2822);
#956=VERTEX_POINT('',#2826);
#957=VERTEX_POINT('',#2828);
#958=VERTEX_POINT('',#2832);
#959=VERTEX_POINT('',#2834);
#960=VERTEX_POINT('',#2838);
#961=VERTEX_POINT('',#2840);
#962=VERTEX_POINT('',#2844);
#963=VERTEX_POINT('',#2846);
#964=VERTEX_POINT('',#2850);
#965=VERTEX_POINT('',#2852);
#966=VERTEX_POINT('',#2856);
#967=VERTEX_POINT('',#2858);
#968=VERTEX_POINT('',#2862);
#969=VERTEX_POINT('',#2864);
#970=VERTEX_POINT('',#2868);
#971=VERTEX_POINT('',#2870);
#972=VERTEX_POINT('',#2874);
#973=VERTEX_POINT('',#2876);
#974=VERTEX_POINT('',#2880);
#975=VERTEX_POINT('',#2882);
#976=VERTEX_POINT('',#2886);
#977=VERTEX_POINT('',#2888);
#978=VERTEX_POINT('',#2892);
#979=VERTEX_POINT('',#2894);
#980=VERTEX_POINT('',#2898);
#981=VERTEX_POINT('',#2900);
#982=VERTEX_POINT('',#2904);
#983=VERTEX_POINT('',#2906);
#984=VERTEX_POINT('',#2910);
#985=VERTEX_POINT('',#2912);
#986=VERTEX_POINT('',#2916);
#987=VERTEX_POINT('',#2918);
#988=VERTEX_POINT('',#2922);
#989=VERTEX_POINT('',#2924);
#990=VERTEX_POINT('',#2928);
#991=VERTEX_POINT('',#2930);
#992=VERTEX_POINT('',#2934);
#993=VERTEX_POINT('',#2936);
#994=VERTEX_POINT('',#2940);
#995=VERTEX_POINT('',#2942);
#996=VERTEX_POINT('',#2946);
#997=VERTEX_POINT('',#2948);
#998=VERTEX_POINT('',#2952);
#999=VERTEX_POINT('',#2954);
#1000=VERTEX_POINT('',#2958);
#1001=VERTEX_POINT('',#2960);
#1002=VERTEX_POINT('',#2964);
#1003=VERTEX_POINT('',#2966);
#1004=VERTEX_POINT('',#2970);
#1005=VERTEX_POINT('',#2972);
#1006=VERTEX_POINT('',#2976);
#1007=VERTEX_POINT('',#2978);
#1008=VERTEX_POINT('',#2982);
#1009=VERTEX_POINT('',#2984);
#1010=VERTEX_POINT('',#2988);
#1011=VERTEX_POINT('',#2990);
#1012=VERTEX_POINT('',#2994);
#1013=VERTEX_POINT('',#2996);
#1014=VERTEX_POINT('',#3000);
#1015=VERTEX_POINT('',#3002);
#1016=VERTEX_POINT('',#3006);
#1017=VERTEX_POINT('',#3008);
#1018=VERTEX_POINT('',#3012);
#1019=VERTEX_POINT('',#3014);
#1020=VERTEX_POINT('',#3018);
#1021=VERTEX_POINT('',#3020);
#1022=VERTEX_POINT('',#3024);
#1023=VERTEX_POINT('',#3026);
#1024=VERTEX_POINT('',#3030);
#1025=VERTEX_POINT('',#3032);
#1026=VERTEX_POINT('',#3036);
#1027=VERTEX_POINT('',#3038);
#1028=VERTEX_POINT('',#3042);
#1029=VERTEX_POINT('',#3044);
#1030=VERTEX_POINT('',#3048);
#1031=VERTEX_POINT('',#3050);
#1032=VERTEX_POINT('',#3054);
#1033=VERTEX_POINT('',#3056);
#1034=VERTEX_POINT('',#3060);
#1035=VERTEX_POINT('',#3062);
#1036=VERTEX_POINT('',#3066);
#1037=VERTEX_POINT('',#3068);
#1038=VERTEX_POINT('',#3072);
#1039=VERTEX_POINT('',#3074);
#1040=VERTEX_POINT('',#3078);
#1041=VERTEX_POINT('',#3080);
#1042=VERTEX_POINT('',#3084);
#1043=VERTEX_POINT('',#3086);
#1044=LINE('',#2549,#1298);
#1045=LINE('',#2552,#1299);
#1046=LINE('',#2554,#1300);
#1047=LINE('',#2556,#1301);
#1048=LINE('',#2558,#1302);
#1049=LINE('',#2561,#1303);
#1050=LINE('',#2563,#1304);
#1051=LINE('',#2565,#1305);
#1052=LINE('',#2567,#1306);
#1053=LINE('',#2570,#1307);
#1054=LINE('',#2572,#1308);
#1055=LINE('',#2574,#1309);
#1056=LINE('',#2576,#1310);
#1057=LINE('',#2579,#1311);
#1058=LINE('',#2581,#1312);
#1059=LINE('',#2583,#1313);
#1060=LINE('',#2585,#1314);
#1061=LINE('',#2588,#1315);
#1062=LINE('',#2590,#1316);
#1063=LINE('',#2592,#1317);
#1064=LINE('',#2594,#1318);
#1065=LINE('',#2597,#1319);
#1066=LINE('',#2599,#1320);
#1067=LINE('',#2601,#1321);
#1068=LINE('',#2603,#1322);
#1069=LINE('',#2605,#1323);
#1070=LINE('',#2607,#1324);
#1071=LINE('',#2609,#1325);
#1072=LINE('',#2610,#1326);
#1073=LINE('',#2612,#1327);
#1074=LINE('',#2614,#1328);
#1075=LINE('',#2615,#1329);
#1076=LINE('',#2617,#1330);
#1077=LINE('',#2619,#1331);
#1078=LINE('',#2621,#1332);
#1079=LINE('',#2623,#1333);
#1080=LINE('',#2624,#1334);
#1081=LINE('',#2626,#1335);
#1082=LINE('',#2628,#1336);
#1083=LINE('',#2629,#1337);
#1084=LINE('',#2631,#1338);
#1085=LINE('',#2633,#1339);
#1086=LINE('',#2635,#1340);
#1087=LINE('',#2637,#1341);
#1088=LINE('',#2639,#1342);
#1089=LINE('',#2641,#1343);
#1090=LINE('',#2644,#1344);
#1091=LINE('',#2645,#1345);
#1092=LINE('',#2647,#1346);
#1093=LINE('',#2650,#1347);
#1094=LINE('',#2651,#1348);
#1095=LINE('',#2653,#1349);
#1096=LINE('',#2656,#1350);
#1097=LINE('',#2657,#1351);
#1098=LINE('',#2659,#1352);
#1099=LINE('',#2661,#1353);
#1100=LINE('',#2663,#1354);
#1101=LINE('',#2665,#1355);
#1102=LINE('',#2667,#1356);
#1103=LINE('',#2669,#1357);
#1104=LINE('',#2671,#1358);
#1105=LINE('',#2672,#1359);
#1106=LINE('',#2674,#1360);
#1107=LINE('',#2675,#1361);
#1108=LINE('',#2677,#1362);
#1109=LINE('',#2680,#1363);
#1110=LINE('',#2682,#1364);
#1111=LINE('',#2684,#1365);
#1112=LINE('',#2686,#1366);
#1113=LINE('',#2688,#1367);
#1114=LINE('',#2690,#1368);
#1115=LINE('',#2692,#1369);
#1116=LINE('',#2694,#1370);
#1117=LINE('',#2696,#1371);
#1118=LINE('',#2698,#1372);
#1119=LINE('',#2701,#1373);
#1120=LINE('',#2703,#1374);
#1121=LINE('',#2705,#1375);
#1122=LINE('',#2707,#1376);
#1123=LINE('',#2709,#1377);
#1124=LINE('',#2711,#1378);
#1125=LINE('',#2713,#1379);
#1126=LINE('',#2715,#1380);
#1127=LINE('',#2717,#1381);
#1128=LINE('',#2719,#1382);
#1129=LINE('',#2720,#1383);
#1130=LINE('',#2722,#1384);
#1131=LINE('',#2723,#1385);
#1132=LINE('',#2726,#1386);
#1133=LINE('',#2727,#1387);
#1134=LINE('',#2728,#1388);
#1135=LINE('',#2729,#1389);
#1136=LINE('',#2730,#1390);
#1137=LINE('',#2731,#1391);
#1138=LINE('',#2732,#1392);
#1139=LINE('',#2733,#1393);
#1140=LINE('',#2744,#1394);
#1141=LINE('',#2747,#1395);
#1142=LINE('',#2749,#1396);
#1143=LINE('',#2751,#1397);
#1144=LINE('',#2753,#1398);
#1145=LINE('',#2755,#1399);
#1146=LINE('',#2757,#1400);
#1147=LINE('',#2759,#1401);
#1148=LINE('',#2761,#1402);
#1149=LINE('',#2763,#1403);
#1150=LINE('',#2765,#1404);
#1151=LINE('',#2767,#1405);
#1152=LINE('',#2769,#1406);
#1153=LINE('',#2771,#1407);
#1154=LINE('',#2773,#1408);
#1155=LINE('',#2775,#1409);
#1156=LINE('',#2777,#1410);
#1157=LINE('',#2779,#1411);
#1158=LINE('',#2781,#1412);
#1159=LINE('',#2783,#1413);
#1160=LINE('',#2785,#1414);
#1161=LINE('',#2787,#1415);
#1162=LINE('',#2789,#1416);
#1163=LINE('',#2791,#1417);
#1164=LINE('',#2793,#1418);
#1165=LINE('',#2795,#1419);
#1166=LINE('',#2797,#1420);
#1167=LINE('',#2799,#1421);
#1168=LINE('',#2801,#1422);
#1169=LINE('',#2803,#1423);
#1170=LINE('',#2805,#1424);
#1171=LINE('',#2807,#1425);
#1172=LINE('',#2809,#1426);
#1173=LINE('',#2811,#1427);
#1174=LINE('',#2813,#1428);
#1175=LINE('',#2815,#1429);
#1176=LINE('',#2817,#1430);
#1177=LINE('',#2819,#1431);
#1178=LINE('',#2821,#1432);
#1179=LINE('',#2823,#1433);
#1180=LINE('',#2825,#1434);
#1181=LINE('',#2827,#1435);
#1182=LINE('',#2829,#1436);
#1183=LINE('',#2831,#1437);
#1184=LINE('',#2833,#1438);
#1185=LINE('',#2835,#1439);
#1186=LINE('',#2837,#1440);
#1187=LINE('',#2839,#1441);
#1188=LINE('',#2841,#1442);
#1189=LINE('',#2843,#1443);
#1190=LINE('',#2845,#1444);
#1191=LINE('',#2847,#1445);
#1192=LINE('',#2849,#1446);
#1193=LINE('',#2851,#1447);
#1194=LINE('',#2853,#1448);
#1195=LINE('',#2855,#1449);
#1196=LINE('',#2857,#1450);
#1197=LINE('',#2859,#1451);
#1198=LINE('',#2861,#1452);
#1199=LINE('',#2863,#1453);
#1200=LINE('',#2865,#1454);
#1201=LINE('',#2867,#1455);
#1202=LINE('',#2869,#1456);
#1203=LINE('',#2871,#1457);
#1204=LINE('',#2873,#1458);
#1205=LINE('',#2875,#1459);
#1206=LINE('',#2877,#1460);
#1207=LINE('',#2881,#1461);
#1208=LINE('',#2885,#1462);
#1209=LINE('',#2887,#1463);
#1210=LINE('',#2889,#1464);
#1211=LINE('',#2891,#1465);
#1212=LINE('',#2893,#1466);
#1213=LINE('',#2895,#1467);
#1214=LINE('',#2897,#1468);
#1215=LINE('',#2899,#1469);
#1216=LINE('',#2901,#1470);
#1217=LINE('',#2903,#1471);
#1218=LINE('',#2905,#1472);
#1219=LINE('',#2907,#1473);
#1220=LINE('',#2909,#1474);
#1221=LINE('',#2911,#1475);
#1222=LINE('',#2913,#1476);
#1223=LINE('',#2917,#1477);
#1224=LINE('',#2923,#1478);
#1225=LINE('',#2927,#1479);
#1226=LINE('',#2929,#1480);
#1227=LINE('',#2931,#1481);
#1228=LINE('',#2933,#1482);
#1229=LINE('',#2935,#1483);
#1230=LINE('',#2937,#1484);
#1231=LINE('',#2939,#1485);
#1232=LINE('',#2941,#1486);
#1233=LINE('',#2943,#1487);
#1234=LINE('',#2945,#1488);
#1235=LINE('',#2947,#1489);
#1236=LINE('',#2949,#1490);
#1237=LINE('',#2951,#1491);
#1238=LINE('',#2953,#1492);
#1239=LINE('',#2955,#1493);
#1240=LINE('',#2959,#1494);
#1241=LINE('',#2963,#1495);
#1242=LINE('',#2965,#1496);
#1243=LINE('',#2967,#1497);
#1244=LINE('',#2969,#1498);
#1245=LINE('',#2971,#1499);
#1246=LINE('',#2973,#1500);
#1247=LINE('',#2975,#1501);
#1248=LINE('',#2977,#1502);
#1249=LINE('',#2979,#1503);
#1250=LINE('',#2981,#1504);
#1251=LINE('',#2983,#1505);
#1252=LINE('',#2985,#1506);
#1253=LINE('',#2987,#1507);
#1254=LINE('',#2989,#1508);
#1255=LINE('',#2991,#1509);
#1256=LINE('',#2993,#1510);
#1257=LINE('',#2995,#1511);
#1258=LINE('',#2997,#1512);
#1259=LINE('',#2999,#1513);
#1260=LINE('',#3001,#1514);
#1261=LINE('',#3003,#1515);
#1262=LINE('',#3007,#1516);
#1263=LINE('',#3011,#1517);
#1264=LINE('',#3013,#1518);
#1265=LINE('',#3015,#1519);
#1266=LINE('',#3017,#1520);
#1267=LINE('',#3019,#1521);
#1268=LINE('',#3021,#1522);
#1269=LINE('',#3023,#1523);
#1270=LINE('',#3025,#1524);
#1271=LINE('',#3027,#1525);
#1272=LINE('',#3029,#1526);
#1273=LINE('',#3031,#1527);
#1274=LINE('',#3033,#1528);
#1275=LINE('',#3035,#1529);
#1276=LINE('',#3037,#1530);
#1277=LINE('',#3039,#1531);
#1278=LINE('',#3043,#1532);
#1279=LINE('',#3049,#1533);
#1280=LINE('',#3053,#1534);
#1281=LINE('',#3055,#1535);
#1282=LINE('',#3057,#1536);
#1283=LINE('',#3059,#1537);
#1284=LINE('',#3061,#1538);
#1285=LINE('',#3063,#1539);
#1286=LINE('',#3065,#1540);
#1287=LINE('',#3067,#1541);
#1288=LINE('',#3069,#1542);
#1289=LINE('',#3071,#1543);
#1290=LINE('',#3073,#1544);
#1291=LINE('',#3075,#1545);
#1292=LINE('',#3077,#1546);
#1293=LINE('',#3079,#1547);
#1294=LINE('',#3081,#1548);
#1295=LINE('',#3085,#1549);
#1296=LINE('',#3089,#1550);
#1297=LINE('',#3090,#1551);
#1298=VECTOR('',#2071,39.3700787401575);
#1299=VECTOR('',#2072,39.3700787401575);
#1300=VECTOR('',#2073,39.3700787401575);
#1301=VECTOR('',#2074,39.3700787401575);
#1302=VECTOR('',#2077,39.3700787401575);
#1303=VECTOR('',#2078,39.3700787401575);
#1304=VECTOR('',#2079,39.3700787401575);
#1305=VECTOR('',#2080,39.3700787401575);
#1306=VECTOR('',#2083,39.3700787401575);
#1307=VECTOR('',#2084,39.3700787401575);
#1308=VECTOR('',#2085,39.3700787401575);
#1309=VECTOR('',#2086,39.3700787401575);
#1310=VECTOR('',#2089,39.3700787401575);
#1311=VECTOR('',#2090,39.3700787401575);
#1312=VECTOR('',#2091,39.3700787401575);
#1313=VECTOR('',#2092,39.3700787401575);
#1314=VECTOR('',#2095,39.3700787401575);
#1315=VECTOR('',#2096,39.3700787401575);
#1316=VECTOR('',#2097,39.3700787401575);
#1317=VECTOR('',#2098,39.3700787401575);
#1318=VECTOR('',#2101,39.3700787401575);
#1319=VECTOR('',#2102,39.3700787401575);
#1320=VECTOR('',#2103,39.3700787401575);
#1321=VECTOR('',#2104,39.3700787401575);
#1322=VECTOR('',#2107,39.3700787401575);
#1323=VECTOR('',#2108,39.3700787401575);
#1324=VECTOR('',#2109,39.3700787401575);
#1325=VECTOR('',#2110,39.3700787401575);
#1326=VECTOR('',#2111,39.3700787401575);
#1327=VECTOR('',#2112,39.3700787401575);
#1328=VECTOR('',#2113,39.3700787401575);
#1329=VECTOR('',#2114,39.3700787401575);
#1330=VECTOR('',#2115,39.3700787401575);
#1331=VECTOR('',#2118,39.3700787401575);
#1332=VECTOR('',#2119,39.3700787401575);
#1333=VECTOR('',#2120,39.3700787401575);
#1334=VECTOR('',#2121,39.3700787401575);
#1335=VECTOR('',#2122,39.3700787401575);
#1336=VECTOR('',#2123,39.3700787401575);
#1337=VECTOR('',#2124,39.3700787401575);
#1338=VECTOR('',#2125,39.3700787401575);
#1339=VECTOR('',#2126,39.3700787401575);
#1340=VECTOR('',#2129,39.3700787401575);
#1341=VECTOR('',#2130,39.3700787401575);
#1342=VECTOR('',#2131,39.3700787401575);
#1343=VECTOR('',#2134,39.3700787401575);
#1344=VECTOR('',#2135,39.3700787401575);
#1345=VECTOR('',#2136,39.3700787401575);
#1346=VECTOR('',#2139,39.3700787401575);
#1347=VECTOR('',#2140,39.3700787401575);
#1348=VECTOR('',#2141,39.3700787401575);
#1349=VECTOR('',#2144,39.3700787401575);
#1350=VECTOR('',#2145,39.3700787401575);
#1351=VECTOR('',#2146,39.3700787401575);
#1352=VECTOR('',#2149,39.3700787401575);
#1353=VECTOR('',#2150,39.3700787401575);
#1354=VECTOR('',#2151,39.3700787401575);
#1355=VECTOR('',#2154,39.3700787401575);
#1356=VECTOR('',#2155,39.3700787401575);
#1357=VECTOR('',#2156,39.3700787401575);
#1358=VECTOR('',#2159,39.3700787401575);
#1359=VECTOR('',#2160,39.3700787401575);
#1360=VECTOR('',#2163,39.3700787401575);
#1361=VECTOR('',#2164,39.3700787401575);
#1362=VECTOR('',#2167,39.3700787401575);
#1363=VECTOR('',#2168,39.3700787401575);
#1364=VECTOR('',#2169,39.3700787401575);
#1365=VECTOR('',#2170,39.3700787401575);
#1366=VECTOR('',#2173,39.3700787401575);
#1367=VECTOR('',#2174,39.3700787401575);
#1368=VECTOR('',#2175,39.3700787401575);
#1369=VECTOR('',#2178,39.3700787401575);
#1370=VECTOR('',#2179,39.3700787401575);
#1371=VECTOR('',#2180,39.3700787401575);
#1372=VECTOR('',#2183,39.3700787401575);
#1373=VECTOR('',#2184,39.3700787401575);
#1374=VECTOR('',#2185,39.3700787401575);
#1375=VECTOR('',#2186,39.3700787401575);
#1376=VECTOR('',#2189,39.3700787401575);
#1377=VECTOR('',#2190,39.3700787401575);
#1378=VECTOR('',#2191,39.3700787401575);
#1379=VECTOR('',#2194,39.3700787401575);
#1380=VECTOR('',#2195,39.3700787401575);
#1381=VECTOR('',#2196,39.3700787401575);
#1382=VECTOR('',#2199,39.3700787401575);
#1383=VECTOR('',#2200,39.3700787401575);
#1384=VECTOR('',#2203,39.3700787401575);
#1385=VECTOR('',#2204,39.3700787401575);
#1386=VECTOR('',#2209,39.3700787401575);
#1387=VECTOR('',#2210,39.3700787401575);
#1388=VECTOR('',#2211,39.3700787401575);
#1389=VECTOR('',#2212,39.3700787401575);
#1390=VECTOR('',#2213,39.3700787401575);
#1391=VECTOR('',#2214,39.3700787401575);
#1392=VECTOR('',#2215,39.3700787401575);
#1393=VECTOR('',#2216,39.3700787401575);
#1394=VECTOR('',#2237,39.3700787401575);
#1395=VECTOR('',#2238,39.3700787401575);
#1396=VECTOR('',#2239,39.3700787401575);
#1397=VECTOR('',#2240,39.3700787401575);
#1398=VECTOR('',#2243,39.3700787401575);
#1399=VECTOR('',#2244,39.3700787401575);
#1400=VECTOR('',#2245,39.3700787401575);
#1401=VECTOR('',#2248,39.3700787401575);
#1402=VECTOR('',#2249,39.3700787401575);
#1403=VECTOR('',#2250,39.3700787401575);
#1404=VECTOR('',#2253,39.3700787401575);
#1405=VECTOR('',#2254,39.3700787401575);
#1406=VECTOR('',#2255,39.3700787401575);
#1407=VECTOR('',#2258,39.3700787401575);
#1408=VECTOR('',#2259,39.3700787401575);
#1409=VECTOR('',#2260,39.3700787401575);
#1410=VECTOR('',#2263,39.3700787401575);
#1411=VECTOR('',#2264,39.3700787401575);
#1412=VECTOR('',#2265,39.3700787401575);
#1413=VECTOR('',#2268,39.3700787401575);
#1414=VECTOR('',#2269,39.3700787401575);
#1415=VECTOR('',#2270,39.3700787401575);
#1416=VECTOR('',#2273,39.3700787401575);
#1417=VECTOR('',#2274,39.3700787401575);
#1418=VECTOR('',#2275,39.3700787401575);
#1419=VECTOR('',#2278,39.3700787401575);
#1420=VECTOR('',#2279,39.3700787401575);
#1421=VECTOR('',#2280,39.3700787401575);
#1422=VECTOR('',#2283,39.3700787401575);
#1423=VECTOR('',#2284,39.3700787401575);
#1424=VECTOR('',#2285,39.3700787401575);
#1425=VECTOR('',#2288,39.3700787401575);
#1426=VECTOR('',#2289,39.3700787401575);
#1427=VECTOR('',#2290,39.3700787401575);
#1428=VECTOR('',#2293,39.3700787401575);
#1429=VECTOR('',#2294,39.3700787401575);
#1430=VECTOR('',#2295,39.3700787401575);
#1431=VECTOR('',#2298,39.3700787401575);
#1432=VECTOR('',#2299,39.3700787401575);
#1433=VECTOR('',#2300,39.3700787401575);
#1434=VECTOR('',#2303,39.3700787401575);
#1435=VECTOR('',#2304,39.3700787401575);
#1436=VECTOR('',#2305,39.3700787401575);
#1437=VECTOR('',#2308,39.3700787401575);
#1438=VECTOR('',#2309,39.3700787401575);
#1439=VECTOR('',#2310,39.3700787401575);
#1440=VECTOR('',#2313,39.3700787401575);
#1441=VECTOR('',#2314,39.3700787401575);
#1442=VECTOR('',#2315,39.3700787401575);
#1443=VECTOR('',#2318,39.3700787401575);
#1444=VECTOR('',#2319,39.3700787401575);
#1445=VECTOR('',#2320,39.3700787401575);
#1446=VECTOR('',#2323,39.3700787401575);
#1447=VECTOR('',#2324,39.3700787401575);
#1448=VECTOR('',#2325,39.3700787401575);
#1449=VECTOR('',#2328,39.3700787401575);
#1450=VECTOR('',#2329,39.3700787401575);
#1451=VECTOR('',#2330,39.3700787401575);
#1452=VECTOR('',#2333,39.3700787401575);
#1453=VECTOR('',#2334,39.3700787401575);
#1454=VECTOR('',#2335,39.3700787401575);
#1455=VECTOR('',#2338,39.3700787401575);
#1456=VECTOR('',#2339,39.3700787401575);
#1457=VECTOR('',#2340,39.3700787401575);
#1458=VECTOR('',#2343,39.3700787401575);
#1459=VECTOR('',#2344,39.3700787401575);
#1460=VECTOR('',#2345,39.3700787401575);
#1461=VECTOR('',#2350,39.3700787401575);
#1462=VECTOR('',#2355,39.3700787401575);
#1463=VECTOR('',#2356,39.3700787401575);
#1464=VECTOR('',#2357,39.3700787401575);
#1465=VECTOR('',#2360,39.3700787401575);
#1466=VECTOR('',#2361,39.3700787401575);
#1467=VECTOR('',#2362,39.3700787401575);
#1468=VECTOR('',#2365,39.3700787401575);
#1469=VECTOR('',#2366,39.3700787401575);
#1470=VECTOR('',#2367,39.3700787401575);
#1471=VECTOR('',#2370,39.3700787401575);
#1472=VECTOR('',#2371,39.3700787401575);
#1473=VECTOR('',#2372,39.3700787401575);
#1474=VECTOR('',#2375,39.3700787401575);
#1475=VECTOR('',#2376,39.3700787401575);
#1476=VECTOR('',#2377,39.3700787401575);
#1477=VECTOR('',#2382,39.3700787401575);
#1478=VECTOR('',#2389,39.3700787401575);
#1479=VECTOR('',#2394,39.3700787401575);
#1480=VECTOR('',#2395,39.3700787401575);
#1481=VECTOR('',#2396,39.3700787401575);
#1482=VECTOR('',#2399,39.3700787401575);
#1483=VECTOR('',#2400,39.3700787401575);
#1484=VECTOR('',#2401,39.3700787401575);
#1485=VECTOR('',#2404,39.3700787401575);
#1486=VECTOR('',#2405,39.3700787401575);
#1487=VECTOR('',#2406,39.3700787401575);
#1488=VECTOR('',#2409,39.3700787401575);
#1489=VECTOR('',#2410,39.3700787401575);
#1490=VECTOR('',#2411,39.3700787401575);
#1491=VECTOR('',#2414,39.3700787401575);
#1492=VECTOR('',#2415,39.3700787401575);
#1493=VECTOR('',#2416,39.3700787401575);
#1494=VECTOR('',#2421,39.3700787401575);
#1495=VECTOR('',#2426,39.3700787401575);
#1496=VECTOR('',#2427,39.3700787401575);
#1497=VECTOR('',#2428,39.3700787401575);
#1498=VECTOR('',#2431,39.3700787401575);
#1499=VECTOR('',#2432,39.3700787401575);
#1500=VECTOR('',#2433,39.3700787401575);
#1501=VECTOR('',#2436,39.3700787401575);
#1502=VECTOR('',#2437,39.3700787401575);
#1503=VECTOR('',#2438,39.3700787401575);
#1504=VECTOR('',#2441,39.3700787401575);
#1505=VECTOR('',#2442,39.3700787401575);
#1506=VECTOR('',#2443,39.3700787401575);
#1507=VECTOR('',#2446,39.3700787401575);
#1508=VECTOR('',#2447,39.3700787401575);
#1509=VECTOR('',#2448,39.3700787401575);
#1510=VECTOR('',#2451,39.3700787401575);
#1511=VECTOR('',#2452,39.3700787401575);
#1512=VECTOR('',#2453,39.3700787401575);
#1513=VECTOR('',#2456,39.3700787401575);
#1514=VECTOR('',#2457,39.3700787401575);
#1515=VECTOR('',#2458,39.3700787401575);
#1516=VECTOR('',#2463,39.3700787401575);
#1517=VECTOR('',#2468,39.3700787401575);
#1518=VECTOR('',#2469,39.3700787401575);
#1519=VECTOR('',#2470,39.3700787401575);
#1520=VECTOR('',#2473,39.3700787401575);
#1521=VECTOR('',#2474,39.3700787401575);
#1522=VECTOR('',#2475,39.3700787401575);
#1523=VECTOR('',#2478,39.3700787401575);
#1524=VECTOR('',#2479,39.3700787401575);
#1525=VECTOR('',#2480,39.3700787401575);
#1526=VECTOR('',#2483,39.3700787401575);
#1527=VECTOR('',#2484,39.3700787401575);
#1528=VECTOR('',#2485,39.3700787401575);
#1529=VECTOR('',#2488,39.3700787401575);
#1530=VECTOR('',#2489,39.3700787401575);
#1531=VECTOR('',#2490,39.3700787401575);
#1532=VECTOR('',#2495,39.3700787401575);
#1533=VECTOR('',#2502,39.3700787401575);
#1534=VECTOR('',#2507,39.3700787401575);
#1535=VECTOR('',#2508,39.3700787401575);
#1536=VECTOR('',#2509,39.3700787401575);
#1537=VECTOR('',#2512,39.3700787401575);
#1538=VECTOR('',#2513,39.3700787401575);
#1539=VECTOR('',#2514,39.3700787401575);
#1540=VECTOR('',#2517,39.3700787401575);
#1541=VECTOR('',#2518,39.3700787401575);
#1542=VECTOR('',#2519,39.3700787401575);
#1543=VECTOR('',#2522,39.3700787401575);
#1544=VECTOR('',#2523,39.3700787401575);
#1545=VECTOR('',#2524,39.3700787401575);
#1546=VECTOR('',#2527,39.3700787401575);
#1547=VECTOR('',#2528,39.3700787401575);
#1548=VECTOR('',#2529,39.3700787401575);
#1549=VECTOR('',#2534,39.3700787401575);
#1550=VECTOR('',#2539,39.3700787401575);
#1551=VECTOR('',#2540,39.3700787401575);
#1552=EDGE_LOOP('',(#54,#55,#56,#57));
#1553=EDGE_LOOP('',(#58,#59,#60,#61));
#1554=EDGE_LOOP('',(#62,#63,#64,#65));
#1555=EDGE_LOOP('',(#66,#67,#68,#69));
#1556=EDGE_LOOP('',(#70,#71,#72,#73));
#1557=EDGE_LOOP('',(#74,#75,#76,#77));
#1558=EDGE_LOOP('',(#78,#79,#80,#81,#82,#83,#84,#85,#86,#87,#88,#89));
#1559=EDGE_LOOP('',(#90,#91,#92,#93,#94,#95,#96,#97,#98,#99,#100,#101));
#1560=EDGE_LOOP('',(#102,#103,#104,#105));
#1561=EDGE_LOOP('',(#106,#107,#108,#109));
#1562=EDGE_LOOP('',(#110,#111,#112,#113));
#1563=EDGE_LOOP('',(#114,#115,#116,#117));
#1564=EDGE_LOOP('',(#118,#119,#120,#121));
#1565=EDGE_LOOP('',(#122,#123,#124,#125));
#1566=EDGE_LOOP('',(#126,#127,#128,#129,#130,#131,#132,#133));
#1567=EDGE_LOOP('',(#134,#135,#136,#137,#138,#139,#140,#141));
#1568=EDGE_LOOP('',(#142,#143,#144,#145));
#1569=EDGE_LOOP('',(#146,#147,#148,#149));
#1570=EDGE_LOOP('',(#150,#151,#152,#153));
#1571=EDGE_LOOP('',(#154,#155,#156,#157));
#1572=EDGE_LOOP('',(#158,#159,#160,#161));
#1573=EDGE_LOOP('',(#162,#163,#164,#165));
#1574=EDGE_LOOP('',(#166,#167,#168,#169));
#1575=EDGE_LOOP('',(#170,#171,#172,#173));
#1576=EDGE_LOOP('',(#174,#175,#176,#177));
#1577=EDGE_LOOP('',(#178,#179,#180,#181));
#1578=EDGE_LOOP('',(#182,#183,#184,#185));
#1579=EDGE_LOOP('',(#186,#187,#188,#189,#190,#191,#192,#193,#194,#195,#196,
#197,#198,#199,#200,#201,#202,#203,#204,#205));
#1580=EDGE_LOOP('',(#206,#207,#208,#209));
#1581=EDGE_LOOP('',(#210,#211,#212,#213));
#1582=EDGE_LOOP('',(#214,#215,#216,#217));
#1583=EDGE_LOOP('',(#218,#219,#220,#221));
#1584=EDGE_LOOP('',(#222,#223,#224,#225));
#1585=EDGE_LOOP('',(#226,#227,#228,#229));
#1586=EDGE_LOOP('',(#230,#231,#232,#233));
#1587=EDGE_LOOP('',(#234,#235,#236,#237));
#1588=EDGE_LOOP('',(#238,#239,#240,#241));
#1589=EDGE_LOOP('',(#242,#243,#244,#245));
#1590=EDGE_LOOP('',(#246,#247,#248,#249));
#1591=EDGE_LOOP('',(#250,#251,#252,#253));
#1592=EDGE_LOOP('',(#254,#255,#256,#257));
#1593=EDGE_LOOP('',(#258,#259,#260,#261));
#1594=EDGE_LOOP('',(#262,#263,#264,#265));
#1595=EDGE_LOOP('',(#266,#267,#268,#269));
#1596=EDGE_LOOP('',(#270,#271,#272,#273));
#1597=EDGE_LOOP('',(#274,#275,#276,#277));
#1598=EDGE_LOOP('',(#278,#279,#280,#281));
#1599=EDGE_LOOP('',(#282,#283,#284,#285));
#1600=EDGE_LOOP('',(#286,#287,#288,#289));
#1601=EDGE_LOOP('',(#290,#291,#292,#293));
#1602=EDGE_LOOP('',(#294,#295,#296,#297));
#1603=EDGE_LOOP('',(#298,#299,#300,#301));
#1604=EDGE_LOOP('',(#302,#303,#304,#305));
#1605=EDGE_LOOP('',(#306,#307,#308,#309));
#1606=EDGE_LOOP('',(#310,#311,#312,#313));
#1607=EDGE_LOOP('',(#314,#315,#316,#317));
#1608=EDGE_LOOP('',(#318,#319,#320,#321));
#1609=EDGE_LOOP('',(#322,#323,#324,#325));
#1610=EDGE_LOOP('',(#326,#327,#328,#329));
#1611=EDGE_LOOP('',(#330,#331,#332,#333));
#1612=EDGE_LOOP('',(#334,#335,#336,#337));
#1613=EDGE_LOOP('',(#338,#339,#340,#341));
#1614=EDGE_LOOP('',(#342,#343,#344,#345));
#1615=EDGE_LOOP('',(#346,#347,#348,#349));
#1616=EDGE_LOOP('',(#350,#351,#352,#353));
#1617=EDGE_LOOP('',(#354,#355,#356,#357));
#1618=EDGE_LOOP('',(#358,#359,#360,#361));
#1619=EDGE_LOOP('',(#362,#363,#364,#365));
#1620=EDGE_LOOP('',(#366,#367,#368,#369));
#1621=EDGE_LOOP('',(#370,#371,#372,#373));
#1622=EDGE_LOOP('',(#374,#375,#376,#377));
#1623=EDGE_LOOP('',(#378,#379,#380,#381));
#1624=EDGE_LOOP('',(#382,#383,#384,#385));
#1625=EDGE_LOOP('',(#386,#387,#388,#389));
#1626=EDGE_LOOP('',(#390,#391,#392,#393));
#1627=EDGE_LOOP('',(#394,#395,#396,#397));
#1628=EDGE_LOOP('',(#398,#399,#400,#401));
#1629=EDGE_LOOP('',(#402,#403,#404,#405));
#1630=EDGE_LOOP('',(#406,#407,#408,#409));
#1631=EDGE_LOOP('',(#410,#411,#412,#413));
#1632=EDGE_LOOP('',(#414,#415,#416,#417));
#1633=EDGE_LOOP('',(#418,#419,#420,#421));
#1634=EDGE_LOOP('',(#422,#423,#424,#425));
#1635=EDGE_LOOP('',(#426,#427,#428,#429));
#1636=EDGE_LOOP('',(#430,#431,#432,#433));
#1637=EDGE_LOOP('',(#434,#435,#436,#437));
#1638=EDGE_LOOP('',(#438,#439,#440,#441));
#1639=EDGE_LOOP('',(#442,#443,#444,#445));
#1640=EDGE_LOOP('',(#446,#447,#448,#449));
#1641=EDGE_LOOP('',(#450,#451,#452,#453));
#1642=EDGE_LOOP('',(#454,#455,#456,#457));
#1643=EDGE_LOOP('',(#458,#459,#460,#461));
#1644=EDGE_LOOP('',(#462,#463,#464,#465));
#1645=EDGE_LOOP('',(#466,#467,#468,#469));
#1646=EDGE_LOOP('',(#470,#471,#472,#473));
#1647=EDGE_LOOP('',(#474,#475,#476,#477));
#1648=EDGE_LOOP('',(#478,#479,#480,#481,#482,#483,#484,#485,#486,#487,#488,
#489,#490,#491,#492,#493,#494,#495,#496,#497,#498,#499,#500,#501,#502,#503,
#504,#505,#506,#507,#508,#509,#510,#511,#512,#513,#514,#515,#516,#517,#518,
#519,#520,#521,#522,#523,#524,#525,#526,#527,#528,#529,#530,#531,#532,#533,
#534,#535));
#1649=EDGE_LOOP('',(#536,#537,#538,#539,#540,#541,#542,#543,#544,#545,#546,
#547,#548,#549,#550,#551,#552,#553,#554,#555,#556,#557,#558,#559,#560,#561,
#562,#563,#564,#565,#566,#567,#568,#569,#570,#571,#572,#573,#574,#575,#576,
#577,#578,#579,#580,#581,#582,#583,#584,#585,#586,#587,#588,#589,#590,#591,
#592,#593));
#1650=FACE_BOUND('',#1552,.T.);
#1651=FACE_BOUND('',#1553,.T.);
#1652=FACE_BOUND('',#1554,.T.);
#1653=FACE_BOUND('',#1555,.T.);
#1654=FACE_BOUND('',#1556,.T.);
#1655=FACE_BOUND('',#1557,.T.);
#1656=FACE_BOUND('',#1558,.T.);
#1657=FACE_BOUND('',#1559,.T.);
#1658=FACE_BOUND('',#1560,.T.);
#1659=FACE_BOUND('',#1561,.T.);
#1660=FACE_BOUND('',#1562,.T.);
#1661=FACE_BOUND('',#1563,.T.);
#1662=FACE_BOUND('',#1564,.T.);
#1663=FACE_BOUND('',#1565,.T.);
#1664=FACE_BOUND('',#1566,.T.);
#1665=FACE_BOUND('',#1567,.T.);
#1666=FACE_BOUND('',#1568,.T.);
#1667=FACE_BOUND('',#1569,.T.);
#1668=FACE_BOUND('',#1570,.T.);
#1669=FACE_BOUND('',#1571,.T.);
#1670=FACE_BOUND('',#1572,.T.);
#1671=FACE_BOUND('',#1573,.T.);
#1672=FACE_BOUND('',#1574,.T.);
#1673=FACE_BOUND('',#1575,.T.);
#1674=FACE_BOUND('',#1576,.T.);
#1675=FACE_BOUND('',#1577,.T.);
#1676=FACE_BOUND('',#1578,.T.);
#1677=FACE_BOUND('',#1579,.T.);
#1678=FACE_BOUND('',#1580,.T.);
#1679=FACE_BOUND('',#1581,.T.);
#1680=FACE_BOUND('',#1582,.T.);
#1681=FACE_BOUND('',#1583,.T.);
#1682=FACE_BOUND('',#1584,.T.);
#1683=FACE_BOUND('',#1585,.T.);
#1684=FACE_BOUND('',#1586,.T.);
#1685=FACE_BOUND('',#1587,.T.);
#1686=FACE_BOUND('',#1588,.T.);
#1687=FACE_BOUND('',#1589,.T.);
#1688=FACE_BOUND('',#1590,.T.);
#1689=FACE_BOUND('',#1591,.T.);
#1690=FACE_BOUND('',#1592,.T.);
#1691=FACE_BOUND('',#1593,.T.);
#1692=FACE_BOUND('',#1594,.T.);
#1693=FACE_BOUND('',#1595,.T.);
#1694=FACE_BOUND('',#1596,.T.);
#1695=FACE_BOUND('',#1597,.T.);
#1696=FACE_BOUND('',#1598,.T.);
#1697=FACE_BOUND('',#1599,.T.);
#1698=FACE_BOUND('',#1600,.T.);
#1699=FACE_BOUND('',#1601,.T.);
#1700=FACE_BOUND('',#1602,.T.);
#1701=FACE_BOUND('',#1603,.T.);
#1702=FACE_BOUND('',#1604,.T.);
#1703=FACE_BOUND('',#1605,.T.);
#1704=FACE_BOUND('',#1606,.T.);
#1705=FACE_BOUND('',#1607,.T.);
#1706=FACE_BOUND('',#1608,.T.);
#1707=FACE_BOUND('',#1609,.T.);
#1708=FACE_BOUND('',#1610,.T.);
#1709=FACE_BOUND('',#1611,.T.);
#1710=FACE_BOUND('',#1612,.T.);
#1711=FACE_BOUND('',#1613,.T.);
#1712=FACE_BOUND('',#1614,.T.);
#1713=FACE_BOUND('',#1615,.T.);
#1714=FACE_BOUND('',#1616,.T.);
#1715=FACE_BOUND('',#1617,.T.);
#1716=FACE_BOUND('',#1618,.T.);
#1717=FACE_BOUND('',#1619,.T.);
#1718=FACE_BOUND('',#1620,.T.);
#1719=FACE_BOUND('',#1621,.T.);
#1720=FACE_BOUND('',#1622,.T.);
#1721=FACE_BOUND('',#1623,.T.);
#1722=FACE_BOUND('',#1624,.T.);
#1723=FACE_BOUND('',#1625,.T.);
#1724=FACE_BOUND('',#1626,.T.);
#1725=FACE_BOUND('',#1627,.T.);
#1726=FACE_BOUND('',#1628,.T.);
#1727=FACE_BOUND('',#1629,.T.);
#1728=FACE_BOUND('',#1630,.T.);
#1729=FACE_BOUND('',#1631,.T.);
#1730=FACE_BOUND('',#1632,.T.);
#1731=FACE_BOUND('',#1633,.T.);
#1732=FACE_BOUND('',#1634,.T.);
#1733=FACE_BOUND('',#1635,.T.);
#1734=FACE_BOUND('',#1636,.T.);
#1735=FACE_BOUND('',#1637,.T.);
#1736=FACE_BOUND('',#1638,.T.);
#1737=FACE_BOUND('',#1639,.T.);
#1738=FACE_BOUND('',#1640,.T.);
#1739=FACE_BOUND('',#1641,.T.);
#1740=FACE_BOUND('',#1642,.T.);
#1741=FACE_BOUND('',#1643,.T.);
#1742=FACE_BOUND('',#1644,.T.);
#1743=FACE_BOUND('',#1645,.T.);
#1744=FACE_BOUND('',#1646,.T.);
#1745=FACE_BOUND('',#1647,.T.);
#1746=FACE_BOUND('',#1648,.T.);
#1747=FACE_BOUND('',#1649,.T.);
#1748=PLANE('',#1955);
#1749=PLANE('',#1956);
#1750=PLANE('',#1957);
#1751=PLANE('',#1958);
#1752=PLANE('',#1959);
#1753=PLANE('',#1960);
#1754=PLANE('',#1961);
#1755=PLANE('',#1962);
#1756=PLANE('',#1963);
#1757=PLANE('',#1964);
#1758=PLANE('',#1965);
#1759=PLANE('',#1966);
#1760=PLANE('',#1967);
#1761=PLANE('',#1968);
#1762=PLANE('',#1969);
#1763=PLANE('',#1970);
#1764=PLANE('',#1971);
#1765=PLANE('',#1972);
#1766=PLANE('',#1973);
#1767=PLANE('',#1974);
#1768=PLANE('',#1975);
#1769=PLANE('',#1976);
#1770=PLANE('',#1977);
#1771=PLANE('',#1978);
#1772=PLANE('',#1979);
#1773=PLANE('',#1980);
#1774=PLANE('',#1981);
#1775=PLANE('',#1982);
#1776=PLANE('',#1983);
#1777=PLANE('',#1984);
#1778=PLANE('',#1985);
#1779=PLANE('',#1986);
#1780=PLANE('',#1987);
#1781=PLANE('',#1988);
#1782=PLANE('',#1990);
#1783=PLANE('',#1991);
#1784=PLANE('',#1992);
#1785=PLANE('',#1993);
#1786=PLANE('',#1994);
#1787=PLANE('',#1995);
#1788=PLANE('',#1996);
#1789=PLANE('',#1997);
#1790=PLANE('',#1998);
#1791=PLANE('',#1999);
#1792=PLANE('',#2000);
#1793=PLANE('',#2001);
#1794=PLANE('',#2002);
#1795=PLANE('',#2003);
#1796=PLANE('',#2004);
#1797=PLANE('',#2005);
#1798=PLANE('',#2006);
#1799=PLANE('',#2007);
#1800=PLANE('',#2008);
#1801=PLANE('',#2009);
#1802=PLANE('',#2010);
#1803=PLANE('',#2011);
#1804=PLANE('',#2015);
#1805=PLANE('',#2016);
#1806=PLANE('',#2017);
#1807=PLANE('',#2018);
#1808=PLANE('',#2019);
#1809=PLANE('',#2026);
#1810=PLANE('',#2027);
#1811=PLANE('',#2028);
#1812=PLANE('',#2029);
#1813=PLANE('',#2030);
#1814=PLANE('',#2034);
#1815=PLANE('',#2035);
#1816=PLANE('',#2036);
#1817=PLANE('',#2037);
#1818=PLANE('',#2038);
#1819=PLANE('',#2039);
#1820=PLANE('',#2040);
#1821=PLANE('',#2044);
#1822=PLANE('',#2045);
#1823=PLANE('',#2046);
#1824=PLANE('',#2047);
#1825=PLANE('',#2048);
#1826=PLANE('',#2055);
#1827=PLANE('',#2056);
#1828=PLANE('',#2057);
#1829=PLANE('',#2058);
#1830=PLANE('',#2059);
#1831=PLANE('',#2063);
#1832=PLANE('',#2064);
#1833=PLANE('',#2065);
#1834=ADVANCED_FACE('',(#1650),#1748,.F.);
#1835=ADVANCED_FACE('',(#1651),#1749,.F.);
#1836=ADVANCED_FACE('',(#1652),#1750,.F.);
#1837=ADVANCED_FACE('',(#1653),#1751,.F.);
#1838=ADVANCED_FACE('',(#1654),#1752,.F.);
#1839=ADVANCED_FACE('',(#1655),#1753,.F.);
#1840=ADVANCED_FACE('',(#1656),#1754,.F.);
#1841=ADVANCED_FACE('',(#1657),#1755,.F.);
#1842=ADVANCED_FACE('',(#1658),#1756,.T.);
#1843=ADVANCED_FACE('',(#1659),#1757,.T.);
#1844=ADVANCED_FACE('',(#1660),#1758,.T.);
#1845=ADVANCED_FACE('',(#1661),#1759,.T.);
#1846=ADVANCED_FACE('',(#1662),#1760,.T.);
#1847=ADVANCED_FACE('',(#1663),#1761,.T.);
#1848=ADVANCED_FACE('',(#1664),#1762,.F.);
#1849=ADVANCED_FACE('',(#1665),#1763,.F.);
#1850=ADVANCED_FACE('',(#1666),#1764,.T.);
#1851=ADVANCED_FACE('',(#1667),#1765,.T.);
#1852=ADVANCED_FACE('',(#1668),#1766,.T.);
#1853=ADVANCED_FACE('',(#1669),#1767,.T.);
#1854=ADVANCED_FACE('',(#1670),#1768,.T.);
#1855=ADVANCED_FACE('',(#1671),#1769,.T.);
#1856=ADVANCED_FACE('',(#1672),#1770,.T.);
#1857=ADVANCED_FACE('',(#1673),#1771,.T.);
#1858=ADVANCED_FACE('',(#1674,#1675,#1676),#1772,.T.);
#1859=ADVANCED_FACE('',(#1677,#1678,#1679),#1773,.T.);
#1860=ADVANCED_FACE('',(#1680),#1774,.T.);
#1861=ADVANCED_FACE('',(#1681),#1775,.T.);
#1862=ADVANCED_FACE('',(#1682),#1776,.T.);
#1863=ADVANCED_FACE('',(#1683),#1777,.T.);
#1864=ADVANCED_FACE('',(#1684),#1778,.T.);
#1865=ADVANCED_FACE('',(#1685),#1779,.T.);
#1866=ADVANCED_FACE('',(#1686),#1780,.T.);
#1867=ADVANCED_FACE('',(#1687),#1781,.T.);
#1868=ADVANCED_FACE('',(#1688),#1782,.F.);
#1869=ADVANCED_FACE('',(#1689),#1783,.F.);
#1870=ADVANCED_FACE('',(#1690),#1784,.F.);
#1871=ADVANCED_FACE('',(#1691),#1785,.F.);
#1872=ADVANCED_FACE('',(#1692),#1786,.F.);
#1873=ADVANCED_FACE('',(#1693),#1787,.F.);
#1874=ADVANCED_FACE('',(#1694),#1788,.F.);
#1875=ADVANCED_FACE('',(#1695),#1789,.F.);
#1876=ADVANCED_FACE('',(#1696),#1790,.F.);
#1877=ADVANCED_FACE('',(#1697),#1791,.F.);
#1878=ADVANCED_FACE('',(#1698),#1792,.F.);
#1879=ADVANCED_FACE('',(#1699),#1793,.F.);
#1880=ADVANCED_FACE('',(#1700),#1794,.F.);
#1881=ADVANCED_FACE('',(#1701),#1795,.F.);
#1882=ADVANCED_FACE('',(#1702),#1796,.F.);
#1883=ADVANCED_FACE('',(#1703),#1797,.F.);
#1884=ADVANCED_FACE('',(#1704),#1798,.F.);
#1885=ADVANCED_FACE('',(#1705),#1799,.F.);
#1886=ADVANCED_FACE('',(#1706),#1800,.F.);
#1887=ADVANCED_FACE('',(#1707),#1801,.F.);
#1888=ADVANCED_FACE('',(#1708),#1802,.F.);
#1889=ADVANCED_FACE('',(#1709),#1803,.F.);
#1890=ADVANCED_FACE('',(#1710),#34,.T.);
#1891=ADVANCED_FACE('',(#1711),#1804,.F.);
#1892=ADVANCED_FACE('',(#1712),#1805,.F.);
#1893=ADVANCED_FACE('',(#1713),#1806,.F.);
#1894=ADVANCED_FACE('',(#1714),#1807,.F.);
#1895=ADVANCED_FACE('',(#1715),#1808,.F.);
#1896=ADVANCED_FACE('',(#1716),#35,.F.);
#1897=ADVANCED_FACE('',(#1717),#36,.F.);
#1898=ADVANCED_FACE('',(#1718),#1809,.F.);
#1899=ADVANCED_FACE('',(#1719),#1810,.F.);
#1900=ADVANCED_FACE('',(#1720),#1811,.F.);
#1901=ADVANCED_FACE('',(#1721),#1812,.F.);
#1902=ADVANCED_FACE('',(#1722),#1813,.F.);
#1903=ADVANCED_FACE('',(#1723),#37,.T.);
#1904=ADVANCED_FACE('',(#1724),#1814,.F.);
#1905=ADVANCED_FACE('',(#1725),#1815,.F.);
#1906=ADVANCED_FACE('',(#1726),#1816,.F.);
#1907=ADVANCED_FACE('',(#1727),#1817,.F.);
#1908=ADVANCED_FACE('',(#1728),#1818,.F.);
#1909=ADVANCED_FACE('',(#1729),#1819,.F.);
#1910=ADVANCED_FACE('',(#1730),#1820,.F.);
#1911=ADVANCED_FACE('',(#1731),#38,.T.);
#1912=ADVANCED_FACE('',(#1732),#1821,.F.);
#1913=ADVANCED_FACE('',(#1733),#1822,.F.);
#1914=ADVANCED_FACE('',(#1734),#1823,.F.);
#1915=ADVANCED_FACE('',(#1735),#1824,.F.);
#1916=ADVANCED_FACE('',(#1736),#1825,.F.);
#1917=ADVANCED_FACE('',(#1737),#39,.F.);
#1918=ADVANCED_FACE('',(#1738),#40,.F.);
#1919=ADVANCED_FACE('',(#1739),#1826,.F.);
#1920=ADVANCED_FACE('',(#1740),#1827,.F.);
#1921=ADVANCED_FACE('',(#1741),#1828,.F.);
#1922=ADVANCED_FACE('',(#1742),#1829,.F.);
#1923=ADVANCED_FACE('',(#1743),#1830,.F.);
#1924=ADVANCED_FACE('',(#1744),#41,.T.);
#1925=ADVANCED_FACE('',(#1745),#1831,.F.);
#1926=ADVANCED_FACE('',(#1746),#1832,.T.);
#1927=ADVANCED_FACE('',(#1747),#1833,.F.);
#1928=CLOSED_SHELL('',(#1834,#1835,#1836,#1837,#1838,#1839,#1840,#1841,
#1842,#1843,#1844,#1845,#1846,#1847,#1848,#1849,#1850,#1851,#1852,#1853,
#1854,#1855,#1856,#1857,#1858,#1859,#1860,#1861,#1862,#1863,#1864,#1865,
#1866,#1867));
#1929=CLOSED_SHELL('',(#1868,#1869,#1870,#1871,#1872,#1873,#1874,#1875,
#1876,#1877,#1878,#1879,#1880,#1881,#1882,#1883,#1884,#1885,#1886,#1887,
#1888,#1889,#1890,#1891,#1892,#1893,#1894,#1895,#1896,#1897,#1898,#1899,
#1900,#1901,#1902,#1903,#1904,#1905,#1906,#1907,#1908,#1909,#1910,#1911,
#1912,#1913,#1914,#1915,#1916,#1917,#1918,#1919,#1920,#1921,#1922,#1923,
#1924,#1925,#1926,#1927));
#1930=STYLED_ITEM('',(#1932),#1946);
#1931=STYLED_ITEM('',(#1933),#1947);
#1932=PRESENTATION_STYLE_ASSIGNMENT((#1934));
#1933=PRESENTATION_STYLE_ASSIGNMENT((#1935));
#1934=SURFACE_STYLE_USAGE(.BOTH.,#1936);
#1935=SURFACE_STYLE_USAGE(.BOTH.,#1937);
#1936=SURFACE_SIDE_STYLE('',(#1938));
#1937=SURFACE_SIDE_STYLE('',(#1939));
#1938=SURFACE_STYLE_FILL_AREA(#1940);
#1939=SURFACE_STYLE_FILL_AREA(#1941);
#1940=FILL_AREA_STYLE('',(#1942));
#1941=FILL_AREA_STYLE('',(#1943));
#1942=FILL_AREA_STYLE_COLOUR('',#1944);
#1943=FILL_AREA_STYLE_COLOUR('',#1945);
#1944=COLOUR_RGB('',0.470588237047195,0.470588237047195,0.470588237047195);
#1945=COLOUR_RGB('',0.670588254928589,0.670588254928589,0.670588254928589);
#1946=MANIFOLD_SOLID_BREP('PSS-02-01-T-S_t',#1928);
#1947=MANIFOLD_SOLID_BREP('PSS-02-01-T-S_p1',#1929);
#1948=SHAPE_DEFINITION_REPRESENTATION(#3107,#1951);
#1949=SHAPE_DEFINITION_REPRESENTATION(#3108,#1952);
#1950=SHAPE_DEFINITION_REPRESENTATION(#3110,#1953);
#1951=SHAPE_REPRESENTATION('PSS-02-01-T-S',(#1954,#1989,#2066),#3095);
#1952=SHAPE_REPRESENTATION('PSS-02-01-T-S_t',(#1954),#3096);
#1953=SHAPE_REPRESENTATION('PSS-02-01-T-S_p1',(#1954),#3097);
#1954=AXIS2_PLACEMENT_3D('',#2547,#2067,#2068);
#1955=AXIS2_PLACEMENT_3D('',#2548,#2069,#2070);
#1956=AXIS2_PLACEMENT_3D('',#2557,#2075,#2076);
#1957=AXIS2_PLACEMENT_3D('',#2566,#2081,#2082);
#1958=AXIS2_PLACEMENT_3D('',#2575,#2087,#2088);
#1959=AXIS2_PLACEMENT_3D('',#2584,#2093,#2094);
#1960=AXIS2_PLACEMENT_3D('',#2593,#2099,#2100);
#1961=AXIS2_PLACEMENT_3D('',#2602,#2105,#2106);
#1962=AXIS2_PLACEMENT_3D('',#2618,#2116,#2117);
#1963=AXIS2_PLACEMENT_3D('',#2634,#2127,#2128);
#1964=AXIS2_PLACEMENT_3D('',#2640,#2132,#2133);
#1965=AXIS2_PLACEMENT_3D('',#2646,#2137,#2138);
#1966=AXIS2_PLACEMENT_3D('',#2652,#2142,#2143);
#1967=AXIS2_PLACEMENT_3D('',#2658,#2147,#2148);
#1968=AXIS2_PLACEMENT_3D('',#2664,#2152,#2153);
#1969=AXIS2_PLACEMENT_3D('',#2670,#2157,#2158);
#1970=AXIS2_PLACEMENT_3D('',#2673,#2161,#2162);
#1971=AXIS2_PLACEMENT_3D('',#2676,#2165,#2166);
#1972=AXIS2_PLACEMENT_3D('',#2685,#2171,#2172);
#1973=AXIS2_PLACEMENT_3D('',#2691,#2176,#2177);
#1974=AXIS2_PLACEMENT_3D('',#2697,#2181,#2182);
#1975=AXIS2_PLACEMENT_3D('',#2706,#2187,#2188);
#1976=AXIS2_PLACEMENT_3D('',#2712,#2192,#2193);
#1977=AXIS2_PLACEMENT_3D('',#2718,#2197,#2198);
#1978=AXIS2_PLACEMENT_3D('',#2721,#2201,#2202);
#1979=AXIS2_PLACEMENT_3D('',#2724,#2205,#2206);
#1980=AXIS2_PLACEMENT_3D('',#2725,#2207,#2208);
#1981=AXIS2_PLACEMENT_3D('',#2734,#2217,#2218);
#1982=AXIS2_PLACEMENT_3D('',#2735,#2219,#2220);
#1983=AXIS2_PLACEMENT_3D('',#2736,#2221,#2222);
#1984=AXIS2_PLACEMENT_3D('',#2737,#2223,#2224);
#1985=AXIS2_PLACEMENT_3D('',#2738,#2225,#2226);
#1986=AXIS2_PLACEMENT_3D('',#2739,#2227,#2228);
#1987=AXIS2_PLACEMENT_3D('',#2740,#2229,#2230);
#1988=AXIS2_PLACEMENT_3D('',#2741,#2231,#2232);
#1989=AXIS2_PLACEMENT_3D('',#2742,#2233,#2234);
#1990=AXIS2_PLACEMENT_3D('',#2743,#2235,#2236);
#1991=AXIS2_PLACEMENT_3D('',#2752,#2241,#2242);
#1992=AXIS2_PLACEMENT_3D('',#2758,#2246,#2247);
#1993=AXIS2_PLACEMENT_3D('',#2764,#2251,#2252);
#1994=AXIS2_PLACEMENT_3D('',#2770,#2256,#2257);
#1995=AXIS2_PLACEMENT_3D('',#2776,#2261,#2262);
#1996=AXIS2_PLACEMENT_3D('',#2782,#2266,#2267);
#1997=AXIS2_PLACEMENT_3D('',#2788,#2271,#2272);
#1998=AXIS2_PLACEMENT_3D('',#2794,#2276,#2277);
#1999=AXIS2_PLACEMENT_3D('',#2800,#2281,#2282);
#2000=AXIS2_PLACEMENT_3D('',#2806,#2286,#2287);
#2001=AXIS2_PLACEMENT_3D('',#2812,#2291,#2292);
#2002=AXIS2_PLACEMENT_3D('',#2818,#2296,#2297);
#2003=AXIS2_PLACEMENT_3D('',#2824,#2301,#2302);
#2004=AXIS2_PLACEMENT_3D('',#2830,#2306,#2307);
#2005=AXIS2_PLACEMENT_3D('',#2836,#2311,#2312);
#2006=AXIS2_PLACEMENT_3D('',#2842,#2316,#2317);
#2007=AXIS2_PLACEMENT_3D('',#2848,#2321,#2322);
#2008=AXIS2_PLACEMENT_3D('',#2854,#2326,#2327);
#2009=AXIS2_PLACEMENT_3D('',#2860,#2331,#2332);
#2010=AXIS2_PLACEMENT_3D('',#2866,#2336,#2337);
#2011=AXIS2_PLACEMENT_3D('',#2872,#2341,#2342);
#2012=AXIS2_PLACEMENT_3D('',#2878,#2346,#2347);
#2013=AXIS2_PLACEMENT_3D('',#2879,#2348,#2349);
#2014=AXIS2_PLACEMENT_3D('',#2883,#2351,#2352);
#2015=AXIS2_PLACEMENT_3D('',#2884,#2353,#2354);
#2016=AXIS2_PLACEMENT_3D('',#2890,#2358,#2359);
#2017=AXIS2_PLACEMENT_3D('',#2896,#2363,#2364);
#2018=AXIS2_PLACEMENT_3D('',#2902,#2368,#2369);
#2019=AXIS2_PLACEMENT_3D('',#2908,#2373,#2374);
#2020=AXIS2_PLACEMENT_3D('',#2914,#2378,#2379);
#2021=AXIS2_PLACEMENT_3D('',#2915,#2380,#2381);
#2022=AXIS2_PLACEMENT_3D('',#2919,#2383,#2384);
#2023=AXIS2_PLACEMENT_3D('',#2920,#2385,#2386);
#2024=AXIS2_PLACEMENT_3D('',#2921,#2387,#2388);
#2025=AXIS2_PLACEMENT_3D('',#2925,#2390,#2391);
#2026=AXIS2_PLACEMENT_3D('',#2926,#2392,#2393);
#2027=AXIS2_PLACEMENT_3D('',#2932,#2397,#2398);
#2028=AXIS2_PLACEMENT_3D('',#2938,#2402,#2403);
#2029=AXIS2_PLACEMENT_3D('',#2944,#2407,#2408);
#2030=AXIS2_PLACEMENT_3D('',#2950,#2412,#2413);
#2031=AXIS2_PLACEMENT_3D('',#2956,#2417,#2418);
#2032=AXIS2_PLACEMENT_3D('',#2957,#2419,#2420);
#2033=AXIS2_PLACEMENT_3D('',#2961,#2422,#2423);
#2034=AXIS2_PLACEMENT_3D('',#2962,#2424,#2425);
#2035=AXIS2_PLACEMENT_3D('',#2968,#2429,#2430);
#2036=AXIS2_PLACEMENT_3D('',#2974,#2434,#2435);
#2037=AXIS2_PLACEMENT_3D('',#2980,#2439,#2440);
#2038=AXIS2_PLACEMENT_3D('',#2986,#2444,#2445);
#2039=AXIS2_PLACEMENT_3D('',#2992,#2449,#2450);
#2040=AXIS2_PLACEMENT_3D('',#2998,#2454,#2455);
#2041=AXIS2_PLACEMENT_3D('',#3004,#2459,#2460);
#2042=AXIS2_PLACEMENT_3D('',#3005,#2461,#2462);
#2043=AXIS2_PLACEMENT_3D('',#3009,#2464,#2465);
#2044=AXIS2_PLACEMENT_3D('',#3010,#2466,#2467);
#2045=AXIS2_PLACEMENT_3D('',#3016,#2471,#2472);
#2046=AXIS2_PLACEMENT_3D('',#3022,#2476,#2477);
#2047=AXIS2_PLACEMENT_3D('',#3028,#2481,#2482);
#2048=AXIS2_PLACEMENT_3D('',#3034,#2486,#2487);
#2049=AXIS2_PLACEMENT_3D('',#3040,#2491,#2492);
#2050=AXIS2_PLACEMENT_3D('',#3041,#2493,#2494);
#2051=AXIS2_PLACEMENT_3D('',#3045,#2496,#2497);
#2052=AXIS2_PLACEMENT_3D('',#3046,#2498,#2499);
#2053=AXIS2_PLACEMENT_3D('',#3047,#2500,#2501);
#2054=AXIS2_PLACEMENT_3D('',#3051,#2503,#2504);
#2055=AXIS2_PLACEMENT_3D('',#3052,#2505,#2506);
#2056=AXIS2_PLACEMENT_3D('',#3058,#2510,#2511);
#2057=AXIS2_PLACEMENT_3D('',#3064,#2515,#2516);
#2058=AXIS2_PLACEMENT_3D('',#3070,#2520,#2521);
#2059=AXIS2_PLACEMENT_3D('',#3076,#2525,#2526);
#2060=AXIS2_PLACEMENT_3D('',#3082,#2530,#2531);
#2061=AXIS2_PLACEMENT_3D('',#3083,#2532,#2533);
#2062=AXIS2_PLACEMENT_3D('',#3087,#2535,#2536);
#2063=AXIS2_PLACEMENT_3D('',#3088,#2537,#2538);
#2064=AXIS2_PLACEMENT_3D('',#3091,#2541,#2542);
#2065=AXIS2_PLACEMENT_3D('',#3092,#2543,#2544);
#2066=AXIS2_PLACEMENT_3D('',#3093,#2545,#2546);
#2067=DIRECTION('',(0.,0.,1.));
#2068=DIRECTION('',(1.,0.,0.));
#2069=DIRECTION('',(0.,1.,0.));
#2070=DIRECTION('',(0.,0.,1.));
#2071=DIRECTION('',(0.,0.,-1.));
#2072=DIRECTION('',(-1.,0.,0.));
#2073=DIRECTION('',(0.,0.,-1.));
#2074=DIRECTION('',(1.,0.,0.));
#2075=DIRECTION('',(0.,1.,0.));
#2076=DIRECTION('',(0.,0.,1.));
#2077=DIRECTION('',(0.,0.,-1.));
#2078=DIRECTION('',(1.,0.,0.));
#2079=DIRECTION('',(0.,0.,-1.));
#2080=DIRECTION('',(-1.,0.,0.));
#2081=DIRECTION('',(0.,1.,0.));
#2082=DIRECTION('',(0.,0.,1.));
#2083=DIRECTION('',(0.,0.,-1.));
#2084=DIRECTION('',(1.,0.,0.));
#2085=DIRECTION('',(0.,0.,1.));
#2086=DIRECTION('',(-1.,0.,0.));
#2087=DIRECTION('',(0.,1.,0.));
#2088=DIRECTION('',(0.,0.,1.));
#2089=DIRECTION('',(0.,0.,-1.));
#2090=DIRECTION('',(-1.,0.,0.));
#2091=DIRECTION('',(0.,0.,-1.));
#2092=DIRECTION('',(-1.,0.,0.));
#2093=DIRECTION('',(0.,1.,0.));
#2094=DIRECTION('',(0.,0.,1.));
#2095=DIRECTION('',(0.,0.,-1.));
#2096=DIRECTION('',(-1.,0.,0.));
#2097=DIRECTION('',(0.,0.,-1.));
#2098=DIRECTION('',(-1.,0.,0.));
#2099=DIRECTION('',(0.,1.,0.));
#2100=DIRECTION('',(0.,0.,1.));
#2101=DIRECTION('',(0.,0.,-1.));
#2102=DIRECTION('',(-1.,0.,0.));
#2103=DIRECTION('',(0.,0.,1.));
#2104=DIRECTION('',(-1.,0.,0.));
#2105=DIRECTION('',(0.,0.,-1.));
#2106=DIRECTION('',(-1.,0.,0.));
#2107=DIRECTION('',(0.,1.,0.));
#2108=DIRECTION('',(0.,-1.,0.));
#2109=DIRECTION('',(1.,0.,0.));
#2110=DIRECTION('',(0.,-1.,0.));
#2111=DIRECTION('',(0.,-1.,0.));
#2112=DIRECTION('',(-1.,0.,0.));
#2113=DIRECTION('',(0.,1.,0.));
#2114=DIRECTION('',(-8.53702498020082E-16,-1.,0.));
#2115=DIRECTION('',(-1.,1.70740499604016E-17,0.));
#2116=DIRECTION('',(0.,0.,1.));
#2117=DIRECTION('',(1.,0.,0.));
#2118=DIRECTION('',(0.,1.,0.));
#2119=DIRECTION('',(-1.,1.70740499604016E-17,0.));
#2120=DIRECTION('',(-8.53702498020082E-16,-1.,0.));
#2121=DIRECTION('',(0.,1.,0.));
#2122=DIRECTION('',(-1.,0.,0.));
#2123=DIRECTION('',(0.,-1.,0.));
#2124=DIRECTION('',(0.,-1.,0.));
#2125=DIRECTION('',(-1.,0.,0.));
#2126=DIRECTION('',(0.,-1.,0.));
#2127=DIRECTION('',(0.,0.,-1.));
#2128=DIRECTION('',(-1.,0.,0.));
#2129=DIRECTION('',(0.,1.,0.));
#2130=DIRECTION('',(-1.,0.,0.));
#2131=DIRECTION('',(0.,-1.,0.));
#2132=DIRECTION('',(0.,0.,-1.));
#2133=DIRECTION('',(-1.,0.,0.));
#2134=DIRECTION('',(-1.,0.,0.));
#2135=DIRECTION('',(-8.53702498020082E-16,-1.,0.));
#2136=DIRECTION('',(0.,1.,0.));
#2137=DIRECTION('',(0.,0.,-1.));
#2138=DIRECTION('',(-1.,0.,0.));
#2139=DIRECTION('',(-1.,0.,0.));
#2140=DIRECTION('',(0.,-1.,0.));
#2141=DIRECTION('',(0.,-1.,0.));
#2142=DIRECTION('',(0.,0.,1.));
#2143=DIRECTION('',(1.,0.,0.));
#2144=DIRECTION('',(-1.,0.,0.));
#2145=DIRECTION('',(0.,-1.,0.));
#2146=DIRECTION('',(0.,1.,0.));
#2147=DIRECTION('',(0.,0.,1.));
#2148=DIRECTION('',(1.,0.,0.));
#2149=DIRECTION('',(8.53702498020082E-16,1.,0.));
#2150=DIRECTION('',(-1.,0.,0.));
#2151=DIRECTION('',(0.,-1.,0.));
#2152=DIRECTION('',(0.,0.,1.));
#2153=DIRECTION('',(1.,0.,0.));
#2154=DIRECTION('',(0.,1.,0.));
#2155=DIRECTION('',(-1.,0.,0.));
#2156=DIRECTION('',(0.,1.,0.));
#2157=DIRECTION('',(1.,0.,0.));
#2158=DIRECTION('',(0.,0.,-1.));
#2159=DIRECTION('',(0.,0.,1.));
#2160=DIRECTION('',(0.,0.,1.));
#2161=DIRECTION('',(-1.,0.,0.));
#2162=DIRECTION('',(0.,0.,1.));
#2163=DIRECTION('',(0.,0.,1.));
#2164=DIRECTION('',(0.,0.,-1.));
#2165=DIRECTION('',(1.,0.,0.));
#2166=DIRECTION('',(0.,0.,-1.));
#2167=DIRECTION('',(0.,-1.,0.));
#2168=DIRECTION('',(0.,0.,-1.));
#2169=DIRECTION('',(0.,-1.,0.));
#2170=DIRECTION('',(0.,0.,1.));
#2171=DIRECTION('',(0.,0.,1.));
#2172=DIRECTION('',(1.,0.,0.));
#2173=DIRECTION('',(1.,0.,0.));
#2174=DIRECTION('',(0.,-1.,0.));
#2175=DIRECTION('',(-1.,0.,0.));
#2176=DIRECTION('',(-1.,0.,0.));
#2177=DIRECTION('',(0.,0.,1.));
#2178=DIRECTION('',(0.,0.,1.));
#2179=DIRECTION('',(0.,-1.,0.));
#2180=DIRECTION('',(0.,0.,-1.));
#2181=DIRECTION('',(1.,0.,0.));
#2182=DIRECTION('',(0.,0.,-1.));
#2183=DIRECTION('',(0.,-1.,0.));
#2184=DIRECTION('',(0.,0.,-1.));
#2185=DIRECTION('',(0.,-1.,0.));
#2186=DIRECTION('',(0.,0.,1.));
#2187=DIRECTION('',(0.,0.,1.));
#2188=DIRECTION('',(1.,0.,0.));
#2189=DIRECTION('',(1.,0.,0.));
#2190=DIRECTION('',(0.,-1.,0.));
#2191=DIRECTION('',(-1.,0.,0.));
#2192=DIRECTION('',(-1.,0.,0.));
#2193=DIRECTION('',(0.,0.,1.));
#2194=DIRECTION('',(0.,0.,1.));
#2195=DIRECTION('',(0.,-1.,0.));
#2196=DIRECTION('',(0.,0.,-1.));
#2197=DIRECTION('',(0.,0.,-1.));
#2198=DIRECTION('',(-1.,0.,0.));
#2199=DIRECTION('',(-1.,0.,0.));
#2200=DIRECTION('',(1.,0.,0.));
#2201=DIRECTION('',(0.,0.,-1.));
#2202=DIRECTION('',(-1.,0.,0.));
#2203=DIRECTION('',(-1.,0.,0.));
#2204=DIRECTION('',(1.,0.,0.));
#2205=DIRECTION('',(0.,1.,0.));
#2206=DIRECTION('',(0.,0.,1.));
#2207=DIRECTION('',(0.,-1.,0.));
#2208=DIRECTION('',(0.,0.,-1.));
#2209=DIRECTION('',(0.,0.,-1.));
#2210=DIRECTION('',(0.,0.,-1.));
#2211=DIRECTION('',(0.,0.,-1.));
#2212=DIRECTION('',(0.,0.,-1.));
#2213=DIRECTION('',(0.,0.,-1.));
#2214=DIRECTION('',(0.,0.,-1.));
#2215=DIRECTION('',(0.,0.,-1.));
#2216=DIRECTION('',(0.,0.,-1.));
#2217=DIRECTION('',(1.,0.,0.));
#2218=DIRECTION('',(0.,0.,-1.));
#2219=DIRECTION('',(-1.,0.,0.));
#2220=DIRECTION('',(0.,0.,1.));
#2221=DIRECTION('',(1.,-8.53702498020082E-16,0.));
#2222=DIRECTION('',(8.53702498020082E-16,1.,0.));
#2223=DIRECTION('',(-1.,0.,0.));
#2224=DIRECTION('',(0.,0.,1.));
#2225=DIRECTION('',(1.,0.,0.));
#2226=DIRECTION('',(0.,0.,-1.));
#2227=DIRECTION('',(-1.,0.,0.));
#2228=DIRECTION('',(0.,0.,1.));
#2229=DIRECTION('',(-1.,0.,0.));
#2230=DIRECTION('',(0.,0.,1.));
#2231=DIRECTION('',(1.,-8.53702498020082E-16,0.));
#2232=DIRECTION('',(8.53702498020082E-16,1.,0.));
#2233=DIRECTION('',(0.,0.,1.));
#2234=DIRECTION('',(1.,0.,0.));
#2235=DIRECTION('',(0.982039662788057,-0.188674589468535,0.));
#2236=DIRECTION('',(0.188674589468535,0.982039662788057,0.));
#2237=DIRECTION('',(-0.188674589468535,-0.982039662788057,0.));
#2238=DIRECTION('',(0.,0.,-1.));
#2239=DIRECTION('',(-0.188674589468535,-0.982039662788057,0.));
#2240=DIRECTION('',(0.,0.,-1.));
#2241=DIRECTION('',(1.,0.,0.));
#2242=DIRECTION('',(0.,0.,-1.));
#2243=DIRECTION('',(0.,-1.,0.));
#2244=DIRECTION('',(0.,0.,-1.));
#2245=DIRECTION('',(0.,-1.,0.));
#2246=DIRECTION('',(0.,1.,0.));
#2247=DIRECTION('',(0.,0.,1.));
#2248=DIRECTION('',(1.,0.,0.));
#2249=DIRECTION('',(0.,0.,-1.));
#2250=DIRECTION('',(1.,0.,0.));
#2251=DIRECTION('',(1.,0.,0.));
#2252=DIRECTION('',(0.,0.,-1.));
#2253=DIRECTION('',(0.,-1.,0.));
#2254=DIRECTION('',(0.,0.,-1.));
#2255=DIRECTION('',(0.,-1.,0.));
#2256=DIRECTION('',(0.894427190999916,0.447213595499957,0.));
#2257=DIRECTION('',(-0.447213595499957,0.894427190999916,0.));
#2258=DIRECTION('',(0.447213595499957,-0.894427190999916,0.));
#2259=DIRECTION('',(0.,0.,-1.));
#2260=DIRECTION('',(0.447213595499957,-0.894427190999916,0.));
#2261=DIRECTION('',(0.,1.,0.));
#2262=DIRECTION('',(0.,0.,1.));
#2263=DIRECTION('',(1.,0.,0.));
#2264=DIRECTION('',(0.,0.,-1.));
#2265=DIRECTION('',(1.,0.,0.));
#2266=DIRECTION('',(-0.894427190999916,0.447213595499958,0.));
#2267=DIRECTION('',(-0.447213595499958,-0.894427190999916,0.));
#2268=DIRECTION('',(0.447213595499958,0.894427190999916,0.));
#2269=DIRECTION('',(0.,0.,-1.));
#2270=DIRECTION('',(0.447213595499958,0.894427190999916,0.));
#2271=DIRECTION('',(-1.,0.,0.));
#2272=DIRECTION('',(0.,0.,1.));
#2273=DIRECTION('',(0.,1.,0.));
#2274=DIRECTION('',(0.,0.,-1.));
#2275=DIRECTION('',(0.,1.,0.));
#2276=DIRECTION('',(0.,1.,0.));
#2277=DIRECTION('',(0.,0.,1.));
#2278=DIRECTION('',(1.,0.,0.));
#2279=DIRECTION('',(0.,0.,-1.));
#2280=DIRECTION('',(1.,0.,0.));
#2281=DIRECTION('',(-1.,0.,0.));
#2282=DIRECTION('',(0.,0.,1.));
#2283=DIRECTION('',(0.,1.,0.));
#2284=DIRECTION('',(0.,0.,-1.));
#2285=DIRECTION('',(0.,1.,0.));
#2286=DIRECTION('',(5.69134998680055E-16,1.,0.));
#2287=DIRECTION('',(-1.,5.69134998680055E-16,0.));
#2288=DIRECTION('',(1.,-5.69134998680055E-16,0.));
#2289=DIRECTION('',(0.,0.,-1.));
#2290=DIRECTION('',(1.,-5.69134998680055E-16,0.));
#2291=DIRECTION('',(1.,0.,0.));
#2292=DIRECTION('',(0.,0.,-1.));
#2293=DIRECTION('',(0.,-1.,0.));
#2294=DIRECTION('',(0.,0.,-1.));
#2295=DIRECTION('',(0.,-1.,0.));
#2296=DIRECTION('',(0.,1.,0.));
#2297=DIRECTION('',(0.,0.,1.));
#2298=DIRECTION('',(1.,0.,0.));
#2299=DIRECTION('',(0.,0.,-1.));
#2300=DIRECTION('',(1.,0.,0.));
#2301=DIRECTION('',(1.,0.,0.));
#2302=DIRECTION('',(0.,0.,-1.));
#2303=DIRECTION('',(0.,-1.,0.));
#2304=DIRECTION('',(0.,0.,-1.));
#2305=DIRECTION('',(0.,-1.,0.));
#2306=DIRECTION('',(0.894427190999916,0.447213595499958,0.));
#2307=DIRECTION('',(-0.447213595499958,0.894427190999916,0.));
#2308=DIRECTION('',(0.447213595499958,-0.894427190999916,0.));
#2309=DIRECTION('',(0.,0.,-1.));
#2310=DIRECTION('',(0.447213595499958,-0.894427190999916,0.));
#2311=DIRECTION('',(0.,1.,0.));
#2312=DIRECTION('',(0.,0.,1.));
#2313=DIRECTION('',(1.,0.,0.));
#2314=DIRECTION('',(0.,0.,-1.));
#2315=DIRECTION('',(1.,0.,0.));
#2316=DIRECTION('',(-0.894427190999916,0.447213595499957,0.));
#2317=DIRECTION('',(-0.447213595499957,-0.894427190999916,0.));
#2318=DIRECTION('',(0.447213595499957,0.894427190999916,0.));
#2319=DIRECTION('',(0.,0.,-1.));
#2320=DIRECTION('',(0.447213595499957,0.894427190999916,0.));
#2321=DIRECTION('',(-1.,0.,0.));
#2322=DIRECTION('',(0.,0.,1.));
#2323=DIRECTION('',(0.,1.,0.));
#2324=DIRECTION('',(0.,0.,-1.));
#2325=DIRECTION('',(0.,1.,0.));
#2326=DIRECTION('',(0.,1.,0.));
#2327=DIRECTION('',(0.,0.,1.));
#2328=DIRECTION('',(1.,0.,0.));
#2329=DIRECTION('',(0.,0.,-1.));
#2330=DIRECTION('',(1.,0.,0.));
#2331=DIRECTION('',(-1.,0.,0.));
#2332=DIRECTION('',(0.,0.,1.));
#2333=DIRECTION('',(0.,1.,0.));
#2334=DIRECTION('',(0.,0.,-1.));
#2335=DIRECTION('',(0.,1.,0.));
#2336=DIRECTION('',(-0.982039662788056,-0.188674589468535,0.));
#2337=DIRECTION('',(0.188674589468535,-0.982039662788057,0.));
#2338=DIRECTION('',(-0.188674589468535,0.982039662788057,0.));
#2339=DIRECTION('',(0.,0.,-1.));
#2340=DIRECTION('',(-0.188674589468535,0.982039662788057,0.));
#2341=DIRECTION('',(-0.994571101811876,-0.10405923044455,0.));
#2342=DIRECTION('',(0.10405923044455,-0.994571101811876,0.));
#2343=DIRECTION('',(-0.10405923044455,0.994571101811875,0.));
#2344=DIRECTION('',(0.,0.,-1.));
#2345=DIRECTION('',(-0.10405923044455,0.994571101811875,0.));
#2346=DIRECTION('',(0.,0.,-1.));
#2347=DIRECTION('',(-1.,0.,0.));
#2348=DIRECTION('',(0.,0.,1.));
#2349=DIRECTION('',(1.,0.,0.));
#2350=DIRECTION('',(0.,0.,-1.));
#2351=DIRECTION('',(0.,0.,1.));
#2352=DIRECTION('',(1.,0.,0.));
#2353=DIRECTION('',(0.,-1.,0.));
#2354=DIRECTION('',(0.,0.,-1.));
#2355=DIRECTION('',(-1.,0.,0.));
#2356=DIRECTION('',(0.,0.,-1.));
#2357=DIRECTION('',(-1.,0.,0.));
#2358=DIRECTION('',(0.819152044288991,-0.573576436351047,0.));
#2359=DIRECTION('',(0.573576436351047,0.819152044288992,0.));
#2360=DIRECTION('',(-0.573576436351047,-0.819152044288991,0.));
#2361=DIRECTION('',(0.,0.,-1.));
#2362=DIRECTION('',(-0.573576436351047,-0.819152044288991,0.));
#2363=DIRECTION('',(1.,0.,0.));
#2364=DIRECTION('',(0.,0.,-1.));
#2365=DIRECTION('',(0.,-1.,0.));
#2366=DIRECTION('',(0.,0.,-1.));
#2367=DIRECTION('',(0.,-1.,0.));
#2368=DIRECTION('',(0.,1.,0.));
#2369=DIRECTION('',(0.,0.,1.));
#2370=DIRECTION('',(1.,0.,0.));
#2371=DIRECTION('',(0.,0.,-1.));
#2372=DIRECTION('',(1.,0.,0.));
#2373=DIRECTION('',(0.994682350404294,0.102990396611478,0.));
#2374=DIRECTION('',(-0.102990396611478,0.994682350404294,0.));
#2375=DIRECTION('',(0.102990396611478,-0.994682350404294,0.));
#2376=DIRECTION('',(0.,0.,-1.));
#2377=DIRECTION('',(0.102990396611478,-0.994682350404294,0.));
#2378=DIRECTION('',(0.,0.,-1.));
#2379=DIRECTION('',(-1.,0.,0.));
#2380=DIRECTION('',(0.,0.,1.));
#2381=DIRECTION('',(1.,0.,0.));
#2382=DIRECTION('',(0.,0.,-1.));
#2383=DIRECTION('',(0.,0.,1.));
#2384=DIRECTION('',(1.,0.,0.));
#2385=DIRECTION('',(0.,0.,-1.));
#2386=DIRECTION('',(-1.,0.,0.));
#2387=DIRECTION('',(0.,0.,1.));
#2388=DIRECTION('',(1.,0.,0.));
#2389=DIRECTION('',(0.,0.,-1.));
#2390=DIRECTION('',(0.,0.,1.));
#2391=DIRECTION('',(1.,0.,0.));
#2392=DIRECTION('',(-0.994682350404294,0.102990396611478,0.));
#2393=DIRECTION('',(-0.102990396611478,-0.994682350404294,0.));
#2394=DIRECTION('',(0.102990396611478,0.994682350404294,0.));
#2395=DIRECTION('',(0.,0.,-1.));
#2396=DIRECTION('',(0.102990396611478,0.994682350404294,0.));
#2397=DIRECTION('',(0.,1.,0.));
#2398=DIRECTION('',(0.,0.,1.));
#2399=DIRECTION('',(1.,0.,0.));
#2400=DIRECTION('',(0.,0.,-1.));
#2401=DIRECTION('',(1.,0.,0.));
#2402=DIRECTION('',(-1.,0.,0.));
#2403=DIRECTION('',(0.,0.,1.));
#2404=DIRECTION('',(0.,1.,0.));
#2405=DIRECTION('',(0.,0.,-1.));
#2406=DIRECTION('',(0.,1.,0.));
#2407=DIRECTION('',(-0.819152044288991,-0.573576436351047,0.));
#2408=DIRECTION('',(0.573576436351047,-0.819152044288992,0.));
#2409=DIRECTION('',(-0.573576436351047,0.819152044288991,0.));
#2410=DIRECTION('',(0.,0.,-1.));
#2411=DIRECTION('',(-0.573576436351047,0.819152044288991,0.));
#2412=DIRECTION('',(0.,-1.,0.));
#2413=DIRECTION('',(0.,0.,-1.));
#2414=DIRECTION('',(-1.,0.,0.));
#2415=DIRECTION('',(0.,0.,-1.));
#2416=DIRECTION('',(-1.,0.,0.));
#2417=DIRECTION('',(0.,0.,-1.));
#2418=DIRECTION('',(-1.,0.,0.));
#2419=DIRECTION('',(0.,0.,1.));
#2420=DIRECTION('',(1.,0.,0.));
#2421=DIRECTION('',(0.,0.,-1.));
#2422=DIRECTION('',(0.,0.,1.));
#2423=DIRECTION('',(1.,0.,0.));
#2424=DIRECTION('',(0.994571101811875,-0.10405923044455,0.));
#2425=DIRECTION('',(0.10405923044455,0.994571101811875,0.));
#2426=DIRECTION('',(-0.10405923044455,-0.994571101811876,0.));
#2427=DIRECTION('',(0.,0.,-1.));
#2428=DIRECTION('',(-0.10405923044455,-0.994571101811876,0.));
#2429=DIRECTION('',(0.982039662788056,-0.188674589468536,0.));
#2430=DIRECTION('',(0.188674589468536,0.982039662788056,0.));
#2431=DIRECTION('',(-0.188674589468536,-0.982039662788057,0.));
#2432=DIRECTION('',(0.,0.,-1.));
#2433=DIRECTION('',(-0.188674589468536,-0.982039662788057,0.));
#2434=DIRECTION('',(1.,0.,0.));
#2435=DIRECTION('',(0.,0.,-1.));
#2436=DIRECTION('',(0.,-1.,0.));
#2437=DIRECTION('',(0.,0.,-1.));
#2438=DIRECTION('',(0.,-1.,0.));
#2439=DIRECTION('',(-5.69134998680055E-16,-1.,0.));
#2440=DIRECTION('',(1.,-5.69134998680055E-16,0.));
#2441=DIRECTION('',(-1.,5.69134998680055E-16,0.));
#2442=DIRECTION('',(0.,0.,-1.));
#2443=DIRECTION('',(-1.,5.69134998680055E-16,0.));
#2444=DIRECTION('',(-1.,0.,0.));
#2445=DIRECTION('',(0.,0.,1.));
#2446=DIRECTION('',(0.,1.,0.));
#2447=DIRECTION('',(0.,0.,-1.));
#2448=DIRECTION('',(0.,1.,0.));
#2449=DIRECTION('',(-0.982039662788056,-0.188674589468536,0.));
#2450=DIRECTION('',(0.188674589468536,-0.982039662788056,0.));
#2451=DIRECTION('',(-0.188674589468536,0.982039662788056,0.));
#2452=DIRECTION('',(0.,0.,-1.));
#2453=DIRECTION('',(-0.188674589468536,0.982039662788056,0.));
#2454=DIRECTION('',(-0.994571101811876,-0.10405923044455,0.));
#2455=DIRECTION('',(0.10405923044455,-0.994571101811876,0.));
#2456=DIRECTION('',(-0.10405923044455,0.994571101811875,0.));
#2457=DIRECTION('',(0.,0.,-1.));
#2458=DIRECTION('',(-0.10405923044455,0.994571101811875,0.));
#2459=DIRECTION('',(0.,0.,-1.));
#2460=DIRECTION('',(-1.,0.,0.));
#2461=DIRECTION('',(0.,0.,1.));
#2462=DIRECTION('',(1.,0.,0.));
#2463=DIRECTION('',(0.,0.,-1.));
#2464=DIRECTION('',(0.,0.,1.));
#2465=DIRECTION('',(1.,0.,0.));
#2466=DIRECTION('',(0.,-1.,0.));
#2467=DIRECTION('',(0.,0.,-1.));
#2468=DIRECTION('',(-1.,0.,0.));
#2469=DIRECTION('',(0.,0.,-1.));
#2470=DIRECTION('',(-1.,0.,0.));
#2471=DIRECTION('',(0.819152044288991,-0.573576436351047,0.));
#2472=DIRECTION('',(0.573576436351047,0.819152044288992,0.));
#2473=DIRECTION('',(-0.573576436351047,-0.819152044288991,0.));
#2474=DIRECTION('',(0.,0.,-1.));
#2475=DIRECTION('',(-0.573576436351047,-0.819152044288991,0.));
#2476=DIRECTION('',(1.,0.,0.));
#2477=DIRECTION('',(0.,0.,-1.));
#2478=DIRECTION('',(0.,-1.,0.));
#2479=DIRECTION('',(0.,0.,-1.));
#2480=DIRECTION('',(0.,-1.,0.));
#2481=DIRECTION('',(0.,1.,0.));
#2482=DIRECTION('',(0.,0.,1.));
#2483=DIRECTION('',(1.,0.,0.));
#2484=DIRECTION('',(0.,0.,-1.));
#2485=DIRECTION('',(1.,0.,0.));
#2486=DIRECTION('',(0.994682350404294,0.102990396611478,0.));
#2487=DIRECTION('',(-0.102990396611478,0.994682350404294,0.));
#2488=DIRECTION('',(0.102990396611478,-0.994682350404294,0.));
#2489=DIRECTION('',(0.,0.,-1.));
#2490=DIRECTION('',(0.102990396611478,-0.994682350404294,0.));
#2491=DIRECTION('',(0.,0.,-1.));
#2492=DIRECTION('',(-1.,0.,0.));
#2493=DIRECTION('',(0.,0.,1.));
#2494=DIRECTION('',(1.,0.,0.));
#2495=DIRECTION('',(0.,0.,-1.));
#2496=DIRECTION('',(0.,0.,1.));
#2497=DIRECTION('',(1.,0.,0.));
#2498=DIRECTION('',(0.,0.,-1.));
#2499=DIRECTION('',(-1.,0.,0.));
#2500=DIRECTION('',(0.,0.,1.));
#2501=DIRECTION('',(1.,0.,0.));
#2502=DIRECTION('',(0.,0.,-1.));
#2503=DIRECTION('',(0.,0.,1.));
#2504=DIRECTION('',(1.,0.,0.));
#2505=DIRECTION('',(-0.994682350404294,0.102990396611478,0.));
#2506=DIRECTION('',(-0.102990396611478,-0.994682350404294,0.));
#2507=DIRECTION('',(0.102990396611478,0.994682350404294,0.));
#2508=DIRECTION('',(0.,0.,-1.));
#2509=DIRECTION('',(0.102990396611478,0.994682350404294,0.));
#2510=DIRECTION('',(0.,1.,0.));
#2511=DIRECTION('',(0.,0.,1.));
#2512=DIRECTION('',(1.,0.,0.));
#2513=DIRECTION('',(0.,0.,-1.));
#2514=DIRECTION('',(1.,0.,0.));
#2515=DIRECTION('',(-1.,0.,0.));
#2516=DIRECTION('',(0.,0.,1.));
#2517=DIRECTION('',(0.,1.,0.));
#2518=DIRECTION('',(0.,0.,-1.));
#2519=DIRECTION('',(0.,1.,0.));
#2520=DIRECTION('',(-0.819152044288991,-0.573576436351047,0.));
#2521=DIRECTION('',(0.573576436351047,-0.819152044288992,0.));
#2522=DIRECTION('',(-0.573576436351047,0.819152044288991,0.));
#2523=DIRECTION('',(0.,0.,-1.));
#2524=DIRECTION('',(-0.573576436351047,0.819152044288991,0.));
#2525=DIRECTION('',(0.,-1.,0.));
#2526=DIRECTION('',(0.,0.,-1.));
#2527=DIRECTION('',(-1.,0.,0.));
#2528=DIRECTION('',(0.,0.,-1.));
#2529=DIRECTION('',(-1.,0.,0.));
#2530=DIRECTION('',(0.,0.,-1.));
#2531=DIRECTION('',(-1.,0.,0.));
#2532=DIRECTION('',(0.,0.,1.));
#2533=DIRECTION('',(1.,0.,0.));
#2534=DIRECTION('',(0.,0.,-1.));
#2535=DIRECTION('',(0.,0.,1.));
#2536=DIRECTION('',(1.,0.,0.));
#2537=DIRECTION('',(0.994571101811875,-0.10405923044455,0.));
#2538=DIRECTION('',(0.10405923044455,0.994571101811875,0.));
#2539=DIRECTION('',(-0.10405923044455,-0.994571101811876,0.));
#2540=DIRECTION('',(-0.10405923044455,-0.994571101811876,0.));
#2541=DIRECTION('',(0.,0.,1.));
#2542=DIRECTION('',(1.,0.,0.));
#2543=DIRECTION('',(0.,0.,1.));
#2544=DIRECTION('',(1.,0.,0.));
#2545=DIRECTION('',(0.,0.,1.));
#2546=DIRECTION('',(1.,0.,0.));
#2547=CARTESIAN_POINT('',(0.,0.,0.));
#2548=CARTESIAN_POINT('',(0.,0.,0.));
#2549=CARTESIAN_POINT('',(0.1625,0.,0.0785));
#2550=CARTESIAN_POINT('',(0.1625,0.,0.0785));
#2551=CARTESIAN_POINT('',(0.1625,0.,0.0635));
#2552=CARTESIAN_POINT('',(0.2,2.13425624505021E-18,0.0635));
#2553=CARTESIAN_POINT('',(0.2,2.13425624505021E-18,0.0635));
#2554=CARTESIAN_POINT('',(0.2,0.,0.0785));
#2555=CARTESIAN_POINT('',(0.2,0.,0.0785));
#2556=CARTESIAN_POINT('',(-0.2,0.,0.0785));
#2557=CARTESIAN_POINT('',(0.,0.,0.));
#2558=CARTESIAN_POINT('',(0.0375,2.13425624505021E-18,0.0785));
#2559=CARTESIAN_POINT('',(0.0375,2.13425624505021E-18,0.0785));
#2560=CARTESIAN_POINT('',(0.0375,2.13425624505021E-18,0.0635));
#2561=CARTESIAN_POINT('',(-0.2,0.,0.0785));
#2562=CARTESIAN_POINT('',(-0.0375,0.,0.0785));
#2563=CARTESIAN_POINT('',(-0.0375,0.,0.0785));
#2564=CARTESIAN_POINT('',(-0.0375,0.,0.0635));
#2565=CARTESIAN_POINT('',(0.2,2.13425624505021E-18,0.0635));
#2566=CARTESIAN_POINT('',(0.,0.,0.));
#2567=CARTESIAN_POINT('',(-0.1625,2.13425624505021E-18,0.0785));
#2568=CARTESIAN_POINT('',(-0.1625,2.13425624505021E-18,0.0785));
#2569=CARTESIAN_POINT('',(-0.1625,2.13425624505021E-18,0.0635));
#2570=CARTESIAN_POINT('',(-0.2,0.,0.0785));
#2571=CARTESIAN_POINT('',(-0.2,0.,0.0785));
#2572=CARTESIAN_POINT('',(-0.2,0.,-0.0785));
#2573=CARTESIAN_POINT('',(-0.2,2.13425624505021E-18,0.0635));
#2574=CARTESIAN_POINT('',(0.2,2.13425624505021E-18,0.0635));
#2575=CARTESIAN_POINT('',(0.,0.,0.));
#2576=CARTESIAN_POINT('',(0.1625,0.,0.0785));
#2577=CARTESIAN_POINT('',(0.1625,0.,-0.0635));
#2578=CARTESIAN_POINT('',(0.1625,0.,-0.0785));
#2579=CARTESIAN_POINT('',(0.2,0.,-0.0785));
#2580=CARTESIAN_POINT('',(0.2,0.,-0.0785));
#2581=CARTESIAN_POINT('',(0.2,0.,0.0785));
#2582=CARTESIAN_POINT('',(0.2,0.,-0.0635));
#2583=CARTESIAN_POINT('',(0.2,0.,-0.0635));
#2584=CARTESIAN_POINT('',(0.,0.,0.));
#2585=CARTESIAN_POINT('',(0.0375,2.13425624505021E-18,0.0785));
#2586=CARTESIAN_POINT('',(0.0375,2.13425624505021E-18,-0.0635));
#2587=CARTESIAN_POINT('',(0.0375,2.13425624505021E-18,-0.0785));
#2588=CARTESIAN_POINT('',(0.2,0.,-0.0635));
#2589=CARTESIAN_POINT('',(-0.0375,0.,-0.0635));
#2590=CARTESIAN_POINT('',(-0.0375,0.,0.0785));
#2591=CARTESIAN_POINT('',(-0.0375,0.,-0.0785));
#2592=CARTESIAN_POINT('',(0.2,0.,-0.0785));
#2593=CARTESIAN_POINT('',(0.,0.,0.));
#2594=CARTESIAN_POINT('',(-0.1625,2.13425624505021E-18,0.0785));
#2595=CARTESIAN_POINT('',(-0.1625,2.13425624505021E-18,-0.0635));
#2596=CARTESIAN_POINT('',(-0.1625,2.13425624505021E-18,-0.0785));
#2597=CARTESIAN_POINT('',(0.2,0.,-0.0635));
#2598=CARTESIAN_POINT('',(-0.2,0.,-0.0635));
#2599=CARTESIAN_POINT('',(-0.2,0.,-0.0785));
#2600=CARTESIAN_POINT('',(-0.2,0.,-0.0785));
#2601=CARTESIAN_POINT('',(0.2,0.,-0.0785));
#2602=CARTESIAN_POINT('',(-0.2,0.25,0.0785));
#2603=CARTESIAN_POINT('',(0.1625,0.,0.0785));
#2604=CARTESIAN_POINT('',(0.1625,0.015,0.0785));
#2605=CARTESIAN_POINT('',(0.2,0.25,0.0785));
#2606=CARTESIAN_POINT('',(0.2,0.25,0.0785));
#2607=CARTESIAN_POINT('',(-0.2,0.25,0.0785));
#2608=CARTESIAN_POINT('',(-0.2,0.25,0.0785));
#2609=CARTESIAN_POINT('',(-0.2,0.25,0.0785));
#2610=CARTESIAN_POINT('',(-0.1625,0.015,0.0785));
#2611=CARTESIAN_POINT('',(-0.1625,0.015,0.0785));
#2612=CARTESIAN_POINT('',(-0.0375,0.015,0.0785));
#2613=CARTESIAN_POINT('',(-0.0375,0.015,0.0785));
#2614=CARTESIAN_POINT('',(-0.0375,0.,0.0785));
#2615=CARTESIAN_POINT('',(0.0375,0.015,0.0785));
#2616=CARTESIAN_POINT('',(0.0375,0.015,0.0785));
#2617=CARTESIAN_POINT('',(0.1625,0.015,0.0785));
#2618=CARTESIAN_POINT('',(0.2,0.25,-0.0785));
#2619=CARTESIAN_POINT('',(0.1625,0.,-0.0785));
#2620=CARTESIAN_POINT('',(0.1625,0.015,-0.0785));
#2621=CARTESIAN_POINT('',(0.1625,0.015,-0.0785));
#2622=CARTESIAN_POINT('',(0.0375,0.015,-0.0785));
#2623=CARTESIAN_POINT('',(0.0375,0.015,-0.0785));
#2624=CARTESIAN_POINT('',(-0.0375,0.,-0.0785));
#2625=CARTESIAN_POINT('',(-0.0375,0.015,-0.0785));
#2626=CARTESIAN_POINT('',(-0.0375,0.015,-0.0785));
#2627=CARTESIAN_POINT('',(-0.1625,0.015,-0.0785));
#2628=CARTESIAN_POINT('',(-0.1625,0.015,-0.0785));
#2629=CARTESIAN_POINT('',(-0.2,0.25,-0.0785));
#2630=CARTESIAN_POINT('',(-0.2,0.25,-0.0785));
#2631=CARTESIAN_POINT('',(0.2,0.25,-0.0785));
#2632=CARTESIAN_POINT('',(0.2,0.25,-0.0785));
#2633=CARTESIAN_POINT('',(0.2,0.25,-0.0785));
#2634=CARTESIAN_POINT('',(0.2,0.015,0.0635));
#2635=CARTESIAN_POINT('',(0.1625,0.015,0.0635));
#2636=CARTESIAN_POINT('',(0.1625,0.015,0.0635));
#2637=CARTESIAN_POINT('',(0.2,0.015,0.0635));
#2638=CARTESIAN_POINT('',(0.2,0.015,0.0635));
#2639=CARTESIAN_POINT('',(0.2,0.015,0.0635));
#2640=CARTESIAN_POINT('',(0.2,0.015,0.0635));
#2641=CARTESIAN_POINT('',(0.2,0.015,0.0635));
#2642=CARTESIAN_POINT('',(0.0375,0.015,0.0635));
#2643=CARTESIAN_POINT('',(-0.0375,0.015,0.0635));
#2644=CARTESIAN_POINT('',(0.0375,0.0150000000000001,0.0635));
#2645=CARTESIAN_POINT('',(-0.0375,0.015,0.0635));
#2646=CARTESIAN_POINT('',(0.2,0.015,0.0635));
#2647=CARTESIAN_POINT('',(0.2,0.015,0.0635));
#2648=CARTESIAN_POINT('',(-0.1625,0.015,0.0635));
#2649=CARTESIAN_POINT('',(-0.2,0.015,0.0635));
#2650=CARTESIAN_POINT('',(-0.1625,0.015,0.0635));
#2651=CARTESIAN_POINT('',(-0.2,0.015,0.0635));
#2652=CARTESIAN_POINT('',(0.2,0.,-0.0635));
#2653=CARTESIAN_POINT('',(0.2,0.015,-0.0635));
#2654=CARTESIAN_POINT('',(0.2,0.015,-0.0635));
#2655=CARTESIAN_POINT('',(0.1625,0.015,-0.0635));
#2656=CARTESIAN_POINT('',(0.1625,0.,-0.0635));
#2657=CARTESIAN_POINT('',(0.2,0.,-0.0635));
#2658=CARTESIAN_POINT('',(0.2,0.,-0.0635));
#2659=CARTESIAN_POINT('',(0.0375,1.38726655928263E-16,-0.0635));
#2660=CARTESIAN_POINT('',(0.0375,0.015,-0.0635));
#2661=CARTESIAN_POINT('',(0.2,0.015,-0.0635));
#2662=CARTESIAN_POINT('',(-0.0375,0.015,-0.0635));
#2663=CARTESIAN_POINT('',(-0.0375,0.,-0.0635));
#2664=CARTESIAN_POINT('',(0.2,0.,-0.0635));
#2665=CARTESIAN_POINT('',(-0.1625,0.,-0.0635));
#2666=CARTESIAN_POINT('',(-0.1625,0.015,-0.0635));
#2667=CARTESIAN_POINT('',(0.2,0.015,-0.0635));
#2668=CARTESIAN_POINT('',(-0.2,0.015,-0.0635));
#2669=CARTESIAN_POINT('',(-0.2,0.,-0.0635));
#2670=CARTESIAN_POINT('',(-0.2,0.25,-0.0785));
#2671=CARTESIAN_POINT('',(-0.2,0.25,-0.0785));
#2672=CARTESIAN_POINT('',(-0.2,0.015,-0.0635));
#2673=CARTESIAN_POINT('',(0.2,0.25,0.0785));
#2674=CARTESIAN_POINT('',(0.2,0.015,-0.0635));
#2675=CARTESIAN_POINT('',(0.2,0.25,0.0785));
#2676=CARTESIAN_POINT('',(0.0675,0.25,-0.0325));
#2677=CARTESIAN_POINT('',(0.0675,0.25,0.0325));
#2678=CARTESIAN_POINT('',(0.0675,0.25,0.0325));
#2679=CARTESIAN_POINT('',(0.0675,0.015,0.0325));
#2680=CARTESIAN_POINT('',(0.0675,0.015,-0.0325));
#2681=CARTESIAN_POINT('',(0.0675,0.015,-0.0325));
#2682=CARTESIAN_POINT('',(0.0675,0.25,-0.0325));
#2683=CARTESIAN_POINT('',(0.0675,0.25,-0.0325));
#2684=CARTESIAN_POINT('',(0.0675,0.25,-0.0325));
#2685=CARTESIAN_POINT('',(0.1325,0.25,-0.0325));
#2686=CARTESIAN_POINT('',(0.1325,0.015,-0.0325));
#2687=CARTESIAN_POINT('',(0.1325,0.015,-0.0325));
#2688=CARTESIAN_POINT('',(0.1325,0.25,-0.0325));
#2689=CARTESIAN_POINT('',(0.1325,0.25,-0.0325));
#2690=CARTESIAN_POINT('',(0.1325,0.25,-0.0325));
#2691=CARTESIAN_POINT('',(0.1325,0.25,0.0325));
#2692=CARTESIAN_POINT('',(0.1325,0.015,0.0325));
#2693=CARTESIAN_POINT('',(0.1325,0.015,0.0325));
#2694=CARTESIAN_POINT('',(0.1325,0.25,0.0325));
#2695=CARTESIAN_POINT('',(0.1325,0.25,0.0325));
#2696=CARTESIAN_POINT('',(0.1325,0.25,0.0325));
#2697=CARTESIAN_POINT('',(-0.1325,0.25,-0.0325));
#2698=CARTESIAN_POINT('',(-0.1325,0.25,0.0325));
#2699=CARTESIAN_POINT('',(-0.1325,0.25,0.0325));
#2700=CARTESIAN_POINT('',(-0.1325,0.015,0.0325));
#2701=CARTESIAN_POINT('',(-0.1325,0.015,-0.0325));
#2702=CARTESIAN_POINT('',(-0.1325,0.015,-0.0325));
#2703=CARTESIAN_POINT('',(-0.1325,0.25,-0.0325));
#2704=CARTESIAN_POINT('',(-0.1325,0.25,-0.0325));
#2705=CARTESIAN_POINT('',(-0.1325,0.25,-0.0325));
#2706=CARTESIAN_POINT('',(-0.0675,0.25,-0.0325));
#2707=CARTESIAN_POINT('',(-0.0675,0.015,-0.0325));
#2708=CARTESIAN_POINT('',(-0.0675,0.015,-0.0325));
#2709=CARTESIAN_POINT('',(-0.0675,0.25,-0.0325));
#2710=CARTESIAN_POINT('',(-0.0675,0.25,-0.0325));
#2711=CARTESIAN_POINT('',(-0.0675,0.25,-0.0325));
#2712=CARTESIAN_POINT('',(-0.0675,0.25,0.0325));
#2713=CARTESIAN_POINT('',(-0.0675,0.015,0.0325));
#2714=CARTESIAN_POINT('',(-0.0675,0.015,0.0325));
#2715=CARTESIAN_POINT('',(-0.0675,0.25,0.0325));
#2716=CARTESIAN_POINT('',(-0.0675,0.25,0.0325));
#2717=CARTESIAN_POINT('',(-0.0675,0.25,0.0325));
#2718=CARTESIAN_POINT('',(0.0675,0.25,0.0325));
#2719=CARTESIAN_POINT('',(0.0675,0.015,0.0325));
#2720=CARTESIAN_POINT('',(0.0675,0.25,0.0325));
#2721=CARTESIAN_POINT('',(-0.1325,0.25,0.0325));
#2722=CARTESIAN_POINT('',(-0.1325,0.015,0.0325));
#2723=CARTESIAN_POINT('',(-0.1325,0.25,0.0325));
#2724=CARTESIAN_POINT('',(0.,0.25,0.));
#2725=CARTESIAN_POINT('',(0.2,0.015,-0.0635));
#2726=CARTESIAN_POINT('',(-0.0375,0.015,0.0785));
#2727=CARTESIAN_POINT('',(0.0375,0.015,0.0785));
#2728=CARTESIAN_POINT('',(0.1625,0.015,0.0785));
#2729=CARTESIAN_POINT('',(0.1625,0.015,0.0785));
#2730=CARTESIAN_POINT('',(0.0375,0.015,0.0785));
#2731=CARTESIAN_POINT('',(-0.0375,0.015,0.0785));
#2732=CARTESIAN_POINT('',(-0.1625,0.015,0.0785));
#2733=CARTESIAN_POINT('',(-0.1625,0.015,0.0785));
#2734=CARTESIAN_POINT('',(-0.1625,0.015,0.0785));
#2735=CARTESIAN_POINT('',(-0.0375,0.,0.0785));
#2736=CARTESIAN_POINT('',(0.0375,0.015,0.0785));
#2737=CARTESIAN_POINT('',(0.1625,0.,0.0785));
#2738=CARTESIAN_POINT('',(-0.1625,0.015,0.0785));
#2739=CARTESIAN_POINT('',(-0.0375,0.,0.0785));
#2740=CARTESIAN_POINT('',(0.1625,0.,0.0785));
#2741=CARTESIAN_POINT('',(0.0375,0.015,0.0785));
#2742=CARTESIAN_POINT('',(0.,-0.25,0.));
#2743=CARTESIAN_POINT('',(-0.161554288981881,0.0739594076955545,0.0125));
#2744=CARTESIAN_POINT('',(-0.161554288981881,0.0739594076955545,-0.0125));
#2745=CARTESIAN_POINT('',(-0.161554288981881,0.0739594076955545,-0.0125));
#2746=CARTESIAN_POINT('',(-0.17,0.03,-0.0125));
#2747=CARTESIAN_POINT('',(-0.17,0.03,0.0125));
#2748=CARTESIAN_POINT('',(-0.17,0.03,0.0125));
#2749=CARTESIAN_POINT('',(-0.161554288981881,0.0739594076955545,0.0125));
#2750=CARTESIAN_POINT('',(-0.161554288981881,0.0739594076955545,0.0125));
#2751=CARTESIAN_POINT('',(-0.161554288981881,0.0739594076955545,0.0125));
#2752=CARTESIAN_POINT('',(-0.17,0.03,0.0125));
#2753=CARTESIAN_POINT('',(-0.17,0.03,-0.0125));
#2754=CARTESIAN_POINT('',(-0.17,0.015,-0.0125));
#2755=CARTESIAN_POINT('',(-0.17,0.015,0.0125));
#2756=CARTESIAN_POINT('',(-0.17,0.015,0.0125));
#2757=CARTESIAN_POINT('',(-0.17,0.03,0.0125));
#2758=CARTESIAN_POINT('',(-0.17,0.015,0.0125));
#2759=CARTESIAN_POINT('',(-0.17,0.015,-0.0125));
#2760=CARTESIAN_POINT('',(-0.1225,0.015,-0.0125));
#2761=CARTESIAN_POINT('',(-0.1225,0.015,0.0125));
#2762=CARTESIAN_POINT('',(-0.1225,0.015,0.0125));
#2763=CARTESIAN_POINT('',(-0.17,0.015,0.0125));
#2764=CARTESIAN_POINT('',(-0.1225,0.015,0.0125));
#2765=CARTESIAN_POINT('',(-0.1225,0.015,-0.0125));
#2766=CARTESIAN_POINT('',(-0.1225,-0.0699999999999999,-0.0125));
#2767=CARTESIAN_POINT('',(-0.1225,-0.0699999999999999,0.0125));
#2768=CARTESIAN_POINT('',(-0.1225,-0.0699999999999999,0.0125));
#2769=CARTESIAN_POINT('',(-0.1225,0.015,0.0125));
#2770=CARTESIAN_POINT('',(-0.1225,-0.0699999999999999,0.0125));
#2771=CARTESIAN_POINT('',(-0.1225,-0.0699999999999999,-0.0125));
#2772=CARTESIAN_POINT('',(-0.1125,-0.09,-0.0125));
#2773=CARTESIAN_POINT('',(-0.1125,-0.09,0.0125));
#2774=CARTESIAN_POINT('',(-0.1125,-0.09,0.0125));
#2775=CARTESIAN_POINT('',(-0.1225,-0.0699999999999999,0.0125));
#2776=CARTESIAN_POINT('',(-0.1125,-0.09,0.0125));
#2777=CARTESIAN_POINT('',(-0.1125,-0.09,-0.0125));
#2778=CARTESIAN_POINT('',(-0.0875,-0.09,-0.0125));
#2779=CARTESIAN_POINT('',(-0.0875,-0.09,0.0125));
#2780=CARTESIAN_POINT('',(-0.0875,-0.09,0.0125));
#2781=CARTESIAN_POINT('',(-0.1125,-0.09,0.0125));
#2782=CARTESIAN_POINT('',(-0.0875,-0.09,0.0125));
#2783=CARTESIAN_POINT('',(-0.0875,-0.09,-0.0125));
#2784=CARTESIAN_POINT('',(-0.0775,-0.0699999999999999,-0.0125));
#2785=CARTESIAN_POINT('',(-0.0775,-0.0699999999999999,0.0125));
#2786=CARTESIAN_POINT('',(-0.0775,-0.0699999999999999,0.0125));
#2787=CARTESIAN_POINT('',(-0.0875,-0.09,0.0125));
#2788=CARTESIAN_POINT('',(-0.0775,-0.0699999999999999,0.0125));
#2789=CARTESIAN_POINT('',(-0.0775,-0.0699999999999999,-0.0125));
#2790=CARTESIAN_POINT('',(-0.0775,0.015,-0.0125));
#2791=CARTESIAN_POINT('',(-0.0775,0.015,0.0125));
#2792=CARTESIAN_POINT('',(-0.0775,0.015,0.0125));
#2793=CARTESIAN_POINT('',(-0.0775,-0.0699999999999999,0.0125));
#2794=CARTESIAN_POINT('',(-0.0775,0.015,0.0125));
#2795=CARTESIAN_POINT('',(-0.0775,0.015,-0.0125));
#2796=CARTESIAN_POINT('',(-0.03,0.015,-0.0125));
#2797=CARTESIAN_POINT('',(-0.03,0.015,0.0125));
#2798=CARTESIAN_POINT('',(-0.03,0.015,0.0125));
#2799=CARTESIAN_POINT('',(-0.0775,0.015,0.0125));
#2800=CARTESIAN_POINT('',(-0.03,0.015,0.0125));
#2801=CARTESIAN_POINT('',(-0.03,0.015,-0.0125));
#2802=CARTESIAN_POINT('',(-0.03,0.02,-0.0125));
#2803=CARTESIAN_POINT('',(-0.03,0.02,0.0125));
#2804=CARTESIAN_POINT('',(-0.03,0.02,0.0125));
#2805=CARTESIAN_POINT('',(-0.03,0.015,0.0125));
#2806=CARTESIAN_POINT('',(-0.03,0.02,0.0125));
#2807=CARTESIAN_POINT('',(-0.03,0.02,-0.0125));
#2808=CARTESIAN_POINT('',(0.03,0.02,-0.0125));
#2809=CARTESIAN_POINT('',(0.03,0.02,0.0125));
#2810=CARTESIAN_POINT('',(0.03,0.02,0.0125));
#2811=CARTESIAN_POINT('',(-0.03,0.02,0.0125));
#2812=CARTESIAN_POINT('',(0.03,0.02,0.0125));
#2813=CARTESIAN_POINT('',(0.03,0.02,-0.0125));
#2814=CARTESIAN_POINT('',(0.03,0.015,-0.0125));
#2815=CARTESIAN_POINT('',(0.03,0.015,0.0125));
#2816=CARTESIAN_POINT('',(0.03,0.015,0.0125));
#2817=CARTESIAN_POINT('',(0.03,0.02,0.0125));
#2818=CARTESIAN_POINT('',(0.03,0.015,0.0125));
#2819=CARTESIAN_POINT('',(0.03,0.015,-0.0125));
#2820=CARTESIAN_POINT('',(0.0775,0.015,-0.0125));
#2821=CARTESIAN_POINT('',(0.0775,0.015,0.0125));
#2822=CARTESIAN_POINT('',(0.0775,0.015,0.0125));
#2823=CARTESIAN_POINT('',(0.03,0.015,0.0125));
#2824=CARTESIAN_POINT('',(0.0775,0.015,0.0125));
#2825=CARTESIAN_POINT('',(0.0775,0.015,-0.0125));
#2826=CARTESIAN_POINT('',(0.0775,-0.0699999999999999,-0.0125));
#2827=CARTESIAN_POINT('',(0.0775,-0.0699999999999999,0.0125));
#2828=CARTESIAN_POINT('',(0.0775,-0.0699999999999999,0.0125));
#2829=CARTESIAN_POINT('',(0.0775,0.015,0.0125));
#2830=CARTESIAN_POINT('',(0.0775,-0.0699999999999999,0.0125));
#2831=CARTESIAN_POINT('',(0.0775,-0.0699999999999999,-0.0125));
#2832=CARTESIAN_POINT('',(0.0875,-0.09,-0.0125));
#2833=CARTESIAN_POINT('',(0.0875,-0.09,0.0125));
#2834=CARTESIAN_POINT('',(0.0875,-0.09,0.0125));
#2835=CARTESIAN_POINT('',(0.0775,-0.0699999999999999,0.0125));
#2836=CARTESIAN_POINT('',(0.0875,-0.09,0.0125));
#2837=CARTESIAN_POINT('',(0.0875,-0.09,-0.0125));
#2838=CARTESIAN_POINT('',(0.1125,-0.09,-0.0125));
#2839=CARTESIAN_POINT('',(0.1125,-0.09,0.0125));
#2840=CARTESIAN_POINT('',(0.1125,-0.09,0.0125));
#2841=CARTESIAN_POINT('',(0.0875,-0.09,0.0125));
#2842=CARTESIAN_POINT('',(0.1125,-0.09,0.0125));
#2843=CARTESIAN_POINT('',(0.1125,-0.09,-0.0125));
#2844=CARTESIAN_POINT('',(0.1225,-0.0699999999999999,-0.0125));
#2845=CARTESIAN_POINT('',(0.1225,-0.0699999999999999,0.0125));
#2846=CARTESIAN_POINT('',(0.1225,-0.0699999999999999,0.0125));
#2847=CARTESIAN_POINT('',(0.1125,-0.09,0.0125));
#2848=CARTESIAN_POINT('',(0.1225,-0.0699999999999999,0.0125));
#2849=CARTESIAN_POINT('',(0.1225,-0.0699999999999999,-0.0125));
#2850=CARTESIAN_POINT('',(0.1225,0.015,-0.0125));
#2851=CARTESIAN_POINT('',(0.1225,0.015,0.0125));
#2852=CARTESIAN_POINT('',(0.1225,0.015,0.0125));
#2853=CARTESIAN_POINT('',(0.1225,-0.0699999999999999,0.0125));
#2854=CARTESIAN_POINT('',(0.1225,0.015,0.0125));
#2855=CARTESIAN_POINT('',(0.1225,0.015,-0.0125));
#2856=CARTESIAN_POINT('',(0.17,0.015,-0.0125));
#2857=CARTESIAN_POINT('',(0.17,0.015,0.0125));
#2858=CARTESIAN_POINT('',(0.17,0.015,0.0125));
#2859=CARTESIAN_POINT('',(0.1225,0.015,0.0125));
#2860=CARTESIAN_POINT('',(0.17,0.015,0.0125));
#2861=CARTESIAN_POINT('',(0.17,0.015,-0.0125));
#2862=CARTESIAN_POINT('',(0.17,0.03,-0.0125));
#2863=CARTESIAN_POINT('',(0.17,0.03,0.0125));
#2864=CARTESIAN_POINT('',(0.17,0.03,0.0125));
#2865=CARTESIAN_POINT('',(0.17,0.015,0.0125));
#2866=CARTESIAN_POINT('',(0.17,0.03,0.0125));
#2867=CARTESIAN_POINT('',(0.17,0.03,-0.0125));
#2868=CARTESIAN_POINT('',(0.161554288981881,0.0739594076955545,-0.0125));
#2869=CARTESIAN_POINT('',(0.161554288981881,0.0739594076955545,0.0125));
#2870=CARTESIAN_POINT('',(0.161554288981881,0.0739594076955545,0.0125));
#2871=CARTESIAN_POINT('',(0.17,0.03,0.0125));
#2872=CARTESIAN_POINT('',(0.161554288981881,0.0739594076955545,0.0125));
#2873=CARTESIAN_POINT('',(0.161554288981881,0.0739594076955545,-0.0125));
#2874=CARTESIAN_POINT('',(0.144022855509059,0.241520296152223,-0.0125));
#2875=CARTESIAN_POINT('',(0.144022855509059,0.241520296152223,0.0125));
#2876=CARTESIAN_POINT('',(0.144022855509059,0.241520296152223,0.0125));
#2877=CARTESIAN_POINT('',(0.161554288981881,0.0739594076955545,0.0125));
#2878=CARTESIAN_POINT('',(0.13905,0.241,0.0125));
#2879=CARTESIAN_POINT('',(0.13905,0.241,-0.0125));
#2880=CARTESIAN_POINT('',(0.13905,0.246,-0.0125));
#2881=CARTESIAN_POINT('',(0.13905,0.246,0.0125));
#2882=CARTESIAN_POINT('',(0.13905,0.246,0.0125));
#2883=CARTESIAN_POINT('',(0.13905,0.241,0.0125));
#2884=CARTESIAN_POINT('',(0.13905,0.246,0.0125));
#2885=CARTESIAN_POINT('',(0.13905,0.246,-0.0125));
#2886=CARTESIAN_POINT('',(0.123003113073146,0.246,-0.0125));
#2887=CARTESIAN_POINT('',(0.123003113073146,0.246,0.0125));
#2888=CARTESIAN_POINT('',(0.123003113073146,0.246,0.0125));
#2889=CARTESIAN_POINT('',(0.13905,0.246,0.0125));
#2890=CARTESIAN_POINT('',(0.123003113073146,0.246,0.0125));
#2891=CARTESIAN_POINT('',(0.123003113073146,0.246,-0.0125));
#2892=CARTESIAN_POINT('',(0.1125,0.231,-0.0125));
#2893=CARTESIAN_POINT('',(0.1125,0.231,0.0125));
#2894=CARTESIAN_POINT('',(0.1125,0.231,0.0125));
#2895=CARTESIAN_POINT('',(0.123003113073146,0.246,0.0125));
#2896=CARTESIAN_POINT('',(0.1125,0.231,0.0125));
#2897=CARTESIAN_POINT('',(0.1125,0.231,-0.0125));
#2898=CARTESIAN_POINT('',(0.1125,0.216,-0.0125));
#2899=CARTESIAN_POINT('',(0.1125,0.216,0.0125));
#2900=CARTESIAN_POINT('',(0.1125,0.216,0.0125));
#2901=CARTESIAN_POINT('',(0.1125,0.231,0.0125));
#2902=CARTESIAN_POINT('',(0.1125,0.216,0.0125));
#2903=CARTESIAN_POINT('',(0.1125,0.216,-0.0125));
#2904=CARTESIAN_POINT('',(0.12200902543422,0.216,-0.0125));
#2905=CARTESIAN_POINT('',(0.12200902543422,0.216,0.0125));
#2906=CARTESIAN_POINT('',(0.12200902543422,0.216,0.0125));
#2907=CARTESIAN_POINT('',(0.1125,0.216,0.0125));
#2908=CARTESIAN_POINT('',(0.12200902543422,0.216,0.0125));
#2909=CARTESIAN_POINT('',(0.12200902543422,0.216,-0.0125));
#2910=CARTESIAN_POINT('',(0.13232717638814,0.116347187889873,-0.0125));
#2911=CARTESIAN_POINT('',(0.13232717638814,0.116347187889873,0.0125));
#2912=CARTESIAN_POINT('',(0.13232717638814,0.116347187889873,0.0125));
#2913=CARTESIAN_POINT('',(0.12200902543422,0.216,0.0125));
#2914=CARTESIAN_POINT('',(0.1,0.113,0.0125));
#2915=CARTESIAN_POINT('',(0.1,0.113,-0.0125));
#2916=CARTESIAN_POINT('',(0.1,0.0805,-0.0125));
#2917=CARTESIAN_POINT('',(0.1,0.0805,0.0125));
#2918=CARTESIAN_POINT('',(0.1,0.0805,0.0125));
#2919=CARTESIAN_POINT('',(0.1,0.113,0.0125));
#2920=CARTESIAN_POINT('',(0.1,0.113,0.0125));
#2921=CARTESIAN_POINT('',(0.1,0.113,-0.0125));
#2922=CARTESIAN_POINT('',(0.0676728236118604,0.116347187889873,-0.0125));
#2923=CARTESIAN_POINT('',(0.0676728236118604,0.116347187889873,0.0125));
#2924=CARTESIAN_POINT('',(0.0676728236118604,0.116347187889873,0.0125));
#2925=CARTESIAN_POINT('',(0.1,0.113,0.0125));
#2926=CARTESIAN_POINT('',(0.0676728236118604,0.116347187889873,0.0125));
#2927=CARTESIAN_POINT('',(0.0676728236118604,0.116347187889873,-0.0125));
#2928=CARTESIAN_POINT('',(0.0779909745657801,0.216,-0.0125));
#2929=CARTESIAN_POINT('',(0.0779909745657801,0.216,0.0125));
#2930=CARTESIAN_POINT('',(0.0779909745657801,0.216,0.0125));
#2931=CARTESIAN_POINT('',(0.0676728236118604,0.116347187889873,0.0125));
#2932=CARTESIAN_POINT('',(0.0779909745657801,0.216,0.0125));
#2933=CARTESIAN_POINT('',(0.0779909745657801,0.216,-0.0125));
#2934=CARTESIAN_POINT('',(0.0875,0.216,-0.0125));
#2935=CARTESIAN_POINT('',(0.0875,0.216,0.0125));
#2936=CARTESIAN_POINT('',(0.0875,0.216,0.0125));
#2937=CARTESIAN_POINT('',(0.0779909745657801,0.216,0.0125));
#2938=CARTESIAN_POINT('',(0.0875,0.216,0.0125));
#2939=CARTESIAN_POINT('',(0.0875,0.216,-0.0125));
#2940=CARTESIAN_POINT('',(0.0875,0.231,-0.0125));
#2941=CARTESIAN_POINT('',(0.0875,0.231,0.0125));
#2942=CARTESIAN_POINT('',(0.0875,0.231,0.0125));
#2943=CARTESIAN_POINT('',(0.0875,0.216,0.0125));
#2944=CARTESIAN_POINT('',(0.0875,0.231,0.0125));
#2945=CARTESIAN_POINT('',(0.0875,0.231,-0.0125));
#2946=CARTESIAN_POINT('',(0.0769968869268543,0.246,-0.0125));
#2947=CARTESIAN_POINT('',(0.0769968869268543,0.246,0.0125));
#2948=CARTESIAN_POINT('',(0.0769968869268543,0.246,0.0125));
#2949=CARTESIAN_POINT('',(0.0875,0.231,0.0125));
#2950=CARTESIAN_POINT('',(0.0769968869268543,0.246,0.0125));
#2951=CARTESIAN_POINT('',(0.0769968869268543,0.246,-0.0125));
#2952=CARTESIAN_POINT('',(0.06095,0.246,-0.0125));
#2953=CARTESIAN_POINT('',(0.06095,0.246,0.0125));
#2954=CARTESIAN_POINT('',(0.06095,0.246,0.0125));
#2955=CARTESIAN_POINT('',(0.0769968869268543,0.246,0.0125));
#2956=CARTESIAN_POINT('',(0.06095,0.241,0.0125));
#2957=CARTESIAN_POINT('',(0.06095,0.241,-0.0125));
#2958=CARTESIAN_POINT('',(0.0559771444909407,0.241520296152223,-0.0125));
#2959=CARTESIAN_POINT('',(0.0559771444909407,0.241520296152223,0.0125));
#2960=CARTESIAN_POINT('',(0.0559771444909407,0.241520296152223,0.0125));
#2961=CARTESIAN_POINT('',(0.06095,0.241,0.0125));
#2962=CARTESIAN_POINT('',(0.0559771444909406,0.241520296152223,0.0125));
#2963=CARTESIAN_POINT('',(0.0559771444909406,0.241520296152223,-0.0125));
#2964=CARTESIAN_POINT('',(0.0384457110181188,0.0739594076955545,-0.0125));
#2965=CARTESIAN_POINT('',(0.0384457110181188,0.0739594076955545,0.0125));
#2966=CARTESIAN_POINT('',(0.0384457110181188,0.0739594076955545,0.0125));
#2967=CARTESIAN_POINT('',(0.0559771444909406,0.241520296152223,0.0125));
#2968=CARTESIAN_POINT('',(0.0384457110181188,0.0739594076955545,0.0125));
#2969=CARTESIAN_POINT('',(0.0384457110181188,0.0739594076955545,-0.0125));
#2970=CARTESIAN_POINT('',(0.03,0.03,-0.0125));
#2971=CARTESIAN_POINT('',(0.03,0.03,0.0125));
#2972=CARTESIAN_POINT('',(0.03,0.03,0.0125));
#2973=CARTESIAN_POINT('',(0.0384457110181188,0.0739594076955545,0.0125));
#2974=CARTESIAN_POINT('',(0.03,0.03,0.0125));
#2975=CARTESIAN_POINT('',(0.03,0.03,-0.0125));
#2976=CARTESIAN_POINT('',(0.03,0.025,-0.0125));
#2977=CARTESIAN_POINT('',(0.03,0.025,0.0125));
#2978=CARTESIAN_POINT('',(0.03,0.025,0.0125));
#2979=CARTESIAN_POINT('',(0.03,0.03,0.0125));
#2980=CARTESIAN_POINT('',(0.03,0.025,0.0125));
#2981=CARTESIAN_POINT('',(0.03,0.025,-0.0125));
#2982=CARTESIAN_POINT('',(-0.03,0.025,-0.0125));
#2983=CARTESIAN_POINT('',(-0.03,0.025,0.0125));
#2984=CARTESIAN_POINT('',(-0.03,0.025,0.0125));
#2985=CARTESIAN_POINT('',(0.03,0.025,0.0125));
#2986=CARTESIAN_POINT('',(-0.03,0.025,0.0125));
#2987=CARTESIAN_POINT('',(-0.03,0.025,-0.0125));
#2988=CARTESIAN_POINT('',(-0.03,0.03,-0.0125));
#2989=CARTESIAN_POINT('',(-0.03,0.03,0.0125));
#2990=CARTESIAN_POINT('',(-0.03,0.03,0.0125));
#2991=CARTESIAN_POINT('',(-0.03,0.025,0.0125));
#2992=CARTESIAN_POINT('',(-0.03,0.03,0.0125));
#2993=CARTESIAN_POINT('',(-0.03,0.03,-0.0125));
#2994=CARTESIAN_POINT('',(-0.0384457110181188,0.0739594076955545,-0.0125));
#2995=CARTESIAN_POINT('',(-0.0384457110181188,0.0739594076955545,0.0125));
#2996=CARTESIAN_POINT('',(-0.0384457110181188,0.0739594076955545,0.0125));
#2997=CARTESIAN_POINT('',(-0.03,0.03,0.0125));
#2998=CARTESIAN_POINT('',(-0.0384457110181188,0.0739594076955545,0.0125));
#2999=CARTESIAN_POINT('',(-0.0384457110181188,0.0739594076955545,-0.0125));
#3000=CARTESIAN_POINT('',(-0.0559771444909406,0.241520296152223,-0.0125));
#3001=CARTESIAN_POINT('',(-0.0559771444909406,0.241520296152223,0.0125));
#3002=CARTESIAN_POINT('',(-0.0559771444909406,0.241520296152223,0.0125));
#3003=CARTESIAN_POINT('',(-0.0384457110181188,0.0739594076955545,0.0125));
#3004=CARTESIAN_POINT('',(-0.06095,0.241,0.0125));
#3005=CARTESIAN_POINT('',(-0.06095,0.241,-0.0125));
#3006=CARTESIAN_POINT('',(-0.06095,0.246,-0.0125));
#3007=CARTESIAN_POINT('',(-0.06095,0.246,0.0125));
#3008=CARTESIAN_POINT('',(-0.06095,0.246,0.0125));
#3009=CARTESIAN_POINT('',(-0.06095,0.241,0.0125));
#3010=CARTESIAN_POINT('',(-0.06095,0.246,0.0125));
#3011=CARTESIAN_POINT('',(-0.06095,0.246,-0.0125));
#3012=CARTESIAN_POINT('',(-0.0769968869268543,0.246,-0.0125));
#3013=CARTESIAN_POINT('',(-0.0769968869268543,0.246,0.0125));
#3014=CARTESIAN_POINT('',(-0.0769968869268543,0.246,0.0125));
#3015=CARTESIAN_POINT('',(-0.06095,0.246,0.0125));
#3016=CARTESIAN_POINT('',(-0.0769968869268543,0.246,0.0125));
#3017=CARTESIAN_POINT('',(-0.0769968869268543,0.246,-0.0125));
#3018=CARTESIAN_POINT('',(-0.0875,0.231,-0.0125));
#3019=CARTESIAN_POINT('',(-0.0875,0.231,0.0125));
#3020=CARTESIAN_POINT('',(-0.0875,0.231,0.0125));
#3021=CARTESIAN_POINT('',(-0.0769968869268543,0.246,0.0125));
#3022=CARTESIAN_POINT('',(-0.0875,0.231,0.0125));
#3023=CARTESIAN_POINT('',(-0.0875,0.231,-0.0125));
#3024=CARTESIAN_POINT('',(-0.0875,0.216,-0.0125));
#3025=CARTESIAN_POINT('',(-0.0875,0.216,0.0125));
#3026=CARTESIAN_POINT('',(-0.0875,0.216,0.0125));
#3027=CARTESIAN_POINT('',(-0.0875,0.231,0.0125));
#3028=CARTESIAN_POINT('',(-0.0875,0.216,0.0125));
#3029=CARTESIAN_POINT('',(-0.0875,0.216,-0.0125));
#3030=CARTESIAN_POINT('',(-0.0779909745657801,0.216,-0.0125));
#3031=CARTESIAN_POINT('',(-0.0779909745657801,0.216,0.0125));
#3032=CARTESIAN_POINT('',(-0.0779909745657801,0.216,0.0125));
#3033=CARTESIAN_POINT('',(-0.0875,0.216,0.0125));
#3034=CARTESIAN_POINT('',(-0.0779909745657801,0.216,0.0125));
#3035=CARTESIAN_POINT('',(-0.0779909745657801,0.216,-0.0125));
#3036=CARTESIAN_POINT('',(-0.0676728236118604,0.116347187889873,-0.0125));
#3037=CARTESIAN_POINT('',(-0.0676728236118604,0.116347187889873,0.0125));
#3038=CARTESIAN_POINT('',(-0.0676728236118604,0.116347187889873,0.0125));
#3039=CARTESIAN_POINT('',(-0.0779909745657801,0.216,0.0125));
#3040=CARTESIAN_POINT('',(-0.1,0.113,0.0125));
#3041=CARTESIAN_POINT('',(-0.1,0.113,-0.0125));
#3042=CARTESIAN_POINT('',(-0.1,0.0805,-0.0125));
#3043=CARTESIAN_POINT('',(-0.1,0.0805,0.0125));
#3044=CARTESIAN_POINT('',(-0.1,0.0805,0.0125));
#3045=CARTESIAN_POINT('',(-0.1,0.113,0.0125));
#3046=CARTESIAN_POINT('',(-0.1,0.113,0.0125));
#3047=CARTESIAN_POINT('',(-0.1,0.113,-0.0125));
#3048=CARTESIAN_POINT('',(-0.13232717638814,0.116347187889873,-0.0125));
#3049=CARTESIAN_POINT('',(-0.13232717638814,0.116347187889873,0.0125));
#3050=CARTESIAN_POINT('',(-0.13232717638814,0.116347187889873,0.0125));
#3051=CARTESIAN_POINT('',(-0.1,0.113,0.0125));
#3052=CARTESIAN_POINT('',(-0.13232717638814,0.116347187889873,0.0125));
#3053=CARTESIAN_POINT('',(-0.13232717638814,0.116347187889873,-0.0125));
#3054=CARTESIAN_POINT('',(-0.12200902543422,0.216,-0.0125));
#3055=CARTESIAN_POINT('',(-0.12200902543422,0.216,0.0125));
#3056=CARTESIAN_POINT('',(-0.12200902543422,0.216,0.0125));
#3057=CARTESIAN_POINT('',(-0.13232717638814,0.116347187889873,0.0125));
#3058=CARTESIAN_POINT('',(-0.12200902543422,0.216,0.0125));
#3059=CARTESIAN_POINT('',(-0.12200902543422,0.216,-0.0125));
#3060=CARTESIAN_POINT('',(-0.1125,0.216,-0.0125));
#3061=CARTESIAN_POINT('',(-0.1125,0.216,0.0125));
#3062=CARTESIAN_POINT('',(-0.1125,0.216,0.0125));
#3063=CARTESIAN_POINT('',(-0.12200902543422,0.216,0.0125));
#3064=CARTESIAN_POINT('',(-0.1125,0.216,0.0125));
#3065=CARTESIAN_POINT('',(-0.1125,0.216,-0.0125));
#3066=CARTESIAN_POINT('',(-0.1125,0.231,-0.0125));
#3067=CARTESIAN_POINT('',(-0.1125,0.231,0.0125));
#3068=CARTESIAN_POINT('',(-0.1125,0.231,0.0125));
#3069=CARTESIAN_POINT('',(-0.1125,0.216,0.0125));
#3070=CARTESIAN_POINT('',(-0.1125,0.231,0.0125));
#3071=CARTESIAN_POINT('',(-0.1125,0.231,-0.0125));
#3072=CARTESIAN_POINT('',(-0.123003113073146,0.246,-0.0125));
#3073=CARTESIAN_POINT('',(-0.123003113073146,0.246,0.0125));
#3074=CARTESIAN_POINT('',(-0.123003113073146,0.246,0.0125));
#3075=CARTESIAN_POINT('',(-0.1125,0.231,0.0125));
#3076=CARTESIAN_POINT('',(-0.123003113073146,0.246,0.0125));
#3077=CARTESIAN_POINT('',(-0.123003113073146,0.246,-0.0125));
#3078=CARTESIAN_POINT('',(-0.13905,0.246,-0.0125));
#3079=CARTESIAN_POINT('',(-0.13905,0.246,0.0125));
#3080=CARTESIAN_POINT('',(-0.13905,0.246,0.0125));
#3081=CARTESIAN_POINT('',(-0.123003113073146,0.246,0.0125));
#3082=CARTESIAN_POINT('',(-0.13905,0.241,0.0125));
#3083=CARTESIAN_POINT('',(-0.13905,0.241,-0.0125));
#3084=CARTESIAN_POINT('',(-0.144022855509059,0.241520296152223,-0.0125));
#3085=CARTESIAN_POINT('',(-0.144022855509059,0.241520296152223,0.0125));
#3086=CARTESIAN_POINT('',(-0.144022855509059,0.241520296152223,0.0125));
#3087=CARTESIAN_POINT('',(-0.13905,0.241,0.0125));
#3088=CARTESIAN_POINT('',(-0.144022855509059,0.241520296152223,0.0125));
#3089=CARTESIAN_POINT('',(-0.144022855509059,0.241520296152223,-0.0125));
#3090=CARTESIAN_POINT('',(-0.144022855509059,0.241520296152223,0.0125));
#3091=CARTESIAN_POINT('',(0.13905,0.241,0.0125));
#3092=CARTESIAN_POINT('',(0.13905,0.241,-0.0125));
#3093=CARTESIAN_POINT('',(0.,-0.25,0.));
#3094=MECHANICAL_DESIGN_GEOMETRIC_PRESENTATION_REPRESENTATION('',(#1930,
#1931),#3095);
#3095=(
GEOMETRIC_REPRESENTATION_CONTEXT(3)
GLOBAL_UNCERTAINTY_ASSIGNED_CONTEXT((#3098))
GLOBAL_UNIT_ASSIGNED_CONTEXT((#3103,#3102,#3101))
REPRESENTATION_CONTEXT('PSS-02-01-T-S','TOP_LEVEL_ASSEMBLY_PART')
);
#3096=(
GEOMETRIC_REPRESENTATION_CONTEXT(3)
GLOBAL_UNCERTAINTY_ASSIGNED_CONTEXT((#3099))
GLOBAL_UNIT_ASSIGNED_CONTEXT((#3103,#3102,#3101))
REPRESENTATION_CONTEXT('PSS-02-01-T-S_t','COMPONENT_PART')
);
#3097=(
GEOMETRIC_REPRESENTATION_CONTEXT(3)
GLOBAL_UNCERTAINTY_ASSIGNED_CONTEXT((#3100))
GLOBAL_UNIT_ASSIGNED_CONTEXT((#3103,#3102,#3101))
REPRESENTATION_CONTEXT('PSS-02-01-T-S_p1','COMPONENT_PART')
);
#3098=UNCERTAINTY_MEASURE_WITH_UNIT(LENGTH_MEASURE(3.93700787401575E-7),
#3103,'DISTANCE_ACCURACY_VALUE','Maximum Tolerance applied to model');
#3099=UNCERTAINTY_MEASURE_WITH_UNIT(LENGTH_MEASURE(3.93700787401575E-7),
#3103,'DISTANCE_ACCURACY_VALUE','Maximum Tolerance applied to model');
#3100=UNCERTAINTY_MEASURE_WITH_UNIT(LENGTH_MEASURE(3.93700787401575E-7),
#3103,'DISTANCE_ACCURACY_VALUE','Maximum Tolerance applied to model');
#3101=(
NAMED_UNIT(*)
SI_UNIT($,.STERADIAN.)
SOLID_ANGLE_UNIT()
);
#3102=(
NAMED_UNIT(*)
PLANE_ANGLE_UNIT()
SI_UNIT($,.RADIAN.)
);
#3103=(
CONVERSION_BASED_UNIT('INCH',#3105)
LENGTH_UNIT()
NAMED_UNIT(#3104)
);
#3104=DIMENSIONAL_EXPONENTS(1.,0.,0.,0.,0.,0.,0.);
#3105=LENGTH_MEASURE_WITH_UNIT(LENGTH_MEASURE(25.4),#3106);
#3106=(
LENGTH_UNIT()
NAMED_UNIT(*)
SI_UNIT(.MILLI.,.METRE.)
);
#3107=PRODUCT_DEFINITION_SHAPE('','',#3112);
#3108=PRODUCT_DEFINITION_SHAPE('','',#3113);
#3109=PRODUCT_DEFINITION_SHAPE(' ','NAUO PRDDFN',#44);
#3110=PRODUCT_DEFINITION_SHAPE('','',#3114);
#3111=PRODUCT_DEFINITION_SHAPE(' ','NAUO PRDDFN',#45);
#3112=PRODUCT_DEFINITION('','',#3118,#3115);
#3113=PRODUCT_DEFINITION('','',#3119,#3116);
#3114=PRODUCT_DEFINITION('','',#3120,#3117);
#3115=PRODUCT_DEFINITION_CONTEXT('',#3134,'design');
#3116=PRODUCT_DEFINITION_CONTEXT('',#3134,'design');
#3117=PRODUCT_DEFINITION_CONTEXT('',#3134,'design');
#3118=PRODUCT_DEFINITION_FORMATION_WITH_SPECIFIED_SOURCE('','',#3124,
 .NOT_KNOWN.);
#3119=PRODUCT_DEFINITION_FORMATION_WITH_SPECIFIED_SOURCE('','',#3125,
 .NOT_KNOWN.);
#3120=PRODUCT_DEFINITION_FORMATION_WITH_SPECIFIED_SOURCE('','',#3126,
 .NOT_KNOWN.);
#3121=PRODUCT_RELATED_PRODUCT_CATEGORY('','',(#3124));
#3122=PRODUCT_RELATED_PRODUCT_CATEGORY('','',(#3125));
#3123=PRODUCT_RELATED_PRODUCT_CATEGORY('','',(#3126));
#3124=PRODUCT('PSS-02-01-T-S','PSS-02-01-T-S','PSS-02-01-T-S',(#3130));
#3125=PRODUCT('PSS-02-01-T-S_t','PSS-02-01-T-S_t','PSS-02-01-T-S_t',(#3131));
#3126=PRODUCT('PSS-02-01-T-S_p1','PSS-02-01-T-S_p1','PSS-02-01-T-S_p1',
(#3132));
#3127=PRODUCT_CATEGORY('','');
#3128=PRODUCT_CATEGORY('','');
#3129=PRODUCT_CATEGORY('','');
#3130=PRODUCT_CONTEXT('',#3134,'mechanical');
#3131=PRODUCT_CONTEXT('',#3134,'mechanical');
#3132=PRODUCT_CONTEXT('',#3134,'mechanical');
#3133=APPLICATION_PROTOCOL_DEFINITION('international standard',
'automotive_design',2010,#3134);
#3134=APPLICATION_CONTEXT(
'core data for automotive mechanical design processes');
ENDSEC;
END-ISO-10303-21;
