ISO-10303-21;
HEADER;
FILE_DESCRIPTION (( 'STEP AP214' ),
    '1' );
FILE_NAME ('NPTC082KFMS-RC.STEP',
    '2024-10-24T22:47:51',
    ( '' ),
    ( '' ),
    'SwSTEP 2.0',
    'SolidWorks 2021',
    '' );
FILE_SCHEMA (( 'AUTOMOTIVE_DESIGN' ));
ENDSEC;

DATA;
#1 = EDGE_LOOP ( 'NONE', ( #5891, #7001, #5760, #4814 ) ) ;
#2 = CARTESIAN_POINT ( 'NONE',  ( -6.731000000000000760, 6.222999999999998977, 1.651000000000001133 ) ) ;
#3 = ORIENTED_EDGE ( 'NONE', *, *, #7519, .T. ) ;
#4 = DIRECTION ( 'NONE',  ( -1.000000000000000000, 0.000000000000000000, 0.000000000000000000 ) ) ;
#5 = EDGE_CURVE ( 'NONE', #2201, #305, #3550, .T. ) ;
#6 = EDGE_CURVE ( 'NONE', #4327, #7363, #2382, .T. ) ;
#7 = DIRECTION ( 'NONE',  ( -1.000000000000000000, -0.000000000000000000, -0.000000000000000000 ) ) ;
#8 = CARTESIAN_POINT ( 'NONE',  ( -0.4444999999999987295, 7.492999999999998550, 0.4444999999999979523 ) ) ;
#9 = ORIENTED_EDGE ( 'NONE', *, *, #4971, .F. ) ;
#10 = VERTEX_POINT ( 'NONE', #622 ) ;
#11 = VECTOR ( 'NONE', #2457, 1000.000000000000000 ) ;
#12 = CARTESIAN_POINT ( 'NONE',  ( 5.080000000000000959, 0.3809999999999999498, -2.501900000000000901 ) ) ;
#13 = VECTOR ( 'NONE', #2500, 1000.000000000000000 ) ;
#14 =( NAMED_UNIT ( * ) PLANE_ANGLE_UNIT ( ) SI_UNIT ( $, .RADIAN. ) );
#15 = PLANE ( 'NONE',  #3298 ) ;
#16 = PLANE ( 'NONE',  #2080 ) ;
#17 = ADVANCED_FACE ( 'NONE', ( #3126 ), #6745, .F. ) ;
#18 = PLANE ( 'NONE',  #2351 ) ;
#19 = ORIENTED_EDGE ( 'NONE', *, *, #4104, .T. ) ;
#20 = EDGE_LOOP ( 'NONE', ( #2978, #2927, #6882, #1421 ) ) ;
#21 = LINE ( 'NONE', #2988, #3284 ) ;
#22 = DIRECTION ( 'NONE',  ( 0.000000000000000000, -0.7071067811865485719, 0.7071067811865465735 ) ) ;
#23 = DIRECTION ( 'NONE',  ( 0.000000000000000000, -1.000000000000000000, -1.733406087350420004E-16 ) ) ;
#24 = ORIENTED_EDGE ( 'NONE', *, *, #5517, .F. ) ;
#25 = EDGE_CURVE ( 'NONE', #4633, #870, #4243, .T. ) ;
#26 = CARTESIAN_POINT ( 'NONE',  ( 5.080000000000000959, 0.000000000000000000, 0.000000000000000000 ) ) ;
#27 = CARTESIAN_POINT ( 'NONE',  ( 0.3047999999999999599, 0.8890000000000000124, 1.968499999999999694 ) ) ;
#28 = ORIENTED_EDGE ( 'NONE', *, *, #94, .F. ) ;
#29 = DIRECTION ( 'NONE',  ( 0.000000000000000000, -1.733406087350420004E-16, 1.000000000000000000 ) ) ;
#30 = ORIENTED_EDGE ( 'NONE', *, *, #2599, .F. ) ;
#31 = PLANE ( 'NONE',  #3400 ) ;
#32 = DIRECTION ( 'NONE',  ( -0.7071067811865452413, -0.7071067811865499042, -1.225703198915527072E-16 ) ) ;
#33 = DIRECTION ( 'NONE',  ( -0.000000000000000000, -0.000000000000000000, 1.000000000000000000 ) ) ;
#34 = EDGE_CURVE ( 'NONE', #6743, #5796, #1250, .T. ) ;
#35 = LINE ( 'NONE', #1165, #1393 ) ;
#36 = ORIENTED_EDGE ( 'NONE', *, *, #2385, .F. ) ;
#37 = AXIS2_PLACEMENT_3D ( 'NONE', #7322, #4875, #1974 ) ;
#38 = CARTESIAN_POINT ( 'NONE',  ( 9.715500000000002245, 7.492999999999999439, -2.501900000000000901 ) ) ;
#39 = CARTESIAN_POINT ( 'NONE',  ( 10.41399999999999970, 0.8889999999999985691, 1.984781810244993228 ) ) ;
#40 = AXIS2_PLACEMENT_3D ( 'NONE', #3871, #3763, #7456 ) ;
#41 = CARTESIAN_POINT ( 'NONE',  ( 0.8889999999999991243, 6.222999999999998977, -0.8889999999999987912 ) ) ;
#42 = DIRECTION ( 'NONE',  ( -0.000000000000000000, 1.000000000000000000, 1.733406087350420004E-16 ) ) ;
#43 = ORIENTED_EDGE ( 'NONE', *, *, #2849, .T. ) ;
#44 = CARTESIAN_POINT ( 'NONE',  ( -7.619999999999998330, 0.3809999999999999498, -2.501900000000000901 ) ) ;
#45 = ORIENTED_EDGE ( 'NONE', *, *, #6701, .F. ) ;
#46 = ORIENTED_EDGE ( 'NONE', *, *, #7390, .F. ) ;
#47 = EDGE_CURVE ( 'NONE', #1122, #6200, #3628, .T. ) ;
#48 = PLANE ( 'NONE',  #2513 ) ;
#49 = EDGE_CURVE ( 'NONE', #3053, #4421, #4200, .T. ) ;
#50 = SURFACE_STYLE_USAGE ( .BOTH. , #5828 ) ;
#51 = DIRECTION ( 'NONE',  ( 0.000000000000000000, 0.000000000000000000, 1.000000000000000000 ) ) ;
#52 = DIRECTION ( 'NONE',  ( 0.7071067811865456854, -0.7071067811865494601, -1.225703198915526333E-16 ) ) ;
#53 = LINE ( 'NONE', #1268, #2609 ) ;
#54 = AXIS2_PLACEMENT_3D ( 'NONE', #1662, #5903, #4021 ) ;
#55 = ORIENTED_EDGE ( 'NONE', *, *, #6126, .T. ) ;
#56 = ORIENTED_EDGE ( 'NONE', *, *, #6867, .T. ) ;
#57 = EDGE_CURVE ( 'NONE', #111, #391, #6121, .T. ) ;
#58 = DIRECTION ( 'NONE',  ( 0.000000000000000000, 1.138269997360111548E-15, 1.000000000000000000 ) ) ;
#59 = PLANE ( 'NONE',  #1798 ) ;
#60 = DIRECTION ( 'NONE',  ( 0.000000000000000000, -1.000000000000000000, -1.733406087350420497E-16 ) ) ;
#61 = ORIENTED_EDGE ( 'NONE', *, *, #6106, .F. ) ;
#62 = DIRECTION ( 'NONE',  ( -0.000000000000000000, 1.000000000000000000, 1.733406087350420004E-16 ) ) ;
#63 = DIRECTION ( 'NONE',  ( 0.000000000000000000, 1.000000000000000000, 2.439149994343092652E-16 ) ) ;
#64 = ORIENTED_EDGE ( 'NONE', *, *, #390, .F. ) ;
#65 = CARTESIAN_POINT ( 'NONE',  ( -4.191000000000000725, 6.222999999999998977, 1.651000000000001133 ) ) ;
#66 = ADVANCED_FACE ( 'NONE', ( #6625 ), #1294, .F. ) ;
#67 = ORIENTED_EDGE ( 'NONE', *, *, #6750, .T. ) ;
#68 = FACE_OUTER_BOUND ( 'NONE', #5336, .T. ) ;
#69 = PLANE ( 'NONE',  #4005 ) ;
#70 = VECTOR ( 'NONE', #4139, 1000.000000000000000 ) ;
#71 = CARTESIAN_POINT ( 'NONE',  ( 1.734723475976807094E-15, 0.000000000000000000, 0.000000000000000000 ) ) ;
#72 = ORIENTED_EDGE ( 'NONE', *, *, #5474, .T. ) ;
#73 = ORIENTED_EDGE ( 'NONE', *, *, #6845, .T. ) ;
#74 = DIRECTION ( 'NONE',  ( -1.000000000000000000, 0.000000000000000000, -0.000000000000000000 ) ) ;
#75 = ORIENTED_EDGE ( 'NONE', *, *, #3965, .T. ) ;
#76 = VECTOR ( 'NONE', #5489, 1000.000000000000000 ) ;
#77 = EDGE_LOOP ( 'NONE', ( #3919, #819, #1431, #917 ) ) ;
#78 = DIRECTION ( 'NONE',  ( -0.000000000000000000, 1.000000000000000000, 1.733406087350420004E-16 ) ) ;
#79 = EDGE_CURVE ( 'NONE', #7015, #5888, #153, .T. ) ;
#80 = EDGE_CURVE ( 'NONE', #1884, #4921, #3377, .T. ) ;
#81 = DIRECTION ( 'NONE',  ( -0.7071067811865456854, -0.7071067811865494601, -1.225703198915526333E-16 ) ) ;
#82 = PLANE ( 'NONE',  #2693 ) ;
#83 = APPLICATION_PROTOCOL_DEFINITION ( 'draft international standard', 'automotive_design', 1998, #3182 ) ;
#84 = VECTOR ( 'NONE', #7589, 1000.000000000000000 ) ;
#85 = CARTESIAN_POINT ( 'NONE',  ( 0.8889999999999991243, 7.048499999999997101, 1.651000000000001355 ) ) ;
#86 = ORIENTED_EDGE ( 'NONE', *, *, #1516, .T. ) ;
#87 = ORIENTED_EDGE ( 'NONE', *, *, #2031, .F. ) ;
#88 = DIRECTION ( 'NONE',  ( 0.000000000000000000, -1.092515224483717628E-16, 1.000000000000000000 ) ) ;
#89 = VECTOR ( 'NONE', #532, 1000.000000000000000 ) ;
#90 = CARTESIAN_POINT ( 'NONE',  ( -6.223000000000002530, 6.794499999999999318, -1.396999999999998243 ) ) ;
#91 = DIRECTION ( 'NONE',  ( 0.000000000000000000, 0.000000000000000000, -1.000000000000000000 ) ) ;
#92 = CARTESIAN_POINT ( 'NONE',  ( 5.080000000000002736, 7.492999999999999439, -2.501900000000000901 ) ) ;
#93 = LINE ( 'NONE', #5480, #2482 ) ;
#94 = EDGE_CURVE ( 'NONE', #2951, #3528, #195, .T. ) ;
#95 = VERTEX_POINT ( 'NONE', #3046 ) ;
#96 = ORIENTED_EDGE ( 'NONE', *, *, #5457, .T. ) ;
#97 = VECTOR ( 'NONE', #7581, 1000.000000000000000 ) ;
#98 = CARTESIAN_POINT ( 'NONE',  ( -5.079999999999997407, 0.3809999999999988396, 2.120899999999999785 ) ) ;
#99 = FACE_OUTER_BOUND ( 'NONE', #626, .T. ) ;
#100 = CARTESIAN_POINT ( 'NONE',  ( -1.651000000000001355, 6.222999999999998977, -0.8889999999999987912 ) ) ;
#101 = LINE ( 'NONE', #722, #4042 ) ;
#102 = EDGE_CURVE ( 'NONE', #2803, #5129, #3705, .T. ) ;
#103 = ADVANCED_FACE ( 'NONE', ( #4953 ), #6081, .F. ) ;
#104 = ORIENTED_EDGE ( 'NONE', *, *, #6488, .F. ) ;
#105 = ORIENTED_EDGE ( 'NONE', *, *, #2096, .F. ) ;
#106 = DIRECTION ( 'NONE',  ( -0.000000000000000000, -0.000000000000000000, 1.000000000000000000 ) ) ;
#107 = DIRECTION ( 'NONE',  ( -0.000000000000000000, 1.000000000000000000, 1.733406087350420004E-16 ) ) ;
#108 = CARTESIAN_POINT ( 'NONE',  ( -5.969000000000002082, 7.048499999999997101, 0.8890000000000012337 ) ) ;
#109 = CARTESIAN_POINT ( 'NONE',  ( 2.540000000000002256, 0.3809999999999992837, 2.501899999999999125 ) ) ;
#110 = ORIENTED_EDGE ( 'NONE', *, *, #5854, .F. ) ;
#111 = VERTEX_POINT ( 'NONE', #3084 ) ;
#112 = EDGE_CURVE ( 'NONE', #7175, #6706, #739, .T. ) ;
#113 = DIRECTION ( 'NONE',  ( 0.000000000000000000, 0.2588190451025143002, -0.9659258262890699775 ) ) ;
#114 = ORIENTED_EDGE ( 'NONE', *, *, #4186, .F. ) ;
#115 = CARTESIAN_POINT ( 'NONE',  ( -3.429000000000002490, 6.222999999999998977, 1.651000000000001133 ) ) ;
#116 = DIRECTION ( 'NONE',  ( 0.000000000000000000, -1.000000000000000000, -2.082201214683127315E-16 ) ) ;
#117 = DIRECTION ( 'NONE',  ( 0.000000000000000000, -0.9659258262890699775, -0.2588190451025143002 ) ) ;
#118 = PRODUCT_CONTEXT ( 'NONE', #1023, 'mechanical' ) ;
#119 = EDGE_CURVE ( 'NONE', #1236, #1749, #6160, .T. ) ;
#120 = CARTESIAN_POINT ( 'NONE',  ( 10.16000000000000192, 0.3809999999999988396, 2.120899999999999785 ) ) ;
#121 = DIRECTION ( 'NONE',  ( 0.000000000000000000, 1.422837496700139336E-15, -1.000000000000000000 ) ) ;
#122 = EDGE_LOOP ( 'NONE', ( #1137, #5174, #6698, #4708, #1653, #2602, #6707, #7598 ) ) ;
#123 = VERTEX_POINT ( 'NONE', #4285 ) ;
#124 = EDGE_LOOP ( 'NONE', ( #6011, #5502, #5788, #2638, #4009, #2421, #6817, #5680 ) ) ;
#125 = CARTESIAN_POINT ( 'NONE',  ( -3.429000000000002490, 6.222999999999998977, 1.651000000000001133 ) ) ;
#126 = VECTOR ( 'NONE', #4437, 1000.000000000000000 ) ;
#127 = PLANE ( 'NONE',  #1143 ) ;
#128 = DIRECTION ( 'NONE',  ( 0.000000000000000000, 0.000000000000000000, -1.000000000000000000 ) ) ;
#129 = DIRECTION ( 'NONE',  ( -0.000000000000000000, -0.7071067811865487940, -0.7071067811865462405 ) ) ;
#130 = EDGE_CURVE ( 'NONE', #4640, #4624, #6670, .T. ) ;
#131 = DIRECTION ( 'NONE',  ( -0.000000000000000000, 1.000000000000000000, 1.733406087350420004E-16 ) ) ;
#132 = SHAPE_REPRESENTATION ( 'NPTC082KFMS-RC', ( #4135, #4129, #1554, #7367, #4264, #4003, #37, #2903, #6383, #6515 ), #6631 ) ;
#133 = ORIENTED_EDGE ( 'NONE', *, *, #2607, .F. ) ;
#134 = ORIENTED_EDGE ( 'NONE', *, *, #2150, .T. ) ;
#135 = VECTOR ( 'NONE', #4792, 1000.000000000000000 ) ;
#136 = CARTESIAN_POINT ( 'NONE',  ( -2.539999999999997815, 0.3809999999999992837, 2.501899999999999125 ) ) ;
#137 = DIRECTION ( 'NONE',  ( -0.5773502691896273964, 0.5773502691896237327, -0.5773502691896261751 ) ) ;
#138 = CARTESIAN_POINT ( 'NONE',  ( -2.539999999999997815, 0.3809999999999992837, 2.501899999999999125 ) ) ;
#139 = VERTEX_POINT ( 'NONE', #1969 ) ;
#140 = LINE ( 'NONE', #3654, #1335 ) ;
#141 = EDGE_LOOP ( 'NONE', ( #2554, #1963, #4112, #6681 ) ) ;
#142 = ORIENTED_EDGE ( 'NONE', *, *, #2136, .T. ) ;
#143 = DIRECTION ( 'NONE',  ( 0.000000000000000000, -1.224646799147355179E-16, 1.000000000000000000 ) ) ;
#144 = ORIENTED_EDGE ( 'NONE', *, *, #6026, .F. ) ;
#145 = ADVANCED_FACE ( 'NONE', ( #1374 ), #3740, .F. ) ;
#146 = DIRECTION ( 'NONE',  ( 0.000000000000000000, 0.000000000000000000, -1.000000000000000000 ) ) ;
#147 = CARTESIAN_POINT ( 'NONE',  ( 0.8889999999999991243, 7.048499999999997989, -1.650999999999998691 ) ) ;
#148 = DIRECTION ( 'NONE',  ( 0.000000000000000000, 0.000000000000000000, -1.000000000000000000 ) ) ;
#149 = EDGE_LOOP ( 'NONE', ( #4603, #6076, #5225, #43 ) ) ;
#150 = PRESENTATION_LAYER_ASSIGNMENT (  '', '', ( #1532 ) ) ;
#151 = PLANE ( 'NONE',  #5982 ) ;
#152 = ORIENTED_EDGE ( 'NONE', *, *, #6288, .F. ) ;
#153 = LINE ( 'NONE', #2461, #758 ) ;
#154 = EDGE_CURVE ( 'NONE', #6417, #3236, #7318, .T. ) ;
#155 = VECTOR ( 'NONE', #7473, 1000.000000000000000 ) ;
#156 = PLANE ( 'NONE',  #2960 ) ;
#157 = ORIENTED_EDGE ( 'NONE', *, *, #3138, .F. ) ;
#158 = FACE_OUTER_BOUND ( 'NONE', #2095, .T. ) ;
#159 = CARTESIAN_POINT ( 'NONE',  ( 3.809999999999992060, -4.814824860968089633E-32, 0.000000000000000000 ) ) ;
#160 = PRODUCT_DEFINITION_FORMATION_WITH_SPECIFIED_SOURCE ( 'ANY', '', #5584, .NOT_KNOWN. ) ;
#161 = VECTOR ( 'NONE', #5586, 1000.000000000000000 ) ;
#162 = VECTOR ( 'NONE', #2921, 1000.000000000000000 ) ;
#163 = ORIENTED_EDGE ( 'NONE', *, *, #6624, .T. ) ;
#164 = ORIENTED_EDGE ( 'NONE', *, *, #715, .T. ) ;
#165 = ORIENTED_EDGE ( 'NONE', *, *, #5978, .T. ) ;
#166 = LINE ( 'NONE', #6795, #5629 ) ;
#167 = ADVANCED_FACE ( 'NONE', ( #3781 ), #4986, .F. ) ;
#168 =( GEOMETRIC_REPRESENTATION_CONTEXT ( 3 ) GLOBAL_UNCERTAINTY_ASSIGNED_CONTEXT ( ( #4480 ) ) GLOBAL_UNIT_ASSIGNED_CONTEXT ( ( #6404, #2859, #7128 ) ) REPRESENTATION_CONTEXT ( 'NONE', 'WORKASPACE' ) );
#169 = VECTOR ( 'NONE', #1827, 1000.000000000000000 ) ;
#170 = VECTOR ( 'NONE', #6499, 1000.000000000000000 ) ;
#171 = SURFACE_SIDE_STYLE ('',( #4214 ) ) ;
#172 = DIRECTION ( 'NONE',  ( -0.5773502691896273964, -0.5773502691896236216, -0.5773502691896262862 ) ) ;
#173 = FACE_BOUND ( 'NONE', #5301, .T. ) ;
#174 = LINE ( 'NONE', #2435, #6953 ) ;
#175 = ORIENTED_EDGE ( 'NONE', *, *, #5738, .F. ) ;
#176 = ORIENTED_EDGE ( 'NONE', *, *, #1428, .F. ) ;
#177 = ADVANCED_FACE ( 'NONE', ( #6204 ), #6353, .F. ) ;
#178 = CARTESIAN_POINT ( 'NONE',  ( 10.16000000000000192, 7.492999999999999439, -2.501900000000000901 ) ) ;
#179 = CARTESIAN_POINT ( 'NONE',  ( -7.175500000000004874, 7.492999999999998550, 0.4444999999999979523 ) ) ;
#180 = LINE ( 'NONE', #138, #1199 ) ;
#181 = FACE_OUTER_BOUND ( 'NONE', #5878, .T. ) ;
#182 = VERTEX_POINT ( 'NONE', #234 ) ;
#183 = VERTEX_POINT ( 'NONE', #2042 ) ;
#184 = LINE ( 'NONE', #2995, #1095 ) ;
#185 = CARTESIAN_POINT ( 'NONE',  ( 10.16000000000000192, 7.492999999999998550, 2.501900000000000901 ) ) ;
#186 = CARTESIAN_POINT ( 'NONE',  ( 7.620000000000001883, 0.3809999999999993947, -2.120900000000001562 ) ) ;
#187 = LINE ( 'NONE', #2002, #3551 ) ;
#188 = EDGE_LOOP ( 'NONE', ( #3986, #105, #2722, #250 ) ) ;
#189 = AXIS2_PLACEMENT_3D ( 'NONE', #1340, #3818, #6674 ) ;
#190 = EDGE_LOOP ( 'NONE', ( #4088, #5553, #5668, #6480 ) ) ;
#191 = CARTESIAN_POINT ( 'NONE',  ( 2.540000000000002256, 7.492999999999998550, 2.095500000000003915 ) ) ;
#192 = VERTEX_POINT ( 'NONE', #4403 ) ;
#193 = ADVANCED_FACE ( 'NONE', ( #2144 ), #1453, .F. ) ;
#194 = ORIENTED_EDGE ( 'NONE', *, *, #5415, .F. ) ;
#195 = LINE ( 'NONE', #38, #135 ) ;
#196 = VECTOR ( 'NONE', #1809, 1000.000000000000000 ) ;
#197 = VECTOR ( 'NONE', #6835, 1000.000000000000000 ) ;
#198 = CARTESIAN_POINT ( 'NONE',  ( 10.41399999999999970, 0.8889999999999985691, 1.984781810244993228 ) ) ;
#199 = DIRECTION ( 'NONE',  ( -1.000000000000000000, -0.000000000000000000, -0.000000000000000000 ) ) ;
#200 = SHAPE_REPRESENTATION_RELATIONSHIP ( 'NONE' , 'NONE' ,  #2825, #6521 ) ;
#201 = SURFACE_STYLE_USAGE ( .BOTH. , #7361 ) ;
#202 = VECTOR ( 'NONE', #4062, 1000.000000000000000 ) ;
#203 = AXIS2_PLACEMENT_3D ( 'NONE', #3132, #5968, #900 ) ;
#204 = EDGE_CURVE ( 'NONE', #2686, #4324, #3851, .T. ) ;
#205 = VERTEX_POINT ( 'NONE', #999 ) ;
#206 = ORIENTED_EDGE ( 'NONE', *, *, #5116, .F. ) ;
#207 = DIRECTION ( 'NONE',  ( 0.000000000000000000, 0.000000000000000000, 1.000000000000000000 ) ) ;
#208 = AXIS2_PLACEMENT_3D ( 'NONE', #2683, #988, #6917 ) ;
#209 = PLANE ( 'NONE',  #5443 ) ;
#210 = VECTOR ( 'NONE', #4525, 1000.000000000000000 ) ;
#211 = CARTESIAN_POINT ( 'NONE',  ( -2.539999999999998703, 0.3809999999999993947, -2.120900000000001562 ) ) ;
#212 = DIRECTION ( 'NONE',  ( 0.5773502691896272854, -0.5773502691896241767, -0.5773502691896257311 ) ) ;
#213 = CARTESIAN_POINT ( 'NONE',  ( -0.1777999999999999858, 0.2539999999999996150, 3.302000000000000046 ) ) ;
#214 = DIRECTION ( 'NONE',  ( -0.000000000000000000, 1.000000000000000000, 2.082201214683127315E-16 ) ) ;
#215 = ADVANCED_FACE ( 'NONE', ( #3237 ), #2660, .F. ) ;
#216 = VECTOR ( 'NONE', #4501, 1000.000000000000000 ) ;
#217 = ORIENTED_EDGE ( 'NONE', *, *, #5923, .F. ) ;
#218 = VECTOR ( 'NONE', #2261, 1000.000000000000000 ) ;
#219 = ORIENTED_EDGE ( 'NONE', *, *, #2187, .T. ) ;
#220 = LINE ( 'NONE', #1991, #4408 ) ;
#221 = CARTESIAN_POINT ( 'NONE',  ( -2.539999999999997815, 0.3809999999999993947, -2.120900000000001562 ) ) ;
#222 = DIRECTION ( 'NONE',  ( -1.000000000000000000, -0.000000000000000000, -0.000000000000000000 ) ) ;
#223 = CARTESIAN_POINT ( 'NONE',  ( -8.509000000000002117, 6.222999999999998977, 0.8890000000000011227 ) ) ;
#224 = EDGE_CURVE ( 'NONE', #678, #205, #1566, .T. ) ;
#225 = ORIENTED_EDGE ( 'NONE', *, *, #7426, .F. ) ;
#226 = ORIENTED_EDGE ( 'NONE', *, *, #3102, .F. ) ;
#227 = PLANE ( 'NONE',  #6239 ) ;
#228 = CARTESIAN_POINT ( 'NONE',  ( 1.734723475976807094E-15, 0.3809999999999992837, 2.501899999999999125 ) ) ;
#229 = FACE_OUTER_BOUND ( 'NONE', #2518, .T. ) ;
#230 = CARTESIAN_POINT ( 'NONE',  ( 2.540000000000002256, 7.492999999999998550, 2.501900000000000901 ) ) ;
#231 = ADVANCED_FACE ( 'NONE', ( #6285 ), #3930, .F. ) ;
#232 = DIRECTION ( 'NONE',  ( 1.000000000000000000, 0.000000000000000000, -0.000000000000000000 ) ) ;
#233 = ORIENTED_EDGE ( 'NONE', *, *, #3739, .F. ) ;
#234 = CARTESIAN_POINT ( 'NONE',  ( -2.095500000000005247, 7.492999999999999439, -2.095500000000001695 ) ) ;
#235 = VECTOR ( 'NONE', #4466, 1000.000000000000000 ) ;
#236 = CARTESIAN_POINT ( 'NONE',  ( -1.651000000000001355, 6.222999999999998977, -0.8889999999999987912 ) ) ;
#237 =( REPRESENTATION_RELATIONSHIP ('NONE','NONE', #132, #2825 ) REPRESENTATION_RELATIONSHIP_WITH_TRANSFORMATION ( #311 )SHAPE_REPRESENTATION_RELATIONSHIP( ) );
#238 = DIRECTION ( 'NONE',  ( 0.000000000000000000, 0.9659258262890700886, -0.2588190451025143002 ) ) ;
#239 =( LENGTH_UNIT ( ) NAMED_UNIT ( * ) SI_UNIT ( .MILLI., .METRE. ) );
#240 = ORIENTED_EDGE ( 'NONE', *, *, #5202, .T. ) ;
#241 = VERTEX_POINT ( 'NONE', #5028 ) ;
#242 = PLANE ( 'NONE',  #263 ) ;
#243 = DIRECTION ( 'NONE',  ( 0.000000000000000000, 0.000000000000000000, -1.000000000000000000 ) ) ;
#244 = ADVANCED_FACE ( 'NONE', ( #5590 ), #3316, .T. ) ;
#245 = DIRECTION ( 'NONE',  ( 0.000000000000000000, -1.733406087350420004E-16, 1.000000000000000000 ) ) ;
#246 = LINE ( 'NONE', #5446, #6050 ) ;
#247 = DIRECTION ( 'NONE',  ( 0.000000000000000000, 1.138269997360111548E-15, 1.000000000000000000 ) ) ;
#248 = LINE ( 'NONE', #5715, #1455 ) ;
#249 = ORIENTED_EDGE ( 'NONE', *, *, #1982, .F. ) ;
#250 = ORIENTED_EDGE ( 'NONE', *, *, #5049, .T. ) ;
#251 = EDGE_CURVE ( 'NONE', #2286, #3231, #1599, .T. ) ;
#252 = DIRECTION ( 'NONE',  ( 0.000000000000000000, -1.224646799147354686E-16, 1.000000000000000000 ) ) ;
#253 = CARTESIAN_POINT ( 'NONE',  ( 1.734723475976807094E-15, 0.8889999999999985691, 1.984781810244993228 ) ) ;
#254 = DIRECTION ( 'NONE',  ( 0.000000000000000000, -1.000000000000000000, 0.000000000000000000 ) ) ;
#255 = VERTEX_POINT ( 'NONE', #6786 ) ;
#256 = ORIENTED_EDGE ( 'NONE', *, *, #911, .T. ) ;
#257 = LINE ( 'NONE', #6734, #4205 ) ;
#258 = EDGE_CURVE ( 'NONE', #4877, #508, #6821, .T. ) ;
#259 = CARTESIAN_POINT ( 'NONE',  ( 5.080000000000002736, 0.3809999999999999498, -2.501900000000000901 ) ) ;
#260 = CARTESIAN_POINT ( 'NONE',  ( 2.540000000000002256, 0.3809999999999993947, -2.120900000000001562 ) ) ;
#261 = VECTOR ( 'NONE', #78, 1000.000000000000000 ) ;
#262 = LINE ( 'NONE', #2655, #6907 ) ;
#263 = AXIS2_PLACEMENT_3D ( 'NONE', #7207, #710, #4413 ) ;
#264 = PLANE ( 'NONE',  #1636 ) ;
#265 = ORIENTED_EDGE ( 'NONE', *, *, #2979, .F. ) ;
#266 = ORIENTED_EDGE ( 'NONE', *, *, #2247, .F. ) ;
#267 = DIRECTION ( 'NONE',  ( -1.000000000000000000, 0.000000000000000000, 0.000000000000000000 ) ) ;
#268 = EDGE_CURVE ( 'NONE', #7106, #5430, #929, .T. ) ;
#269 = PLANE ( 'NONE',  #2595 ) ;
#270 = EDGE_CURVE ( 'NONE', #1315, #3094, #1490, .T. ) ;
#271 = VECTOR ( 'NONE', #7392, 1000.000000000000000 ) ;
#272 = UNCERTAINTY_MEASURE_WITH_UNIT (LENGTH_MEASURE( 1.000000000000000082E-05 ), #7102, 'distance_accuracy_value', 'NONE');
#273 = ORIENTED_EDGE ( 'NONE', *, *, #7538, .F. ) ;
#274 = LINE ( 'NONE', #3128, #5420 ) ;
#275 = ORIENTED_EDGE ( 'NONE', *, *, #2788, .T. ) ;
#276 = EDGE_LOOP ( 'NONE', ( #1383, #3721, #1766, #4776 ) ) ;
#277 = CARTESIAN_POINT ( 'NONE',  ( -1.651000000000001355, 7.048499999999997101, 1.651000000000001355 ) ) ;
#278 = LINE ( 'NONE', #4339, #4937 ) ;
#279 = DIRECTION ( 'NONE',  ( 0.000000000000000000, 0.000000000000000000, 1.000000000000000000 ) ) ;
#280 = LINE ( 'NONE', #4528, #7014 ) ;
#281 = DIRECTION ( 'NONE',  ( 0.000000000000000000, -1.000000000000000000, 0.000000000000000000 ) ) ;
#282 = PLANE ( 'NONE',  #4168 ) ;
#283 = VERTEX_POINT ( 'NONE', #2697 ) ;
#284 = ADVANCED_FACE ( 'NONE', ( #3274 ), #5662, .F. ) ;
#285 = ORIENTED_EDGE ( 'NONE', *, *, #25, .F. ) ;
#286 = AXIS2_PLACEMENT_3D ( 'NONE', #3724, #761, #5528 ) ;
#287 =( LENGTH_UNIT ( ) NAMED_UNIT ( * ) SI_UNIT ( .MILLI., .METRE. ) );
#288 = CARTESIAN_POINT ( 'NONE',  ( 0.3047999999999999599, 0.6730999999999999206, -1.714499999999999913 ) ) ;
#289 = CARTESIAN_POINT ( 'NONE',  ( 1.650999999999998025, 6.222999999999998977, -0.8889999999999987912 ) ) ;
#290 = CARTESIAN_POINT ( 'NONE',  ( 0.3047999999999999599, 0.2539999999999993929, -3.302000000000000046 ) ) ;
#291 = VECTOR ( 'NONE', #2957, 1000.000000000000000 ) ;
#292 = ORIENTED_EDGE ( 'NONE', *, *, #5861, .T. ) ;
#293 = EDGE_CURVE ( 'NONE', #508, #6069, #966, .T. ) ;
#294 = ORIENTED_EDGE ( 'NONE', *, *, #293, .F. ) ;
#295 = LINE ( 'NONE', #7424, #3462 ) ;
#296 = AXIS2_PLACEMENT_3D ( 'NONE', #442, #1745, #6493 ) ;
#297 = PRESENTATION_LAYER_ASSIGNMENT (  '', '', ( #7020 ) ) ;
#298 = DIRECTION ( 'NONE',  ( -0.000000000000000000, 1.000000000000000000, 1.733406087350420004E-16 ) ) ;
#299 = CARTESIAN_POINT ( 'NONE',  ( 0.8889999999999991243, 6.222999999999998977, -0.8889999999999987912 ) ) ;
#300 = LINE ( 'NONE', #5058, #5917 ) ;
#301 = VERTEX_POINT ( 'NONE', #2183 ) ;
#302 = ORIENTED_EDGE ( 'NONE', *, *, #6347, .T. ) ;
#303 = AXIS2_PLACEMENT_3D ( 'NONE', #6048, #3595, #5389 ) ;
#304 = DIRECTION ( 'NONE',  ( -1.000000000000000000, -0.000000000000000000, -0.000000000000000000 ) ) ;
#305 = VERTEX_POINT ( 'NONE', #4550 ) ;
#306 = ADVANCED_FACE ( 'NONE', ( #1081 ), #4661, .F. ) ;
#307 = DIRECTION ( 'NONE',  ( -0.7071067811865456854, -0.7071067811865494601, -1.225703198915526333E-16 ) ) ;
#308 = LINE ( 'NONE', #7436, #5184 ) ;
#309 = AXIS2_PLACEMENT_3D ( 'NONE', #1671, #2254, #488 ) ;
#310 = CARTESIAN_POINT ( 'NONE',  ( 7.620000000000001883, 0.3809999999999992837, 2.501899999999999125 ) ) ;
#311 = ITEM_DEFINED_TRANSFORMATION ( 'NONE', 'NONE', #1554,  #7126 ) ;
#312 =( NAMED_UNIT ( * ) SI_UNIT ( $, .STERADIAN. ) SOLID_ANGLE_UNIT ( ) );
#313 = EDGE_LOOP ( 'NONE', ( #410, #489, #6716, #6244 ) ) ;
#314 = ADVANCED_FACE ( 'NONE', ( #2376 ), #2807, .F. ) ;
#315 = VECTOR ( 'NONE', #4150, 1000.000000000000000 ) ;
#316 = EDGE_CURVE ( 'NONE', #3285, #2541, #4701, .T. ) ;
#317 = ORIENTED_EDGE ( 'NONE', *, *, #3349, .F. ) ;
#318 = ORIENTED_EDGE ( 'NONE', *, *, #1126, .F. ) ;
#319 = DIRECTION ( 'NONE',  ( 1.000000000000000000, 0.000000000000000000, 0.000000000000000000 ) ) ;
#320 = LINE ( 'NONE', #829, #5695 ) ;
#321 = VECTOR ( 'NONE', #4108, 1000.000000000000000 ) ;
#322 = VECTOR ( 'NONE', #5892, 1000.000000000000000 ) ;
#323 = DIRECTION ( 'NONE',  ( 1.000000000000000000, 0.000000000000000000, 0.000000000000000000 ) ) ;
#324 = DIRECTION ( 'NONE',  ( 0.000000000000000000, 1.422837496700139336E-15, -1.000000000000000000 ) ) ;
#325 = DIRECTION ( 'NONE',  ( -1.000000000000000000, 0.000000000000000000, 0.000000000000000000 ) ) ;
#326 = CARTESIAN_POINT ( 'NONE',  ( 12.70000000000000107, 6.222999999999998977, -2.201425730935033664E-16 ) ) ;
#327 = EDGE_CURVE ( 'NONE', #1362, #1347, #4740, .T. ) ;
#328 = ORIENTED_EDGE ( 'NONE', *, *, #6186, .F. ) ;
#329 = ORIENTED_EDGE ( 'NONE', *, *, #6005, .F. ) ;
#330 = AXIS2_PLACEMENT_3D ( 'NONE', #4131, #5934, #2787 ) ;
#331 = FILL_AREA_STYLE_COLOUR ( '', #2677 ) ;
#332 = LINE ( 'NONE', #221, #1424 ) ;
#333 = CARTESIAN_POINT ( 'NONE',  ( 2.540000000000002256, 0.000000000000000000, 0.000000000000000000 ) ) ;
#334 = EDGE_CURVE ( 'NONE', #2593, #3477, #7117, .T. ) ;
#335 = DIRECTION ( 'NONE',  ( 0.000000000000000000, -1.000000000000000000, -1.733406087350420004E-16 ) ) ;
#336 = ORIENTED_EDGE ( 'NONE', *, *, #3020, .T. ) ;
#337 = ORIENTED_EDGE ( 'NONE', *, *, #1311, .F. ) ;
#338 = APPLICATION_CONTEXT ( 'automotive_design' ) ;
#339 = PRODUCT ( 'NPPC032KFMS-RC_C08S', 'NPPC032KFMS-RC_C08S', '', ( #118 ) ) ;
#340 = DIRECTION ( 'NONE',  ( -1.000000000000000000, -0.000000000000000000, -0.000000000000000000 ) ) ;
#341 = CARTESIAN_POINT ( 'NONE',  ( 0.3047999999999999599, 0.6731000000000003647, 1.714499999999999913 ) ) ;
#342 = EDGE_CURVE ( 'NONE', #1373, #4669, #6506, .T. ) ;
#343 = CARTESIAN_POINT ( 'NONE',  ( -9.271000000000000796, 6.222999999999998977, 1.651000000000001133 ) ) ;
#344 = ADVANCED_FACE ( 'NONE', ( #3997 ), #2848, .F. ) ;
#345 = ORIENTED_EDGE ( 'NONE', *, *, #3466, .F. ) ;
#346 = CARTESIAN_POINT ( 'NONE',  ( -10.15999999999999837, 7.492999999999998550, 2.501900000000000901 ) ) ;
#347 = VERTEX_POINT ( 'NONE', #4155 ) ;
#348 = CARTESIAN_POINT ( 'NONE',  ( 10.41399999999999970, 0.3809999999999993947, -2.120900000000001562 ) ) ;
#349 = DIRECTION ( 'NONE',  ( 0.000000000000000000, -1.138269997360111548E-15, -1.000000000000000000 ) ) ;
#350 = DIRECTION ( 'NONE',  ( 0.000000000000000000, -1.733406087350420251E-16, 1.000000000000000000 ) ) ;
#351 = UNCERTAINTY_MEASURE_WITH_UNIT (LENGTH_MEASURE( 1.000000000000000082E-05 ), #4051, 'distance_accuracy_value', 'NONE');
#352 = ADVANCED_FACE ( 'NONE', ( #530 ), #7546, .F. ) ;
#353 = FACE_OUTER_BOUND ( 'NONE', #6909, .T. ) ;
#354 = AXIS2_PLACEMENT_3D ( 'NONE', #7069, #2948, #5831 ) ;
#355 = ORIENTED_EDGE ( 'NONE', *, *, #963, .F. ) ;
#356 = VERTEX_POINT ( 'NONE', #2962 ) ;
#357 = DIRECTION ( 'NONE',  ( 0.000000000000000000, 1.000000000000000000, 2.439149994343092652E-16 ) ) ;
#358 = DIRECTION ( 'NONE',  ( -1.000000000000000000, 0.000000000000000000, 0.000000000000000000 ) ) ;
#359 = ADVANCED_FACE ( 'NONE', ( #7045 ), #5763, .F. ) ;
#360 = LINE ( 'NONE', #4595, #6412 ) ;
#361 = DIRECTION ( 'NONE',  ( 1.000000000000000000, 0.000000000000000000, 0.000000000000000000 ) ) ;
#362 = PLANE ( 'NONE',  #3914 ) ;
#363 = PLANE ( 'NONE',  #2814 ) ;
#364 = ORIENTED_EDGE ( 'NONE', *, *, #4485, .T. ) ;
#365 = ORIENTED_EDGE ( 'NONE', *, *, #673, .F. ) ;
#366 = VERTEX_POINT ( 'NONE', #6547 ) ;
#367 = EDGE_CURVE ( 'NONE', #3790, #6752, #6469, .T. ) ;
#368 = DIRECTION ( 'NONE',  ( 1.000000000000000000, 0.000000000000000000, 0.000000000000000000 ) ) ;
#369 = DIRECTION ( 'NONE',  ( 1.000000000000000000, 0.000000000000000000, 0.000000000000000000 ) ) ;
#370 = LINE ( 'NONE', #2794, #2198 ) ;
#371 = CARTESIAN_POINT ( 'NONE',  ( -9.271000000000000796, 7.048499999999997989, -0.8889999999999986802 ) ) ;
#372 = ORIENTED_EDGE ( 'NONE', *, *, #3151, .F. ) ;
#373 = EDGE_LOOP ( 'NONE', ( #2357, #4940, #5145, #379 ) ) ;
#374 = DIRECTION ( 'NONE',  ( 1.000000000000000000, 0.000000000000000000, 0.000000000000000000 ) ) ;
#375 = FACE_OUTER_BOUND ( 'NONE', #7683, .T. ) ;
#376 = PLANE ( 'NONE',  #309 ) ;
#377 = VERTEX_POINT ( 'NONE', #422 ) ;
#378 = CARTESIAN_POINT ( 'NONE',  ( -9.271000000000000796, 7.048499999999997989, -1.650999999999998691 ) ) ;
#379 = ORIENTED_EDGE ( 'NONE', *, *, #6092, .T. ) ;
#380 = STYLED_ITEM ( 'NONE', ( #974 ), #1048 ) ;
#381 = VECTOR ( 'NONE', #3043, 1000.000000000000000 ) ;
#382 = ADVANCED_FACE ( 'NONE', ( #7083 ), #2222, .F. ) ;
#383 = EDGE_CURVE ( 'NONE', #2864, #1488, #2260, .T. ) ;
#384 = CARTESIAN_POINT ( 'NONE',  ( -7.619999999999998330, 0.3809999999999988396, 2.120899999999999785 ) ) ;
#385 = VECTOR ( 'NONE', #660, 1000.000000000000000 ) ;
#386 = DIRECTION ( 'NONE',  ( 1.000000000000000000, 0.000000000000000000, 0.000000000000000000 ) ) ;
#387 = CARTESIAN_POINT ( 'NONE',  ( 10.16000000000000192, 0.3809999999999993947, -2.120900000000001562 ) ) ;
#388 = DIRECTION ( 'NONE',  ( -1.000000000000000000, -0.000000000000000000, -0.000000000000000000 ) ) ;
#389 = ORIENTED_EDGE ( 'NONE', *, *, #3526, .F. ) ;
#390 = EDGE_CURVE ( 'NONE', #5669, #4636, #2920, .T. ) ;
#391 = VERTEX_POINT ( 'NONE', #1760 ) ;
#392 = DIRECTION ( 'NONE',  ( 0.5773502691896272854, -0.5773502691896241767, -0.5773502691896257311 ) ) ;
#393 = STYLED_ITEM ( 'NONE', ( #6601 ), #6308 ) ;
#394 = LINE ( 'NONE', #1609, #5938 ) ;
#395 = LINE ( 'NONE', #4527, #7272 ) ;
#396 = DIRECTION ( 'NONE',  ( -1.000000000000000000, -0.000000000000000000, -0.000000000000000000 ) ) ;
#397 = CARTESIAN_POINT ( 'NONE',  ( -8.509000000000002117, 6.222999999999998977, -0.8889999999999987912 ) ) ;
#398 = ORIENTED_EDGE ( 'NONE', *, *, #3358, .T. ) ;
#399 = CARTESIAN_POINT ( 'NONE',  ( 7.620000000000001883, 0.8889999999999985691, 1.984781810244993228 ) ) ;
#400 = VECTOR ( 'NONE', #1761, 1000.000000000000000 ) ;
#401 = VECTOR ( 'NONE', #2227, 1000.000000000000114 ) ;
#402 = ORIENTED_EDGE ( 'NONE', *, *, #2363, .F. ) ;
#403 = ADVANCED_FACE ( 'NONE', ( #7620 ), #2295, .F. ) ;
#404 = ORIENTED_EDGE ( 'NONE', *, *, #5368, .F. ) ;
#405 =( NAMED_UNIT ( * ) SI_UNIT ( $, .STERADIAN. ) SOLID_ANGLE_UNIT ( ) );
#406 = DIRECTION ( 'NONE',  ( 0.000000000000000000, 1.733406087350420004E-16, -1.000000000000000000 ) ) ;
#407 = DIRECTION ( 'NONE',  ( 0.000000000000000000, 0.000000000000000000, -1.000000000000000000 ) ) ;
#408 = CARTESIAN_POINT ( 'NONE',  ( -9.715500000000005798, 7.492999999999999439, -2.501900000000000901 ) ) ;
#409 = CARTESIAN_POINT ( 'NONE',  ( 10.16000000000000192, 0.3809999999999999498, -2.501900000000000901 ) ) ;
#410 = ORIENTED_EDGE ( 'NONE', *, *, #5466, .T. ) ;
#411 = VECTOR ( 'NONE', #7232, 1000.000000000000000 ) ;
#412 = EDGE_CURVE ( 'NONE', #3414, #2393, #5918, .T. ) ;
#413 = ORIENTED_EDGE ( 'NONE', *, *, #2187, .F. ) ;
#414 = EDGE_CURVE ( 'NONE', #4236, #2234, #4904, .T. ) ;
#415 = CARTESIAN_POINT ( 'NONE',  ( -7.619999999999998330, 0.3809999999999993947, -2.120900000000001562 ) ) ;
#416 = CARTESIAN_POINT ( 'NONE',  ( 8.508999999999998565, 7.048499999999997101, 1.651000000000001355 ) ) ;
#417 = LINE ( 'NONE', #2802, #813 ) ;
#418 = VECTOR ( 'NONE', #1863, 1000.000000000000000 ) ;
#419 = VERTEX_POINT ( 'NONE', #1325 ) ;
#420 = DIRECTION ( 'NONE',  ( 0.000000000000000000, -1.000000000000000000, -1.733406087350420004E-16 ) ) ;
#421 = EDGE_LOOP ( 'NONE', ( #4707, #6171, #1931, #4905 ) ) ;
#422 = CARTESIAN_POINT ( 'NONE',  ( -6.731000000000000760, 6.222999999999998977, 0.8890000000000011227 ) ) ;
#423 = CARTESIAN_POINT ( 'NONE',  ( -2.539999999999997815, 7.492999999999998550, 0.4444999999999978413 ) ) ;
#424 = LINE ( 'NONE', #6472, #7609 ) ;
#425 = EDGE_CURVE ( 'NONE', #6774, #3492, #4861, .T. ) ;
#426 = CARTESIAN_POINT ( 'NONE',  ( 10.16000000000000192, 0.3809999999999993947, -2.120900000000001562 ) ) ;
#427 = ORIENTED_EDGE ( 'NONE', *, *, #3720, .T. ) ;
#428 = ORIENTED_EDGE ( 'NONE', *, *, #4872, .T. ) ;
#429 = AXIS2_PLACEMENT_3D ( 'NONE', #2270, #6979, #3329 ) ;
#430 = DIRECTION ( 'NONE',  ( 0.000000000000000000, -1.733406087350420004E-16, 1.000000000000000000 ) ) ;
#431 = LINE ( 'NONE', #1051, #2708 ) ;
#432 = ORIENTED_EDGE ( 'NONE', *, *, #3952, .T. ) ;
#433 = FACE_OUTER_BOUND ( 'NONE', #20, .T. ) ;
#434 = CARTESIAN_POINT ( 'NONE',  ( -5.969000000000002082, 6.222999999999998977, 0.8890000000000011227 ) ) ;
#435 = ADVANCED_FACE ( 'NONE', ( #613 ), #6032, .F. ) ;
#436 = DIRECTION ( 'NONE',  ( 0.000000000000000000, 1.733406087350420004E-16, -1.000000000000000000 ) ) ;
#437 = CARTESIAN_POINT ( 'NONE',  ( -2.539999999999998703, 7.492999999999999439, -2.501900000000000901 ) ) ;
#438 = ORIENTED_EDGE ( 'NONE', *, *, #2296, .F. ) ;
#439 = ORIENTED_EDGE ( 'NONE', *, *, #1898, .T. ) ;
#440 = CARTESIAN_POINT ( 'NONE',  ( 9.270999999999997243, 6.222999999999998977, 0.8890000000000011227 ) ) ;
#441 = AXIS2_PLACEMENT_3D ( 'NONE', #7486, #2164, #6906 ) ;
#442 = CARTESIAN_POINT ( 'NONE',  ( 3.428999999999999826, 6.222999999999998977, -0.8889999999999987912 ) ) ;
#443 = CARTESIAN_POINT ( 'NONE',  ( 4.635500000000002174, 7.492999999999999439, -2.501900000000000901 ) ) ;
#444 = EDGE_CURVE ( 'NONE', #2928, #1795, #2491, .T. ) ;
#445 = CARTESIAN_POINT ( 'NONE',  ( -0.3047999999999999599, 0.6730999999999999206, -1.714499999999999913 ) ) ;
#446 = ORIENTED_EDGE ( 'NONE', *, *, #6744, .T. ) ;
#447 = VECTOR ( 'NONE', #5859, 1000.000000000000000 ) ;
#448 = ORIENTED_EDGE ( 'NONE', *, *, #6408, .T. ) ;
#449 = DIRECTION ( 'NONE',  ( 0.000000000000000000, 0.000000000000000000, -1.000000000000000000 ) ) ;
#450 = VECTOR ( 'NONE', #6144, 1000.000000000000000 ) ;
#451 = DIRECTION ( 'NONE',  ( 0.000000000000000000, 1.733406087350420004E-16, -1.000000000000000000 ) ) ;
#452 = FACE_OUTER_BOUND ( 'NONE', #6224, .T. ) ;
#453 = VECTOR ( 'NONE', #6831, 1000.000000000000000 ) ;
#454 = EDGE_CURVE ( 'NONE', #937, #4633, #6071, .T. ) ;
#455 = LINE ( 'NONE', #6502, #5926 ) ;
#456 = ORIENTED_EDGE ( 'NONE', *, *, #6673, .F. ) ;
#457 = DIRECTION ( 'NONE',  ( 0.000000000000000000, 1.733406087350420251E-16, -1.000000000000000000 ) ) ;
#458 = ORIENTED_EDGE ( 'NONE', *, *, #1260, .F. ) ;
#459 = DIRECTION ( 'NONE',  ( -0.000000000000000000, 1.000000000000000000, 1.733406087350420004E-16 ) ) ;
#460 = CARTESIAN_POINT ( 'NONE',  ( -7.175500000000004874, 7.492999999999999439, -2.095500000000001695 ) ) ;
#461 = CARTESIAN_POINT ( 'NONE',  ( 4.190999999999998948, 6.222999999999998977, -0.8889999999999987912 ) ) ;
#462 = DIRECTION ( 'NONE',  ( 0.000000000000000000, -1.422837496700138942E-15, 1.000000000000000000 ) ) ;
#463 = EDGE_CURVE ( 'NONE', #4368, #5913, #1909, .T. ) ;
#464 = DIRECTION ( 'NONE',  ( 0.000000000000000000, 0.000000000000000000, -1.000000000000000000 ) ) ;
#465 = VERTEX_POINT ( 'NONE', #690 ) ;
#466 = VERTEX_POINT ( 'NONE', #4824 ) ;
#467 = FACE_OUTER_BOUND ( 'NONE', #5391, .T. ) ;
#468 = ORIENTED_EDGE ( 'NONE', *, *, #2797, .T. ) ;
#469 = CARTESIAN_POINT ( 'NONE',  ( 1.734723475976807094E-15, 7.492999999999999439, -0.4444999999999956763 ) ) ;
#470 = LINE ( 'NONE', #4564, #5041 ) ;
#471 = ORIENTED_EDGE ( 'NONE', *, *, #6536, .T. ) ;
#472 = CARTESIAN_POINT ( 'NONE',  ( 2.540000000000002256, 0.8889999999999985691, 1.984781810244993228 ) ) ;
#473 = ORIENTED_EDGE ( 'NONE', *, *, #2986, .T. ) ;
#474 = ORIENTED_EDGE ( 'NONE', *, *, #6770, .T. ) ;
#475 = EDGE_CURVE ( 'NONE', #1896, #7274, #184, .T. ) ;
#476 = LINE ( 'NONE', #6232, #1737 ) ;
#477 = EDGE_CURVE ( 'NONE', #6706, #6417, #1862, .T. ) ;
#478 = AXIS2_PLACEMENT_3D ( 'NONE', #5459, #7273, #143 ) ;
#479 = VECTOR ( 'NONE', #4851, 1000.000000000000000 ) ;
#480 = CARTESIAN_POINT ( 'NONE',  ( 0.3047999999999999599, 0.8889999999999995683, -1.968499999999999694 ) ) ;
#481 = FACE_OUTER_BOUND ( 'NONE', #4293, .T. ) ;
#482 = LINE ( 'NONE', #445, #6584 ) ;
#483 = EDGE_LOOP ( 'NONE', ( #6318, #947, #5132, #7021 ) ) ;
#484 = ORIENTED_EDGE ( 'NONE', *, *, #2775, .T. ) ;
#485 = EDGE_CURVE ( 'NONE', #192, #6774, #2532, .T. ) ;
#486 = FACE_OUTER_BOUND ( 'NONE', #1370, .T. ) ;
#487 = CARTESIAN_POINT ( 'NONE',  ( 7.620000000000001883, 0.3809999999999999498, -2.501900000000000901 ) ) ;
#488 = DIRECTION ( 'NONE',  ( -0.000000000000000000, 0.000000000000000000, 1.000000000000000000 ) ) ;
#489 = ORIENTED_EDGE ( 'NONE', *, *, #6582, .F. ) ;
#490 = CARTESIAN_POINT ( 'NONE',  ( -5.079999999999998295, 7.492999999999998550, 2.501900000000000901 ) ) ;
#491 = VERTEX_POINT ( 'NONE', #6110 ) ;
#492 = DIRECTION ( 'NONE',  ( 0.000000000000000000, 0.000000000000000000, -1.000000000000000000 ) ) ;
#493 = EDGE_LOOP ( 'NONE', ( #2347, #164, #6478, #7357 ) ) ;
#494 = DIRECTION ( 'NONE',  ( 1.000000000000000000, 0.000000000000000000, 0.000000000000000000 ) ) ;
#495 = EDGE_CURVE ( 'NONE', #1394, #2747, #1241, .T. ) ;
#496 = CARTESIAN_POINT ( 'NONE',  ( 1.734723475976807094E-15, 0.3809999999999992837, 2.501899999999999125 ) ) ;
#497 = FILL_AREA_STYLE ('',( #3542 ) ) ;
#498 = DIRECTION ( 'NONE',  ( -0.000000000000000000, 0.2588190451025143002, 0.9659258262890700886 ) ) ;
#499 = ORIENTED_EDGE ( 'NONE', *, *, #2573, .T. ) ;
#500 = ORIENTED_EDGE ( 'NONE', *, *, #5898, .T. ) ;
#501 = ORIENTED_EDGE ( 'NONE', *, *, #4485, .F. ) ;
#502 = ADVANCED_FACE ( 'NONE', ( #5954 ), #6660, .F. ) ;
#503 = CARTESIAN_POINT ( 'NONE',  ( -5.969000000000002082, 6.222999999999998977, 1.651000000000001133 ) ) ;
#504 = EDGE_LOOP ( 'NONE', ( #5887, #7667, #3712, #6170 ) ) ;
#505 = CARTESIAN_POINT ( 'NONE',  ( -0.1777999999999999858, 0.000000000000000000, 3.302000000000000046 ) ) ;
#506 = DIRECTION ( 'NONE',  ( 0.000000000000000000, 1.000000000000000000, 0.000000000000000000 ) ) ;
#507 = FACE_OUTER_BOUND ( 'NONE', #4249, .T. ) ;
#508 = VERTEX_POINT ( 'NONE', #3150 ) ;
#509 = ORIENTED_EDGE ( 'NONE', *, *, #3884, .F. ) ;
#510 = CARTESIAN_POINT ( 'NONE',  ( 1.734723475976807094E-15, 0.000000000000000000, 0.000000000000000000 ) ) ;
#511 = DIRECTION ( 'NONE',  ( -0.000000000000000000, 1.000000000000000000, 1.733406087350420004E-16 ) ) ;
#512 = DIRECTION ( 'NONE',  ( 0.000000000000000000, 0.000000000000000000, -1.000000000000000000 ) ) ;
#513 = DIRECTION ( 'NONE',  ( -0.000000000000000000, 0.000000000000000000, 1.000000000000000000 ) ) ;
#514 = FACE_BOUND ( 'NONE', #4471, .T. ) ;
#515 = EDGE_CURVE ( 'NONE', #347, #5371, #3076, .T. ) ;
#516 = EDGE_LOOP ( 'NONE', ( #709, #219, #3083, #1133 ) ) ;
#517 = VERTEX_POINT ( 'NONE', #1365 ) ;
#518 = VECTOR ( 'NONE', #1642, 1000.000000000000000 ) ;
#519 = CARTESIAN_POINT ( 'NONE',  ( 4.635500000000002174, 7.492999999999998550, 0.4444999999999979523 ) ) ;
#520 = LINE ( 'NONE', #7039, #3398 ) ;
#521 = DIRECTION ( 'NONE',  ( -1.000000000000000000, -0.000000000000000000, -0.000000000000000000 ) ) ;
#522 = VERTEX_POINT ( 'NONE', #6616 ) ;
#523 = CARTESIAN_POINT ( 'NONE',  ( -1.651000000000001355, 6.222999999999998977, -0.8889999999999987912 ) ) ;
#524 = AXIS2_PLACEMENT_3D ( 'NONE', #7464, #1484, #6884 ) ;
#525 = VECTOR ( 'NONE', #3038, 1000.000000000000000 ) ;
#526 = EDGE_CURVE ( 'NONE', #7637, #7587, #7190, .T. ) ;
#527 = VECTOR ( 'NONE', #2535, 1000.000000000000000 ) ;
#528 = DIRECTION ( 'NONE',  ( 0.000000000000000000, 0.000000000000000000, -1.000000000000000000 ) ) ;
#529 = ORIENTED_EDGE ( 'NONE', *, *, #4170, .F. ) ;
#530 = FACE_OUTER_BOUND ( 'NONE', #1729, .T. ) ;
#531 = AXIS2_PLACEMENT_3D ( 'NONE', #5726, #6278, #5799 ) ;
#532 = DIRECTION ( 'NONE',  ( 0.000000000000000000, 1.422837496700139336E-15, -1.000000000000000000 ) ) ;
#533 = CARTESIAN_POINT ( 'NONE',  ( 10.15999999999999837, 0.8889999999999985691, 1.984781810244993228 ) ) ;
#534 = CARTESIAN_POINT ( 'NONE',  ( 1.734723475976807094E-15, 0.3809999999999988396, 2.120899999999999785 ) ) ;
#535 = EDGE_LOOP ( 'NONE', ( #3134, #5232, #2004, #1278 ) ) ;
#536 = ADVANCED_FACE ( 'NONE', ( #3661, #2575, #5991 ), #7310, .F. ) ;
#537 = LINE ( 'NONE', #4282, #1888 ) ;
#538 = CIRCLE ( 'NONE', #4906, 0.1269999999999999463 ) ;
#539 = ORIENTED_EDGE ( 'NONE', *, *, #2871, .F. ) ;
#540 = EDGE_LOOP ( 'NONE', ( #7206, #7405, #3577, #1209 ) ) ;
#541 = VERTEX_POINT ( 'NONE', #4352 ) ;
#542 = DIRECTION ( 'NONE',  ( 0.000000000000000000, 0.000000000000000000, -1.000000000000000000 ) ) ;
#543 = VERTEX_POINT ( 'NONE', #1202 ) ;
#544 = LINE ( 'NONE', #5348, #7515 ) ;
#545 = EDGE_CURVE ( 'NONE', #6743, #1017, #1486, .T. ) ;
#546 = DIRECTION ( 'NONE',  ( 0.000000000000000000, 1.733406087350420004E-16, -1.000000000000000000 ) ) ;
#547 = ADVANCED_FACE ( 'NONE', ( #2450 ), #1282, .F. ) ;
#548 = ORIENTED_EDGE ( 'NONE', *, *, #4813, .F. ) ;
#549 = DIRECTION ( 'NONE',  ( -1.000000000000000000, -0.000000000000000000, -0.000000000000000000 ) ) ;
#550 = ORIENTED_EDGE ( 'NONE', *, *, #1475, .F. ) ;
#551 = ORIENTED_EDGE ( 'NONE', *, *, #6607, .F. ) ;
#552 = LINE ( 'NONE', #1701, #4602 ) ;
#553 = LINE ( 'NONE', #2946, #2557 ) ;
#554 = DIRECTION ( 'NONE',  ( 0.000000000000000000, -0.000000000000000000, -1.000000000000000000 ) ) ;
#555 = EDGE_CURVE ( 'NONE', #2230, #2201, #476, .T. ) ;
#556 = DIRECTION ( 'NONE',  ( -1.000000000000000000, -0.000000000000000000, -0.000000000000000000 ) ) ;
#557 = ORIENTED_EDGE ( 'NONE', *, *, #3555, .T. ) ;
#558 = VERTEX_POINT ( 'NONE', #5690 ) ;
#559 = AXIS2_PLACEMENT_3D ( 'NONE', #326, #7332, #2125 ) ;
#560 = AXIS2_PLACEMENT_3D ( 'NONE', #1359, #6769, #2066 ) ;
#561 = DIRECTION ( 'NONE',  ( 0.000000000000000000, 2.439149994343092652E-16, -1.000000000000000000 ) ) ;
#562 = DIRECTION ( 'NONE',  ( 1.000000000000000000, 0.000000000000000000, 0.000000000000000000 ) ) ;
#563 = LINE ( 'NONE', #7148, #5046 ) ;
#564 = ORIENTED_EDGE ( 'NONE', *, *, #2469, .F. ) ;
#565 = CARTESIAN_POINT ( 'NONE',  ( -10.15999999999999837, 7.492999999999999439, -2.501900000000000901 ) ) ;
#566 = ORIENTED_EDGE ( 'NONE', *, *, #6725, .F. ) ;
#567 = VECTOR ( 'NONE', #1352, 1000.000000000000114 ) ;
#568 = VECTOR ( 'NONE', #1423, 1000.000000000000000 ) ;
#569 = AXIS2_PLACEMENT_3D ( 'NONE', #2719, #6414, #4022 ) ;
#570 = CARTESIAN_POINT ( 'NONE',  ( -7.619999999999998330, 7.492999999999998550, 2.501900000000000901 ) ) ;
#571 = ORIENTED_EDGE ( 'NONE', *, *, #3608, .F. ) ;
#572 = CARTESIAN_POINT ( 'NONE',  ( 10.41399999999999970, 0.8889999999999989022, -1.984781810244995004 ) ) ;
#573 = EDGE_CURVE ( 'NONE', #2192, #2928, #2687, .T. ) ;
#574 = VECTOR ( 'NONE', #2468, 1000.000000000000000 ) ;
#575 = EDGE_CURVE ( 'NONE', #5115, #7363, #2103, .T. ) ;
#576 = VECTOR ( 'NONE', #914, 1000.000000000000000 ) ;
#577 = CARTESIAN_POINT ( 'NONE',  ( 0.3047999999999999599, 0.8889999999999995683, -1.714499999999999913 ) ) ;
#578 = LINE ( 'NONE', #5882, #4383 ) ;
#579 = DIRECTION ( 'NONE',  ( 0.000000000000000000, 1.733406087350420004E-16, -1.000000000000000000 ) ) ;
#580 = ORIENTED_EDGE ( 'NONE', *, *, #628, .T. ) ;
#581 = CARTESIAN_POINT ( 'NONE',  ( -5.079999999999997407, 7.492999999999998550, 2.501900000000000901 ) ) ;
#582 = VERTEX_POINT ( 'NONE', #5615 ) ;
#583 = VECTOR ( 'NONE', #2856, 1000.000000000000000 ) ;
#584 = CARTESIAN_POINT ( 'NONE',  ( 1.734723475976807094E-15, 7.492999999999998550, 2.501900000000000901 ) ) ;
#585 = EDGE_CURVE ( 'NONE', #4511, #1122, #2033, .T. ) ;
#586 = LINE ( 'NONE', #2972, #955 ) ;
#587 = AXIS2_PLACEMENT_3D ( 'NONE', #3317, #5100, #1682 ) ;
#588 = EDGE_LOOP ( 'NONE', ( #997, #2427, #5596, #3403 ) ) ;
#589 = LINE ( 'NONE', #3088, #5280 ) ;
#590 = LINE ( 'NONE', #1219, #7391 ) ;
#591 = ORIENTED_EDGE ( 'NONE', *, *, #3364, .F. ) ;
#592 = DIRECTION ( 'NONE',  ( 0.000000000000000000, -1.092515224483717382E-16, 1.000000000000000000 ) ) ;
#593 = ORIENTED_EDGE ( 'NONE', *, *, #6211, .F. ) ;
#594 = EDGE_LOOP ( 'NONE', ( #4689, #6359, #6327, #3822 ) ) ;
#595 = CARTESIAN_POINT ( 'NONE',  ( 2.540000000000002256, 7.492999999999998550, 0.4444999999999978413 ) ) ;
#596 = EDGE_CURVE ( 'NONE', #7227, #183, #5582, .T. ) ;
#597 = AXIS2_PLACEMENT_3D ( 'NONE', #3425, #5292, #5209 ) ;
#598 = AXIS2_PLACEMENT_3D ( 'NONE', #4140, #3984, #7682 ) ;
#599 = DIRECTION ( 'NONE',  ( 1.000000000000000000, 0.000000000000000000, 0.000000000000000000 ) ) ;
#600 = PLANE ( 'NONE',  #7411 ) ;
#601 = CARTESIAN_POINT ( 'NONE',  ( 10.41399999999999970, 7.492999999999998550, 2.501900000000000901 ) ) ;
#602 = ORIENTED_EDGE ( 'NONE', *, *, #1721, .T. ) ;
#603 = EDGE_LOOP ( 'NONE', ( #5254, #6959, #612, #6935, #1617, #2996 ) ) ;
#604 = EDGE_CURVE ( 'NONE', #2508, #4207, #846, .T. ) ;
#605 = EDGE_CURVE ( 'NONE', #2623, #2230, #1520, .T. ) ;
#606 = DIRECTION ( 'NONE',  ( -1.000000000000000000, 0.000000000000000000, 0.000000000000000000 ) ) ;
#607 = FACE_OUTER_BOUND ( 'NONE', #5916, .T. ) ;
#608 = FACE_BOUND ( 'NONE', #4209, .T. ) ;
#609 = LINE ( 'NONE', #490, #5808 ) ;
#610 = CARTESIAN_POINT ( 'NONE',  ( 10.16000000000000192, 0.3809999999999992837, 2.501899999999999125 ) ) ;
#611 = ORIENTED_EDGE ( 'NONE', *, *, #4170, .T. ) ;
#612 = ORIENTED_EDGE ( 'NONE', *, *, #2969, .T. ) ;
#613 = FACE_OUTER_BOUND ( 'NONE', #3424, .T. ) ;
#614 = ORIENTED_EDGE ( 'NONE', *, *, #6701, .T. ) ;
#615 = CARTESIAN_POINT ( 'NONE',  ( 5.968999999999998529, 6.222999999999998977, 1.651000000000001133 ) ) ;
#616 = CARTESIAN_POINT ( 'NONE',  ( -2.539999999999997815, 7.492999999999999439, -2.501900000000000901 ) ) ;
#617 = CARTESIAN_POINT ( 'NONE',  ( -3.683000000000002938, 6.794499999999997542, 1.397000000000001130 ) ) ;
#618 = VERTEX_POINT ( 'NONE', #4393 ) ;
#619 = DIRECTION ( 'NONE',  ( 1.000000000000000000, 0.000000000000000000, 0.000000000000000000 ) ) ;
#620 = VERTEX_POINT ( 'NONE', #1443 ) ;
#621 = EDGE_CURVE ( 'NONE', #2917, #796, #6410, .T. ) ;
#622 = CARTESIAN_POINT ( 'NONE',  ( -1.651000000000001355, 7.048499999999997989, -1.650999999999998691 ) ) ;
#623 = DIRECTION ( 'NONE',  ( -0.000000000000000000, 0.2588190451025143002, 0.9659258262890700886 ) ) ;
#624 = CARTESIAN_POINT ( 'NONE',  ( 10.15999999999999837, 0.8889999999999989022, -1.984781810244995004 ) ) ;
#625 = LINE ( 'NONE', #6088, #5154 ) ;
#626 = EDGE_LOOP ( 'NONE', ( #580, #6052, #897, #6053 ) ) ;
#627 = CARTESIAN_POINT ( 'NONE',  ( -8.509000000000002117, 7.048499999999997101, 1.651000000000001355 ) ) ;
#628 = EDGE_CURVE ( 'NONE', #4181, #2458, #919, .T. ) ;
#629 = ORIENTED_EDGE ( 'NONE', *, *, #6037, .T. ) ;
#630 = ORIENTED_EDGE ( 'NONE', *, *, #5804, .F. ) ;
#631 = AXIS2_PLACEMENT_3D ( 'NONE', #2005, #6201, #5024 ) ;
#632 = FACE_OUTER_BOUND ( 'NONE', #2815, .T. ) ;
#633 = VECTOR ( 'NONE', #4871, 1000.000000000000000 ) ;
#634 = DIRECTION ( 'NONE',  ( 0.000000000000000000, -0.9659258262890699775, -0.2588190451025143002 ) ) ;
#635 = CARTESIAN_POINT ( 'NONE',  ( -9.271000000000000796, 7.048499999999997101, 1.651000000000001355 ) ) ;
#636 = CARTESIAN_POINT ( 'NONE',  ( 0.8889999999999991243, 6.222999999999998977, -0.8889999999999987912 ) ) ;
#637 = CARTESIAN_POINT ( 'NONE',  ( 8.064499999999995339, 7.492999999999999439, -0.4444999999999955653 ) ) ;
#638 = ADVANCED_FACE ( 'NONE', ( #4607 ), #3192, .F. ) ;
#639 = ORIENTED_EDGE ( 'NONE', *, *, #817, .T. ) ;
#640 = ORIENTED_EDGE ( 'NONE', *, *, #119, .T. ) ;
#641 = LINE ( 'NONE', #7109, #7129 ) ;
#642 = CARTESIAN_POINT ( 'NONE',  ( 2.540000000000002256, 0.8889999999999985691, 1.984781810244993228 ) ) ;
#643 = VECTOR ( 'NONE', #2882, 1000.000000000000000 ) ;
#644 = DIRECTION ( 'NONE',  ( -0.000000000000000000, -0.000000000000000000, 1.000000000000000000 ) ) ;
#645 = CARTESIAN_POINT ( 'NONE',  ( 7.620000000000001883, 0.8889999999999985691, 1.984781810244993228 ) ) ;
#646 = EDGE_CURVE ( 'NONE', #1122, #4324, #257, .T. ) ;
#647 = CARTESIAN_POINT ( 'NONE',  ( -5.079999999999997407, 0.3809999999999999498, -2.501900000000000901 ) ) ;
#648 = EDGE_CURVE ( 'NONE', #5409, #4970, #3307, .T. ) ;
#649 = ORIENTED_EDGE ( 'NONE', *, *, #327, .F. ) ;
#650 = CARTESIAN_POINT ( 'NONE',  ( 10.16000000000000192, 7.492999999999999439, -2.501900000000000901 ) ) ;
#651 = ORIENTED_EDGE ( 'NONE', *, *, #79, .T. ) ;
#652 = CARTESIAN_POINT ( 'NONE',  ( 2.540000000000002256, 0.8889999999999985691, 1.984781810244993228 ) ) ;
#653 = DIRECTION ( 'NONE',  ( -0.000000000000000000, 0.000000000000000000, 1.000000000000000000 ) ) ;
#654 = DIRECTION ( 'NONE',  ( 0.000000000000000000, 0.000000000000000000, 1.000000000000000000 ) ) ;
#655 = UNCERTAINTY_MEASURE_WITH_UNIT (LENGTH_MEASURE( 1.000000000000000082E-05 ), #2895, 'distance_accuracy_value', 'NONE');
#656 = ORIENTED_EDGE ( 'NONE', *, *, #4725, .F. ) ;
#657 = CARTESIAN_POINT ( 'NONE',  ( -3.429000000000002490, 7.048499999999997989, -1.650999999999998691 ) ) ;
#658 = ORIENTED_EDGE ( 'NONE', *, *, #1196, .F. ) ;
#659 = VECTOR ( 'NONE', #2072, 1000.000000000000000 ) ;
#660 = DIRECTION ( 'NONE',  ( 0.000000000000000000, -1.733406087350420251E-16, 1.000000000000000000 ) ) ;
#661 = DIRECTION ( 'NONE',  ( 0.000000000000000000, 1.000000000000000000, 1.733406087350420004E-16 ) ) ;
#662 = EDGE_CURVE ( 'NONE', #2556, #6146, #5834, .T. ) ;
#663 = PLANE ( 'NONE',  #4301 ) ;
#664 = DIRECTION ( 'NONE',  ( 1.000000000000000000, 0.000000000000000000, 0.000000000000000000 ) ) ;
#665 = AXIS2_PLACEMENT_3D ( 'NONE', #4506, #2175, #449 ) ;
#666 = ORIENTED_EDGE ( 'NONE', *, *, #1126, .T. ) ;
#667 = CARTESIAN_POINT ( 'NONE',  ( 3.683000000000000718, 6.794499999999998430, 1.143000000000001570 ) ) ;
#668 = VERTEX_POINT ( 'NONE', #1658 ) ;
#669 = ORIENTED_EDGE ( 'NONE', *, *, #4417, .T. ) ;
#670 = CARTESIAN_POINT ( 'NONE',  ( -5.079999999999997407, 0.3809999999999999498, -2.501900000000000901 ) ) ;
#671 =( GEOMETRIC_REPRESENTATION_CONTEXT ( 3 ) GLOBAL_UNCERTAINTY_ASSIGNED_CONTEXT ( ( #1458 ) ) GLOBAL_UNIT_ASSIGNED_CONTEXT ( ( #287, #912, #5719 ) ) REPRESENTATION_CONTEXT ( 'NONE', 'WORKASPACE' ) );
#672 = EDGE_CURVE ( 'NONE', #4800, #5483, #5650, .T. ) ;
#673 = EDGE_CURVE ( 'NONE', #2591, #2864, #295, .T. ) ;
#674 = DIRECTION ( 'NONE',  ( -0.000000000000000000, 1.000000000000000000, 1.733406087350420004E-16 ) ) ;
#675 = CARTESIAN_POINT ( 'NONE',  ( 4.190999999999998948, 7.048499999999997101, 1.651000000000001355 ) ) ;
#676 = CARTESIAN_POINT ( 'NONE',  ( -8.064499999999998892, 7.492999999999999439, -0.4444999999999955653 ) ) ;
#677 = EDGE_LOOP ( 'NONE', ( #144, #1971, #7657, #2564 ) ) ;
#678 = VERTEX_POINT ( 'NONE', #7345 ) ;
#679 = AXIS2_PLACEMENT_3D ( 'NONE', #2046, #7286, #4333 ) ;
#680 = ADVANCED_FACE ( 'NONE', ( #5226 ), #227, .F. ) ;
#681 = VECTOR ( 'NONE', #5128, 1000.000000000000000 ) ;
#682 = FACE_OUTER_BOUND ( 'NONE', #7422, .T. ) ;
#683 = DIRECTION ( 'NONE',  ( 0.000000000000000000, -1.092515224483717382E-16, 1.000000000000000000 ) ) ;
#684 = ORIENTED_EDGE ( 'NONE', *, *, #6473, .T. ) ;
#685 = CARTESIAN_POINT ( 'NONE',  ( -6.731000000000000760, 6.222999999999998977, -1.650999999999998913 ) ) ;
#686 = EDGE_LOOP ( 'NONE', ( #749, #3662, #2826, #4791 ) ) ;
#687 = ORIENTED_EDGE ( 'NONE', *, *, #3111, .T. ) ;
#688 = VECTOR ( 'NONE', #1111, 1000.000000000000000 ) ;
#689 = ORIENTED_EDGE ( 'NONE', *, *, #2089, .T. ) ;
#690 = CARTESIAN_POINT ( 'NONE',  ( 4.190999999999998948, 7.048499999999997101, 0.8890000000000012337 ) ) ;
#691 = EDGE_LOOP ( 'NONE', ( #5946, #1174, #7389, #2467 ) ) ;
#692 = EDGE_CURVE ( 'NONE', #5182, #2968, #6846, .T. ) ;
#693 = CARTESIAN_POINT ( 'NONE',  ( 5.968999999999998529, 7.048499999999997989, -1.650999999999998691 ) ) ;
#694 = CARTESIAN_POINT ( 'NONE',  ( 8.508999999999998565, 6.222999999999998977, 1.651000000000001133 ) ) ;
#695 = CARTESIAN_POINT ( 'NONE',  ( 10.16000000000000192, 0.8889999999999989022, -1.984781810244995004 ) ) ;
#696 = VECTOR ( 'NONE', #2746, 1000.000000000000000 ) ;
#697 = AXIS2_PLACEMENT_3D ( 'NONE', #333, #6305, #407 ) ;
#698 = EDGE_LOOP ( 'NONE', ( #1829, #87, #4296, #194 ) ) ;
#699 = FACE_OUTER_BOUND ( 'NONE', #1509, .T. ) ;
#700 = VECTOR ( 'NONE', #6208, 1000.000000000000000 ) ;
#701 = DIRECTION ( 'NONE',  ( 1.000000000000000000, 0.000000000000000000, -0.000000000000000000 ) ) ;
#702 = EDGE_CURVE ( 'NONE', #1314, #3761, #552, .T. ) ;
#703 = FACE_OUTER_BOUND ( 'NONE', #2212, .T. ) ;
#704 = DIRECTION ( 'NONE',  ( 0.000000000000000000, 1.733406087350420004E-16, -1.000000000000000000 ) ) ;
#705 = SHAPE_DEFINITION_REPRESENTATION ( #4568, #1690 ) ;
#706 = SURFACE_SIDE_STYLE ('',( #3556 ) ) ;
#707 = CARTESIAN_POINT ( 'NONE',  ( 8.508999999999998565, 7.048499999999997989, -1.650999999999998691 ) ) ;
#708 = ORIENTED_EDGE ( 'NONE', *, *, #5910, .T. ) ;
#709 = ORIENTED_EDGE ( 'NONE', *, *, #1950, .T. ) ;
#710 = DIRECTION ( 'NONE',  ( 0.7071067811865452413, -0.7071067811865499042, -1.225703198915527072E-16 ) ) ;
#711 = DIRECTION ( 'NONE',  ( 1.000000000000000000, 0.000000000000000000, 0.000000000000000000 ) ) ;
#712 = DIRECTION ( 'NONE',  ( 0.000000000000000000, 1.733406087350420004E-16, -1.000000000000000000 ) ) ;
#713 = DIRECTION ( 'NONE',  ( 1.000000000000000000, 0.000000000000000000, 0.000000000000000000 ) ) ;
#714 = ORIENTED_EDGE ( 'NONE', *, *, #1526, .F. ) ;
#715 = EDGE_CURVE ( 'NONE', #7281, #1618, #5269, .T. ) ;
#716 = EDGE_CURVE ( 'NONE', #3885, #4976, #4212, .T. ) ;
#717 = ORIENTED_EDGE ( 'NONE', *, *, #6055, .F. ) ;
#718 = LINE ( 'NONE', #1317, #5402 ) ;
#719 = PLANE ( 'NONE',  #3779 ) ;
#720 = CARTESIAN_POINT ( 'NONE',  ( -1.651000000000001355, 7.048499999999997101, 1.651000000000001355 ) ) ;
#721 = ORIENTED_EDGE ( 'NONE', *, *, #6135, .T. ) ;
#722 = CARTESIAN_POINT ( 'NONE',  ( 5.080000000000000959, 0.3809999999999988396, 2.120899999999999785 ) ) ;
#723 = VECTOR ( 'NONE', #3114, 1000.000000000000000 ) ;
#724 = ORIENTED_EDGE ( 'NONE', *, *, #5170, .F. ) ;
#725 = EDGE_CURVE ( 'NONE', #10, #4496, #3518, .T. ) ;
#726 = EDGE_LOOP ( 'NONE', ( #5117, #3868, #4049, #3814 ) ) ;
#727 = EDGE_LOOP ( 'NONE', ( #5820, #3832, #5475, #2471 ) ) ;
#728 = CARTESIAN_POINT ( 'NONE',  ( 0.8889999999999991243, 7.048499999999997989, -1.650999999999998691 ) ) ;
#729 = ORIENTED_EDGE ( 'NONE', *, *, #2178, .F. ) ;
#730 = DIRECTION ( 'NONE',  ( -1.000000000000000000, 0.000000000000000000, 0.000000000000000000 ) ) ;
#731 = DIRECTION ( 'NONE',  ( -0.000000000000000000, 0.000000000000000000, 1.000000000000000000 ) ) ;
#732 = DIRECTION ( 'NONE',  ( -1.000000000000000000, 0.000000000000000000, 0.000000000000000000 ) ) ;
#733 = EDGE_LOOP ( 'NONE', ( #6283, #928, #3050, #6107 ) ) ;
#734 = ORIENTED_EDGE ( 'NONE', *, *, #3029, .T. ) ;
#735 = LINE ( 'NONE', #5063, #7219 ) ;
#736 = ORIENTED_EDGE ( 'NONE', *, *, #5869, .T. ) ;
#737 = EDGE_CURVE ( 'NONE', #5190, #465, #6012, .T. ) ;
#738 = ORIENTED_EDGE ( 'NONE', *, *, #858, .F. ) ;
#739 = LINE ( 'NONE', #5467, #5110 ) ;
#740 = CARTESIAN_POINT ( 'NONE',  ( -0.8890000000000026770, 7.048499999999997101, 1.651000000000001355 ) ) ;
#741 = CARTESIAN_POINT ( 'NONE',  ( 5.968999999999998529, 6.222999999999998977, -1.650999999999998913 ) ) ;
#742 = CARTESIAN_POINT ( 'NONE',  ( -6.350000000000008527, -4.814824860968089633E-32, 0.000000000000000000 ) ) ;
#743 = DIRECTION ( 'NONE',  ( 0.000000000000000000, 0.000000000000000000, -1.000000000000000000 ) ) ;
#744 = ORIENTED_EDGE ( 'NONE', *, *, #747, .T. ) ;
#745 = DIRECTION ( 'NONE',  ( -0.000000000000000000, 1.000000000000000000, 1.092515224483717382E-16 ) ) ;
#746 = EDGE_CURVE ( 'NONE', #1758, #1394, #5394, .T. ) ;
#747 = EDGE_CURVE ( 'NONE', #3091, #5773, #2395, .T. ) ;
#748 = EDGE_LOOP ( 'NONE', ( #2668, #7278, #4133, #3812, #6009, #7268 ) ) ;
#749 = ORIENTED_EDGE ( 'NONE', *, *, #7071, .T. ) ;
#750 = LINE ( 'NONE', #7365, #2644 ) ;
#751 = DIRECTION ( 'NONE',  ( -0.7071067811865452413, -0.7071067811865499042, -1.225703198915527072E-16 ) ) ;
#752 = CARTESIAN_POINT ( 'NONE',  ( -6.731000000000000760, 6.222999999999998977, 1.651000000000001133 ) ) ;
#753 = DIRECTION ( 'NONE',  ( 1.000000000000000000, 0.000000000000000000, 0.000000000000000000 ) ) ;
#754 = VECTOR ( 'NONE', #7678, 1000.000000000000000 ) ;
#755 = LINE ( 'NONE', #1312, #5601 ) ;
#756 = VERTEX_POINT ( 'NONE', #7028 ) ;
#757 = EDGE_LOOP ( 'NONE', ( #6763, #6352, #1261, #4583 ) ) ;
#758 = VECTOR ( 'NONE', #5998, 1000.000000000000000 ) ;
#759 = AXIS2_PLACEMENT_3D ( 'NONE', #1422, #6214, #6093 ) ;
#760 = SURFACE_STYLE_USAGE ( .BOTH. , #6101 ) ;
#761 = DIRECTION ( 'NONE',  ( -0.000000000000000000, 0.2588190451025143002, 0.9659258262890700886 ) ) ;
#762 = DIRECTION ( 'NONE',  ( -0.5773502691896272854, -0.5773502691896241767, -0.5773502691896257311 ) ) ;
#763 = EDGE_CURVE ( 'NONE', #5064, #2286, #5318, .T. ) ;
#764 = DIRECTION ( 'NONE',  ( 0.000000000000000000, -1.000000000000000000, -1.733406087350420004E-16 ) ) ;
#765 = ORIENTED_EDGE ( 'NONE', *, *, #3536, .F. ) ;
#766 = EDGE_LOOP ( 'NONE', ( #3834, #2929, #6605, #5118 ) ) ;
#767 = VECTOR ( 'NONE', #6282, 1000.000000000000000 ) ;
#768 = DIRECTION ( 'NONE',  ( 0.000000000000000000, 0.9659258262890699775, 0.2588190451025143002 ) ) ;
#769 = DIRECTION ( 'NONE',  ( 0.000000000000000000, 1.733406087350420004E-16, -1.000000000000000000 ) ) ;
#770 = FACE_OUTER_BOUND ( 'NONE', #1750, .T. ) ;
#771 = DIRECTION ( 'NONE',  ( 0.000000000000000000, -0.9659258262890699775, -0.2588190451025143002 ) ) ;
#772 = EDGE_CURVE ( 'NONE', #6200, #7082, #2318, .T. ) ;
#773 = VERTEX_POINT ( 'NONE', #1743 ) ;
#774 = VECTOR ( 'NONE', #7259, 1000.000000000000000 ) ;
#775 = ORIENTED_EDGE ( 'NONE', *, *, #4939, .T. ) ;
#776 = CARTESIAN_POINT ( 'NONE',  ( 5.080000000000002736, 0.3809999999999999498, -2.501900000000000901 ) ) ;
#777 = ORIENTED_EDGE ( 'NONE', *, *, #251, .F. ) ;
#778 = ORIENTED_EDGE ( 'NONE', *, *, #6163, .F. ) ;
#779 = CARTESIAN_POINT ( 'NONE',  ( 10.16000000000000192, 7.492999999999998550, 2.501900000000000901 ) ) ;
#780 = FACE_OUTER_BOUND ( 'NONE', #6148, .T. ) ;
#781 = EDGE_CURVE ( 'NONE', #3978, #870, #4761, .T. ) ;
#782 = PLANE ( 'NONE',  #679 ) ;
#783 =( LENGTH_UNIT ( ) NAMED_UNIT ( * ) SI_UNIT ( .MILLI., .METRE. ) );
#784 = LINE ( 'NONE', #6714, #3912 ) ;
#785 = AXIS2_PLACEMENT_3D ( 'NONE', #341, #848, #3346 ) ;
#786 = VERTEX_POINT ( 'NONE', #670 ) ;
#787 = EDGE_LOOP ( 'NONE', ( #5300, #2621, #834, #6116 ) ) ;
#788 = DIRECTION ( 'NONE',  ( 0.000000000000000000, 0.000000000000000000, -1.000000000000000000 ) ) ;
#789 = CARTESIAN_POINT ( 'NONE',  ( -5.969000000000002082, 6.222999999999998977, 1.651000000000001133 ) ) ;
#790 = VECTOR ( 'NONE', #4693, 1000.000000000000000 ) ;
#791 = EDGE_CURVE ( 'NONE', #5696, #2899, #5901, .T. ) ;
#792 = LINE ( 'NONE', #5038, #2563 ) ;
#793 = FACE_OUTER_BOUND ( 'NONE', #6781, .T. ) ;
#794 = CARTESIAN_POINT ( 'NONE',  ( -4.635500000000004839, 7.492999999999998550, 2.095500000000003915 ) ) ;
#795 = DIRECTION ( 'NONE',  ( 0.000000000000000000, 1.000000000000000000, 1.733406087350420004E-16 ) ) ;
#796 = VERTEX_POINT ( 'NONE', #6531 ) ;
#797 = VECTOR ( 'NONE', #986, 1000.000000000000000 ) ;
#798 = MECHANICAL_DESIGN_GEOMETRIC_PRESENTATION_REPRESENTATION (  '', ( #2294 ), #4907 ) ;
#799 = ORIENTED_EDGE ( 'NONE', *, *, #4712, .F. ) ;
#800 = EDGE_CURVE ( 'NONE', #3158, #366, #1780, .T. ) ;
#801 = LINE ( 'NONE', #5526, #4402 ) ;
#802 = CARTESIAN_POINT ( 'NONE',  ( 6.730999999999997208, 6.222999999999998977, -0.8889999999999987912 ) ) ;
#803 = LINE ( 'NONE', #720, #2322 ) ;
#804 = CARTESIAN_POINT ( 'NONE',  ( -5.079999999999997407, 7.492999999999999439, -2.501900000000000901 ) ) ;
#805 = ORIENTED_EDGE ( 'NONE', *, *, #3349, .T. ) ;
#806 = ORIENTED_EDGE ( 'NONE', *, *, #4830, .T. ) ;
#807 = VECTOR ( 'NONE', #6481, 1000.000000000000000 ) ;
#808 = DIRECTION ( 'NONE',  ( 0.000000000000000000, 1.000000000000000000, 0.000000000000000000 ) ) ;
#809 = CARTESIAN_POINT ( 'NONE',  ( 0.1777999999999999858, 0.2539999999999996150, 3.429000000000000270 ) ) ;
#810 = LINE ( 'NONE', #2417, #4257 ) ;
#811 = DIRECTION ( 'NONE',  ( 0.000000000000000000, 1.733406087350420004E-16, -1.000000000000000000 ) ) ;
#812 = AXIS2_PLACEMENT_3D ( 'NONE', #3202, #6790, #5592 ) ;
#813 = VECTOR ( 'NONE', #7541, 1000.000000000000000 ) ;
#814 = CARTESIAN_POINT ( 'NONE',  ( 8.508999999999998565, 7.048499999999997101, 0.8890000000000012337 ) ) ;
#815 = ORIENTED_EDGE ( 'NONE', *, *, #6349, .F. ) ;
#816 = EDGE_CURVE ( 'NONE', #6316, #3351, #2358, .T. ) ;
#817 = EDGE_CURVE ( 'NONE', #2328, #1906, #5972, .T. ) ;
#818 = CARTESIAN_POINT ( 'NONE',  ( -4.191000000000000725, 7.048499999999997989, -1.650999999999998691 ) ) ;
#819 = ORIENTED_EDGE ( 'NONE', *, *, #5049, .F. ) ;
#820 = PLANE ( 'NONE',  #587 ) ;
#821 = PLANE ( 'NONE',  #812 ) ;
#822 = CARTESIAN_POINT ( 'NONE',  ( 1.734723475976807094E-15, 0.8889999999999985691, 1.984781810244993228 ) ) ;
#823 = ORIENTED_EDGE ( 'NONE', *, *, #1983, .T. ) ;
#824 = AXIS2_PLACEMENT_3D ( 'NONE', #7492, #2170, #7568 ) ;
#825 = ORIENTED_EDGE ( 'NONE', *, *, #6055, .T. ) ;
#826 = ADVANCED_FACE ( 'NONE', ( #632 ), #48, .F. ) ;
#827 = ORIENTED_EDGE ( 'NONE', *, *, #7253, .T. ) ;
#828 = CARTESIAN_POINT ( 'NONE',  ( 0.1777999999999999858, 0.2539999999999993929, -3.302000000000000046 ) ) ;
#829 = CARTESIAN_POINT ( 'NONE',  ( -10.15999999999999837, 0.8889999999999985691, 1.984781810244993228 ) ) ;
#830 = CARTESIAN_POINT ( 'NONE',  ( 3.428999999999999826, 6.222999999999998977, 1.651000000000001133 ) ) ;
#831 = DIRECTION ( 'NONE',  ( 0.000000000000000000, 1.000000000000000000, 0.000000000000000000 ) ) ;
#832 = DIRECTION ( 'NONE',  ( 0.000000000000000000, -1.733406087350420004E-16, 1.000000000000000000 ) ) ;
#833 = LINE ( 'NONE', #4494, #197 ) ;
#834 = ORIENTED_EDGE ( 'NONE', *, *, #154, .F. ) ;
#835 = PRODUCT_DEFINITION_SHAPE ( 'NONE', 'NONE',  #7696 ) ;
#836 = EDGE_CURVE ( 'NONE', #1589, #1080, #1262, .T. ) ;
#837 = ORIENTED_EDGE ( 'NONE', *, *, #772, .T. ) ;
#838 = EDGE_LOOP ( 'NONE', ( #4622, #5789, #5089, #133, #2481, #5997, #7675, #3057 ) ) ;
#839 = VECTOR ( 'NONE', #2326, 1000.000000000000000 ) ;
#840 = DIRECTION ( 'NONE',  ( -0.5773502691896273964, -0.5773502691896236216, -0.5773502691896262862 ) ) ;
#841 = PLANE ( 'NONE',  #4429 ) ;
#842 = DIRECTION ( 'NONE',  ( 0.000000000000000000, 1.733406087350420004E-16, -1.000000000000000000 ) ) ;
#843 = ORIENTED_EDGE ( 'NONE', *, *, #5559, .F. ) ;
#844 = EDGE_CURVE ( 'NONE', #1996, #6724, #3058, .T. ) ;
#845 = ORIENTED_EDGE ( 'NONE', *, *, #5170, .T. ) ;
#846 = LINE ( 'NONE', #7385, #6338 ) ;
#847 = DIRECTION ( 'NONE',  ( 0.000000000000000000, -1.000000000000000000, 0.000000000000000000 ) ) ;
#848 = DIRECTION ( 'NONE',  ( 0.000000000000000000, 0.000000000000000000, 1.000000000000000000 ) ) ;
#849 = FACE_OUTER_BOUND ( 'NONE', #2714, .T. ) ;
#850 = DIRECTION ( 'NONE',  ( -1.000000000000000000, 0.000000000000000000, 0.000000000000000000 ) ) ;
#851 = ORIENTED_EDGE ( 'NONE', *, *, #5912, .F. ) ;
#852 = ORIENTED_EDGE ( 'NONE', *, *, #5845, .F. ) ;
#853 = CARTESIAN_POINT ( 'NONE',  ( -5.079999999999997407, 7.492999999999998550, 2.501900000000000901 ) ) ;
#854 = VECTOR ( 'NONE', #2071, 1000.000000000000000 ) ;
#855 = FACE_OUTER_BOUND ( 'NONE', #7470, .T. ) ;
#856 = CARTESIAN_POINT ( 'NONE',  ( 0.1777999999999999858, 0.2539999999999996150, 3.429000000000000270 ) ) ;
#857 = ITEM_DEFINED_TRANSFORMATION ( 'NONE', 'NONE', #7367,  #7126 ) ;
#858 = EDGE_CURVE ( 'NONE', #6866, #2738, #3478, .T. ) ;
#859 = PLANE ( 'NONE',  #6100 ) ;
#860 = ORIENTED_EDGE ( 'NONE', *, *, #1806, .T. ) ;
#861 = ORIENTED_EDGE ( 'NONE', *, *, #4419, .T. ) ;
#862 = DIRECTION ( 'NONE',  ( -0.5773502691896273964, 0.5773502691896237327, -0.5773502691896261751 ) ) ;
#863 = CARTESIAN_POINT ( 'NONE',  ( -7.619999999999998330, 0.3809999999999992837, 2.501899999999999125 ) ) ;
#864 = CARTESIAN_POINT ( 'NONE',  ( 7.620000000000001883, 0.3809999999999999498, -2.501900000000000901 ) ) ;
#865 = CARTESIAN_POINT ( 'NONE',  ( 0.8889999999999991243, 7.048499999999997101, 1.651000000000001355 ) ) ;
#866 = ADVANCED_FACE ( 'NONE', ( #5863 ), #7066, .T. ) ;
#867 = CARTESIAN_POINT ( 'NONE',  ( -1.651000000000001355, 6.222999999999998977, 1.651000000000001133 ) ) ;
#868 = FACE_OUTER_BOUND ( 'NONE', #3162, .T. ) ;
#869 = VERTEX_POINT ( 'NONE', #1385 ) ;
#870 = VERTEX_POINT ( 'NONE', #2474 ) ;
#871 = DIRECTION ( 'NONE',  ( 1.000000000000000000, 0.000000000000000000, -0.000000000000000000 ) ) ;
#872 = CARTESIAN_POINT ( 'NONE',  ( -0.1777999999999999858, 0.2539999999999996150, 3.429000000000000270 ) ) ;
#873 = FACE_OUTER_BOUND ( 'NONE', #5025, .T. ) ;
#874 = EDGE_CURVE ( 'NONE', #756, #1712, #750, .T. ) ;
#875 = DIRECTION ( 'NONE',  ( 0.000000000000000000, -1.733406087350420004E-16, 1.000000000000000000 ) ) ;
#876 = ORIENTED_EDGE ( 'NONE', *, *, #1999, .T. ) ;
#877 = EDGE_LOOP ( 'NONE', ( #539, #3115, #5523, #2249, #7016, #7056, #2202, #6622 ) ) ;
#878 = DIRECTION ( 'NONE',  ( 0.000000000000000000, -0.9659258262890699775, -0.2588190451025143002 ) ) ;
#879 = AXIS2_PLACEMENT_3D ( 'NONE', #1765, #2379, #4831 ) ;
#880 = CARTESIAN_POINT ( 'NONE',  ( -10.15999999999999837, 0.3809999999999988396, 2.120899999999999785 ) ) ;
#881 = LINE ( 'NONE', #299, #3520 ) ;
#882 = VECTOR ( 'NONE', #5066, 1000.000000000000000 ) ;
#883 = DIRECTION ( 'NONE',  ( 0.000000000000000000, 1.733406087350420004E-16, -1.000000000000000000 ) ) ;
#884 = VERTEX_POINT ( 'NONE', #5562 ) ;
#885 = ADVANCED_FACE ( 'NONE', ( #4923 ), #242, .F. ) ;
#886 = EDGE_CURVE ( 'NONE', #2574, #884, #1307, .T. ) ;
#887 = DIRECTION ( 'NONE',  ( -0.000000000000000000, -0.7071067811865491270, -0.7071067811865460184 ) ) ;
#888 = ORIENTED_EDGE ( 'NONE', *, *, #1375, .T. ) ;
#889 = VECTOR ( 'NONE', #7355, 1000.000000000000000 ) ;
#890 = CARTESIAN_POINT ( 'NONE',  ( 10.16000000000000192, 0.8889999999999989022, -1.984781810244995004 ) ) ;
#891 = LINE ( 'NONE', #6855, #6443 ) ;
#892 = EDGE_CURVE ( 'NONE', #1712, #1895, #7471, .T. ) ;
#893 = LINE ( 'NONE', #310, #6658 ) ;
#894 = CONTEXT_DEPENDENT_SHAPE_REPRESENTATION ( #1842, #5006 ) ;
#895 = DIRECTION ( 'NONE',  ( -0.000000000000000000, 1.000000000000000000, 1.092515224483717382E-16 ) ) ;
#896 = VERTEX_POINT ( 'NONE', #6682 ) ;
#897 = ORIENTED_EDGE ( 'NONE', *, *, #4115, .F. ) ;
#898 = PLANE ( 'NONE',  #2758 ) ;
#899 = EDGE_CURVE ( 'NONE', #1201, #2168, #4255, .T. ) ;
#900 = DIRECTION ( 'NONE',  ( 0.000000000000000000, 0.000000000000000000, -1.000000000000000000 ) ) ;
#901 = CARTESIAN_POINT ( 'NONE',  ( -9.271000000000000796, 7.048499999999997989, -0.8889999999999986802 ) ) ;
#902 = PLANE ( 'NONE',  #2656 ) ;
#903 = VECTOR ( 'NONE', #6924, 1000.000000000000000 ) ;
#904 = AXIS2_PLACEMENT_3D ( 'NONE', #7429, #3882, #1408 ) ;
#905 = CARTESIAN_POINT ( 'NONE',  ( -2.984499999999998376, 7.492999999999999439, -2.095500000000001695 ) ) ;
#906 = DIRECTION ( 'NONE',  ( 0.000000000000000000, -1.138269997360111548E-15, -1.000000000000000000 ) ) ;
#907 = EDGE_LOOP ( 'NONE', ( #1510, #5277, #2911, #5744 ) ) ;
#908 = ORIENTED_EDGE ( 'NONE', *, *, #4762, .T. ) ;
#909 = EDGE_CURVE ( 'NONE', #1236, #957, #3677, .T. ) ;
#910 = AXIS2_PLACEMENT_3D ( 'NONE', #5236, #2331, #5363 ) ;
#911 = EDGE_CURVE ( 'NONE', #4006, #2472, #3096, .T. ) ;
#912 =( NAMED_UNIT ( * ) PLANE_ANGLE_UNIT ( ) SI_UNIT ( $, .RADIAN. ) );
#913 = DIRECTION ( 'NONE',  ( 0.000000000000000000, 1.422837496700139336E-15, -1.000000000000000000 ) ) ;
#914 = DIRECTION ( 'NONE',  ( 1.000000000000000000, 0.000000000000000000, 0.000000000000000000 ) ) ;
#915 = LINE ( 'NONE', #3838, #4057 ) ;
#916 = AXIS2_PLACEMENT_3D ( 'NONE', #3786, #3052, #6630 ) ;
#917 = ORIENTED_EDGE ( 'NONE', *, *, #4534, .T. ) ;
#918 = ORIENTED_EDGE ( 'NONE', *, *, #4839, .T. ) ;
#919 = LINE ( 'NONE', #440, #6083 ) ;
#920 = EDGE_CURVE ( 'NONE', #2591, #7015, #1889, .T. ) ;
#921 = VECTOR ( 'NONE', #4842, 1000.000000000000000 ) ;
#922 = AXIS2_PLACEMENT_3D ( 'NONE', #4189, #6467, #1156 ) ;
#923 = CARTESIAN_POINT ( 'NONE',  ( 10.41399999999999970, 0.3809999999999999498, -2.501900000000000901 ) ) ;
#924 = LINE ( 'NONE', #3229, #3890 ) ;
#925 = PLANE ( 'NONE',  #4541 ) ;
#926 = ORIENTED_EDGE ( 'NONE', *, *, #6399, .F. ) ;
#927 = CARTESIAN_POINT ( 'NONE',  ( 5.080000000000002736, 7.492999999999999439, -2.501900000000000901 ) ) ;
#928 = ORIENTED_EDGE ( 'NONE', *, *, #1659, .F. ) ;
#929 = LINE ( 'NONE', #2732, #2388 ) ;
#930 = ADVANCED_FACE ( 'NONE', ( #6054 ), #2511, .F. ) ;
#931 = DIRECTION ( 'NONE',  ( 0.000000000000000000, 0.000000000000000000, -1.000000000000000000 ) ) ;
#932 = VECTOR ( 'NONE', #506, 1000.000000000000000 ) ;
#933 = LINE ( 'NONE', #5702, #3015 ) ;
#934 = VECTOR ( 'NONE', #5365, 1000.000000000000000 ) ;
#935 = DIRECTION ( 'NONE',  ( 1.000000000000000000, 0.000000000000000000, 0.000000000000000000 ) ) ;
#936 = EDGE_LOOP ( 'NONE', ( #2973, #6572, #2118, #6155 ) ) ;
#937 = VERTEX_POINT ( 'NONE', #3172 ) ;
#938 = ADVANCED_FACE ( 'NONE', ( #7255 ), #7326, .F. ) ;
#939 = DIRECTION ( 'NONE',  ( 0.000000000000000000, -0.7071067811865485719, 0.7071067811865465735 ) ) ;
#940 = CARTESIAN_POINT ( 'NONE',  ( -9.271000000000000796, 6.222999999999998977, -0.8889999999999987912 ) ) ;
#941 = DIRECTION ( 'NONE',  ( -1.000000000000000000, -0.000000000000000000, -0.000000000000000000 ) ) ;
#942 = DIRECTION ( 'NONE',  ( 0.000000000000000000, -1.000000000000000000, -1.733406087350420004E-16 ) ) ;
#943 = AXIS2_PLACEMENT_3D ( 'NONE', #3215, #1470, #3293 ) ;
#944 = ORIENTED_EDGE ( 'NONE', *, *, #270, .T. ) ;
#945 = PLANE ( 'NONE',  #6363 ) ;
#946 = DIRECTION ( 'NONE',  ( 0.000000000000000000, -1.733406087350420004E-16, 1.000000000000000000 ) ) ;
#947 = ORIENTED_EDGE ( 'NONE', *, *, #2733, .T. ) ;
#948 = VERTEX_POINT ( 'NONE', #4298 ) ;
#949 = AXIS2_PLACEMENT_3D ( 'NONE', #5722, #3222, #6878 ) ;
#950 = VECTOR ( 'NONE', #3288, 1000.000000000000114 ) ;
#951 = CARTESIAN_POINT ( 'NONE',  ( -0.3047999999999999599, 1.275347176632053740E-16, -2.387599999999999945 ) ) ;
#952 = CARTESIAN_POINT ( 'NONE',  ( 0.1777999999999999858, 0.000000000000000000, -3.302000000000000046 ) ) ;
#953 = FACE_OUTER_BOUND ( 'NONE', #2053, .T. ) ;
#954 = CARTESIAN_POINT ( 'NONE',  ( -5.079999999999998295, 0.3809999999999988396, 2.120899999999999785 ) ) ;
#955 = VECTOR ( 'NONE', #7167, 1000.000000000000000 ) ;
#956 = ADVANCED_FACE ( 'NONE', ( #1348 ), #3714, .F. ) ;
#957 = VERTEX_POINT ( 'NONE', #3791 ) ;
#958 = ORIENTED_EDGE ( 'NONE', *, *, #526, .T. ) ;
#959 = CARTESIAN_POINT ( 'NONE',  ( 3.428999999999999826, 6.222999999999998977, -0.8889999999999987912 ) ) ;
#960 = CARTESIAN_POINT ( 'NONE',  ( 0.3047999999999999599, 1.275347176632054726E-16, 2.387599999999999945 ) ) ;
#961 = DIRECTION ( 'NONE',  ( 0.000000000000000000, -1.000000000000000000, -1.733406087350420004E-16 ) ) ;
#962 = VERTEX_POINT ( 'NONE', #5514 ) ;
#963 = EDGE_CURVE ( 'NONE', #884, #7115, #166, .T. ) ;
#964 = CARTESIAN_POINT ( 'NONE',  ( 10.16000000000000192, 0.3809999999999988396, 2.120899999999999785 ) ) ;
#965 = EDGE_LOOP ( 'NONE', ( #134, #3140, #7654, #765 ) ) ;
#966 = LINE ( 'NONE', #384, #7354 ) ;
#967 = CARTESIAN_POINT ( 'NONE',  ( -4.191000000000000725, 7.048499999999997101, 0.8890000000000012337 ) ) ;
#968 = DIRECTION ( 'NONE',  ( -0.7071067811865456854, -0.7071067811865494601, -1.225703198915526333E-16 ) ) ;
#969 = EDGE_CURVE ( 'NONE', #2685, #5072, #6129, .T. ) ;
#970 = LINE ( 'NONE', #3359, #4231 ) ;
#971 = AXIS2_PLACEMENT_3D ( 'NONE', #6688, #3718, #6097 ) ;
#972 = ORIENTED_EDGE ( 'NONE', *, *, #5621, .T. ) ;
#973 = ORIENTED_EDGE ( 'NONE', *, *, #5517, .T. ) ;
#974 = PRESENTATION_STYLE_ASSIGNMENT (( #2086 ) ) ;
#975 = CARTESIAN_POINT ( 'NONE',  ( 2.540000000000002256, 7.492999999999999439, -2.501900000000000901 ) ) ;
#976 = DIRECTION ( 'NONE',  ( -1.000000000000000000, 0.000000000000000000, -0.000000000000000000 ) ) ;
#977 = DIRECTION ( 'NONE',  ( -0.000000000000000000, -0.7071067811865487940, -0.7071067811865462405 ) ) ;
#978 = EDGE_CURVE ( 'NONE', #2968, #2107, #3869, .T. ) ;
#979 = CARTESIAN_POINT ( 'NONE',  ( 8.508999999999998565, 6.222999999999998977, 1.651000000000001133 ) ) ;
#980 = EDGE_CURVE ( 'NONE', #6975, #111, #4373, .T. ) ;
#981 = ORIENTED_EDGE ( 'NONE', *, *, #6256, .F. ) ;
#982 = CARTESIAN_POINT ( 'NONE',  ( 5.080000000000002736, 7.492999999999999439, -0.4444999999999956763 ) ) ;
#983 = VERTEX_POINT ( 'NONE', #2631 ) ;
#984 = ORIENTED_EDGE ( 'NONE', *, *, #7519, .F. ) ;
#985 = SURFACE_SIDE_STYLE ('',( #6914 ) ) ;
#986 = DIRECTION ( 'NONE',  ( 1.000000000000000000, -0.000000000000000000, -0.000000000000000000 ) ) ;
#987 = PLANE ( 'NONE',  #697 ) ;
#988 = DIRECTION ( 'NONE',  ( 0.000000000000000000, 0.000000000000000000, 1.000000000000000000 ) ) ;
#989 = ORIENTED_EDGE ( 'NONE', *, *, #3413, .T. ) ;
#990 = ORIENTED_EDGE ( 'NONE', *, *, #4746, .F. ) ;
#991 = ADVANCED_FACE ( 'NONE', ( #4995 ), #2670, .F. ) ;
#992 = CARTESIAN_POINT ( 'NONE',  ( -0.3047999999999999599, 0.6731000000000003647, 1.968499999999999694 ) ) ;
#993 = DIRECTION ( 'NONE',  ( -0.000000000000000000, -0.7071067811865491270, -0.7071067811865460184 ) ) ;
#994 = LINE ( 'NONE', #3381, #6667 ) ;
#995 = EDGE_LOOP ( 'NONE', ( #3738, #3676, #6370, #3003 ) ) ;
#996 = PLANE ( 'NONE',  #5021 ) ;
#997 = ORIENTED_EDGE ( 'NONE', *, *, #1028, .F. ) ;
#998 = VECTOR ( 'NONE', #2419, 1000.000000000000000 ) ;
#999 = CARTESIAN_POINT ( 'NONE',  ( 10.15999999999999837, 0.3809999999999993947, -2.120900000000001562 ) ) ;
#1000 = EDGE_CURVE ( 'NONE', #1795, #7274, #7481, .T. ) ;
#1001 = CARTESIAN_POINT ( 'NONE',  ( -10.15999999999999837, 0.3809999999999993947, -2.120900000000001562 ) ) ;
#1002 = LINE ( 'NONE', #4080, #7245 ) ;
#1003 = VECTOR ( 'NONE', #1762, 1000.000000000000000 ) ;
#1004 = LINE ( 'NONE', #2265, #3860 ) ;
#1005 = ORIENTED_EDGE ( 'NONE', *, *, #112, .F. ) ;
#1006 = ORIENTED_EDGE ( 'NONE', *, *, #605, .F. ) ;
#1007 = PLANE ( 'NONE',  #4113 ) ;
#1008 = ADVANCED_FACE ( 'NONE', ( #6944 ), #898, .F. ) ;
#1009 = VECTOR ( 'NONE', #5516, 1000.000000000000000 ) ;
#1010 = CARTESIAN_POINT ( 'NONE',  ( -2.095500000000005247, 7.492999999999999439, -2.501900000000000901 ) ) ;
#1011 = ORIENTED_EDGE ( 'NONE', *, *, #4671, .T. ) ;
#1012 = DIRECTION ( 'NONE',  ( 0.000000000000000000, -1.000000000000000000, 0.000000000000000000 ) ) ;
#1013 = PLANE ( 'NONE',  #1921 ) ;
#1014 = DIRECTION ( 'NONE',  ( 0.000000000000000000, 0.000000000000000000, -1.000000000000000000 ) ) ;
#1015 = DIRECTION ( 'NONE',  ( 0.000000000000000000, 1.000000000000000000, 1.733406087350420004E-16 ) ) ;
#1016 = VERTEX_POINT ( 'NONE', #3394 ) ;
#1017 = VERTEX_POINT ( 'NONE', #7406 ) ;
#1018 = EDGE_CURVE ( 'NONE', #2819, #7279, #5074, .T. ) ;
#1019 = AXIS2_PLACEMENT_3D ( 'NONE', #695, #4234, #4120 ) ;
#1020 = CARTESIAN_POINT ( 'NONE',  ( 0.3047999999999999599, 1.275347176632053740E-16, -2.387599999999999945 ) ) ;
#1021 = DIRECTION ( 'NONE',  ( 0.000000000000000000, -1.733406087350420004E-16, 1.000000000000000000 ) ) ;
#1022 = PLANE ( 'NONE',  #4964 ) ;
#1023 = APPLICATION_CONTEXT ( 'automotive_design' ) ;
#1024 = VERTEX_POINT ( 'NONE', #3362 ) ;
#1025 = VECTOR ( 'NONE', #2841, 1000.000000000000000 ) ;
#1026 = VECTOR ( 'NONE', #7119, 1000.000000000000000 ) ;
#1027 = ORIENTED_EDGE ( 'NONE', *, *, #2643, .F. ) ;
#1028 = EDGE_CURVE ( 'NONE', #6477, #3006, #6328, .T. ) ;
#1029 = PLANE ( 'NONE',  #531 ) ;
#1030 = VECTOR ( 'NONE', #2718, 1000.000000000000114 ) ;
#1031 = DIRECTION ( 'NONE',  ( -0.000000000000000000, 1.000000000000000000, 1.733406087350420004E-16 ) ) ;
#1032 = LINE ( 'NONE', #4070, #4035 ) ;
#1033 = VECTOR ( 'NONE', #5452, 1000.000000000000000 ) ;
#1034 = ORIENTED_EDGE ( 'NONE', *, *, #5241, .F. ) ;
#1035 = LINE ( 'NONE', #5841, #321 ) ;
#1036 = ORIENTED_EDGE ( 'NONE', *, *, #6268, .T. ) ;
#1037 = LINE ( 'NONE', #378, #2407 ) ;
#1038 = EDGE_LOOP ( 'NONE', ( #7333, #5027, #7261, #6407 ) ) ;
#1039 = VECTOR ( 'NONE', #3870, 1000.000000000000000 ) ;
#1040 = DIRECTION ( 'NONE',  ( -0.000000000000000000, 0.000000000000000000, 1.000000000000000000 ) ) ;
#1041 = DIRECTION ( 'NONE',  ( -1.000000000000000000, -0.000000000000000000, -0.000000000000000000 ) ) ;
#1042 = SURFACE_STYLE_FILL_AREA ( #497 ) ;
#1043 = DIRECTION ( 'NONE',  ( 0.000000000000000000, 0.000000000000000000, 1.000000000000000000 ) ) ;
#1044 = VECTOR ( 'NONE', #3167, 1000.000000000000000 ) ;
#1045 = VECTOR ( 'NONE', #7211, 1000.000000000000000 ) ;
#1046 = ADVANCED_FACE ( 'NONE', ( #1608 ), #5036, .F. ) ;
#1047 = ORIENTED_EDGE ( 'NONE', *, *, #2171, .T. ) ;
#1048 = MANIFOLD_SOLID_BREP ( 'LPattern1[1]', #6980 ) ;
#1049 = ORIENTED_EDGE ( 'NONE', *, *, #7346, .T. ) ;
#1050 = VECTOR ( 'NONE', #2785, 1000.000000000000114 ) ;
#1051 = CARTESIAN_POINT ( 'NONE',  ( 6.730999999999997208, 6.222999999999998977, -0.8889999999999987912 ) ) ;
#1052 = ORIENTED_EDGE ( 'NONE', *, *, #1688, .F. ) ;
#1053 = PLANE ( 'NONE',  #6788 ) ;
#1054 = DIRECTION ( 'NONE',  ( 0.000000000000000000, 0.000000000000000000, 1.000000000000000000 ) ) ;
#1055 = CARTESIAN_POINT ( 'NONE',  ( 10.41399999999999970, 0.3809999999999999498, -2.501900000000000901 ) ) ;
#1056 = ORIENTED_EDGE ( 'NONE', *, *, #1147, .T. ) ;
#1057 = LINE ( 'NONE', #7674, #2191 ) ;
#1058 = EDGE_CURVE ( 'NONE', #4503, #869, #6901, .T. ) ;
#1059 = ORIENTED_EDGE ( 'NONE', *, *, #342, .F. ) ;
#1060 = ORIENTED_EDGE ( 'NONE', *, *, #6789, .T. ) ;
#1061 = CARTESIAN_POINT ( 'NONE',  ( 0.8889999999999991243, 7.048499999999997101, 0.8890000000000012337 ) ) ;
#1062 = VECTOR ( 'NONE', #1819, 1000.000000000000114 ) ;
#1063 = VECTOR ( 'NONE', #7450, 1000.000000000000114 ) ;
#1064 = LINE ( 'NONE', #2944, #5282 ) ;
#1065 = DIRECTION ( 'NONE',  ( -1.000000000000000000, -0.000000000000000000, -0.000000000000000000 ) ) ;
#1066 = LINE ( 'NONE', #1587, #5304 ) ;
#1067 = FACE_OUTER_BOUND ( 'NONE', #5623, .T. ) ;
#1068 = ADVANCED_FACE ( 'NONE', ( #5106 ), #1007, .F. ) ;
#1069 = EDGE_LOOP ( 'NONE', ( #2692, #4307, #3996, #3598 ) ) ;
#1070 = ORIENTED_EDGE ( 'NONE', *, *, #383, .F. ) ;
#1071 = PLANE ( 'NONE',  #6397 ) ;
#1072 = DIRECTION ( 'NONE',  ( 0.000000000000000000, 1.092515224483717628E-16, -1.000000000000000000 ) ) ;
#1073 = CARTESIAN_POINT ( 'NONE',  ( -0.3047999999999999599, 0.8889999999999995683, -1.968499999999999694 ) ) ;
#1074 = VECTOR ( 'NONE', #5429, 1000.000000000000000 ) ;
#1075 = LINE ( 'NONE', #7041, #2320 ) ;
#1076 = VERTEX_POINT ( 'NONE', #3327 ) ;
#1077 = ADVANCED_FACE ( 'NONE', ( #2157 ), #6471, .F. ) ;
#1078 = PLANE ( 'NONE',  #5258 ) ;
#1079 = ADVANCED_FACE ( 'NONE', ( #5247 ), #3427, .F. ) ;
#1080 = VERTEX_POINT ( 'NONE', #4742 ) ;
#1081 = FACE_OUTER_BOUND ( 'NONE', #1115, .T. ) ;
#1082 = PLANE ( 'NONE',  #6696 ) ;
#1083 = CARTESIAN_POINT ( 'NONE',  ( 8.508999999999998565, 7.048499999999997989, -0.8889999999999986802 ) ) ;
#1084 = CARTESIAN_POINT ( 'NONE',  ( 0.1777999999999999858, -3.611118645726067224E-32, 3.429000000000000270 ) ) ;
#1085 = CARTESIAN_POINT ( 'NONE',  ( 5.080000000000000959, 0.8889999999999989022, -1.984781810244995004 ) ) ;
#1086 = VERTEX_POINT ( 'NONE', #1641 ) ;
#1087 = ORIENTED_EDGE ( 'NONE', *, *, #3793, .T. ) ;
#1088 = ORIENTED_EDGE ( 'NONE', *, *, #2207, .T. ) ;
#1089 = VECTOR ( 'NONE', #7154, 1000.000000000000000 ) ;
#1090 = PLANE ( 'NONE',  #6559 ) ;
#1091 = EDGE_CURVE ( 'NONE', #2394, #2757, #7550, .T. ) ;
#1092 = VERTEX_POINT ( 'NONE', #2999 ) ;
#1093 = LINE ( 'NONE', #7557, #1813 ) ;
#1094 = VERTEX_POINT ( 'NONE', #461 ) ;
#1095 = VECTOR ( 'NONE', #6581, 1000.000000000000000 ) ;
#1096 = FACE_OUTER_BOUND ( 'NONE', #6028, .T. ) ;
#1097 = CARTESIAN_POINT ( 'NONE',  ( -1.651000000000001355, 7.048499999999997989, -0.8889999999999986802 ) ) ;
#1098 = ORIENTED_EDGE ( 'NONE', *, *, #6418, .T. ) ;
#1099 = ORIENTED_EDGE ( 'NONE', *, *, #1713, .F. ) ;
#1100 = ORIENTED_EDGE ( 'NONE', *, *, #6997, .F. ) ;
#1101 = CARTESIAN_POINT ( 'NONE',  ( -10.41399999999999970, 7.492999999999999439, -2.501900000000000901 ) ) ;
#1102 = ADVANCED_FACE ( 'NONE', ( #1163, #6436, #7661 ), #3501, .F. ) ;
#1103 = DIRECTION ( 'NONE',  ( 1.000000000000000000, 0.000000000000000000, 0.000000000000000000 ) ) ;
#1104 = LINE ( 'NONE', #1746, #6920 ) ;
#1105 = LINE ( 'NONE', #3484, #5955 ) ;
#1106 = EDGE_LOOP ( 'NONE', ( #6529, #4345, #5051, #1591 ) ) ;
#1107 = ORIENTED_EDGE ( 'NONE', *, *, #874, .F. ) ;
#1108 = ADVANCED_FACE ( 'NONE', ( #2852 ), #4119, .F. ) ;
#1109 = FACE_OUTER_BOUND ( 'NONE', #4095, .T. ) ;
#1110 = DIRECTION ( 'NONE',  ( 1.000000000000000000, 0.000000000000000000, 0.000000000000000000 ) ) ;
#1111 = DIRECTION ( 'NONE',  ( -1.000000000000000000, -0.000000000000000000, -0.000000000000000000 ) ) ;
#1112 = LINE ( 'NONE', #4657, #2812 ) ;
#1113 = ORIENTED_EDGE ( 'NONE', *, *, #1871, .T. ) ;
#1114 = FACE_OUTER_BOUND ( 'NONE', #2401, .T. ) ;
#1115 = EDGE_LOOP ( 'NONE', ( #275, #471, #843, #5234 ) ) ;
#1116 = DIRECTION ( 'NONE',  ( 0.000000000000000000, -0.7071067811865485719, 0.7071067811865465735 ) ) ;
#1117 = EDGE_CURVE ( 'NONE', #3505, #5185, #4664, .T. ) ;
#1118 = LINE ( 'NONE', #4156, #1293 ) ;
#1119 = EDGE_CURVE ( 'NONE', #2438, #5129, #578, .T. ) ;
#1120 = CARTESIAN_POINT ( 'NONE',  ( 5.968999999999998529, 7.048499999999997101, 1.651000000000001355 ) ) ;
#1121 = LINE ( 'NONE', #1644, #4606 ) ;
#1122 = VERTEX_POINT ( 'NONE', #4587 ) ;
#1123 = ORIENTED_EDGE ( 'NONE', *, *, #4118, .T. ) ;
#1124 = VECTOR ( 'NONE', #6556, 1000.000000000000000 ) ;
#1125 = ORIENTED_EDGE ( 'NONE', *, *, #4850, .T. ) ;
#1126 = EDGE_CURVE ( 'NONE', #5313, #2855, #7085, .T. ) ;
#1127 = CARTESIAN_POINT ( 'NONE',  ( 7.175500000000001322, 7.492999999999999439, -2.501900000000000901 ) ) ;
#1128 = PRESENTATION_LAYER_ASSIGNMENT (  '', '', ( #380 ) ) ;
#1129 = EDGE_LOOP ( 'NONE', ( #2463, #2869, #5062, #6432 ) ) ;
#1130 = CARTESIAN_POINT ( 'NONE',  ( -5.079999999999997407, 7.492999999999998550, 2.095500000000003915 ) ) ;
#1131 = AXIS2_PLACEMENT_3D ( 'NONE', #2079, #6892, #5133 ) ;
#1132 = PRESENTATION_STYLE_ASSIGNMENT (( #2389 ) ) ;
#1133 = ORIENTED_EDGE ( 'NONE', *, *, #6229, .F. ) ;
#1134 = VECTOR ( 'NONE', #5477, 1000.000000000000000 ) ;
#1135 = LINE ( 'NONE', #7559, #7018 ) ;
#1136 = CARTESIAN_POINT ( 'NONE',  ( 1.143000000000000016, 6.794499999999998430, 1.143000000000001570 ) ) ;
#1137 = ORIENTED_EDGE ( 'NONE', *, *, #585, .T. ) ;
#1138 = ORIENTED_EDGE ( 'NONE', *, *, #7571, .T. ) ;
#1139 = DIRECTION ( 'NONE',  ( -1.000000000000000000, 0.000000000000000000, 0.000000000000000000 ) ) ;
#1140 = SURFACE_STYLE_FILL_AREA ( #1744 ) ;
#1141 = CARTESIAN_POINT ( 'NONE',  ( 4.190999999999998948, 7.048499999999997989, -0.8889999999999986802 ) ) ;
#1142 = CARTESIAN_POINT ( 'NONE',  ( -10.41399999999999970, 7.492999999999998550, 2.501900000000000901 ) ) ;
#1143 = AXIS2_PLACEMENT_3D ( 'NONE', #6094, #751, #6289 ) ;
#1144 = CARTESIAN_POINT ( 'NONE',  ( -2.539999999999998703, 0.3809999999999992837, 2.501899999999999125 ) ) ;
#1145 = ORIENTED_EDGE ( 'NONE', *, *, #57, .F. ) ;
#1146 = EDGE_CURVE ( 'NONE', #7325, #2864, #6394, .T. ) ;
#1147 = EDGE_CURVE ( 'NONE', #1735, #2429, #6971, .T. ) ;
#1148 = ORIENTED_EDGE ( 'NONE', *, *, #3439, .F. ) ;
#1149 = VECTOR ( 'NONE', #1874, 1000.000000000000000 ) ;
#1150 = CARTESIAN_POINT ( 'NONE',  ( 2.540000000000002256, 0.8889999999999989022, -1.984781810244995004 ) ) ;
#1151 = DIRECTION ( 'NONE',  ( 0.000000000000000000, 1.000000000000000000, 0.000000000000000000 ) ) ;
#1152 = CARTESIAN_POINT ( 'NONE',  ( -9.271000000000000796, 6.222999999999998977, -0.8889999999999987912 ) ) ;
#1153 = ORIENTED_EDGE ( 'NONE', *, *, #2851, .F. ) ;
#1154 = LINE ( 'NONE', #2877, #1958 ) ;
#1155 = MANIFOLD_SOLID_BREP ( 'LPattern1[2]', #3261 ) ;
#1156 = DIRECTION ( 'NONE',  ( 0.000000000000000000, 0.000000000000000000, 1.000000000000000000 ) ) ;
#1157 = VERTEX_POINT ( 'NONE', #616 ) ;
#1158 = ADVANCED_FACE ( 'NONE', ( #1873 ), #5848, .F. ) ;
#1159 = DIRECTION ( 'NONE',  ( 0.000000000000000000, 0.2588190451025143002, -0.9659258262890699775 ) ) ;
#1160 = AXIS2_PLACEMENT_3D ( 'NONE', #416, #4694, #4147 ) ;
#1161 = VECTOR ( 'NONE', #2137, 1000.000000000000000 ) ;
#1162 = CARTESIAN_POINT ( 'NONE',  ( 0.3047999999999999599, 0.2539999999999991709, -2.387599999999999945 ) ) ;
#1163 = FACE_BOUND ( 'NONE', #4829, .T. ) ;
#1164 = DIRECTION ( 'NONE',  ( 1.000000000000000000, 0.000000000000000000, 0.000000000000000000 ) ) ;
#1165 = CARTESIAN_POINT ( 'NONE',  ( -9.271000000000000796, 7.048499999999997101, 1.651000000000001355 ) ) ;
#1166 = PRESENTATION_LAYER_ASSIGNMENT (  '', '', ( #5759 ) ) ;
#1167 = VECTOR ( 'NONE', #1065, 1000.000000000000000 ) ;
#1168 = ORIENTED_EDGE ( 'NONE', *, *, #1736, .T. ) ;
#1169 = VECTOR ( 'NONE', #2717, 1000.000000000000000 ) ;
#1170 = EDGE_CURVE ( 'NONE', #6292, #3885, #810, .T. ) ;
#1171 = ORIENTED_EDGE ( 'NONE', *, *, #5879, .F. ) ;
#1172 = ORIENTED_EDGE ( 'NONE', *, *, #980, .T. ) ;
#1173 = CARTESIAN_POINT ( 'NONE',  ( -9.271000000000000796, 7.048499999999997101, 1.651000000000001355 ) ) ;
#1174 = ORIENTED_EDGE ( 'NONE', *, *, #7382, .F. ) ;
#1175 = DIRECTION ( 'NONE',  ( 0.000000000000000000, -1.733406087350420004E-16, 1.000000000000000000 ) ) ;
#1176 = SURFACE_STYLE_FILL_AREA ( #2934 ) ;
#1177 =( LENGTH_UNIT ( ) NAMED_UNIT ( * ) SI_UNIT ( .MILLI., .METRE. ) );
#1178 = DIRECTION ( 'NONE',  ( -0.5773502691896270633, 0.5773502691896240657, -0.5773502691896261751 ) ) ;
#1179 = ADVANCED_FACE ( 'NONE', ( #7192 ), #5496, .F. ) ;
#1180 = ORIENTED_EDGE ( 'NONE', *, *, #1028, .T. ) ;
#1181 = AXIS2_PLACEMENT_3D ( 'NONE', #4138, #6686, #1351 ) ;
#1182 = EDGE_LOOP ( 'NONE', ( #7164, #6726, #1823, #3119 ) ) ;
#1183 = DIRECTION ( 'NONE',  ( 0.000000000000000000, 1.733406087350420004E-16, -1.000000000000000000 ) ) ;
#1184 = PLANE ( 'NONE',  #1932 ) ;
#1185 = CARTESIAN_POINT ( 'NONE',  ( -0.3047999999999999599, 0.8890000000000000124, 1.714499999999999913 ) ) ;
#1186 = VECTOR ( 'NONE', #2359, 1000.000000000000000 ) ;
#1187 = DIRECTION ( 'NONE',  ( 0.000000000000000000, 1.733406087350420497E-16, -1.000000000000000000 ) ) ;
#1188 = ORIENTED_EDGE ( 'NONE', *, *, #2830, .F. ) ;
#1189 = ORIENTED_EDGE ( 'NONE', *, *, #7142, .T. ) ;
#1190 = AXIS2_PLACEMENT_3D ( 'NONE', #4639, #1697, #1015 ) ;
#1191 = VECTOR ( 'NONE', #521, 1000.000000000000000 ) ;
#1192 = DIRECTION ( 'NONE',  ( 0.000000000000000000, 1.000000000000000000, 2.439149994343092652E-16 ) ) ;
#1193 = LINE ( 'NONE', #4267, #6013 ) ;
#1194 = ADVANCED_FACE ( 'NONE', ( #2534 ), #4865, .F. ) ;
#1195 = PLANE ( 'NONE',  #7284 ) ;
#1196 = EDGE_CURVE ( 'NONE', #2458, #2234, #3155, .T. ) ;
#1197 = CARTESIAN_POINT ( 'NONE',  ( 1.734723475976807094E-15, 0.3809999999999999498, -2.501900000000000901 ) ) ;
#1198 = VECTOR ( 'NONE', #3475, 1000.000000000000000 ) ;
#1199 = VECTOR ( 'NONE', #7304, 1000.000000000000000 ) ;
#1200 = LINE ( 'NONE', #570, #3527 ) ;
#1201 = VERTEX_POINT ( 'NONE', #108 ) ;
#1202 = CARTESIAN_POINT ( 'NONE',  ( -1.651000000000001355, 7.048499999999997101, 0.8890000000000012337 ) ) ;
#1203 = VECTOR ( 'NONE', #3471, 1000.000000000000000 ) ;
#1204 = LINE ( 'NONE', #4741, #7496 ) ;
#1205 = DIRECTION ( 'NONE',  ( 0.000000000000000000, -1.000000000000000000, -1.733406087350420004E-16 ) ) ;
#1206 = CARTESIAN_POINT ( 'NONE',  ( 1.734723475976807094E-15, 0.3809999999999988396, 2.120899999999999785 ) ) ;
#1207 = PRODUCT_DEFINITION_CONTEXT ( 'detailed design', #3280, 'design' ) ;
#1208 = EDGE_CURVE ( 'NONE', #541, #3141, #4827, .T. ) ;
#1209 = ORIENTED_EDGE ( 'NONE', *, *, #1858, .F. ) ;
#1210 = CARTESIAN_POINT ( 'NONE',  ( -8.509000000000002117, 7.048499999999997101, 1.651000000000001355 ) ) ;
#1211 = ORIENTED_EDGE ( 'NONE', *, *, #2460, .T. ) ;
#1212 = VECTOR ( 'NONE', #6393, 1000.000000000000000 ) ;
#1213 = ORIENTED_EDGE ( 'NONE', *, *, #1260, .T. ) ;
#1214 = DIRECTION ( 'NONE',  ( 0.000000000000000000, -1.733406087350420004E-16, 1.000000000000000000 ) ) ;
#1215 = UNCERTAINTY_MEASURE_WITH_UNIT (LENGTH_MEASURE( 1.000000000000000082E-05 ), #2964, 'distance_accuracy_value', 'NONE');
#1216 = ADVANCED_FACE ( 'NONE', ( #3732 ), #1368, .T. ) ;
#1217 = LINE ( 'NONE', #6046, #5171 ) ;
#1218 =( NAMED_UNIT ( * ) PLANE_ANGLE_UNIT ( ) SI_UNIT ( $, .RADIAN. ) );
#1219 = CARTESIAN_POINT ( 'NONE',  ( -5.969000000000002082, 6.222999999999998977, -0.8889999999999987912 ) ) ;
#1220 = ORIENTED_EDGE ( 'NONE', *, *, #1445, .F. ) ;
#1221 = DIRECTION ( 'NONE',  ( -0.5773502691896273964, 0.5773502691896237327, -0.5773502691896261751 ) ) ;
#1222 = ORIENTED_EDGE ( 'NONE', *, *, #4353, .F. ) ;
#1223 = ORIENTED_EDGE ( 'NONE', *, *, #5633, .T. ) ;
#1224 = CARTESIAN_POINT ( 'NONE',  ( -1.651000000000001355, 7.048499999999997989, -0.8889999999999986802 ) ) ;
#1225 = ADVANCED_FACE ( 'NONE', ( #4194 ), #3665, .F. ) ;
#1226 = CARTESIAN_POINT ( 'NONE',  ( 1.650999999999998025, 7.048499999999997101, 0.8890000000000012337 ) ) ;
#1227 = EDGE_CURVE ( 'NONE', #1201, #4127, #6112, .T. ) ;
#1228 = LINE ( 'NONE', #4848, #1045 ) ;
#1229 = CARTESIAN_POINT ( 'NONE',  ( -5.969000000000002082, 7.048499999999997101, 1.651000000000001355 ) ) ;
#1230 = CARTESIAN_POINT ( 'NONE',  ( -0.1777999999999999858, -3.611118645726067224E-32, 3.429000000000000270 ) ) ;
#1231 = ORIENTED_EDGE ( 'NONE', *, *, #4692, .F. ) ;
#1232 = ORIENTED_EDGE ( 'NONE', *, *, #1831, .T. ) ;
#1233 = LINE ( 'NONE', #3610, #5771 ) ;
#1234 = DIRECTION ( 'NONE',  ( 0.000000000000000000, 0.9659258262890699775, 0.2588190451025143002 ) ) ;
#1235 = LINE ( 'NONE', #5911, #688 ) ;
#1236 = VERTEX_POINT ( 'NONE', #6737 ) ;
#1237 = LINE ( 'NONE', #4224, #76 ) ;
#1238 = DIRECTION ( 'NONE',  ( 0.000000000000000000, 1.000000000000000000, -1.138269997360111548E-15 ) ) ;
#1239 = ORIENTED_EDGE ( 'NONE', *, *, #3245, .T. ) ;
#1240 = ADVANCED_FACE ( 'NONE', ( #4786 ), #5417, .F. ) ;
#1241 = LINE ( 'NONE', #3730, #1604 ) ;
#1242 = ORIENTED_EDGE ( 'NONE', *, *, #545, .T. ) ;
#1243 = LINE ( 'NONE', #6034, #5138 ) ;
#1244 = CARTESIAN_POINT ( 'NONE',  ( 5.968999999999998529, 6.222999999999998977, 0.8890000000000011227 ) ) ;
#1245 = DIRECTION ( 'NONE',  ( 0.000000000000000000, -0.000000000000000000, -1.000000000000000000 ) ) ;
#1246 = CARTESIAN_POINT ( 'NONE',  ( 5.968999999999998529, 7.048499999999997101, 1.651000000000001355 ) ) ;
#1247 = MECHANICAL_DESIGN_GEOMETRIC_PRESENTATION_REPRESENTATION (  '', ( #4225 ), #5102 ) ;
#1248 = ADVANCED_FACE ( 'NONE', ( #770 ), #1838, .F. ) ;
#1249 = ADVANCED_FACE ( 'NONE', ( #5539 ), #69, .F. ) ;
#1250 = LINE ( 'NONE', #7244, #633 ) ;
#1251 = CARTESIAN_POINT ( 'NONE',  ( -8.509000000000002117, 7.048499999999997101, 1.651000000000001355 ) ) ;
#1252 = EDGE_LOOP ( 'NONE', ( #6677, #4531, #2748, #5971 ) ) ;
#1253 = CARTESIAN_POINT ( 'NONE',  ( 2.540000000000002256, 7.492999999999998550, 2.501900000000000901 ) ) ;
#1254 = VECTOR ( 'NONE', #3251, 1000.000000000000000 ) ;
#1255 =( NAMED_UNIT ( * ) SI_UNIT ( $, .STERADIAN. ) SOLID_ANGLE_UNIT ( ) );
#1256 = CARTESIAN_POINT ( 'NONE',  ( 3.683000000000000718, 6.794499999999999318, -1.396999999999998243 ) ) ;
#1257 = VERTEX_POINT ( 'NONE', #2493 ) ;
#1258 = LINE ( 'NONE', #6051, #7165 ) ;
#1259 = ORIENTED_EDGE ( 'NONE', *, *, #7562, .F. ) ;
#1260 = EDGE_CURVE ( 'NONE', #620, #1257, #6586, .T. ) ;
#1261 = ORIENTED_EDGE ( 'NONE', *, *, #5218, .F. ) ;
#1262 = LINE ( 'NONE', #4720, #2383 ) ;
#1263 = AXIS2_PLACEMENT_3D ( 'NONE', #3888, #7434, #4476 ) ;
#1264 = VECTOR ( 'NONE', #6599, 1000.000000000000000 ) ;
#1265 = DIRECTION ( 'NONE',  ( 0.000000000000000000, 1.733406087350420004E-16, -1.000000000000000000 ) ) ;
#1266 = DIRECTION ( 'NONE',  ( -0.000000000000000000, 1.000000000000000000, 1.733406087350420004E-16 ) ) ;
#1267 = DIRECTION ( 'NONE',  ( 0.000000000000000000, 1.733406087350420251E-16, -1.000000000000000000 ) ) ;
#1268 = CARTESIAN_POINT ( 'NONE',  ( -5.079999999999997407, 7.492999999999998550, 0.4444999999999978413 ) ) ;
#1269 = VERTEX_POINT ( 'NONE', #3080 ) ;
#1270 = ADVANCED_FACE ( 'NONE', ( #7233 ), #3117, .F. ) ;
#1271 = EDGE_LOOP ( 'NONE', ( #2498, #5833, #5303, #1542 ) ) ;
#1272 = VECTOR ( 'NONE', #4849, 1000.000000000000000 ) ;
#1273 = CARTESIAN_POINT ( 'NONE',  ( -9.271000000000000796, 7.048499999999997101, 0.8890000000000012337 ) ) ;
#1274 = DIRECTION ( 'NONE',  ( 0.000000000000000000, 1.224646799147354686E-16, -1.000000000000000000 ) ) ;
#1275 = LINE ( 'NONE', #3653, #5681 ) ;
#1276 = CARTESIAN_POINT ( 'NONE',  ( -2.095500000000005247, 7.492999999999998550, 2.095500000000003915 ) ) ;
#1277 = CARTESIAN_POINT ( 'NONE',  ( 0.8889999999999991243, 6.222999999999998977, -1.650999999999998913 ) ) ;
#1278 = ORIENTED_EDGE ( 'NONE', *, *, #5474, .F. ) ;
#1279 = PRESENTATION_LAYER_ASSIGNMENT (  '', '', ( #6995 ) ) ;
#1280 = EDGE_CURVE ( 'NONE', #7082, #5430, #4355, .T. ) ;
#1281 = VECTOR ( 'NONE', #4555, 1000.000000000000000 ) ;
#1282 = PLANE ( 'NONE',  #1995 ) ;
#1283 = CARTESIAN_POINT ( 'NONE',  ( 0.8889999999999991243, 6.222999999999998977, -1.650999999999998913 ) ) ;
#1284 = VECTOR ( 'NONE', #2073, 1000.000000000000000 ) ;
#1285 = DIRECTION ( 'NONE',  ( 0.000000000000000000, 1.733406087350420004E-16, -1.000000000000000000 ) ) ;
#1286 = CARTESIAN_POINT ( 'NONE',  ( 7.175500000000001322, 7.492999999999998550, 2.095500000000003915 ) ) ;
#1287 = VECTOR ( 'NONE', #730, 1000.000000000000000 ) ;
#1288 = ORIENTED_EDGE ( 'NONE', *, *, #2521, .T. ) ;
#1289 = ORIENTED_EDGE ( 'NONE', *, *, #1091, .T. ) ;
#1290 = CARTESIAN_POINT ( 'NONE',  ( 0.3047999999999999599, 0.6730999999999999206, -1.714499999999999913 ) ) ;
#1291 = VERTEX_POINT ( 'NONE', #960 ) ;
#1292 = ORIENTED_EDGE ( 'NONE', *, *, #7631, .F. ) ;
#1293 = VECTOR ( 'NONE', #4785, 1000.000000000000000 ) ;
#1294 = PLANE ( 'NONE',  #4735 ) ;
#1295 = LINE ( 'NONE', #7669, #5449 ) ;
#1296 = CARTESIAN_POINT ( 'NONE',  ( -5.969000000000002082, 7.048499999999997989, -1.650999999999998691 ) ) ;
#1297 = ADVANCED_FACE ( 'NONE', ( #229 ), #1522, .F. ) ;
#1298 = CARTESIAN_POINT ( 'NONE',  ( 6.349999999999990763, -4.814824860968089633E-32, 0.000000000000000000 ) ) ;
#1299 = VECTOR ( 'NONE', #1592, 1000.000000000000000 ) ;
#1300 = EDGE_CURVE ( 'NONE', #7309, #2659, #2138, .T. ) ;
#1301 = PLANE ( 'NONE',  #7513 ) ;
#1302 = DIRECTION ( 'NONE',  ( -1.000000000000000000, -0.000000000000000000, -0.000000000000000000 ) ) ;
#1303 = EDGE_LOOP ( 'NONE', ( #1292, #6803, #1778, #593, #6098, #5803, #6062, #1403 ) ) ;
#1304 = AXIS2_PLACEMENT_3D ( 'NONE', #3401, #4638, #6368 ) ;
#1305 = VERTEX_POINT ( 'NONE', #5693 ) ;
#1306 = AXIS2_PLACEMENT_3D ( 'NONE', #3018, #3643, #4723 ) ;
#1307 = LINE ( 'NONE', #6172, #4116 ) ;
#1308 = DIRECTION ( 'NONE',  ( 0.000000000000000000, 0.000000000000000000, 1.000000000000000000 ) ) ;
#1309 = DIRECTION ( 'NONE',  ( 0.000000000000000000, -1.422837496700138942E-15, 1.000000000000000000 ) ) ;
#1310 = CARTESIAN_POINT ( 'NONE',  ( -10.15999999999999837, 0.3809999999999992837, 2.501899999999999125 ) ) ;
#1311 = EDGE_CURVE ( 'NONE', #5115, #3825, #1447, .T. ) ;
#1312 = CARTESIAN_POINT ( 'NONE',  ( 5.080000000000002736, 7.492999999999998550, 2.501900000000000901 ) ) ;
#1313 = VECTOR ( 'NONE', #1619, 1000.000000000000114 ) ;
#1314 = VERTEX_POINT ( 'NONE', #5022 ) ;
#1315 = VERTEX_POINT ( 'NONE', #6815 ) ;
#1316 = VECTOR ( 'NONE', #4434, 1000.000000000000000 ) ;
#1317 = CARTESIAN_POINT ( 'NONE',  ( 10.41399999999999970, 7.492999999999998550, 2.501900000000000901 ) ) ;
#1318 = DIRECTION ( 'NONE',  ( -1.000000000000000000, 0.000000000000000000, 0.000000000000000000 ) ) ;
#1319 = CARTESIAN_POINT ( 'NONE',  ( -10.41399999999999970, 0.8889999999999989022, -1.984781810244995004 ) ) ;
#1320 = ORIENTED_EDGE ( 'NONE', *, *, #7336, .T. ) ;
#1321 = EDGE_CURVE ( 'NONE', #5347, #1372, #4981, .T. ) ;
#1322 = CARTESIAN_POINT ( 'NONE',  ( -0.8890000000000026770, 6.222999999999998977, -1.650999999999998913 ) ) ;
#1323 = EDGE_LOOP ( 'NONE', ( #1346, #3160, #5597, #5752 ) ) ;
#1324 = VERTEX_POINT ( 'NONE', #6279 ) ;
#1325 = CARTESIAN_POINT ( 'NONE',  ( 4.635500000000002174, 7.492999999999999439, -2.095500000000001695 ) ) ;
#1326 = CARTESIAN_POINT ( 'NONE',  ( -1.651000000000001355, 6.222999999999998977, -0.8889999999999987912 ) ) ;
#1327 = CARTESIAN_POINT ( 'NONE',  ( -8.064499999999998892, 7.492999999999999439, -2.501900000000000901 ) ) ;
#1328 = CARTESIAN_POINT ( 'NONE',  ( 2.540000000000002256, 7.492999999999999439, -2.501900000000000901 ) ) ;
#1329 = ORIENTED_EDGE ( 'NONE', *, *, #4262, .T. ) ;
#1330 = EDGE_CURVE ( 'NONE', #543, #6497, #3881, .T. ) ;
#1331 = ADVANCED_FACE ( 'NONE', ( #2036 ), #2105, .F. ) ;
#1332 = ORIENTED_EDGE ( 'NONE', *, *, #5819, .T. ) ;
#1333 = CARTESIAN_POINT ( 'NONE',  ( 5.080000000000000959, 0.3809999999999999498, -2.501900000000000901 ) ) ;
#1334 = EDGE_LOOP ( 'NONE', ( #6530, #273, #3979, #6090 ) ) ;
#1335 = VECTOR ( 'NONE', #5985, 1000.000000000000000 ) ;
#1336 = VERTEX_POINT ( 'NONE', #6848 ) ;
#1337 = AXIS2_PLACEMENT_3D ( 'NONE', #3711, #745, #592 ) ;
#1338 = CARTESIAN_POINT ( 'NONE',  ( -5.079999999999997407, 0.3809999999999999498, -2.501900000000000901 ) ) ;
#1339 = CARTESIAN_POINT ( 'NONE',  ( -3.429000000000002490, 6.222999999999998977, -0.8889999999999987912 ) ) ;
#1340 = CARTESIAN_POINT ( 'NONE',  ( -6.731000000000000760, 6.222999999999998977, 1.651000000000001133 ) ) ;
#1341 = PRODUCT_CONTEXT ( 'NONE', #3182, 'mechanical' ) ;
#1342 = VECTOR ( 'NONE', #4673, 1000.000000000000000 ) ;
#1343 = DIRECTION ( 'NONE',  ( 1.000000000000000000, 0.000000000000000000, 0.000000000000000000 ) ) ;
#1344 = ORIENTED_EDGE ( 'NONE', *, *, #3706, .T. ) ;
#1345 = FACE_OUTER_BOUND ( 'NONE', #3334, .T. ) ;
#1346 = ORIENTED_EDGE ( 'NONE', *, *, #7478, .T. ) ;
#1347 = VERTEX_POINT ( 'NONE', #3310 ) ;
#1348 = FACE_OUTER_BOUND ( 'NONE', #504, .T. ) ;
#1349 = EDGE_CURVE ( 'NONE', #4421, #5412, #924, .T. ) ;
#1350 = FACE_OUTER_BOUND ( 'NONE', #3622, .T. ) ;
#1351 = DIRECTION ( 'NONE',  ( 0.000000000000000000, 0.000000000000000000, -1.000000000000000000 ) ) ;
#1352 = DIRECTION ( 'NONE',  ( 0.5773502691896273964, 0.5773502691896237327, -0.5773502691896261751 ) ) ;
#1353 = CARTESIAN_POINT ( 'NONE',  ( -2.984499999999998376, 7.492999999999999439, -2.501900000000000901 ) ) ;
#1354 = ORIENTED_EDGE ( 'NONE', *, *, #5663, .F. ) ;
#1355 = ORIENTED_EDGE ( 'NONE', *, *, #646, .F. ) ;
#1356 = ADVANCED_FACE ( 'NONE', ( #375 ), #5092, .F. ) ;
#1357 = CARTESIAN_POINT ( 'NONE',  ( 10.15999999999999837, 0.3809999999999988396, 2.120899999999999785 ) ) ;
#1358 = PLANE ( 'NONE',  #286 ) ;
#1359 = CARTESIAN_POINT ( 'NONE',  ( 5.968999999999998529, 7.048499999999997989, -1.650999999999998691 ) ) ;
#1360 = CARTESIAN_POINT ( 'NONE',  ( -0.1777999999999999858, 0.2539999999999993929, -3.429000000000000270 ) ) ;
#1361 = VECTOR ( 'NONE', #4276, 1000.000000000000000 ) ;
#1362 = VERTEX_POINT ( 'NONE', #260 ) ;
#1363 = ORIENTED_EDGE ( 'NONE', *, *, #6982, .T. ) ;
#1364 = VERTEX_POINT ( 'NONE', #3845 ) ;
#1365 = CARTESIAN_POINT ( 'NONE',  ( -5.524499999999997968, 7.492999999999998550, 2.095500000000003915 ) ) ;
#1366 = ADVANCED_FACE ( 'NONE', ( #7387 ), #4433, .F. ) ;
#1367 = DIRECTION ( 'NONE',  ( 0.000000000000000000, 1.092515224483717628E-16, -1.000000000000000000 ) ) ;
#1368 = CYLINDRICAL_SURFACE ( 'NONE', #6509, 0.6731000000000002537 ) ;
#1369 = DIRECTION ( 'NONE',  ( 0.000000000000000000, 2.082201214683127315E-16, 1.000000000000000000 ) ) ;
#1370 = EDGE_LOOP ( 'NONE', ( #1709, #5709, #4941, #5925 ) ) ;
#1371 = CARTESIAN_POINT ( 'NONE',  ( -5.079999999999997407, 0.3809999999999992837, 2.501899999999999125 ) ) ;
#1372 = VERTEX_POINT ( 'NONE', #6234 ) ;
#1373 = VERTEX_POINT ( 'NONE', #3924 ) ;
#1374 = FACE_OUTER_BOUND ( 'NONE', #766, .T. ) ;
#1375 = EDGE_CURVE ( 'NONE', #5215, #4026, #881, .T. ) ;
#1376 = EDGE_CURVE ( 'NONE', #7149, #7637, #5056, .T. ) ;
#1377 = PLANE ( 'NONE',  #6566 ) ;
#1378 = ORIENTED_EDGE ( 'NONE', *, *, #672, .F. ) ;
#1379 = CARTESIAN_POINT ( 'NONE',  ( 5.968999999999998529, 6.222999999999998977, 1.651000000000001133 ) ) ;
#1380 = DIRECTION ( 'NONE',  ( 0.000000000000000000, 0.000000000000000000, 1.000000000000000000 ) ) ;
#1381 = LINE ( 'NONE', #4445, #700 ) ;
#1382 = ORIENTED_EDGE ( 'NONE', *, *, #5250, .F. ) ;
#1383 = ORIENTED_EDGE ( 'NONE', *, *, #2487, .T. ) ;
#1384 = ADVANCED_FACE ( 'NONE', ( #6313 ), #2762, .F. ) ;
#1385 = CARTESIAN_POINT ( 'NONE',  ( -10.15999999999999837, 0.3809999999999992837, 2.501899999999999125 ) ) ;
#1386 = LINE ( 'NONE', #2055, #6921 ) ;
#1387 = VECTOR ( 'NONE', #850, 1000.000000000000000 ) ;
#1388 = CARTESIAN_POINT ( 'NONE',  ( 1.650999999999998025, 7.048499999999997989, -0.8889999999999986802 ) ) ;
#1389 = DIRECTION ( 'NONE',  ( 0.000000000000000000, 0.000000000000000000, 1.000000000000000000 ) ) ;
#1390 = LINE ( 'NONE', #1310, #1960 ) ;
#1391 = DIRECTION ( 'NONE',  ( 0.000000000000000000, -1.733406087350420004E-16, 1.000000000000000000 ) ) ;
#1392 = ORIENTED_EDGE ( 'NONE', *, *, #1736, .F. ) ;
#1393 = VECTOR ( 'NONE', #6623, 1000.000000000000000 ) ;
#1394 = VERTEX_POINT ( 'NONE', #2176 ) ;
#1395 = LINE ( 'NONE', #4854, #1556 ) ;
#1396 = CARTESIAN_POINT ( 'NONE',  ( 0.3047999999999999599, -3.611118645726065035E-32, -3.429000000000000270 ) ) ;
#1397 = DIRECTION ( 'NONE',  ( 0.000000000000000000, 0.9659258262890700886, -0.2588190451025143002 ) ) ;
#1398 = FACE_OUTER_BOUND ( 'NONE', #6523, .T. ) ;
#1399 = EDGE_CURVE ( 'NONE', #3430, #896, #4544, .T. ) ;
#1400 = VECTOR ( 'NONE', #5099, 1000.000000000000114 ) ;
#1401 = EDGE_CURVE ( 'NONE', #3452, #5546, #3957, .T. ) ;
#1402 = ORIENTED_EDGE ( 'NONE', *, *, #4551, .F. ) ;
#1403 = ORIENTED_EDGE ( 'NONE', *, *, #7029, .F. ) ;
#1404 = DIRECTION ( 'NONE',  ( -1.000000000000000000, -0.000000000000000000, -0.000000000000000000 ) ) ;
#1405 = MECHANICAL_DESIGN_GEOMETRIC_PRESENTATION_REPRESENTATION (  '', ( #1532 ), #2523 ) ;
#1406 = DIRECTION ( 'NONE',  ( -0.000000000000000000, 1.000000000000000000, 1.092515224483717382E-16 ) ) ;
#1407 = DIRECTION ( 'NONE',  ( 0.000000000000000000, 0.2588190451025143002, -0.9659258262890699775 ) ) ;
#1408 = DIRECTION ( 'NONE',  ( 1.000000000000000000, 0.000000000000000000, 0.000000000000000000 ) ) ;
#1409 = EDGE_CURVE ( 'NONE', #1919, #4370, #5800, .T. ) ;
#1410 = DIRECTION ( 'NONE',  ( -1.000000000000000000, 0.000000000000000000, 0.000000000000000000 ) ) ;
#1411 = ORIENTED_EDGE ( 'NONE', *, *, #5594, .T. ) ;
#1412 = DIRECTION ( 'NONE',  ( 0.000000000000000000, 1.000000000000000000, 2.439149994343092652E-16 ) ) ;
#1413 = COLOUR_RGB ( '',0.7921568627450980005, 0.8196078431372548767, 0.9333333333333333481 ) ;
#1414 = VECTOR ( 'NONE', #4079, 1000.000000000000000 ) ;
#1415 = DIRECTION ( 'NONE',  ( 0.000000000000000000, -1.733406087350420004E-16, 1.000000000000000000 ) ) ;
#1416 = CARTESIAN_POINT ( 'NONE',  ( -5.079999999999997407, 0.8889999999999989022, -1.984781810244995004 ) ) ;
#1417 = ADVANCED_FACE ( 'NONE', ( #3489 ), #3533, .F. ) ;
#1418 = CARTESIAN_POINT ( 'NONE',  ( 3.428999999999999826, 7.048499999999997989, -0.8889999999999986802 ) ) ;
#1419 = EDGE_LOOP ( 'NONE', ( #6486, #1941, #6272, #6475 ) ) ;
#1420 = ORIENTED_EDGE ( 'NONE', *, *, #7356, .T. ) ;
#1421 = ORIENTED_EDGE ( 'NONE', *, *, #4682, .F. ) ;
#1422 = CARTESIAN_POINT ( 'NONE',  ( 5.968999999999998529, 6.222999999999998977, 1.651000000000001133 ) ) ;
#1423 = DIRECTION ( 'NONE',  ( 0.000000000000000000, -1.138269997360111548E-15, -1.000000000000000000 ) ) ;
#1424 = VECTOR ( 'NONE', #913, 1000.000000000000000 ) ;
#1425 = AXIS2_PLACEMENT_3D ( 'NONE', #4221, #1789, #2288 ) ;
#1426 = FACE_OUTER_BOUND ( 'NONE', #4179, .T. ) ;
#1427 = CARTESIAN_POINT ( 'NONE',  ( -0.4444999999999987295, 7.492999999999998550, 2.095500000000003915 ) ) ;
#1428 = EDGE_CURVE ( 'NONE', #2737, #1076, #520, .T. ) ;
#1429 = CYLINDRICAL_SURFACE ( 'NONE', #3861, 0.1269999999999999463 ) ;
#1430 = LINE ( 'NONE', #6869, #5566 ) ;
#1431 = ORIENTED_EDGE ( 'NONE', *, *, #7124, .F. ) ;
#1432 = VECTOR ( 'NONE', #4310, 1000.000000000000114 ) ;
#1433 = ORIENTED_EDGE ( 'NONE', *, *, #3010, .T. ) ;
#1434 = DIRECTION ( 'NONE',  ( -1.000000000000000000, -0.000000000000000000, -0.000000000000000000 ) ) ;
#1435 = VECTOR ( 'NONE', #3051, 1000.000000000000000 ) ;
#1436 = FACE_OUTER_BOUND ( 'NONE', #1953, .T. ) ;
#1437 = CARTESIAN_POINT ( 'NONE',  ( 1.734723475976807094E-15, 0.8889999999999989022, -1.984781810244995004 ) ) ;
#1438 = FACE_OUTER_BOUND ( 'NONE', #5044, .T. ) ;
#1439 = ORIENTED_EDGE ( 'NONE', *, *, #367, .T. ) ;
#1440 = EDGE_LOOP ( 'NONE', ( #7563, #1499, #2024, #6951 ) ) ;
#1441 = VECTOR ( 'NONE', #6247, 1000.000000000000000 ) ;
#1442 = VECTOR ( 'NONE', #7295, 1000.000000000000000 ) ;
#1443 = CARTESIAN_POINT ( 'NONE',  ( -0.8890000000000026770, 6.222999999999998977, 0.8890000000000011227 ) ) ;
#1444 = ADVANCED_FACE ( 'NONE', ( #7540 ), #6380, .F. ) ;
#1445 = EDGE_CURVE ( 'NONE', #1868, #6975, #2953, .T. ) ;
#1446 = DIRECTION ( 'NONE',  ( 0.5773502691896270633, 0.5773502691896240657, -0.5773502691896261751 ) ) ;
#1447 = LINE ( 'NONE', #6197, #4265 ) ;
#1448 = LINE ( 'NONE', #3774, #4893 ) ;
#1449 = ORIENTED_EDGE ( 'NONE', *, *, #6286, .F. ) ;
#1450 = AXIS2_PLACEMENT_3D ( 'NONE', #4655, #1716, #1865 ) ;
#1451 = PLANE ( 'NONE',  #6621 ) ;
#1452 = ORIENTED_EDGE ( 'NONE', *, *, #2751, .T. ) ;
#1453 = PLANE ( 'NONE',  #1263 ) ;
#1454 = VECTOR ( 'NONE', #2245, 1000.000000000000000 ) ;
#1455 = VECTOR ( 'NONE', #5043, 1000.000000000000000 ) ;
#1456 = EDGE_CURVE ( 'NONE', #4903, #1086, #6962, .T. ) ;
#1457 = CARTESIAN_POINT ( 'NONE',  ( 0.3047999999999999599, 0.6730999999999999206, -2.387599999999999945 ) ) ;
#1458 = UNCERTAINTY_MEASURE_WITH_UNIT (LENGTH_MEASURE( 1.000000000000000082E-05 ), #287, 'distance_accuracy_value', 'NONE');
#1459 = CARTESIAN_POINT ( 'NONE',  ( 5.080000000000002736, 0.3809999999999992837, 2.501899999999999125 ) ) ;
#1460 =( NAMED_UNIT ( * ) SI_UNIT ( $, .STERADIAN. ) SOLID_ANGLE_UNIT ( ) );
#1461 = ORIENTED_EDGE ( 'NONE', *, *, #7327, .T. ) ;
#1462 = ORIENTED_EDGE ( 'NONE', *, *, #1058, .F. ) ;
#1463 = DIRECTION ( 'NONE',  ( -0.000000000000000000, -1.000000000000000000, -0.000000000000000000 ) ) ;
#1464 = EDGE_CURVE ( 'NONE', #1528, #1305, #4029, .T. ) ;
#1465 = CARTESIAN_POINT ( 'NONE',  ( -8.509000000000002117, 6.222999999999998977, -1.650999999999998913 ) ) ;
#1466 = AXIS2_PLACEMENT_3D ( 'NONE', #3509, #7482, #1647 ) ;
#1467 = DIRECTION ( 'NONE',  ( 0.000000000000000000, 0.000000000000000000, -1.000000000000000000 ) ) ;
#1468 = PLANE ( 'NONE',  #5877 ) ;
#1469 = LINE ( 'NONE', #6834, #2504 ) ;
#1470 = DIRECTION ( 'NONE',  ( 0.000000000000000000, -1.000000000000000000, -1.733406087350420004E-16 ) ) ;
#1471 = EDGE_LOOP ( 'NONE', ( #5146, #7203, #1607, #4241 ) ) ;
#1472 = VECTOR ( 'NONE', #2184, 1000.000000000000000 ) ;
#1473 = ORIENTED_EDGE ( 'NONE', *, *, #6600, .F. ) ;
#1474 = EDGE_CURVE ( 'NONE', #2141, #1657, #1627, .T. ) ;
#1475 = EDGE_CURVE ( 'NONE', #7677, #5313, #7611, .T. ) ;
#1476 = DIRECTION ( 'NONE',  ( 0.000000000000000000, -1.733406087350420004E-16, 1.000000000000000000 ) ) ;
#1477 = CARTESIAN_POINT ( 'NONE',  ( 1.650999999999998025, 6.222999999999998977, -0.8889999999999987912 ) ) ;
#1478 = CARTESIAN_POINT ( 'NONE',  ( -8.763000000000003453, 6.794499999999997542, 1.397000000000001130 ) ) ;
#1479 = CARTESIAN_POINT ( 'NONE',  ( -4.635500000000004839, 7.492999999999999439, -2.501900000000000901 ) ) ;
#1480 = VERTEX_POINT ( 'NONE', #2913 ) ;
#1481 = ORIENTED_EDGE ( 'NONE', *, *, #4963, .F. ) ;
#1482 = DIRECTION ( 'NONE',  ( 0.000000000000000000, -1.733406087350420251E-16, 1.000000000000000000 ) ) ;
#1483 = PLANE ( 'NONE',  #2537 ) ;
#1484 = DIRECTION ( 'NONE',  ( 0.7071067811865456854, -0.7071067811865494601, -1.225703198915526333E-16 ) ) ;
#1485 = CARTESIAN_POINT ( 'NONE',  ( -8.509000000000002117, 7.048499999999997989, -0.8889999999999986802 ) ) ;
#1486 = CIRCLE ( 'NONE', #7319, 0.4191000000000008052 ) ;
#1487 = LINE ( 'NONE', #191, #271 ) ;
#1488 = VERTEX_POINT ( 'NONE', #2332 ) ;
#1489 = ADVANCED_FACE ( 'NONE', ( #3419 ), #6999, .F. ) ;
#1490 = LINE ( 'NONE', #890, #1400 ) ;
#1491 = VECTOR ( 'NONE', #878, 1000.000000000000114 ) ;
#1492 = VECTOR ( 'NONE', #6723, 1000.000000000000000 ) ;
#1493 = LINE ( 'NONE', #7320, #3820 ) ;
#1494 = FACE_OUTER_BOUND ( 'NONE', #7078, .T. ) ;
#1495 =( NAMED_UNIT ( * ) PLANE_ANGLE_UNIT ( ) SI_UNIT ( $, .RADIAN. ) );
#1496 = ADVANCED_FACE ( 'NONE', ( #5909 ), #7651, .F. ) ;
#1497 = EDGE_LOOP ( 'NONE', ( #1741, #1665, #3967, #5853 ) ) ;
#1498 = EDGE_CURVE ( 'NONE', #1372, #5824, #6423, .T. ) ;
#1499 = ORIENTED_EDGE ( 'NONE', *, *, #1929, .T. ) ;
#1500 = EDGE_LOOP ( 'NONE', ( #1392, #6487, #2148, #345 ) ) ;
#1501 = CARTESIAN_POINT ( 'NONE',  ( -2.539999999999997815, 0.8889999999999985691, 1.984781810244993228 ) ) ;
#1502 = LINE ( 'NONE', #3859, #4316 ) ;
#1503 = CARTESIAN_POINT ( 'NONE',  ( -4.191000000000000725, 7.048499999999997101, 1.651000000000001355 ) ) ;
#1504 = VECTOR ( 'NONE', #2117, 1000.000000000000000 ) ;
#1505 = DIRECTION ( 'NONE',  ( 0.000000000000000000, 1.000000000000000000, 2.439149994343092652E-16 ) ) ;
#1506 = DIRECTION ( 'NONE',  ( -1.000000000000000000, -0.000000000000000000, -0.000000000000000000 ) ) ;
#1507 = CARTESIAN_POINT ( 'NONE',  ( -6.731000000000000760, 6.222999999999998977, -0.8889999999999987912 ) ) ;
#1508 = EDGE_CURVE ( 'NONE', #5900, #1315, #5837, .T. ) ;
#1509 = EDGE_LOOP ( 'NONE', ( #428, #5608, #5839, #5960 ) ) ;
#1510 = ORIENTED_EDGE ( 'NONE', *, *, #1630, .T. ) ;
#1511 = PRESENTATION_STYLE_ASSIGNMENT (( #4460 ) ) ;
#1512 = PLANE ( 'NONE',  #5769 ) ;
#1513 = DIRECTION ( 'NONE',  ( 0.000000000000000000, 1.092515224483717628E-16, -1.000000000000000000 ) ) ;
#1514 = DIRECTION ( 'NONE',  ( -1.000000000000000000, -0.000000000000000000, -0.000000000000000000 ) ) ;
#1515 = AXIS2_PLACEMENT_3D ( 'NONE', #4237, #619, #6513 ) ;
#1516 = EDGE_CURVE ( 'NONE', #301, #7647, #3455, .T. ) ;
#1517 = VERTEX_POINT ( 'NONE', #7689 ) ;
#1518 = AXIS2_PLACEMENT_3D ( 'NONE', #818, #5426, #5504 ) ;
#1519 = ORIENTED_EDGE ( 'NONE', *, *, #6347, .F. ) ;
#1520 = LINE ( 'NONE', #7564, #2728 ) ;
#1521 = FACE_OUTER_BOUND ( 'NONE', #2939, .T. ) ;
#1522 = PLANE ( 'NONE',  #6007 ) ;
#1523 = PLANE ( 'NONE',  #7617 ) ;
#1524 = ORIENTED_EDGE ( 'NONE', *, *, #3437, .T. ) ;
#1525 = VERTEX_POINT ( 'NONE', #1790 ) ;
#1526 = EDGE_CURVE ( 'NONE', #5220, #4230, #2367, .T. ) ;
#1527 = CARTESIAN_POINT ( 'NONE',  ( 7.620000000000001883, 0.000000000000000000, 0.000000000000000000 ) ) ;
#1528 = VERTEX_POINT ( 'NONE', #4579 ) ;
#1529 = DIRECTION ( 'NONE',  ( 0.000000000000000000, 1.000000000000000000, 2.439149994343092652E-16 ) ) ;
#1530 = DIRECTION ( 'NONE',  ( -1.000000000000000000, -0.000000000000000000, -0.000000000000000000 ) ) ;
#1531 = FILL_AREA_STYLE_COLOUR ( '', #2891 ) ;
#1532 = STYLED_ITEM ( 'NONE', ( #5321 ), #6273 ) ;
#1533 = MECHANICAL_DESIGN_GEOMETRIC_PRESENTATION_REPRESENTATION (  '', ( #5759 ), #6873 ) ;
#1534 = ORIENTED_EDGE ( 'NONE', *, *, #4948, .F. ) ;
#1535 = ORIENTED_EDGE ( 'NONE', *, *, #1990, .T. ) ;
#1536 = CARTESIAN_POINT ( 'NONE',  ( 7.620000000000001883, 7.492999999999998550, 2.501900000000000901 ) ) ;
#1537 = CARTESIAN_POINT ( 'NONE',  ( 10.16000000000000192, 0.3809999999999992837, 2.501899999999999125 ) ) ;
#1538 = ADVANCED_FACE ( 'NONE', ( #7110 ), #2874, .F. ) ;
#1539 = AXIS2_PLACEMENT_3D ( 'NONE', #4111, #5411, #7151 ) ;
#1540 = CARTESIAN_POINT ( 'NONE',  ( 1.734723475976807094E-15, 7.492999999999998550, 2.501900000000000901 ) ) ;
#1541 = LINE ( 'NONE', #434, #4763 ) ;
#1542 = ORIENTED_EDGE ( 'NONE', *, *, #5085, .F. ) ;
#1543 = VECTOR ( 'NONE', #5495, 1000.000000000000000 ) ;
#1544 = VECTOR ( 'NONE', #3230, 1000.000000000000000 ) ;
#1545 = CARTESIAN_POINT ( 'NONE',  ( 7.620000000000001883, 7.492999999999998550, 2.501900000000000901 ) ) ;
#1546 = LINE ( 'NONE', #5743, #696 ) ;
#1547 = EDGE_LOOP ( 'NONE', ( #5871, #6929, #1107, #2108 ) ) ;
#1548 = ORIENTED_EDGE ( 'NONE', *, *, #5579, .F. ) ;
#1549 = ORIENTED_EDGE ( 'NONE', *, *, #2371, .F. ) ;
#1550 = EDGE_CURVE ( 'NONE', #1016, #1324, #4774, .T. ) ;
#1551 = DIRECTION ( 'NONE',  ( -0.000000000000000000, -0.000000000000000000, 1.000000000000000000 ) ) ;
#1552 = DIRECTION ( 'NONE',  ( 0.000000000000000000, -0.9659258262890700886, 0.2588190451025143002 ) ) ;
#1553 = CARTESIAN_POINT ( 'NONE',  ( 7.620000000000001883, 7.492999999999998550, 2.501900000000000901 ) ) ;
#1554 = AXIS2_PLACEMENT_3D ( 'NONE', #7287, #5432, #2465 ) ;
#1555 = VECTOR ( 'NONE', #406, 1000.000000000000000 ) ;
#1556 = VECTOR ( 'NONE', #7217, 1000.000000000000000 ) ;
#1557 = ORIENTED_EDGE ( 'NONE', *, *, #1018, .T. ) ;
#1558 = ORIENTED_EDGE ( 'NONE', *, *, #1376, .T. ) ;
#1559 = EDGE_CURVE ( 'NONE', #6706, #1291, #2989, .T. ) ;
#1560 = CARTESIAN_POINT ( 'NONE',  ( 7.620000000000001883, 0.3809999999999992837, 2.501899999999999125 ) ) ;
#1561 = CARTESIAN_POINT ( 'NONE',  ( 2.540000000000002256, 0.3809999999999992837, 2.501899999999999125 ) ) ;
#1562 = DIRECTION ( 'NONE',  ( -1.000000000000000000, 0.000000000000000000, 0.000000000000000000 ) ) ;
#1563 = EDGE_LOOP ( 'NONE', ( #1320, #7044, #5082, #5928 ) ) ;
#1564 = FACE_OUTER_BOUND ( 'NONE', #5476, .T. ) ;
#1565 = ORIENTED_EDGE ( 'NONE', *, *, #6943, .T. ) ;
#1566 = LINE ( 'NONE', #348, #7223 ) ;
#1567 = ORIENTED_EDGE ( 'NONE', *, *, #7124, .T. ) ;
#1568 = ADVANCED_FACE ( 'NONE', ( #99 ), #7147, .F. ) ;
#1569 = DIRECTION ( 'NONE',  ( -1.000000000000000000, -0.000000000000000000, -0.000000000000000000 ) ) ;
#1570 = DIRECTION ( 'NONE',  ( 1.000000000000000000, 0.000000000000000000, -0.000000000000000000 ) ) ;
#1571 = ITEM_DEFINED_TRANSFORMATION ( 'NONE', 'NONE', #37,  #7126 ) ;
#1572 = ORIENTED_EDGE ( 'NONE', *, *, #414, .T. ) ;
#1573 = ORIENTED_EDGE ( 'NONE', *, *, #978, .F. ) ;
#1574 = DIRECTION ( 'NONE',  ( -0.000000000000000000, 1.000000000000000000, 1.092515224483717382E-16 ) ) ;
#1575 = DIRECTION ( 'NONE',  ( -1.000000000000000000, -0.000000000000000000, -0.000000000000000000 ) ) ;
#1576 = CARTESIAN_POINT ( 'NONE',  ( 2.540000000000002256, 0.3809999999999988396, 2.120899999999999785 ) ) ;
#1577 = PLANE ( 'NONE',  #1900 ) ;
#1578 = CIRCLE ( 'NONE', #203, 0.4191000000000003611 ) ;
#1579 = CARTESIAN_POINT ( 'NONE',  ( 6.730999999999997208, 6.222999999999998977, 1.651000000000001133 ) ) ;
#1580 = LINE ( 'NONE', #399, #7160 ) ;
#1581 = ORIENTED_EDGE ( 'NONE', *, *, #899, .T. ) ;
#1582 = EDGE_CURVE ( 'NONE', #2526, #7325, #5364, .T. ) ;
#1583 = ORIENTED_EDGE ( 'NONE', *, *, #2008, .T. ) ;
#1584 = VECTOR ( 'NONE', #6591, 1000.000000000000000 ) ;
#1585 = SURFACE_STYLE_USAGE ( .BOTH. , #985 ) ;
#1586 = DIRECTION ( 'NONE',  ( 0.7071067811865452413, -0.7071067811865499042, -1.225703198915527072E-16 ) ) ;
#1587 = CARTESIAN_POINT ( 'NONE',  ( 5.080000000000002736, 0.8889999999999985691, 1.984781810244993228 ) ) ;
#1588 = CARTESIAN_POINT ( 'NONE',  ( 5.080000000000002736, 7.492999999999998550, 2.501900000000000901 ) ) ;
#1589 = VERTEX_POINT ( 'NONE', #2485 ) ;
#1590 = ADVANCED_FACE ( 'NONE', ( #5948 ), #3144, .F. ) ;
#1591 = ORIENTED_EDGE ( 'NONE', *, *, #6973, .T. ) ;
#1592 = DIRECTION ( 'NONE',  ( -1.000000000000000000, 0.000000000000000000, 0.000000000000000000 ) ) ;
#1593 = DIRECTION ( 'NONE',  ( -0.000000000000000000, 1.000000000000000000, 1.733406087350420004E-16 ) ) ;
#1594 = FACE_OUTER_BOUND ( 'NONE', #7673, .T. ) ;
#1595 = ORIENTED_EDGE ( 'NONE', *, *, #515, .T. ) ;
#1596 = LINE ( 'NONE', #927, #5136 ) ;
#1597 = EDGE_LOOP ( 'NONE', ( #4784, #7174, #4880, #5464 ) ) ;
#1598 = EDGE_CURVE ( 'NONE', #6326, #1092, #4855, .T. ) ;
#1599 = LINE ( 'NONE', #2112, #7601 ) ;
#1600 = CARTESIAN_POINT ( 'NONE',  ( 3.428999999999999826, 7.048499999999997989, -1.650999999999998691 ) ) ;
#1601 = DIRECTION ( 'NONE',  ( 1.000000000000000000, 0.000000000000000000, 0.000000000000000000 ) ) ;
#1602 = SURFACE_STYLE_USAGE ( .BOTH. , #2228 ) ;
#1603 = EDGE_CURVE ( 'NONE', #3617, #541, #3690, .T. ) ;
#1604 = VECTOR ( 'NONE', #29, 1000.000000000000000 ) ;
#1605 = VECTOR ( 'NONE', #1708, 1000.000000000000000 ) ;
#1606 = ORIENTED_EDGE ( 'NONE', *, *, #3233, .T. ) ;
#1607 = ORIENTED_EDGE ( 'NONE', *, *, #4987, .F. ) ;
#1608 = FACE_OUTER_BOUND ( 'NONE', #995, .T. ) ;
#1609 = CARTESIAN_POINT ( 'NONE',  ( 0.3047999999999999599, 0.8889999999999995683, -1.968499999999999694 ) ) ;
#1610 = EDGE_LOOP ( 'NONE', ( #7535, #3538, #4699, #6043 ) ) ;
#1611 = LINE ( 'NONE', #2894, #6421 ) ;
#1612 = DIRECTION ( 'NONE',  ( -0.000000000000000000, 0.2588190451025143002, 0.9659258262890700886 ) ) ;
#1613 = CARTESIAN_POINT ( 'NONE',  ( 5.080000000000002736, 0.8889999999999989022, -1.984781810244995004 ) ) ;
#1614 = CARTESIAN_POINT ( 'NONE',  ( -10.41399999999999970, 7.492999999999999439, -2.501900000000000901 ) ) ;
#1615 = ADVANCED_FACE ( 'NONE', ( #3106 ), #719, .F. ) ;
#1616 = ORIENTED_EDGE ( 'NONE', *, *, #2818, .T. ) ;
#1617 = ORIENTED_EDGE ( 'NONE', *, *, #1559, .F. ) ;
#1618 = VERTEX_POINT ( 'NONE', #179 ) ;
#1619 = DIRECTION ( 'NONE',  ( 0.5773502691896273964, 0.5773502691896237327, -0.5773502691896261751 ) ) ;
#1620 = DIRECTION ( 'NONE',  ( 0.000000000000000000, -0.7071067811865492381, 0.7071067811865457964 ) ) ;
#1621 = DIRECTION ( 'NONE',  ( 0.5773502691896270633, 0.5773502691896240657, -0.5773502691896261751 ) ) ;
#1622 = LINE ( 'NONE', #2246, #7668 ) ;
#1623 = ORIENTED_EDGE ( 'NONE', *, *, #390, .T. ) ;
#1624 = ORIENTED_EDGE ( 'NONE', *, *, #6084, .T. ) ;
#1625 = CARTESIAN_POINT ( 'NONE',  ( -3.429000000000002490, 6.222999999999998977, -0.8889999999999987912 ) ) ;
#1626 = AXIS2_PLACEMENT_3D ( 'NONE', #867, #832, #5040 ) ;
#1627 = LINE ( 'NONE', #4106, #3529 ) ;
#1628 = ADVANCED_FACE ( 'NONE', ( #607 ), #4896, .F. ) ;
#1629 = DIRECTION ( 'NONE',  ( 1.000000000000000000, 0.000000000000000000, 0.000000000000000000 ) ) ;
#1630 = EDGE_CURVE ( 'NONE', #4636, #366, #1193, .T. ) ;
#1631 = ORIENTED_EDGE ( 'NONE', *, *, #6464, .T. ) ;
#1632 = CARTESIAN_POINT ( 'NONE',  ( -9.271000000000000796, 6.222999999999998977, 1.651000000000001133 ) ) ;
#1633 = VERTEX_POINT ( 'NONE', #2404 ) ;
#1634 = PLANE ( 'NONE',  #4010 ) ;
#1635 = VERTEX_POINT ( 'NONE', #1992 ) ;
#1636 = AXIS2_PLACEMENT_3D ( 'NONE', #2109, #6705, #3196 ) ;
#1637 = CARTESIAN_POINT ( 'NONE',  ( 2.540000000000002256, 0.3809999999999993947, -2.120900000000001562 ) ) ;
#1638 = AXIS2_PLACEMENT_3D ( 'NONE', #1879, #4914, #3669 ) ;
#1639 = VECTOR ( 'NONE', #88, 1000.000000000000000 ) ;
#1640 = DIRECTION ( 'NONE',  ( -1.000000000000000000, 0.000000000000000000, 0.000000000000000000 ) ) ;
#1641 = CARTESIAN_POINT ( 'NONE',  ( 9.270999999999997243, 7.048499999999997101, 1.651000000000001355 ) ) ;
#1642 = DIRECTION ( 'NONE',  ( 1.000000000000000000, -0.000000000000000000, -0.000000000000000000 ) ) ;
#1643 = ADVANCED_FACE ( 'NONE', ( #7184 ), #59, .F. ) ;
#1644 = CARTESIAN_POINT ( 'NONE',  ( 0.3047999999999999599, 0.2539999999999991709, -2.387599999999999945 ) ) ;
#1645 = ORIENTED_EDGE ( 'NONE', *, *, #6488, .T. ) ;
#1646 = ORIENTED_EDGE ( 'NONE', *, *, #4153, .T. ) ;
#1647 = DIRECTION ( 'NONE',  ( 0.000000000000000000, 0.9659258262890699775, 0.2588190451025143002 ) ) ;
#1648 = ADVANCED_FACE ( 'NONE', ( #4222 ), #6024, .F. ) ;
#1649 = ORIENTED_EDGE ( 'NONE', *, *, #4794, .F. ) ;
#1650 = CARTESIAN_POINT ( 'NONE',  ( 9.715500000000002245, 7.492999999999998550, 0.4444999999999979523 ) ) ;
#1651 = FACE_OUTER_BOUND ( 'NONE', #3596, .T. ) ;
#1652 = CARTESIAN_POINT ( 'NONE',  ( 9.715500000000002245, 7.492999999999999439, -0.4444999999999955653 ) ) ;
#1653 = ORIENTED_EDGE ( 'NONE', *, *, #4326, .T. ) ;
#1654 = ORIENTED_EDGE ( 'NONE', *, *, #6683, .F. ) ;
#1655 = CARTESIAN_POINT ( 'NONE',  ( -10.41399999999999970, 0.3809999999999992837, 2.501899999999999125 ) ) ;
#1656 = EDGE_LOOP ( 'NONE', ( #5392, #5753, #3442, #1674 ) ) ;
#1657 = VERTEX_POINT ( 'NONE', #1946 ) ;
#1658 = CARTESIAN_POINT ( 'NONE',  ( 7.620000000000001883, 7.492999999999998550, 2.501900000000000901 ) ) ;
#1659 = EDGE_CURVE ( 'NONE', #2304, #541, #7265, .T. ) ;
#1660 = FILL_AREA_STYLE_COLOUR ( '', #6652 ) ;
#1661 = ADVANCED_FACE ( 'NONE', ( #682 ), #1358, .F. ) ;
#1662 = CARTESIAN_POINT ( 'NONE',  ( 7.620000000000001883, 0.000000000000000000, 0.000000000000000000 ) ) ;
#1663 = CARTESIAN_POINT ( 'NONE',  ( -3.429000000000002490, 7.048499999999997989, -0.8889999999999986802 ) ) ;
#1664 = FACE_OUTER_BOUND ( 'NONE', #4487, .T. ) ;
#1665 = ORIENTED_EDGE ( 'NONE', *, *, #4554, .T. ) ;
#1666 = AXIS2_PLACEMENT_3D ( 'NONE', #5237, #993, #1318 ) ;
#1667 = VECTOR ( 'NONE', #107, 1000.000000000000000 ) ;
#1668 = EDGE_LOOP ( 'NONE', ( #142, #6193, #4219, #4474 ) ) ;
#1669 = CARTESIAN_POINT ( 'NONE',  ( -2.539999999999997815, 7.492999999999999439, -2.095500000000001695 ) ) ;
#1670 = DIRECTION ( 'NONE',  ( 0.000000000000000000, 1.000000000000000000, -1.138269997360111548E-15 ) ) ;
#1671 = CARTESIAN_POINT ( 'NONE',  ( -9.271000000000000796, 6.222999999999998977, -0.8889999999999987912 ) ) ;
#1672 = ORIENTED_EDGE ( 'NONE', *, *, #2134, .F. ) ;
#1673 = FACE_OUTER_BOUND ( 'NONE', #1769, .T. ) ;
#1674 = ORIENTED_EDGE ( 'NONE', *, *, #899, .F. ) ;
#1675 = CARTESIAN_POINT ( 'NONE',  ( 9.270999999999997243, 6.222999999999998977, 0.8890000000000011227 ) ) ;
#1676 = VERTEX_POINT ( 'NONE', #4934 ) ;
#1677 = VECTOR ( 'NONE', #5780, 1000.000000000000000 ) ;
#1678 = AXIS2_PLACEMENT_3D ( 'NONE', #610, #1238, #2335 ) ;
#1679 = AXIS2_PLACEMENT_3D ( 'NONE', #6954, #1620, #1103 ) ;
#1680 = EDGE_CURVE ( 'NONE', #3701, #1236, #7303, .T. ) ;
#1681 = DIRECTION ( 'NONE',  ( 0.5773502691896273964, -0.5773502691896236216, -0.5773502691896262862 ) ) ;
#1682 = DIRECTION ( 'NONE',  ( -1.000000000000000000, 0.000000000000000000, 0.000000000000000000 ) ) ;
#1683 = PRESENTATION_STYLE_ASSIGNMENT (( #5920 ) ) ;
#1684 = FACE_OUTER_BOUND ( 'NONE', #7490, .T. ) ;
#1685 = VECTOR ( 'NONE', #4248, 1000.000000000000114 ) ;
#1686 = LINE ( 'NONE', #3467, #2743 ) ;
#1687 = ORIENTED_EDGE ( 'NONE', *, *, #5961, .F. ) ;
#1688 = EDGE_CURVE ( 'NONE', #4026, #5372, #4461, .T. ) ;
#1689 = ORIENTED_EDGE ( 'NONE', *, *, #6277, .T. ) ;
#1690 = SHAPE_REPRESENTATION ( 'NPPC032KFMS-RC_C08S', ( #7126 ), #168 ) ;
#1691 = VECTOR ( 'NONE', #883, 1000.000000000000000 ) ;
#1692 = LINE ( 'NONE', #1127, #2206 ) ;
#1693 = ORIENTED_EDGE ( 'NONE', *, *, #477, .F. ) ;
#1694 = PLANE ( 'NONE',  #5427 ) ;
#1695 = FILL_AREA_STYLE ('',( #6526 ) ) ;
#1696 = LINE ( 'NONE', #1579, #4535 ) ;
#1697 = DIRECTION ( 'NONE',  ( 0.000000000000000000, 1.733406087350420004E-16, -1.000000000000000000 ) ) ;
#1698 = ORIENTED_EDGE ( 'NONE', *, *, #6173, .F. ) ;
#1699 = ADVANCED_FACE ( 'NONE', ( #6304 ), #6806, .F. ) ;
#1700 = ORIENTED_EDGE ( 'NONE', *, *, #4863, .T. ) ;
#1701 = CARTESIAN_POINT ( 'NONE',  ( 7.620000000000001883, 0.8889999999999989022, -1.984781810244995004 ) ) ;
#1702 = VECTOR ( 'NONE', #6857, 1000.000000000000000 ) ;
#1703 = AXIS2_PLACEMENT_3D ( 'NONE', #7369, #753, #6687 ) ;
#1704 = AXIS2_PLACEMENT_3D ( 'NONE', #4462, #6375, #4500 ) ;
#1705 = CARTESIAN_POINT ( 'NONE',  ( 1.650999999999998025, 6.222999999999998977, 0.8890000000000011227 ) ) ;
#1706 = CARTESIAN_POINT ( 'NONE',  ( 5.080000000000000959, 7.492999999999998550, 2.501900000000000901 ) ) ;
#1707 = PLANE ( 'NONE',  #2321 ) ;
#1708 = DIRECTION ( 'NONE',  ( -0.000000000000000000, 1.000000000000000000, 1.733406087350420004E-16 ) ) ;
#1709 = ORIENTED_EDGE ( 'NONE', *, *, #3429, .T. ) ;
#1710 = VECTOR ( 'NONE', #7524, 1000.000000000000114 ) ;
#1711 = EDGE_CURVE ( 'NONE', #3477, #3236, #6768, .T. ) ;
#1712 = VERTEX_POINT ( 'NONE', #288 ) ;
#1713 = EDGE_CURVE ( 'NONE', #6336, #356, #4499, .T. ) ;
#1714 = LINE ( 'NONE', #7074, #790 ) ;
#1715 = CARTESIAN_POINT ( 'NONE',  ( -0.8890000000000026770, 6.222999999999998977, 1.651000000000001133 ) ) ;
#1716 = DIRECTION ( 'NONE',  ( 0.000000000000000000, -0.7071067811865492381, 0.7071067811865457964 ) ) ;
#1717 = CARTESIAN_POINT ( 'NONE',  ( 2.540000000000002256, 0.8889999999999989022, -1.984781810244995004 ) ) ;
#1718 = VERTEX_POINT ( 'NONE', #802 ) ;
#1719 = DIRECTION ( 'NONE',  ( 0.000000000000000000, 2.439149994343092652E-16, -1.000000000000000000 ) ) ;
#1720 = ORIENTED_EDGE ( 'NONE', *, *, #4019, .F. ) ;
#1721 = EDGE_CURVE ( 'NONE', #255, #377, #5575, .T. ) ;
#1722 = CARTESIAN_POINT ( 'NONE',  ( 4.190999999999998948, 6.222999999999998977, -1.650999999999998913 ) ) ;
#1723 = CARTESIAN_POINT ( 'NONE',  ( 5.080000000000002736, 0.8889999999999985691, 1.984781810244993228 ) ) ;
#1724 = FACE_OUTER_BOUND ( 'NONE', #2006, .T. ) ;
#1725 = EDGE_CURVE ( 'NONE', #5192, #4392, #332, .T. ) ;
#1726 = LINE ( 'NONE', #6474, #3618 ) ;
#1727 = ORIENTED_EDGE ( 'NONE', *, *, #4746, .T. ) ;
#1728 = EDGE_LOOP ( 'NONE', ( #1624, #1548, #7221, #3955 ) ) ;
#1729 = EDGE_LOOP ( 'NONE', ( #805, #6573, #226, #3001 ) ) ;
#1730 = CARTESIAN_POINT ( 'NONE',  ( -7.619999999999998330, 7.492999999999998550, 0.4444999999999978413 ) ) ;
#1731 = EDGE_LOOP ( 'NONE', ( #7460, #4672, #3468, #5252 ) ) ;
#1732 = DIRECTION ( 'NONE',  ( 0.000000000000000000, 1.733406087350420004E-16, -1.000000000000000000 ) ) ;
#1733 = ADVANCED_FACE ( 'NONE', ( #6269 ), #1512, .F. ) ;
#1734 = SHAPE_REPRESENTATION_RELATIONSHIP ( 'NONE' , 'NONE' ,  #1690, #3722 ) ;
#1735 = VERTEX_POINT ( 'NONE', #3299 ) ;
#1736 = EDGE_CURVE ( 'NONE', #517, #5123, #3187, .T. ) ;
#1737 = VECTOR ( 'NONE', #1482, 1000.000000000000000 ) ;
#1738 = AXIS2_PLACEMENT_3D ( 'NONE', #3139, #3567, #3683 ) ;
#1739 = CARTESIAN_POINT ( 'NONE',  ( 8.064499999999995339, 7.492999999999999439, -2.501900000000000901 ) ) ;
#1740 = DIRECTION ( 'NONE',  ( 0.5773502691896273964, -0.5773502691896236216, -0.5773502691896262862 ) ) ;
#1741 = ORIENTED_EDGE ( 'NONE', *, *, #5069, .T. ) ;
#1742 = EDGE_LOOP ( 'NONE', ( #4017, #5806, #6598, #336 ) ) ;
#1743 = CARTESIAN_POINT ( 'NONE',  ( -0.8890000000000026770, 7.048499999999997989, -0.8889999999999986802 ) ) ;
#1744 = FILL_AREA_STYLE ('',( #5271 ) ) ;
#1745 = DIRECTION ( 'NONE',  ( -1.000000000000000000, 0.000000000000000000, -0.000000000000000000 ) ) ;
#1746 = CARTESIAN_POINT ( 'NONE',  ( -0.3047999999999999599, 0.6731000000000003647, 3.302000000000000046 ) ) ;
#1747 = EDGE_CURVE ( 'NONE', #305, #3074, #2753, .T. ) ;
#1748 = CARTESIAN_POINT ( 'NONE',  ( 8.508999999999998565, 6.222999999999998977, -1.650999999999998913 ) ) ;
#1749 = VERTEX_POINT ( 'NONE', #2130 ) ;
#1750 = EDGE_LOOP ( 'NONE', ( #7417, #689, #7556, #6343 ) ) ;
#1751 = DIRECTION ( 'NONE',  ( -0.000000000000000000, 1.000000000000000000, 1.733406087350420004E-16 ) ) ;
#1752 = CARTESIAN_POINT ( 'NONE',  ( 10.16000000000000192, 0.8889999999999985691, 1.984781810244993228 ) ) ;
#1753 = DIRECTION ( 'NONE',  ( 0.000000000000000000, -1.733406087350420004E-16, 1.000000000000000000 ) ) ;
#1754 = ADVANCED_FACE ( 'NONE', ( #1436 ), #3836, .F. ) ;
#1755 = DIRECTION ( 'NONE',  ( 0.000000000000000000, 1.733406087350420004E-16, -1.000000000000000000 ) ) ;
#1756 = VERTEX_POINT ( 'NONE', #2646 ) ;
#1757 = CARTESIAN_POINT ( 'NONE',  ( 4.190999999999998948, 6.222999999999998977, 1.651000000000001133 ) ) ;
#1758 = VERTEX_POINT ( 'NONE', #3802 ) ;
#1759 = VECTOR ( 'NONE', #4642, 1000.000000000000000 ) ;
#1760 = CARTESIAN_POINT ( 'NONE',  ( 1.734723475976807094E-15, 7.492999999999998550, 2.501900000000000901 ) ) ;
#1761 = DIRECTION ( 'NONE',  ( -0.000000000000000000, 1.000000000000000000, 1.733406087350420004E-16 ) ) ;
#1762 = DIRECTION ( 'NONE',  ( 0.000000000000000000, -0.9659258262890700886, 0.2588190451025143002 ) ) ;
#1763 = CARTESIAN_POINT ( 'NONE',  ( 0.3047999999999999599, 0.6730999999999999206, -2.387599999999999945 ) ) ;
#1764 = ADVANCED_FACE ( 'NONE', ( #5010 ), #7377, .T. ) ;
#1765 = CARTESIAN_POINT ( 'NONE',  ( 0.3047999999999999599, 0.2539999999999993929, -3.429000000000000270 ) ) ;
#1766 = ORIENTED_EDGE ( 'NONE', *, *, #4087, .F. ) ;
#1767 = EDGE_LOOP ( 'NONE', ( #3075, #2705, #7512, #4890, #4379, #3553, #6976, #1060 ) ) ;
#1768 = ORIENTED_EDGE ( 'NONE', *, *, #1375, .F. ) ;
#1769 = EDGE_LOOP ( 'NONE', ( #7430, #2506, #3361, #3325 ) ) ;
#1770 = VECTOR ( 'NONE', #5598, 1000.000000000000000 ) ;
#1771 = DIRECTION ( 'NONE',  ( -0.000000000000000000, -0.000000000000000000, 1.000000000000000000 ) ) ;
#1772 = AXIS2_PLACEMENT_3D ( 'NONE', #2340, #5811, #2781 ) ;
#1773 = ORIENTED_EDGE ( 'NONE', *, *, #3085, .F. ) ;
#1774 = DIRECTION ( 'NONE',  ( -1.000000000000000000, 0.000000000000000000, 0.000000000000000000 ) ) ;
#1775 = DIRECTION ( 'NONE',  ( 0.000000000000000000, 0.000000000000000000, 1.000000000000000000 ) ) ;
#1776 = DIRECTION ( 'NONE',  ( 0.000000000000000000, 1.000000000000000000, 0.000000000000000000 ) ) ;
#1777 = PLANE ( 'NONE',  #330 ) ;
#1778 = ORIENTED_EDGE ( 'NONE', *, *, #1474, .F. ) ;
#1779 = EDGE_LOOP ( 'NONE', ( #4898, #6689, #4683, #3014 ) ) ;
#1780 = LINE ( 'NONE', #3600, #6485 ) ;
#1781 = EDGE_CURVE ( 'NONE', #205, #2393, #3258, .T. ) ;
#1782 = FILL_AREA_STYLE ('',( #4175 ) ) ;
#1783 = FACE_OUTER_BOUND ( 'NONE', #5572, .T. ) ;
#1784 = DIRECTION ( 'NONE',  ( -1.000000000000000000, -0.000000000000000000, -0.000000000000000000 ) ) ;
#1785 = LINE ( 'NONE', #1748, #5468 ) ;
#1786 = ORIENTED_EDGE ( 'NONE', *, *, #5370, .T. ) ;
#1787 = EDGE_LOOP ( 'NONE', ( #6344, #5002, #3806, #6740 ) ) ;
#1788 = EDGE_CURVE ( 'NONE', #773, #6860, #5644, .T. ) ;
#1789 = DIRECTION ( 'NONE',  ( -0.000000000000000000, -0.7071067811865487940, -0.7071067811865462405 ) ) ;
#1790 = CARTESIAN_POINT ( 'NONE',  ( -2.539999999999998703, 0.8889999999999989022, -1.984781810244995004 ) ) ;
#1791 = FACE_OUTER_BOUND ( 'NONE', #4103, .T. ) ;
#1792 = CARTESIAN_POINT ( 'NONE',  ( 2.095500000000001695, 7.492999999999998550, 2.095500000000003915 ) ) ;
#1793 = AXIS2_PLACEMENT_3D ( 'NONE', #4910, #7277, #7388 ) ;
#1794 = CARTESIAN_POINT ( 'NONE',  ( -7.619999999999998330, 0.3809999999999993947, -2.120900000000001562 ) ) ;
#1795 = VERTEX_POINT ( 'NONE', #7419 ) ;
#1796 = DIRECTION ( 'NONE',  ( -1.000000000000000000, 0.000000000000000000, -0.000000000000000000 ) ) ;
#1797 = EDGE_CURVE ( 'NONE', #7677, #3701, #2098, .T. ) ;
#1798 = AXIS2_PLACEMENT_3D ( 'NONE', #3027, #6066, #1864 ) ;
#1799 = CARTESIAN_POINT ( 'NONE',  ( -1.651000000000001355, 6.222999999999998977, -1.650999999999998913 ) ) ;
#1800 =( NAMED_UNIT ( * ) SI_UNIT ( $, .STERADIAN. ) SOLID_ANGLE_UNIT ( ) );
#1801 = CARTESIAN_POINT ( 'NONE',  ( 10.15999999999999837, 7.492999999999998550, 2.501900000000000901 ) ) ;
#1802 = LINE ( 'NONE', #581, #6735 ) ;
#1803 = ORIENTED_EDGE ( 'NONE', *, *, #5633, .F. ) ;
#1804 = STYLED_ITEM ( 'NONE', ( #1511 ), #6147 ) ;
#1805 = ORIENTED_EDGE ( 'NONE', *, *, #5697, .T. ) ;
#1806 = EDGE_CURVE ( 'NONE', #7423, #5182, #538, .T. ) ;
#1807 = ADVANCED_FACE ( 'NONE', ( #5120 ), #4347, .F. ) ;
#1808 = CARTESIAN_POINT ( 'NONE',  ( 2.540000000000002256, 0.3809999999999988396, 2.120899999999999785 ) ) ;
#1809 = DIRECTION ( 'NONE',  ( -0.000000000000000000, 1.000000000000000000, 1.733406087350420004E-16 ) ) ;
#1810 =( NAMED_UNIT ( * ) SI_UNIT ( $, .STERADIAN. ) SOLID_ANGLE_UNIT ( ) );
#1811 = LINE ( 'NONE', #4167, #6684 ) ;
#1812 = ORIENTED_EDGE ( 'NONE', *, *, #816, .F. ) ;
#1813 = VECTOR ( 'NONE', #3942, 1000.000000000000000 ) ;
#1814 = EDGE_LOOP ( 'NONE', ( #1172, #104, #5400, #3378 ) ) ;
#1815 = DIRECTION ( 'NONE',  ( 0.000000000000000000, -1.733406087350420251E-16, 1.000000000000000000 ) ) ;
#1816 = PLANE ( 'NONE',  #2425 ) ;
#1817 = VECTOR ( 'NONE', #3853, 1000.000000000000000 ) ;
#1818 = CARTESIAN_POINT ( 'NONE',  ( -6.731000000000000760, 6.222999999999998977, -0.8889999999999987912 ) ) ;
#1819 = DIRECTION ( 'NONE',  ( -0.5773502691896273964, -0.5773502691896236216, -0.5773502691896262862 ) ) ;
#1820 = CARTESIAN_POINT ( 'NONE',  ( 10.16000000000000014, 6.222999999999998977, -2.201425730935033664E-16 ) ) ;
#1821 = EDGE_CURVE ( 'NONE', #7363, #465, #5322, .T. ) ;
#1822 = ORIENTED_EDGE ( 'NONE', *, *, #3536, .T. ) ;
#1823 = ORIENTED_EDGE ( 'NONE', *, *, #1582, .T. ) ;
#1824 = VECTOR ( 'NONE', #3180, 1000.000000000000114 ) ;
#1825 = AXIS2_PLACEMENT_3D ( 'NONE', #2954, #60, #5286 ) ;
#1826 = CARTESIAN_POINT ( 'NONE',  ( -3.429000000000002490, 6.222999999999998977, 0.8890000000000011227 ) ) ;
#1827 = DIRECTION ( 'NONE',  ( -0.000000000000000000, -2.082201214683127315E-16, 1.000000000000000000 ) ) ;
#1828 = CARTESIAN_POINT ( 'NONE',  ( 6.222999999999998977, 6.794499999999998430, 1.143000000000001570 ) ) ;
#1829 = ORIENTED_EDGE ( 'NONE', *, *, #6163, .T. ) ;
#1830 = PLANE ( 'NONE',  #2327 ) ;
#1831 = EDGE_CURVE ( 'NONE', #2659, #2966, #4099, .T. ) ;
#1832 = LINE ( 'NONE', #4074, #2543 ) ;
#1833 = ORIENTED_EDGE ( 'NONE', *, *, #7242, .T. ) ;
#1834 = ORIENTED_EDGE ( 'NONE', *, *, #2363, .T. ) ;
#1835 = CARTESIAN_POINT ( 'NONE',  ( 2.540000000000002256, 0.3809999999999999498, -2.501900000000000901 ) ) ;
#1836 = VECTOR ( 'NONE', #2268, 1000.000000000000114 ) ;
#1837 = DIRECTION ( 'NONE',  ( 0.000000000000000000, -0.9659258262890699775, -0.2588190451025143002 ) ) ;
#1838 = PLANE ( 'NONE',  #7248 ) ;
#1839 = DIRECTION ( 'NONE',  ( 0.000000000000000000, 0.9659258262890700886, -0.2588190451025143002 ) ) ;
#1840 = EDGE_CURVE ( 'NONE', #491, #1997, #5829, .T. ) ;
#1841 = LINE ( 'NONE', #3623, #11 ) ;
#1842 =( REPRESENTATION_RELATIONSHIP ('NONE','NONE', #132, #2825 ) REPRESENTATION_RELATIONSHIP_WITH_TRANSFORMATION ( #4407 )SHAPE_REPRESENTATION_RELATIONSHIP( ) );
#1843 = EDGE_LOOP ( 'NONE', ( #1211, #3037, #1833, #7252 ) ) ;
#1844 = ORIENTED_EDGE ( 'NONE', *, *, #3174, .T. ) ;
#1845 = DIRECTION ( 'NONE',  ( 1.000000000000000000, 0.000000000000000000, 0.000000000000000000 ) ) ;
#1846 = LINE ( 'NONE', #1251, #4440 ) ;
#1847 = UNCERTAINTY_MEASURE_WITH_UNIT (LENGTH_MEASURE( 1.000000000000000082E-05 ), #3969, 'distance_accuracy_value', 'NONE');
#1848 = CARTESIAN_POINT ( 'NONE',  ( 10.15999999999999837, 0.8889999999999985691, 1.984781810244993228 ) ) ;
#1849 = ADVANCED_FACE ( 'NONE', ( #2209 ), #5865, .F. ) ;
#1850 = CARTESIAN_POINT ( 'NONE',  ( 9.715500000000002245, 7.492999999999999439, -2.501900000000000901 ) ) ;
#1851 = CARTESIAN_POINT ( 'NONE',  ( 10.41399999999999970, 0.3809999999999993947, -2.120900000000001562 ) ) ;
#1852 = VERTEX_POINT ( 'NONE', #1141 ) ;
#1853 = VERTEX_POINT ( 'NONE', #480 ) ;
#1854 = DIRECTION ( 'NONE',  ( -1.000000000000000000, -0.000000000000000000, -0.000000000000000000 ) ) ;
#1855 = CARTESIAN_POINT ( 'NONE',  ( -6.731000000000000760, 6.222999999999998977, 0.8890000000000011227 ) ) ;
#1856 = DIRECTION ( 'NONE',  ( -0.7071067811865452413, -0.7071067811865499042, -1.225703198915527072E-16 ) ) ;
#1857 = DIRECTION ( 'NONE',  ( -1.000000000000000000, -0.000000000000000000, -0.000000000000000000 ) ) ;
#1858 = EDGE_CURVE ( 'NONE', #6251, #3485, #7643, .T. ) ;
#1859 = LINE ( 'NONE', #3021, #5840 ) ;
#1860 = ORIENTED_EDGE ( 'NONE', *, *, #920, .F. ) ;
#1861 = ORIENTED_EDGE ( 'NONE', *, *, #3372, .F. ) ;
#1862 = CIRCLE ( 'NONE', #478, 0.1269999999999999463 ) ;
#1863 = DIRECTION ( 'NONE',  ( 0.000000000000000000, -1.733406087350420251E-16, 1.000000000000000000 ) ) ;
#1864 = DIRECTION ( 'NONE',  ( -1.000000000000000000, 0.000000000000000000, -0.000000000000000000 ) ) ;
#1865 = DIRECTION ( 'NONE',  ( 1.000000000000000000, 0.000000000000000000, 0.000000000000000000 ) ) ;
#1866 = CARTESIAN_POINT ( 'NONE',  ( -5.079999999999997407, 0.8889999999999985691, 1.984781810244993228 ) ) ;
#1867 = CARTESIAN_POINT ( 'NONE',  ( -10.15999999999999837, 7.492999999999998550, 2.501900000000000901 ) ) ;
#1868 = VERTEX_POINT ( 'NONE', #2832 ) ;
#1869 = DIRECTION ( 'NONE',  ( -1.000000000000000000, 0.000000000000000000, -0.000000000000000000 ) ) ;
#1870 = PRODUCT_RELATED_PRODUCT_CATEGORY ( 'part', '', ( #6749 ) ) ;
#1871 = EDGE_CURVE ( 'NONE', #2429, #5513, #5196, .T. ) ;
#1872 = DIRECTION ( 'NONE',  ( -0.000000000000000000, 0.2588190451025143002, 0.9659258262890700886 ) ) ;
#1873 = FACE_OUTER_BOUND ( 'NONE', #6451, .T. ) ;
#1874 = DIRECTION ( 'NONE',  ( 0.000000000000000000, 0.000000000000000000, -1.000000000000000000 ) ) ;
#1875 = ORIENTED_EDGE ( 'NONE', *, *, #2931, .F. ) ;
#1876 = ORIENTED_EDGE ( 'NONE', *, *, #4894, .T. ) ;
#1877 = DIRECTION ( 'NONE',  ( -1.000000000000000000, -0.000000000000000000, -0.000000000000000000 ) ) ;
#1878 = ORIENTED_EDGE ( 'NONE', *, *, #2945, .T. ) ;
#1879 = CARTESIAN_POINT ( 'NONE',  ( -6.731000000000000760, 7.048499999999997989, -0.8889999999999986802 ) ) ;
#1880 = EDGE_CURVE ( 'NONE', #1996, #7587, #2866, .T. ) ;
#1881 = DIRECTION ( 'NONE',  ( 0.000000000000000000, 2.082201214683127315E-16, -1.000000000000000000 ) ) ;
#1882 = FACE_OUTER_BOUND ( 'NONE', #2845, .T. ) ;
#1883 =( NAMED_UNIT ( * ) PLANE_ANGLE_UNIT ( ) SI_UNIT ( $, .RADIAN. ) );
#1884 = VERTEX_POINT ( 'NONE', #6340 ) ;
#1885 = DIRECTION ( 'NONE',  ( 0.000000000000000000, 0.2588190451025142447, 0.9659258262890700886 ) ) ;
#1886 = EDGE_LOOP ( 'NONE', ( #5224, #2704, #7554, #2499 ) ) ;
#1887 = ORIENTED_EDGE ( 'NONE', *, *, #1725, .T. ) ;
#1888 = VECTOR ( 'NONE', #5958, 1000.000000000000000 ) ;
#1889 = LINE ( 'NONE', #1979, #2883 ) ;
#1890 = EDGE_CURVE ( 'NONE', #4832, #5192, #3373, .T. ) ;
#1891 = PLANE ( 'NONE',  #6505 ) ;
#1892 = FACE_OUTER_BOUND ( 'NONE', #1069, .T. ) ;
#1893 = DIRECTION ( 'NONE',  ( 0.000000000000000000, 1.422837496700139336E-15, -1.000000000000000000 ) ) ;
#1894 = DIRECTION ( 'NONE',  ( 0.000000000000000000, -1.000000000000000000, -2.439149994343092652E-16 ) ) ;
#1895 = VERTEX_POINT ( 'NONE', #1020 ) ;
#1896 = VERTEX_POINT ( 'NONE', #1706 ) ;
#1897 = CLOSED_SHELL ( 'NONE', ( #7597, #6965, #6389, #3976, #5450, #7101, #4629, #7036, #244, #3750 ) ) ;
#1898 = EDGE_CURVE ( 'NONE', #937, #1517, #4571, .T. ) ;
#1899 = EDGE_CURVE ( 'NONE', #1635, #5123, #5228, .T. ) ;
#1900 = AXIS2_PLACEMENT_3D ( 'NONE', #5111, #2160, #1505 ) ;
#1901 = LINE ( 'NONE', #4266, #1039 ) ;
#1902 = DIRECTION ( 'NONE',  ( -0.000000000000000000, 1.000000000000000000, 1.092515224483717382E-16 ) ) ;
#1903 = CARTESIAN_POINT ( 'NONE',  ( 5.524499999999994415, 7.492999999999999439, -2.095500000000001695 ) ) ;
#1904 = ORIENTED_EDGE ( 'NONE', *, *, #5898, .F. ) ;
#1905 = DIRECTION ( 'NONE',  ( 0.000000000000000000, 1.000000000000000000, -0.000000000000000000 ) ) ;
#1906 = VERTEX_POINT ( 'NONE', #2278 ) ;
#1907 = ORIENTED_EDGE ( 'NONE', *, *, #3873, .T. ) ;
#1908 = VECTOR ( 'NONE', #6321, 1000.000000000000000 ) ;
#1909 = LINE ( 'NONE', #1835, #1361 ) ;
#1910 = ORIENTED_EDGE ( 'NONE', *, *, #7631, .T. ) ;
#1911 = LINE ( 'NONE', #259, #6634 ) ;
#1912 = VECTOR ( 'NONE', #6778, 1000.000000000000000 ) ;
#1913 = CARTESIAN_POINT ( 'NONE',  ( 9.016999999999997684, 6.794499999999998430, 1.143000000000001570 ) ) ;
#1914 = FACE_OUTER_BOUND ( 'NONE', #4472, .T. ) ;
#1915 = ORIENTED_EDGE ( 'NONE', *, *, #4813, .T. ) ;
#1916 = LINE ( 'NONE', #5380, #4731 ) ;
#1917 = ORIENTED_EDGE ( 'NONE', *, *, #6017, .T. ) ;
#1918 = ADVANCED_FACE ( 'NONE', ( #4645 ), #7030, .F. ) ;
#1919 = VERTEX_POINT ( 'NONE', #3482 ) ;
#1920 = VECTOR ( 'NONE', #3423, 1000.000000000000114 ) ;
#1921 = AXIS2_PLACEMENT_3D ( 'NONE', #5712, #361, #4012 ) ;
#1922 = AXIS2_PLACEMENT_3D ( 'NONE', #2568, #2441, #1234 ) ;
#1923 = DIRECTION ( 'NONE',  ( 0.000000000000000000, -1.000000000000000000, -2.439149994343092652E-16 ) ) ;
#1924 = DIRECTION ( 'NONE',  ( 0.000000000000000000, -0.000000000000000000, -1.000000000000000000 ) ) ;
#1925 = LINE ( 'NONE', #3511, #322 ) ;
#1926 = PRODUCT_CONTEXT ( 'NONE', #338, 'mechanical' ) ;
#1927 =( LENGTH_UNIT ( ) NAMED_UNIT ( * ) SI_UNIT ( .MILLI., .METRE. ) );
#1928 = PLANE ( 'NONE',  #2950 ) ;
#1929 = EDGE_CURVE ( 'NONE', #2508, #3430, #3409, .T. ) ;
#1930 = ORIENTED_EDGE ( 'NONE', *, *, #6082, .F. ) ;
#1931 = ORIENTED_EDGE ( 'NONE', *, *, #4567, .F. ) ;
#1932 = AXIS2_PLACEMENT_3D ( 'NONE', #5478, #51, #7258 ) ;
#1933 = DIRECTION ( 'NONE',  ( 1.000000000000000000, 0.000000000000000000, -0.000000000000000000 ) ) ;
#1934 = CARTESIAN_POINT ( 'NONE',  ( 10.16000000000000192, 0.3809999999999992837, 2.501899999999999125 ) ) ;
#1935 = FACE_OUTER_BOUND ( 'NONE', #5979, .T. ) ;
#1936 = DIRECTION ( 'NONE',  ( -0.5773502691896272854, -0.5773502691896241767, -0.5773502691896257311 ) ) ;
#1937 = CARTESIAN_POINT ( 'NONE',  ( -6.731000000000000760, 7.048499999999997989, -0.8889999999999986802 ) ) ;
#1938 = VECTOR ( 'NONE', #5714, 1000.000000000000000 ) ;
#1939 = VECTOR ( 'NONE', #6757, 1000.000000000000000 ) ;
#1940 = ADVANCED_FACE ( 'NONE', ( #4686 ), #7067, .F. ) ;
#1941 = ORIENTED_EDGE ( 'NONE', *, *, #2447, .T. ) ;
#1942 = ORIENTED_EDGE ( 'NONE', *, *, #2415, .F. ) ;
#1943 = VECTOR ( 'NONE', #7177, 1000.000000000000114 ) ;
#1944 = VECTOR ( 'NONE', #4107, 1000.000000000000000 ) ;
#1945 = DIRECTION ( 'NONE',  ( 0.000000000000000000, -1.092515224483717628E-16, 1.000000000000000000 ) ) ;
#1946 = CARTESIAN_POINT ( 'NONE',  ( -2.539999999999998703, 0.3809999999999999498, -2.501900000000000901 ) ) ;
#1947 = DIRECTION ( 'NONE',  ( 1.000000000000000000, 0.000000000000000000, 0.000000000000000000 ) ) ;
#1948 = DIRECTION ( 'NONE',  ( 0.000000000000000000, -1.000000000000000000, -1.733406087350420004E-16 ) ) ;
#1949 = ADVANCED_FACE ( 'NONE', ( #2244 ), #6990, .T. ) ;
#1950 = EDGE_CURVE ( 'NONE', #5931, #4465, #553, .T. ) ;
#1951 = ORIENTED_EDGE ( 'NONE', *, *, #4019, .T. ) ;
#1952 = VECTOR ( 'NONE', #7671, 1000.000000000000114 ) ;
#1953 = EDGE_LOOP ( 'NONE', ( #1689, #7542, #266, #6231 ) ) ;
#1954 = VECTOR ( 'NONE', #222, 1000.000000000000000 ) ;
#1955 = ORIENTED_EDGE ( 'NONE', *, *, #4274, .F. ) ;
#1956 = CARTESIAN_POINT ( 'NONE',  ( -2.539999999999997815, 0.3809999999999999498, -2.501900000000000901 ) ) ;
#1957 = LINE ( 'NONE', #6111, #5648 ) ;
#1958 = VECTOR ( 'NONE', #7614, 1000.000000000000000 ) ;
#1959 = DIRECTION ( 'NONE',  ( 0.7071067811865452413, -0.7071067811865499042, -1.225703198915527072E-16 ) ) ;
#1960 = VECTOR ( 'NONE', #4342, 1000.000000000000000 ) ;
#1961 = LINE ( 'NONE', #4947, #6520 ) ;
#1962 = AXIS2_PLACEMENT_3D ( 'NONE', #1507, #946, #3905 ) ;
#1963 = ORIENTED_EDGE ( 'NONE', *, *, #4073, .T. ) ;
#1964 = EDGE_CURVE ( 'NONE', #5513, #2438, #2477, .T. ) ;
#1965 = LINE ( 'NONE', #4328, #7335 ) ;
#1966 = ORIENTED_EDGE ( 'NONE', *, *, #1475, .T. ) ;
#1967 = VECTOR ( 'NONE', #62, 1000.000000000000000 ) ;
#1968 = ORIENTED_EDGE ( 'NONE', *, *, #2851, .T. ) ;
#1969 = CARTESIAN_POINT ( 'NONE',  ( 0.8889999999999991243, 6.222999999999998977, 0.8890000000000011227 ) ) ;
#1970 = CYLINDRICAL_SURFACE ( 'NONE', #6932, 0.4191000000000003611 ) ;
#1971 = ORIENTED_EDGE ( 'NONE', *, *, #7346, .F. ) ;
#1972 = AXIS2_PLACEMENT_3D ( 'NONE', #4425, #875, #335 ) ;
#1973 = CARTESIAN_POINT ( 'NONE',  ( -3.683000000000002938, 6.794499999999999318, -1.142999999999999572 ) ) ;
#1974 = DIRECTION ( 'NONE',  ( 1.000000000000000000, 0.000000000000000000, 0.000000000000000000 ) ) ;
#1975 = VECTOR ( 'NONE', #4086, 1000.000000000000000 ) ;
#1976 = FACE_OUTER_BOUND ( 'NONE', #7632, .T. ) ;
#1977 = VERTEX_POINT ( 'NONE', #4176 ) ;
#1978 = ORIENTED_EDGE ( 'NONE', *, *, #7172, .F. ) ;
#1979 = CARTESIAN_POINT ( 'NONE',  ( 6.222999999999998977, 6.794499999999999318, -1.396999999999998243 ) ) ;
#1980 = VECTOR ( 'NONE', #1640, 1000.000000000000000 ) ;
#1981 = DIRECTION ( 'NONE',  ( -1.000000000000000000, -0.000000000000000000, 0.000000000000000000 ) ) ;
#1982 = EDGE_CURVE ( 'NONE', #2241, #2956, #3099, .T. ) ;
#1983 = EDGE_CURVE ( 'NONE', #2305, #241, #1228, .T. ) ;
#1984 = PLANE ( 'NONE',  #2034 ) ;
#1985 = CARTESIAN_POINT ( 'NONE',  ( 0.3047999999999999599, 0.6731000000000003647, 2.387599999999999945 ) ) ;
#1986 = CARTESIAN_POINT ( 'NONE',  ( 0.3047999999999999599, 0.2539999999999996705, 2.387599999999999945 ) ) ;
#1987 = CARTESIAN_POINT ( 'NONE',  ( -0.3047999999999999599, 0.8890000000000000124, 1.968499999999999694 ) ) ;
#1988 = ORIENTED_EDGE ( 'NONE', *, *, #6135, .F. ) ;
#1989 = ORIENTED_EDGE ( 'NONE', *, *, #5706, .T. ) ;
#1990 = EDGE_CURVE ( 'NONE', #6699, #4994, #2397, .T. ) ;
#1991 = CARTESIAN_POINT ( 'NONE',  ( 1.734723475976807094E-15, 0.3809999999999988396, 2.120899999999999785 ) ) ;
#1992 = CARTESIAN_POINT ( 'NONE',  ( -6.731000000000000760, 7.048499999999997101, 1.651000000000001355 ) ) ;
#1993 = CARTESIAN_POINT ( 'NONE',  ( 5.080000000000000959, 0.8889999999999989022, -1.984781810244995004 ) ) ;
#1994 = CARTESIAN_POINT ( 'NONE',  ( -0.1777999999999999858, 0.2539999999999993929, -3.302000000000000046 ) ) ;
#1995 = AXIS2_PLACEMENT_3D ( 'NONE', #1061, #3843, #2277 ) ;
#1996 = VERTEX_POINT ( 'NONE', #3136 ) ;
#1997 = VERTEX_POINT ( 'NONE', #4302 ) ;
#1998 = DIRECTION ( 'NONE',  ( 0.000000000000000000, 1.733406087350420004E-16, -1.000000000000000000 ) ) ;
#1999 = EDGE_CURVE ( 'NONE', #2738, #4465, #5942, .T. ) ;
#2000 = LINE ( 'NONE', #3193, #659 ) ;
#2001 = DIRECTION ( 'NONE',  ( 0.000000000000000000, 1.000000000000000000, 1.733406087350420004E-16 ) ) ;
#2002 = CARTESIAN_POINT ( 'NONE',  ( 1.734723475976807094E-15, 7.492999999999998550, 2.501900000000000901 ) ) ;
#2003 = ORIENTED_EDGE ( 'NONE', *, *, #3898, .T. ) ;
#2004 = ORIENTED_EDGE ( 'NONE', *, *, #316, .T. ) ;
#2005 = CARTESIAN_POINT ( 'NONE',  ( 1.650999999999998025, 6.222999999999998977, 1.651000000000001133 ) ) ;
#2006 = EDGE_LOOP ( 'NONE', ( #708, #2630, #6161, #1649 ) ) ;
#2007 = CARTESIAN_POINT ( 'NONE',  ( 0.3047999999999999599, -3.611118645726067224E-32, 3.429000000000000270 ) ) ;
#2008 = EDGE_CURVE ( 'NONE', #6597, #5072, #5974, .T. ) ;
#2009 = FACE_OUTER_BOUND ( 'NONE', #6223, .T. ) ;
#2010 = ADVANCED_FACE ( 'NONE', ( #1935 ), #2982, .F. ) ;
#2011 = LINE ( 'NONE', #2586, #4287 ) ;
#2012 = VECTOR ( 'NONE', #3234, 1000.000000000000000 ) ;
#2013 = ORIENTED_EDGE ( 'NONE', *, *, #3659, .F. ) ;
#2014 = EDGE_LOOP ( 'NONE', ( #4102, #860, #1188, #7353, #55, #3615 ) ) ;
#2015 = DIRECTION ( 'NONE',  ( 0.000000000000000000, 0.000000000000000000, -1.000000000000000000 ) ) ;
#2016 = LINE ( 'NONE', #4924, #2579 ) ;
#2017 = DIRECTION ( 'NONE',  ( 0.000000000000000000, -1.733406087350420004E-16, 1.000000000000000000 ) ) ;
#2018 = CARTESIAN_POINT ( 'NONE',  ( -0.3047999999999999599, 0.8890000000000000124, 1.968499999999999694 ) ) ;
#2019 = CARTESIAN_POINT ( 'NONE',  ( 10.16000000000000192, 0.3809999999999999498, -2.501900000000000901 ) ) ;
#2020 = DIRECTION ( 'NONE',  ( 0.000000000000000000, 1.092515224483717628E-16, -1.000000000000000000 ) ) ;
#2021 = VERTEX_POINT ( 'NONE', #2433 ) ;
#2022 = AXIS2_PLACEMENT_3D ( 'NONE', #1210, #5884, #3587 ) ;
#2023 = EDGE_CURVE ( 'NONE', #1735, #2181, #7680, .T. ) ;
#2024 = ORIENTED_EDGE ( 'NONE', *, *, #2642, .T. ) ;
#2025 = VECTOR ( 'NONE', #4361, 1000.000000000000000 ) ;
#2026 = DIRECTION ( 'NONE',  ( -1.000000000000000000, -0.000000000000000000, -0.000000000000000000 ) ) ;
#2027 = CARTESIAN_POINT ( 'NONE',  ( -6.731000000000000760, 6.222999999999998977, 0.8890000000000011227 ) ) ;
#2028 = DIRECTION ( 'NONE',  ( 0.000000000000000000, -1.733406087350420004E-16, 1.000000000000000000 ) ) ;
#2029 = DIRECTION ( 'NONE',  ( -1.000000000000000000, -0.000000000000000000, -0.000000000000000000 ) ) ;
#2030 = VERTEX_POINT ( 'NONE', #3062 ) ;
#2031 = EDGE_CURVE ( 'NONE', #6030, #419, #5357, .T. ) ;
#2032 = VERTEX_POINT ( 'NONE', #4886 ) ;
#2033 = LINE ( 'NONE', #4978, #2475 ) ;
#2034 = AXIS2_PLACEMENT_3D ( 'NONE', #5665, #3279, #5444 ) ;
#2035 = CARTESIAN_POINT ( 'NONE',  ( 0.3047999999999999599, 0.8889999999999995683, -1.714499999999999913 ) ) ;
#2036 = FACE_OUTER_BOUND ( 'NONE', #1106, .T. ) ;
#2037 = LINE ( 'NONE', #230, #2688 ) ;
#2038 = VECTOR ( 'NONE', #2262, 1000.000000000000000 ) ;
#2039 = PLANE ( 'NONE',  #631 ) ;
#2040 = ORIENTED_EDGE ( 'NONE', *, *, #4894, .F. ) ;
#2041 = ADVANCED_FACE ( 'NONE', ( #6602 ), #1184, .F. ) ;
#2042 = CARTESIAN_POINT ( 'NONE',  ( -5.079999999999998295, 0.3809999999999993947, -2.120900000000001562 ) ) ;
#2043 = DIRECTION ( 'NONE',  ( -0.5773502691896272854, -0.5773502691896241767, -0.5773502691896257311 ) ) ;
#2044 = DIRECTION ( 'NONE',  ( 1.000000000000000000, 0.000000000000000000, 0.000000000000000000 ) ) ;
#2045 = ORIENTED_EDGE ( 'NONE', *, *, #3833, .T. ) ;
#2046 = CARTESIAN_POINT ( 'NONE',  ( 5.080000000000002736, 7.492999999999998550, 2.501900000000000901 ) ) ;
#2047 = APPLICATION_PROTOCOL_DEFINITION ( 'draft international standard', 'automotive_design', 1998, #1023 ) ;
#2048 = VECTOR ( 'NONE', #1031, 1000.000000000000000 ) ;
#2049 = VECTOR ( 'NONE', #1367, 1000.000000000000000 ) ;
#2050 = EDGE_CURVE ( 'NONE', #4327, #5190, #5397, .T. ) ;
#2051 = ADVANCED_FACE ( 'NONE', ( #1892 ), #7178, .F. ) ;
#2052 = EDGE_LOOP ( 'NONE', ( #1213, #7054, #3599, #7527 ) ) ;
#2053 = EDGE_LOOP ( 'NONE', ( #2221, #3896, #7132, #2528, #1473, #5386, #551, #566 ) ) ;
#2054 = DIRECTION ( 'NONE',  ( 0.000000000000000000, -0.000000000000000000, -1.000000000000000000 ) ) ;
#2055 = CARTESIAN_POINT ( 'NONE',  ( 5.080000000000000959, 7.492999999999999439, -2.501900000000000901 ) ) ;
#2056 = VECTOR ( 'NONE', #2801, 1000.000000000000000 ) ;
#2057 = DIRECTION ( 'NONE',  ( 0.000000000000000000, 0.000000000000000000, 1.000000000000000000 ) ) ;
#2058 = CARTESIAN_POINT ( 'NONE',  ( -1.143000000000003347, 6.794499999999997542, 1.397000000000001130 ) ) ;
#2059 = LINE ( 'NONE', #6298, #1938 ) ;
#2060 = CARTESIAN_POINT ( 'NONE',  ( -9.271000000000000796, 7.048499999999997989, -0.8889999999999986802 ) ) ;
#2061 = EDGE_LOOP ( 'NONE', ( #2958, #3929, #114, #3023 ) ) ;
#2062 = ORIENTED_EDGE ( 'NONE', *, *, #6372, .T. ) ;
#2063 = COLOUR_RGB ( '',0.2509803921568627416, 0.2509803921568627416, 0.2509803921568627416 ) ;
#2064 = DIRECTION ( 'NONE',  ( -1.000000000000000000, 0.000000000000000000, 0.000000000000000000 ) ) ;
#2065 = CARTESIAN_POINT ( 'NONE',  ( 0.1777999999999999858, 0.6731000000000003647, 3.302000000000000046 ) ) ;
#2066 = DIRECTION ( 'NONE',  ( -1.000000000000000000, 0.000000000000000000, 0.000000000000000000 ) ) ;
#2067 = ADVANCED_FACE ( 'NONE', ( #7137 ), #15, .F. ) ;
#2068 = CARTESIAN_POINT ( 'NONE',  ( -5.079999999999998295, 7.492999999999999439, -2.501900000000000901 ) ) ;
#2069 = ORIENTED_EDGE ( 'NONE', *, *, #3775, .T. ) ;
#2070 = ORIENTED_EDGE ( 'NONE', *, *, #4313, .F. ) ;
#2071 = DIRECTION ( 'NONE',  ( 1.000000000000000000, 0.000000000000000000, 0.000000000000000000 ) ) ;
#2072 = DIRECTION ( 'NONE',  ( -1.000000000000000000, 0.000000000000000000, 0.000000000000000000 ) ) ;
#2073 = DIRECTION ( 'NONE',  ( -1.000000000000000000, -0.000000000000000000, -0.000000000000000000 ) ) ;
#2074 = ADVANCED_FACE ( 'NONE', ( #3681 ), #6057, .T. ) ;
#2075 = DIRECTION ( 'NONE',  ( 0.000000000000000000, -1.422837496700138942E-15, 1.000000000000000000 ) ) ;
#2076 = ADVANCED_FACE ( 'NONE', ( #1783 ), #2515, .F. ) ;
#2077 = FACE_OUTER_BOUND ( 'NONE', #733, .T. ) ;
#2078 = ORIENTED_EDGE ( 'NONE', *, *, #1409, .F. ) ;
#2079 = CARTESIAN_POINT ( 'NONE',  ( -6.731000000000000760, 7.048499999999997101, 0.8890000000000012337 ) ) ;
#2080 = AXIS2_PLACEMENT_3D ( 'NONE', #1229, #52, #5323 ) ;
#2081 = CARTESIAN_POINT ( 'NONE',  ( 4.190999999999998948, 6.222999999999998977, 0.8890000000000011227 ) ) ;
#2082 = ADVANCED_FACE ( 'NONE', ( #3716 ), #5564, .F. ) ;
#2083 = CARTESIAN_POINT ( 'NONE',  ( -2.539999999999997815, 0.3809999999999999498, -2.501900000000000901 ) ) ;
#2084 = ORIENTED_EDGE ( 'NONE', *, *, #2643, .T. ) ;
#2085 = EDGE_LOOP ( 'NONE', ( #1878, #5403, #2040, #6371 ) ) ;
#2086 = SURFACE_STYLE_USAGE ( .BOTH. , #5775 ) ;
#2087 = LINE ( 'NONE', #6215, #950 ) ;
#2088 = AXIS2_PLACEMENT_3D ( 'NONE', #5469, #7246, #1924 ) ;
#2089 = EDGE_CURVE ( 'NONE', #4043, #4903, #5673, .T. ) ;
#2090 = DIRECTION ( 'NONE',  ( 0.000000000000000000, 2.439149994343092652E-16, -1.000000000000000000 ) ) ;
#2091 = CARTESIAN_POINT ( 'NONE',  ( 5.080000000000002736, 7.492999999999998550, 0.4444999999999978413 ) ) ;
#2092 = FACE_OUTER_BOUND ( 'NONE', #5163, .T. ) ;
#2093 = LINE ( 'NONE', #6180, #6309 ) ;
#2094 = ORIENTED_EDGE ( 'NONE', *, *, #5033, .F. ) ;
#2095 = EDGE_LOOP ( 'NONE', ( #3170, #4067, #5535, #7235 ) ) ;
#2096 = EDGE_CURVE ( 'NONE', #6664, #796, #6296, .T. ) ;
#2097 = CARTESIAN_POINT ( 'NONE',  ( -9.715500000000005798, 7.492999999999999439, -2.501900000000000901 ) ) ;
#2098 = LINE ( 'NONE', #6875, #3900 ) ;
#2099 = FACE_OUTER_BOUND ( 'NONE', #3719, .T. ) ;
#2100 = LINE ( 'NONE', #1479, #6925 ) ;
#2101 = ORIENTED_EDGE ( 'NONE', *, *, #94, .T. ) ;
#2102 = ORIENTED_EDGE ( 'NONE', *, *, #5, .F. ) ;
#2103 = LINE ( 'NONE', #5193, #3593 ) ;
#2104 = DIRECTION ( 'NONE',  ( -0.000000000000000000, 1.000000000000000000, 1.422837496700138942E-15 ) ) ;
#2105 = PLANE ( 'NONE',  #785 ) ;
#2106 = CARTESIAN_POINT ( 'NONE',  ( 3.428999999999999826, 7.048499999999997101, 1.651000000000001355 ) ) ;
#2107 = VERTEX_POINT ( 'NONE', #4376 ) ;
#2108 = ORIENTED_EDGE ( 'NONE', *, *, #5548, .T. ) ;
#2109 = CARTESIAN_POINT ( 'NONE',  ( 10.41399999999999970, 0.8889999999999989022, -1.984781810244995004 ) ) ;
#2110 = ORIENTED_EDGE ( 'NONE', *, *, #5060, .T. ) ;
#2111 = EDGE_CURVE ( 'NONE', #3876, #1853, #4451, .T. ) ;
#2112 = CARTESIAN_POINT ( 'NONE',  ( -7.619999999999998330, 7.492999999999999439, -2.501900000000000901 ) ) ;
#2113 = CARTESIAN_POINT ( 'NONE',  ( -10.15999999999999837, 0.3809999999999999498, -2.501900000000000901 ) ) ;
#2114 = FACE_OUTER_BOUND ( 'NONE', #2786, .T. ) ;
#2115 = ORIENTED_EDGE ( 'NONE', *, *, #4820, .T. ) ;
#2116 = DIRECTION ( 'NONE',  ( 0.000000000000000000, -1.138269997360111548E-15, -1.000000000000000000 ) ) ;
#2117 = DIRECTION ( 'NONE',  ( -0.000000000000000000, -0.000000000000000000, 1.000000000000000000 ) ) ;
#2118 = ORIENTED_EDGE ( 'NONE', *, *, #6985, .F. ) ;
#2119 = ADVANCED_FACE ( 'NONE', ( #5077 ), #3248, .T. ) ;
#2120 = ORIENTED_EDGE ( 'NONE', *, *, #3884, .T. ) ;
#2121 = CARTESIAN_POINT ( 'NONE',  ( -4.191000000000000725, 6.222999999999998977, 0.8890000000000011227 ) ) ;
#2122 = CARTESIAN_POINT ( 'NONE',  ( -7.619999999999998330, 0.3809999999999999498, -2.501900000000000901 ) ) ;
#2123 = CARTESIAN_POINT ( 'NONE',  ( -4.191000000000000725, 7.048499999999997101, 0.8890000000000012337 ) ) ;
#2124 = CARTESIAN_POINT ( 'NONE',  ( -8.763000000000003453, 6.794499999999998430, 1.143000000000001570 ) ) ;
#2125 = DIRECTION ( 'NONE',  ( 0.000000000000000000, -0.000000000000000000, -1.000000000000000000 ) ) ;
#2126 = VERTEX_POINT ( 'NONE', #4965 ) ;
#2127 = EDGE_CURVE ( 'NONE', #4633, #962, #5635, .T. ) ;
#2128 = ORIENTED_EDGE ( 'NONE', *, *, #763, .T. ) ;
#2129 = CARTESIAN_POINT ( 'NONE',  ( 3.936999999999997613, 6.794499999999999318, -1.396999999999998243 ) ) ;
#2130 = CARTESIAN_POINT ( 'NONE',  ( -3.429000000000002490, 7.048499999999997101, 1.651000000000001355 ) ) ;
#2131 = DIRECTION ( 'NONE',  ( -0.000000000000000000, 1.000000000000000000, 1.422837496700138942E-15 ) ) ;
#2132 = CARTESIAN_POINT ( 'NONE',  ( 8.508999999999998565, 6.222999999999998977, -0.8889999999999987912 ) ) ;
#2133 = EDGE_LOOP ( 'NONE', ( #2764, #3768, #6210, #5657 ) ) ;
#2134 = EDGE_CURVE ( 'NONE', #6850, #205, #792, .T. ) ;
#2135 = ORIENTED_EDGE ( 'NONE', *, *, #2487, .F. ) ;
#2136 = EDGE_CURVE ( 'NONE', #1080, #1076, #4998, .T. ) ;
#2137 = DIRECTION ( 'NONE',  ( 0.000000000000000000, 0.000000000000000000, -1.000000000000000000 ) ) ;
#2138 = LINE ( 'NONE', #4469, #1284 ) ;
#2139 = PLANE ( 'NONE',  #4163 ) ;
#2140 = VECTOR ( 'NONE', #6717, 1000.000000000000000 ) ;
#2141 = VERTEX_POINT ( 'NONE', #211 ) ;
#2142 = CARTESIAN_POINT ( 'NONE',  ( 0.3047999999999999599, 0.8890000000000000124, 1.968499999999999694 ) ) ;
#2143 = ORIENTED_EDGE ( 'NONE', *, *, #6457, .T. ) ;
#2144 = FACE_OUTER_BOUND ( 'NONE', #907, .T. ) ;
#2145 = LINE ( 'NONE', #4516, #6322 ) ;
#2146 = VECTOR ( 'NONE', #212, 1000.000000000000114 ) ;
#2147 = CARTESIAN_POINT ( 'NONE',  ( -5.079999999999997407, 0.3809999999999988396, 2.120899999999999785 ) ) ;
#2148 = ORIENTED_EDGE ( 'NONE', *, *, #1227, .F. ) ;
#2149 = CONTEXT_DEPENDENT_SHAPE_REPRESENTATION ( #6762, #835 ) ;
#2150 = EDGE_CURVE ( 'NONE', #7588, #543, #6131, .T. ) ;
#2151 = PRODUCT_DEFINITION_SHAPE ( 'NONE', 'NONE',  #7700 ) ;
#2152 = LINE ( 'NONE', #426, #4862 ) ;
#2153 =( GEOMETRIC_REPRESENTATION_CONTEXT ( 3 ) GLOBAL_UNCERTAINTY_ASSIGNED_CONTEXT ( ( #655 ) ) GLOBAL_UNIT_ASSIGNED_CONTEXT ( ( #2895, #5349, #5893 ) ) REPRESENTATION_CONTEXT ( 'NONE', 'WORKASPACE' ) );
#2154 = ORIENTED_EDGE ( 'NONE', *, *, #1840, .T. ) ;
#2155 = ORIENTED_EDGE ( 'NONE', *, *, #4509, .F. ) ;
#2156 = AXIS2_PLACEMENT_3D ( 'NONE', #71, #1164, #5957 ) ;
#2157 = FACE_OUTER_BOUND ( 'NONE', #3857, .T. ) ;
#2158 = LINE ( 'NONE', #2892, #3199 ) ;
#2159 = PLANE ( 'NONE',  #429 ) ;
#2160 = DIRECTION ( 'NONE',  ( 0.000000000000000000, 2.439149994343092652E-16, -1.000000000000000000 ) ) ;
#2161 = VECTOR ( 'NONE', #6702, 1000.000000000000000 ) ;
#2162 = ADVANCED_FACE ( 'NONE', ( #1426 ), #3212, .F. ) ;
#2163 = DIRECTION ( 'NONE',  ( -0.7071067811865456854, -0.7071067811865494601, -1.225703198915526333E-16 ) ) ;
#2164 = DIRECTION ( 'NONE',  ( 1.000000000000000000, 0.000000000000000000, 0.000000000000000000 ) ) ;
#2165 = ORIENTED_EDGE ( 'NONE', *, *, #5549, .F. ) ;
#2166 = EDGE_LOOP ( 'NONE', ( #7051, #876, #2889, #990 ) ) ;
#2167 = AXIS2_PLACEMENT_3D ( 'NONE', #6610, #3070, #5453 ) ;
#2168 = VERTEX_POINT ( 'NONE', #5602 ) ;
#2169 = CARTESIAN_POINT ( 'NONE',  ( 4.190999999999998948, 7.048499999999997989, -0.8889999999999986802 ) ) ;
#2170 = DIRECTION ( 'NONE',  ( 0.000000000000000000, 1.000000000000000000, -1.138269997360111548E-15 ) ) ;
#2171 = EDGE_CURVE ( 'NONE', #5313, #5125, #3862, .T. ) ;
#2172 = CARTESIAN_POINT ( 'NONE',  ( 6.730999999999997208, 6.222999999999998977, -1.650999999999998913 ) ) ;
#2173 = ORIENTED_EDGE ( 'NONE', *, *, #6519, .T. ) ;
#2174 = EDGE_LOOP ( 'NONE', ( #3968, #3104, #1006, #1700 ) ) ;
#2175 = DIRECTION ( 'NONE',  ( 1.000000000000000000, 0.000000000000000000, 0.000000000000000000 ) ) ;
#2176 = CARTESIAN_POINT ( 'NONE',  ( 2.095500000000001695, 7.492999999999998550, 0.4444999999999979523 ) ) ;
#2177 = CARTESIAN_POINT ( 'NONE',  ( 4.190999999999998948, 6.222999999999998977, -0.8889999999999987912 ) ) ;
#2178 = EDGE_CURVE ( 'NONE', #6060, #7647, #2597, .T. ) ;
#2179 = ORIENTED_EDGE ( 'NONE', *, *, #844, .F. ) ;
#2180 = DIRECTION ( 'NONE',  ( -1.000000000000000000, -0.000000000000000000, -0.000000000000000000 ) ) ;
#2181 = VERTEX_POINT ( 'NONE', #4491 ) ;
#2182 = VECTOR ( 'NONE', #7329, 1000.000000000000000 ) ;
#2183 = CARTESIAN_POINT ( 'NONE',  ( 7.620000000000001883, 0.3809999999999999498, -2.501900000000000901 ) ) ;
#2184 = DIRECTION ( 'NONE',  ( 0.000000000000000000, 1.092515224483717628E-16, -1.000000000000000000 ) ) ;
#2185 = DIRECTION ( 'NONE',  ( -0.5773502691896270633, 0.5773502691896240657, -0.5773502691896261751 ) ) ;
#2186 = VECTOR ( 'NONE', #6567, 1000.000000000000114 ) ;
#2187 = EDGE_CURVE ( 'NONE', #4465, #4422, #6257, .T. ) ;
#2188 = AXIS2_PLACEMENT_3D ( 'NONE', #343, #2842, #961 ) ;
#2189 = DIRECTION ( 'NONE',  ( -1.000000000000000000, -0.000000000000000000, -0.000000000000000000 ) ) ;
#2190 = ORIENTED_EDGE ( 'NONE', *, *, #836, .T. ) ;
#2191 = VECTOR ( 'NONE', #2274, 1000.000000000000000 ) ;
#2192 = VERTEX_POINT ( 'NONE', #2634 ) ;
#2193 = VECTOR ( 'NONE', #6651, 1000.000000000000000 ) ;
#2194 = CARTESIAN_POINT ( 'NONE',  ( 5.080000000000000959, 7.492999999999999439, -2.501900000000000901 ) ) ;
#2195 = FACE_OUTER_BOUND ( 'NONE', #3867, .T. ) ;
#2196 = LINE ( 'NONE', #4563, #2282 ) ;
#2197 = VECTOR ( 'NONE', #1178, 1000.000000000000000 ) ;
#2198 = VECTOR ( 'NONE', #5830, 1000.000000000000000 ) ;
#2199 = LINE ( 'NONE', #397, #6900 ) ;
#2200 = PLANE ( 'NONE',  #6429 ) ;
#2201 = VERTEX_POINT ( 'NONE', #1540 ) ;
#2202 = ORIENTED_EDGE ( 'NONE', *, *, #5005, .F. ) ;
#2203 = AXIS2_PLACEMENT_3D ( 'NONE', #6808, #254, #7458 ) ;
#2204 = ORIENTED_EDGE ( 'NONE', *, *, #3965, .F. ) ;
#2205 = ADVANCED_FACE ( 'NONE', ( #7368 ), #2709, .F. ) ;
#2206 = VECTOR ( 'NONE', #5148, 1000.000000000000000 ) ;
#2207 = EDGE_CURVE ( 'NONE', #4085, #773, #3902, .T. ) ;
#2208 = PRESENTATION_STYLE_ASSIGNMENT (( #1585 ) ) ;
#2209 = FACE_OUTER_BOUND ( 'NONE', #877, .T. ) ;
#2210 = PLANE ( 'NONE',  #4809 ) ;
#2211 = FACE_OUTER_BOUND ( 'NONE', #5699, .T. ) ;
#2212 = EDGE_LOOP ( 'NONE', ( #3391, #364, #6680, #888 ) ) ;
#2213 = ORIENTED_EDGE ( 'NONE', *, *, #4584, .F. ) ;
#2214 = ADVANCED_FACE ( 'NONE', ( #2560 ), #4415, .T. ) ;
#2215 = DIRECTION ( 'NONE',  ( 0.000000000000000000, -1.422837496700138942E-15, 1.000000000000000000 ) ) ;
#2216 = DIRECTION ( 'NONE',  ( 0.000000000000000000, 1.422837496700139336E-15, -1.000000000000000000 ) ) ;
#2217 = DIRECTION ( 'NONE',  ( 0.000000000000000000, 1.733406087350420004E-16, -1.000000000000000000 ) ) ;
#2218 = EDGE_LOOP ( 'NONE', ( #640, #446, #4779, #2496 ) ) ;
#2219 = ORIENTED_EDGE ( 'NONE', *, *, #6256, .T. ) ;
#2220 = DIRECTION ( 'NONE',  ( -1.000000000000000000, 0.000000000000000000, -0.000000000000000000 ) ) ;
#2221 = ORIENTED_EDGE ( 'NONE', *, *, #3245, .F. ) ;
#2222 = PLANE ( 'NONE',  #597 ) ;
#2223 = EDGE_CURVE ( 'NONE', #3236, #2356, #7026, .T. ) ;
#2224 = VECTOR ( 'NONE', #106, 1000.000000000000000 ) ;
#2225 = CARTESIAN_POINT ( 'NONE',  ( -0.3047999999999999599, 0.6730999999999999206, -2.387599999999999945 ) ) ;
#2226 = DIRECTION ( 'NONE',  ( -1.000000000000000000, 0.000000000000000000, 0.000000000000000000 ) ) ;
#2227 = DIRECTION ( 'NONE',  ( -0.5773502691896273964, -0.5773502691896236216, -0.5773502691896262862 ) ) ;
#2228 = SURFACE_SIDE_STYLE ('',( #3935 ) ) ;
#2229 = ORIENTED_EDGE ( 'NONE', *, *, #6624, .F. ) ;
#2230 = VERTEX_POINT ( 'NONE', #4089 ) ;
#2231 = EDGE_CURVE ( 'NONE', #796, #7227, #5711, .T. ) ;
#2232 = ADVANCED_FACE ( 'NONE', ( #3972 ), #5779, .F. ) ;
#2233 = LINE ( 'NONE', #6977, #1203 ) ;
#2234 = VERTEX_POINT ( 'NONE', #1650 ) ;
#2235 = DIRECTION ( 'NONE',  ( 0.000000000000000000, -1.224646799147355179E-16, 1.000000000000000000 ) ) ;
#2236 = CARTESIAN_POINT ( 'NONE',  ( 7.620000000000001883, 7.492999999999999439, -2.501900000000000901 ) ) ;
#2237 = DIRECTION ( 'NONE',  ( 0.000000000000000000, -1.000000000000000000, 0.000000000000000000 ) ) ;
#2238 = CARTESIAN_POINT ( 'NONE',  ( 3.936999999999997613, 6.794499999999999318, -1.142999999999999572 ) ) ;
#2239 = ORIENTED_EDGE ( 'NONE', *, *, #1300, .F. ) ;
#2240 = EDGE_LOOP ( 'NONE', ( #5191, #5326, #233, #6908 ) ) ;
#2241 = VERTEX_POINT ( 'NONE', #1576 ) ;
#2242 = DIRECTION ( 'NONE',  ( 0.7071067811865456854, -0.7071067811865494601, -1.225703198915526333E-16 ) ) ;
#2243 = CARTESIAN_POINT ( 'NONE',  ( -0.4444999999999987295, 7.492999999999999439, -2.501900000000000901 ) ) ;
#2244 = FACE_OUTER_BOUND ( 'NONE', #7646, .T. ) ;
#2245 = DIRECTION ( 'NONE',  ( 0.000000000000000000, 1.733406087350420004E-16, -1.000000000000000000 ) ) ;
#2246 = CARTESIAN_POINT ( 'NONE',  ( -1.143000000000003347, 6.794499999999999318, -1.396999999999998243 ) ) ;
#2247 = EDGE_CURVE ( 'NONE', #5129, #5409, #360, .T. ) ;
#2248 = VERTEX_POINT ( 'NONE', #2742 ) ;
#2249 = ORIENTED_EDGE ( 'NONE', *, *, #596, .F. ) ;
#2250 = VECTOR ( 'NONE', #5356, 1000.000000000000000 ) ;
#2251 = LINE ( 'NONE', #5126, #3894 ) ;
#2252 = VECTOR ( 'NONE', #7449, 1000.000000000000000 ) ;
#2253 = DIRECTION ( 'NONE',  ( 0.000000000000000000, -1.733406087350420004E-16, 1.000000000000000000 ) ) ;
#2254 = DIRECTION ( 'NONE',  ( -1.000000000000000000, 0.000000000000000000, -0.000000000000000000 ) ) ;
#2255 = DIRECTION ( 'NONE',  ( 0.000000000000000000, 0.000000000000000000, -1.000000000000000000 ) ) ;
#2256 = ORIENTED_EDGE ( 'NONE', *, *, #1208, .T. ) ;
#2257 = EDGE_CURVE ( 'NONE', #4085, #4439, #5821, .T. ) ;
#2258 = CARTESIAN_POINT ( 'NONE',  ( 7.620000000000001883, 0.3809999999999988396, 2.120899999999999785 ) ) ;
#2259 = ORIENTED_EDGE ( 'NONE', *, *, #6536, .F. ) ;
#2260 = LINE ( 'NONE', #4625, #2604 ) ;
#2261 = DIRECTION ( 'NONE',  ( 0.000000000000000000, 1.733406087350420004E-16, -1.000000000000000000 ) ) ;
#2262 = DIRECTION ( 'NONE',  ( -0.5773502691896270633, 0.5773502691896240657, -0.5773502691896261751 ) ) ;
#2263 = PLANE ( 'NONE',  #6754 ) ;
#2264 = EDGE_CURVE ( 'NONE', #283, #2685, #1093, .T. ) ;
#2265 = CARTESIAN_POINT ( 'NONE',  ( 10.16000000000000192, 7.492999999999999439, -2.095500000000001695 ) ) ;
#2266 = ORIENTED_EDGE ( 'NONE', *, *, #702, .T. ) ;
#2267 = ORIENTED_EDGE ( 'NONE', *, *, #3671, .T. ) ;
#2268 = DIRECTION ( 'NONE',  ( 0.5773502691896273964, 0.5773502691896237327, -0.5773502691896261751 ) ) ;
#2269 = ORIENTED_EDGE ( 'NONE', *, *, #5819, .F. ) ;
#2270 = CARTESIAN_POINT ( 'NONE',  ( 5.080000000000002736, 0.8889999999999989022, -1.984781810244995004 ) ) ;
#2271 = ADVANCED_FACE ( 'NONE', ( #2195 ), #2159, .F. ) ;
#2272 = LINE ( 'NONE', #1613, #1050 ) ;
#2273 = ADVANCED_FACE ( 'NONE', ( #2858 ), #3473, .F. ) ;
#2274 = DIRECTION ( 'NONE',  ( -1.000000000000000000, -0.000000000000000000, -0.000000000000000000 ) ) ;
#2275 = ORIENTED_EDGE ( 'NONE', *, *, #2881, .T. ) ;
#2276 = ORIENTED_EDGE ( 'NONE', *, *, #6072, .T. ) ;
#2277 = DIRECTION ( 'NONE',  ( -1.000000000000000000, 0.000000000000000000, 0.000000000000000000 ) ) ;
#2278 = CARTESIAN_POINT ( 'NONE',  ( -10.15999999999999837, 7.492999999999998550, 2.501900000000000901 ) ) ;
#2279 = LINE ( 'NONE', #2434, #6428 ) ;
#2280 = ADVANCED_FACE ( 'NONE', ( #4011 ), #1053, .F. ) ;
#2281 = DIRECTION ( 'NONE',  ( 0.000000000000000000, -1.000000000000000000, -1.733406087350420497E-16 ) ) ;
#2282 = VECTOR ( 'NONE', #5039, 1000.000000000000000 ) ;
#2283 = ORIENTED_EDGE ( 'NONE', *, *, #6498, .F. ) ;
#2284 = VECTOR ( 'NONE', #1151, 1000.000000000000000 ) ;
#2285 = AXIS2_PLACEMENT_3D ( 'NONE', #415, #2104, #2215 ) ;
#2286 = VERTEX_POINT ( 'NONE', #6330 ) ;
#2287 = EDGE_CURVE ( 'NONE', #4912, #5409, #3365, .T. ) ;
#2288 = DIRECTION ( 'NONE',  ( -1.000000000000000000, 0.000000000000000000, 0.000000000000000000 ) ) ;
#2289 = DIRECTION ( 'NONE',  ( 1.000000000000000000, 0.000000000000000000, 0.000000000000000000 ) ) ;
#2290 = PLANE ( 'NONE',  #1450 ) ;
#2291 = LINE ( 'NONE', #4621, #315 ) ;
#2292 = DIRECTION ( 'NONE',  ( -1.000000000000000000, -0.000000000000000000, -0.000000000000000000 ) ) ;
#2293 = EDGE_LOOP ( 'NONE', ( #3506, #3495, #981, #2317 ) ) ;
#2294 = STYLED_ITEM ( 'NONE', ( #7302 ), #6108 ) ;
#2295 = PLANE ( 'NONE',  #6948 ) ;
#2296 = EDGE_CURVE ( 'NONE', #4273, #3877, #395, .T. ) ;
#2297 = ADVANCED_FACE ( 'NONE', ( #5221 ), #1694, .F. ) ;
#2298 = DIRECTION ( 'NONE',  ( 0.000000000000000000, -1.733406087350420004E-16, 1.000000000000000000 ) ) ;
#2299 = CARTESIAN_POINT ( 'NONE',  ( 1.734723475976807094E-15, 7.492999999999999439, -2.501900000000000901 ) ) ;
#2300 = CARTESIAN_POINT ( 'NONE',  ( 1.734723475976807094E-15, 0.3809999999999993947, -2.120900000000001562 ) ) ;
#2301 = VECTOR ( 'NONE', #172, 1000.000000000000114 ) ;
#2302 = DIRECTION ( 'NONE',  ( -0.000000000000000000, -0.000000000000000000, 1.000000000000000000 ) ) ;
#2303 = ORIENTED_EDGE ( 'NONE', *, *, #1516, .F. ) ;
#2304 = VERTEX_POINT ( 'NONE', #5186 ) ;
#2305 = VERTEX_POINT ( 'NONE', #6903 ) ;
#2306 = ORIENTED_EDGE ( 'NONE', *, *, #2694, .F. ) ;
#2307 = EDGE_CURVE ( 'NONE', #5220, #7397, #1611, .T. ) ;
#2308 = DIRECTION ( 'NONE',  ( 1.000000000000000000, 0.000000000000000000, 0.000000000000000000 ) ) ;
#2309 = ORIENTED_EDGE ( 'NONE', *, *, #3466, .T. ) ;
#2310 = DIRECTION ( 'NONE',  ( 0.000000000000000000, -1.000000000000000000, -1.224646799147354686E-16 ) ) ;
#2311 =( NAMED_UNIT ( * ) PLANE_ANGLE_UNIT ( ) SI_UNIT ( $, .RADIAN. ) );
#2312 = ORIENTED_EDGE ( 'NONE', *, *, #7118, .F. ) ;
#2313 = CARTESIAN_POINT ( 'NONE',  ( -10.15999999999999837, 0.3809999999999999498, -2.501900000000000901 ) ) ;
#2314 = CARTESIAN_POINT ( 'NONE',  ( -1.651000000000001355, 7.048499999999997989, -0.8889999999999986802 ) ) ;
#2315 = ORIENTED_EDGE ( 'NONE', *, *, #4143, .F. ) ;
#2316 = ORIENTED_EDGE ( 'NONE', *, *, #5178, .T. ) ;
#2317 = ORIENTED_EDGE ( 'NONE', *, *, #4442, .F. ) ;
#2318 = LINE ( 'NONE', #2431, #3980 ) ;
#2319 = ADVANCED_FACE ( 'NONE', ( #6946 ), #7633, .F. ) ;
#2320 = VECTOR ( 'NONE', #1755, 1000.000000000000000 ) ;
#2321 = AXIS2_PLACEMENT_3D ( 'NONE', #4811, #6603, #6534 ) ;
#2322 = VECTOR ( 'NONE', #5487, 1000.000000000000000 ) ;
#2323 = CARTESIAN_POINT ( 'NONE',  ( -5.079999999999997407, 0.3809999999999988396, 2.120899999999999785 ) ) ;
#2324 = DIRECTION ( 'NONE',  ( 1.000000000000000000, 0.000000000000000000, 0.000000000000000000 ) ) ;
#2325 = CARTESIAN_POINT ( 'NONE',  ( 8.508999999999998565, 6.222999999999998977, 0.8890000000000011227 ) ) ;
#2326 = DIRECTION ( 'NONE',  ( 0.000000000000000000, 1.733406087350420004E-16, -1.000000000000000000 ) ) ;
#2327 = AXIS2_PLACEMENT_3D ( 'NONE', #5455, #4857, #4936 ) ;
#2328 = VERTEX_POINT ( 'NONE', #5857 ) ;
#2329 = EDGE_LOOP ( 'NONE', ( #2115, #6120, #1812, #4464 ) ) ;
#2330 = ADVANCED_FACE ( 'NONE', ( #433 ), #2820, .F. ) ;
#2331 = DIRECTION ( 'NONE',  ( 0.000000000000000000, -0.7071067811865485719, 0.7071067811865465735 ) ) ;
#2332 = CARTESIAN_POINT ( 'NONE',  ( 6.730999999999997208, 7.048499999999997989, -0.8889999999999986802 ) ) ;
#2333 = CARTESIAN_POINT ( 'NONE',  ( 10.15999999999999837, 0.3809999999999992837, 2.501899999999999125 ) ) ;
#2334 = LINE ( 'NONE', #7577, #7408 ) ;
#2335 = DIRECTION ( 'NONE',  ( 0.000000000000000000, 1.138269997360111548E-15, 1.000000000000000000 ) ) ;
#2336 = ORIENTED_EDGE ( 'NONE', *, *, #969, .F. ) ;
#2337 = AXIS2_PLACEMENT_3D ( 'NONE', #6746, #1415, #3783 ) ;
#2338 = CARTESIAN_POINT ( 'NONE',  ( -6.731000000000000760, 6.222999999999998977, -1.650999999999998913 ) ) ;
#2339 = LINE ( 'NONE', #3649, #2835 ) ;
#2340 = CARTESIAN_POINT ( 'NONE',  ( -9.271000000000000796, 7.048499999999997101, 1.651000000000001355 ) ) ;
#2341 = FACE_OUTER_BOUND ( 'NONE', #313, .T. ) ;
#2342 = CARTESIAN_POINT ( 'NONE',  ( 0.3047999999999999599, 0.6730999999999999206, -1.968499999999999694 ) ) ;
#2343 = ORIENTED_EDGE ( 'NONE', *, *, #7210, .F. ) ;
#2344 = ADVANCED_FACE ( 'NONE', ( #5932 ), #82, .F. ) ;
#2345 = EDGE_CURVE ( 'NONE', #3560, #773, #5964, .T. ) ;
#2346 = ORIENTED_EDGE ( 'NONE', *, *, #7172, .T. ) ;
#2347 = ORIENTED_EDGE ( 'NONE', *, *, #2415, .T. ) ;
#2348 = DIRECTION ( 'NONE',  ( 0.000000000000000000, 1.733406087350420004E-16, -1.000000000000000000 ) ) ;
#2349 = ORIENTED_EDGE ( 'NONE', *, *, #5283, .F. ) ;
#2350 = FACE_OUTER_BOUND ( 'NONE', #3782, .T. ) ;
#2351 = AXIS2_PLACEMENT_3D ( 'NONE', #1820, #7213, #5447 ) ;
#2352 = CARTESIAN_POINT ( 'NONE',  ( 7.620000000000001883, 0.3809999999999993947, -2.120900000000001562 ) ) ;
#2353 = VERTEX_POINT ( 'NONE', #5470 ) ;
#2354 = FACE_OUTER_BOUND ( 'NONE', #4752, .T. ) ;
#2355 = EDGE_CURVE ( 'NONE', #7004, #4903, #4246, .T. ) ;
#2356 = VERTEX_POINT ( 'NONE', #3592 ) ;
#2357 = ORIENTED_EDGE ( 'NONE', *, *, #1474, .T. ) ;
#2358 = LINE ( 'NONE', #1101, #1264 ) ;
#2359 = DIRECTION ( 'NONE',  ( 1.000000000000000000, 0.000000000000000000, 0.000000000000000000 ) ) ;
#2360 = CARTESIAN_POINT ( 'NONE',  ( -9.271000000000000796, 7.048499999999997989, -0.8889999999999986802 ) ) ;
#2361 = DIRECTION ( 'NONE',  ( -1.000000000000000000, 0.000000000000000000, -0.000000000000000000 ) ) ;
#2362 = PLANE ( 'NONE',  #598 ) ;
#2363 = EDGE_CURVE ( 'NONE', #4370, #2862, #4165, .T. ) ;
#2364 = VERTEX_POINT ( 'NONE', #6558 ) ;
#2365 = EDGE_LOOP ( 'NONE', ( #2213, #6450, #778, #2880 ) ) ;
#2366 = DIRECTION ( 'NONE',  ( -0.000000000000000000, -1.000000000000000000, 0.000000000000000000 ) ) ;
#2367 = LINE ( 'NONE', #4730, #2056 ) ;
#2368 = LINE ( 'NONE', #4148, #1191 ) ;
#2369 = CARTESIAN_POINT ( 'NONE',  ( -5.079999999999997407, 0.8889999999999989022, -1.984781810244995004 ) ) ;
#2370 = VECTOR ( 'NONE', #4589, 1000.000000000000000 ) ;
#2371 = EDGE_CURVE ( 'NONE', #1676, #1362, #1217, .T. ) ;
#2372 = LINE ( 'NONE', #4737, #4045 ) ;
#2373 = ADVANCED_FACE ( 'NONE', ( #2350 ), #663, .F. ) ;
#2374 = VERTEX_POINT ( 'NONE', #1253 ) ;
#2375 = ORIENTED_EDGE ( 'NONE', *, *, #2287, .T. ) ;
#2376 = FACE_OUTER_BOUND ( 'NONE', #7270, .T. ) ;
#2377 = CARTESIAN_POINT ( 'NONE',  ( -5.969000000000002082, 7.048499999999997989, -0.8889999999999986802 ) ) ;
#2378 = DIRECTION ( 'NONE',  ( -1.000000000000000000, -0.000000000000000000, -0.000000000000000000 ) ) ;
#2379 = DIRECTION ( 'NONE',  ( -0.000000000000000000, 0.000000000000000000, 1.000000000000000000 ) ) ;
#2380 = AXIS2_PLACEMENT_3D ( 'NONE', #4121, #5924, #2926 ) ;
#2381 = CLOSED_SHELL ( 'NONE', ( #6645, #1733, #3910, #5142, #5263, #5620, #5641, #1643, #6507, #4291, #2214, #2817 ) ) ;
#2382 = LINE ( 'NONE', #4749, #1124 ) ;
#2383 = VECTOR ( 'NONE', #2902, 1000.000000000000000 ) ;
#2384 = FACE_OUTER_BOUND ( 'NONE', #5660, .T. ) ;
#2385 = EDGE_CURVE ( 'NONE', #2374, #391, #4797, .T. ) ;
#2386 = EDGE_LOOP ( 'NONE', ( #1989, #602, #4844, #1535 ) ) ;
#2387 = DIRECTION ( 'NONE',  ( 0.000000000000000000, 1.733406087350420004E-16, -1.000000000000000000 ) ) ;
#2388 = VECTOR ( 'NONE', #7396, 1000.000000000000000 ) ;
#2389 = SURFACE_STYLE_USAGE ( .BOTH. , #7170 ) ;
#2390 = CARTESIAN_POINT ( 'NONE',  ( -2.539999999999997815, 7.492999999999999439, -2.501900000000000901 ) ) ;
#2391 = ORIENTED_EDGE ( 'NONE', *, *, #2961, .F. ) ;
#2392 = DIRECTION ( 'NONE',  ( 0.000000000000000000, 1.422837496700139336E-15, -1.000000000000000000 ) ) ;
#2393 = VERTEX_POINT ( 'NONE', #624 ) ;
#2394 = VERTEX_POINT ( 'NONE', #1848 ) ;
#2395 = LINE ( 'NONE', #5937, #7344 ) ;
#2396 = EDGE_CURVE ( 'NONE', #1852, #6752, #3009, .T. ) ;
#2397 = LINE ( 'NONE', #752, #7394 ) ;
#2398 = CARTESIAN_POINT ( 'NONE',  ( 5.080000000000002736, 0.3809999999999992837, 2.501899999999999125 ) ) ;
#2399 = FACE_OUTER_BOUND ( 'NONE', #4381, .T. ) ;
#2400 = ORIENTED_EDGE ( 'NONE', *, *, #7640, .T. ) ;
#2401 = EDGE_LOOP ( 'NONE', ( #3273, #7606, #3703, #501 ) ) ;
#2402 = EDGE_CURVE ( 'NONE', #4391, #5215, #5387, .T. ) ;
#2403 = LINE ( 'NONE', #5405, #4770 ) ;
#2404 = CARTESIAN_POINT ( 'NONE',  ( 5.524499999999994415, 7.492999999999999439, -0.4444999999999955653 ) ) ;
#2405 = LINE ( 'NONE', #2333, #934 ) ;
#2406 = DIRECTION ( 'NONE',  ( 0.000000000000000000, -1.733406087350420004E-16, 1.000000000000000000 ) ) ;
#2407 = VECTOR ( 'NONE', #5173, 1000.000000000000000 ) ;
#2408 = AXIS2_PLACEMENT_3D ( 'NONE', #4597, #6259, #7484 ) ;
#2409 = VECTOR ( 'NONE', #2654, 1000.000000000000000 ) ;
#2410 = CARTESIAN_POINT ( 'NONE',  ( 8.064499999999995339, 7.492999999999998550, 0.4444999999999979523 ) ) ;
#2411 = VERTEX_POINT ( 'NONE', #7094 ) ;
#2412 = DIRECTION ( 'NONE',  ( 1.000000000000000000, 0.000000000000000000, -0.000000000000000000 ) ) ;
#2413 = ORIENTED_EDGE ( 'NONE', *, *, #1781, .T. ) ;
#2414 = VECTOR ( 'NONE', #4386, 1000.000000000000114 ) ;
#2415 = EDGE_CURVE ( 'NONE', #517, #7281, #7201, .T. ) ;
#2416 = DIRECTION ( 'NONE',  ( 0.000000000000000000, -1.733406087350420004E-16, 1.000000000000000000 ) ) ;
#2417 = CARTESIAN_POINT ( 'NONE',  ( 5.080000000000000959, 0.3809999999999993947, -2.120900000000001562 ) ) ;
#2418 = LINE ( 'NONE', #6619, #3025 ) ;
#2419 = DIRECTION ( 'NONE',  ( -1.000000000000000000, -0.000000000000000000, -0.000000000000000000 ) ) ;
#2420 = ORIENTED_EDGE ( 'NONE', *, *, #2797, .F. ) ;
#2421 = ORIENTED_EDGE ( 'NONE', *, *, #2751, .F. ) ;
#2422 = DIRECTION ( 'NONE',  ( 0.000000000000000000, 1.733406087350420004E-16, -1.000000000000000000 ) ) ;
#2423 = ADVANCED_FACE ( 'NONE', ( #1882 ), #6629, .F. ) ;
#2424 = CARTESIAN_POINT ( 'NONE',  ( -6.731000000000000760, 7.048499999999997989, -1.650999999999998691 ) ) ;
#2425 = AXIS2_PLACEMENT_3D ( 'NONE', #4098, #3602, #4020 ) ;
#2426 = DIRECTION ( 'NONE',  ( 0.000000000000000000, 1.000000000000000000, 1.733406087350420004E-16 ) ) ;
#2427 = ORIENTED_EDGE ( 'NONE', *, *, #4939, .F. ) ;
#2428 = LINE ( 'NONE', #1851, #3073 ) ;
#2429 = VERTEX_POINT ( 'NONE', #3554 ) ;
#2430 = ORIENTED_EDGE ( 'NONE', *, *, #2223, .F. ) ;
#2431 = CARTESIAN_POINT ( 'NONE',  ( -7.619999999999998330, 0.3809999999999992837, 2.501899999999999125 ) ) ;
#2432 =( NAMED_UNIT ( * ) PLANE_ANGLE_UNIT ( ) SI_UNIT ( $, .RADIAN. ) );
#2433 = CARTESIAN_POINT ( 'NONE',  ( -10.15999999999999837, 0.8889999999999985691, 1.984781810244993228 ) ) ;
#2434 = CARTESIAN_POINT ( 'NONE',  ( -2.539999999999997815, 0.8889999999999989022, -1.984781810244995004 ) ) ;
#2435 = CARTESIAN_POINT ( 'NONE',  ( -0.8890000000000026770, 7.048499999999997101, 1.651000000000001355 ) ) ;
#2436 = EDGE_LOOP ( 'NONE', ( #1168, #6382, #2766, #1942 ) ) ;
#2437 = EDGE_CURVE ( 'NONE', #2030, #1852, #589, .T. ) ;
#2438 = VERTEX_POINT ( 'NONE', #1296 ) ;
#2439 = VECTOR ( 'NONE', #5189, 1000.000000000000000 ) ;
#2440 = PLANE ( 'NONE',  #1425 ) ;
#2441 = DIRECTION ( 'NONE',  ( 0.000000000000000000, 0.2588190451025143002, -0.9659258262890699775 ) ) ;
#2442 = LINE ( 'NONE', #1828, #4666 ) ;
#2443 = CARTESIAN_POINT ( 'NONE',  ( 7.620000000000001883, 0.3809999999999999498, -2.501900000000000901 ) ) ;
#2444 = AXIS2_PLACEMENT_3D ( 'NONE', #4208, #1885, #2977 ) ;
#2445 = FACE_OUTER_BOUND ( 'NONE', #1742, .T. ) ;
#2446 = ORIENTED_EDGE ( 'NONE', *, *, #7478, .F. ) ;
#2447 = EDGE_CURVE ( 'NONE', #1086, #2458, #3672, .T. ) ;
#2448 = EDGE_LOOP ( 'NONE', ( #1439, #4760, #1059, #2925 ) ) ;
#2449 = AXIS2_PLACEMENT_3D ( 'NONE', #3169, #935, #3321 ) ;
#2450 = FACE_OUTER_BOUND ( 'NONE', #540, .T. ) ;
#2451 = AXIS2_PLACEMENT_3D ( 'NONE', #7222, #2406, #3146 ) ;
#2452 = VECTOR ( 'NONE', #7366, 1000.000000000000114 ) ;
#2453 = CARTESIAN_POINT ( 'NONE',  ( 7.620000000000001883, 0.3809999999999988396, 2.120899999999999785 ) ) ;
#2454 = DIRECTION ( 'NONE',  ( 0.000000000000000000, -1.422837496700138942E-15, 1.000000000000000000 ) ) ;
#2455 = CARTESIAN_POINT ( 'NONE',  ( 5.080000000000000959, 0.3809999999999988396, 2.120899999999999785 ) ) ;
#2456 = ORIENTED_EDGE ( 'NONE', *, *, #2969, .F. ) ;
#2457 = DIRECTION ( 'NONE',  ( -1.000000000000000000, -0.000000000000000000, -0.000000000000000000 ) ) ;
#2458 = VERTEX_POINT ( 'NONE', #7247 ) ;
#2459 = AXIS2_PLACEMENT_3D ( 'NONE', #615, #7084, #5919 ) ;
#2460 = EDGE_CURVE ( 'NONE', #6336, #3978, #544, .T. ) ;
#2461 = CARTESIAN_POINT ( 'NONE',  ( 7.620000000000001883, 7.492999999999999439, -2.095500000000001695 ) ) ;
#2462 = PLANE ( 'NONE',  #6061 ) ;
#2463 = ORIENTED_EDGE ( 'NONE', *, *, #2669, .T. ) ;
#2464 = DIRECTION ( 'NONE',  ( 0.000000000000000000, 1.733406087350420004E-16, -1.000000000000000000 ) ) ;
#2465 = DIRECTION ( 'NONE',  ( 1.000000000000000000, 0.000000000000000000, 0.000000000000000000 ) ) ;
#2466 = CARTESIAN_POINT ( 'NONE',  ( 5.080000000000002736, 0.3809999999999999498, -2.501900000000000901 ) ) ;
#2467 = ORIENTED_EDGE ( 'NONE', *, *, #5344, .F. ) ;
#2468 = DIRECTION ( 'NONE',  ( -0.5773502691896270633, 0.5773502691896240657, -0.5773502691896261751 ) ) ;
#2469 = EDGE_CURVE ( 'NONE', #3823, #301, #1925, .T. ) ;
#2470 = EDGE_CURVE ( 'NONE', #1795, #7334, #893, .T. ) ;
#2471 = ORIENTED_EDGE ( 'NONE', *, *, #2979, .T. ) ;
#2472 = VERTEX_POINT ( 'NONE', #2551 ) ;
#2473 = VERTEX_POINT ( 'NONE', #3743 ) ;
#2474 = CARTESIAN_POINT ( 'NONE',  ( 0.4444999999999952323, 7.492999999999999439, -2.095500000000001695 ) ) ;
#2475 = VECTOR ( 'NONE', #2865, 1000.000000000000000 ) ;
#2476 = CARTESIAN_POINT ( 'NONE',  ( -10.15999999999999837, 0.3809999999999999498, -2.501900000000000901 ) ) ;
#2477 = LINE ( 'NONE', #6568, #3908 ) ;
#2478 = LINE ( 'NONE', #6721, #1272 ) ;
#2479 = DIRECTION ( 'NONE',  ( 1.000000000000000000, 0.000000000000000000, 0.000000000000000000 ) ) ;
#2480 = ORIENTED_EDGE ( 'NONE', *, *, #4682, .T. ) ;
#2481 = ORIENTED_EDGE ( 'NONE', *, *, #526, .F. ) ;
#2482 = VECTOR ( 'NONE', #131, 1000.000000000000000 ) ;
#2483 = CARTESIAN_POINT ( 'NONE',  ( -6.731000000000000760, 7.048499999999997101, 1.651000000000001355 ) ) ;
#2484 =( REPRESENTATION_RELATIONSHIP ('NONE','NONE', #132, #2825 ) REPRESENTATION_RELATIONSHIP_WITH_TRANSFORMATION ( #6791 )SHAPE_REPRESENTATION_RELATIONSHIP( ) );
#2485 = CARTESIAN_POINT ( 'NONE',  ( 3.428999999999999826, 6.222999999999998977, 0.8890000000000011227 ) ) ;
#2486 = DIRECTION ( 'NONE',  ( -0.000000000000000000, 1.000000000000000000, 1.733406087350420004E-16 ) ) ;
#2487 = EDGE_CURVE ( 'NONE', #4187, #6154, #2011, .T. ) ;
#2488 = FACE_OUTER_BOUND ( 'NONE', #2085, .T. ) ;
#2489 = ORIENTED_EDGE ( 'NONE', *, *, #102, .T. ) ;
#2490 = ORIENTED_EDGE ( 'NONE', *, *, #4979, .F. ) ;
#2491 = LINE ( 'NONE', #4192, #4835 ) ;
#2492 = FACE_OUTER_BOUND ( 'NONE', #4739, .T. ) ;
#2493 = CARTESIAN_POINT ( 'NONE',  ( -0.8890000000000026770, 7.048499999999997101, 0.8890000000000012337 ) ) ;
#2494 = PLANE ( 'NONE',  #3515 ) ;
#2495 = EDGE_CURVE ( 'NONE', #2731, #4273, #6823, .T. ) ;
#2496 = ORIENTED_EDGE ( 'NONE', *, *, #909, .F. ) ;
#2497 = FACE_OUTER_BOUND ( 'NONE', #1129, .T. ) ;
#2498 = ORIENTED_EDGE ( 'NONE', *, *, #7071, .F. ) ;
#2499 = ORIENTED_EDGE ( 'NONE', *, *, #2617, .T. ) ;
#2500 = DIRECTION ( 'NONE',  ( -0.000000000000000000, 1.000000000000000000, 1.733406087350420004E-16 ) ) ;
#2501 = DIRECTION ( 'NONE',  ( 1.000000000000000000, 0.000000000000000000, 0.000000000000000000 ) ) ;
#2502 = EDGE_CURVE ( 'NONE', #2364, #2862, #7360, .T. ) ;
#2503 = CARTESIAN_POINT ( 'NONE',  ( 9.270999999999997243, 7.048499999999997101, 1.651000000000001355 ) ) ;
#2504 = VECTOR ( 'NONE', #1506, 1000.000000000000000 ) ;
#2505 = DIRECTION ( 'NONE',  ( 1.000000000000000000, 0.000000000000000000, 0.000000000000000000 ) ) ;
#2506 = ORIENTED_EDGE ( 'NONE', *, *, #1428, .T. ) ;
#2507 = FACE_OUTER_BOUND ( 'NONE', #1779, .T. ) ;
#2508 = VERTEX_POINT ( 'NONE', #4917 ) ;
#2509 = ORIENTED_EDGE ( 'NONE', *, *, #3892, .F. ) ;
#2510 = ORIENTED_EDGE ( 'NONE', *, *, #3720, .F. ) ;
#2511 = PLANE ( 'NONE',  #4615 ) ;
#2512 = EDGE_CURVE ( 'NONE', #4503, #2328, #3281, .T. ) ;
#2513 = AXIS2_PLACEMENT_3D ( 'NONE', #4684, #4806, #7176 ) ;
#2514 = ADVANCED_FACE ( 'NONE', ( #7439 ), #6124, .F. ) ;
#2515 = PLANE ( 'NONE',  #1181 ) ;
#2516 = CARTESIAN_POINT ( 'NONE',  ( 8.508999999999998565, 6.222999999999998977, 0.8890000000000011227 ) ) ;
#2517 = CARTESIAN_POINT ( 'NONE',  ( 0.8889999999999991243, 7.048499999999997101, 1.651000000000001355 ) ) ;
#2518 = EDGE_LOOP ( 'NONE', ( #3047, #249, #5267, #2154 ) ) ;
#2519 = ORIENTED_EDGE ( 'NONE', *, *, #3152, .F. ) ;
#2520 = VECTOR ( 'NONE', #3664, 1000.000000000000114 ) ;
#2521 = EDGE_CURVE ( 'NONE', #6538, #3761, #274, .T. ) ;
#2522 = LINE ( 'NONE', #4895, #3901 ) ;
#2523 =( GEOMETRIC_REPRESENTATION_CONTEXT ( 3 ) GLOBAL_UNCERTAINTY_ASSIGNED_CONTEXT ( ( #7438 ) ) GLOBAL_UNIT_ASSIGNED_CONTEXT ( ( #5940, #14, #3715 ) ) REPRESENTATION_CONTEXT ( 'NONE', 'WORKASPACE' ) );
#2524 = DIRECTION ( 'NONE',  ( 0.000000000000000000, 1.733406087350420004E-16, -1.000000000000000000 ) ) ;
#2525 = DIRECTION ( 'NONE',  ( 0.000000000000000000, 1.000000000000000000, -1.138269997360111548E-15 ) ) ;
#2526 = VERTEX_POINT ( 'NONE', #741 ) ;
#2527 = CARTESIAN_POINT ( 'NONE',  ( -3.429000000000002490, 7.048499999999997989, -0.8889999999999986802 ) ) ;
#2528 = ORIENTED_EDGE ( 'NONE', *, *, #1831, .F. ) ;
#2529 = VECTOR ( 'NONE', #3620, 1000.000000000000000 ) ;
#2530 = ORIENTED_EDGE ( 'NONE', *, *, #692, .T. ) ;
#2531 = VECTOR ( 'NONE', #2378, 1000.000000000000000 ) ;
#2532 = LINE ( 'NONE', #5373, #723 ) ;
#2533 = DIRECTION ( 'NONE',  ( 0.000000000000000000, -0.000000000000000000, -1.000000000000000000 ) ) ;
#2534 = FACE_OUTER_BOUND ( 'NONE', #3384, .T. ) ;
#2535 = DIRECTION ( 'NONE',  ( 0.000000000000000000, -1.733406087350420004E-16, 1.000000000000000000 ) ) ;
#2536 = UNCERTAINTY_MEASURE_WITH_UNIT (LENGTH_MEASURE( 1.000000000000000082E-05 ), #783, 'distance_accuracy_value', 'NONE');
#2537 = AXIS2_PLACEMENT_3D ( 'NONE', #3731, #4321, #6196 ) ;
#2538 = AXIS2_PLACEMENT_3D ( 'NONE', #5297, #4828, #579 ) ;
#2539 = ORIENTED_EDGE ( 'NONE', *, *, #3184, .T. ) ;
#2540 = DIRECTION ( 'NONE',  ( 0.000000000000000000, -1.422837496700139533E-15, 1.000000000000000000 ) ) ;
#2541 = VERTEX_POINT ( 'NONE', #6712 ) ;
#2542 = ORIENTED_EDGE ( 'NONE', *, *, #3333, .T. ) ;
#2543 = VECTOR ( 'NONE', #7188, 1000.000000000000000 ) ;
#2544 = VECTOR ( 'NONE', #4492, 1000.000000000000000 ) ;
#2545 = ADVANCED_FACE ( 'NONE', ( #1494 ), #4990, .F. ) ;
#2546 = EDGE_CURVE ( 'NONE', #3353, #4094, #4365, .T. ) ;
#2547 = CARTESIAN_POINT ( 'NONE',  ( -8.509000000000002117, 6.222999999999998977, 1.651000000000001133 ) ) ;
#2548 = DIRECTION ( 'NONE',  ( 0.000000000000000000, -0.9659258262890700886, 0.2588190451025142447 ) ) ;
#2549 = UNCERTAINTY_MEASURE_WITH_UNIT (LENGTH_MEASURE( 1.000000000000000082E-05 ), #1927, 'distance_accuracy_value', 'NONE');
#2550 = VECTOR ( 'NONE', #6374, 1000.000000000000114 ) ;
#2551 = CARTESIAN_POINT ( 'NONE',  ( 10.41399999999999970, 7.492999999999998550, 2.501900000000000901 ) ) ;
#2552 = VECTOR ( 'NONE', #1476, 1000.000000000000000 ) ;
#2553 = DIRECTION ( 'NONE',  ( 0.7071067811865452413, -0.7071067811865499042, -1.225703198915527072E-16 ) ) ;
#2554 = ORIENTED_EDGE ( 'NONE', *, *, #909, .T. ) ;
#2555 = ADVANCED_FACE ( 'NONE', ( #158 ), #782, .F. ) ;
#2556 = VERTEX_POINT ( 'NONE', #3708 ) ;
#2557 = VECTOR ( 'NONE', #6413, 1000.000000000000000 ) ;
#2558 = DIRECTION ( 'NONE',  ( 0.000000000000000000, 0.000000000000000000, -1.000000000000000000 ) ) ;
#2559 = CARTESIAN_POINT ( 'NONE',  ( -10.41399999999999970, 7.492999999999999439, -2.501900000000000901 ) ) ;
#2560 = FACE_OUTER_BOUND ( 'NONE', #3660, .T. ) ;
#2561 = LINE ( 'NONE', #6176, #2769 ) ;
#2562 = FACE_OUTER_BOUND ( 'NONE', #2571, .T. ) ;
#2563 = VECTOR ( 'NONE', #7447, 1000.000000000000000 ) ;
#2564 = ORIENTED_EDGE ( 'NONE', *, *, #6399, .T. ) ;
#2565 = EDGE_CURVE ( 'NONE', #2756, #3885, #5666, .T. ) ;
#2566 = VERTEX_POINT ( 'NONE', #4955 ) ;
#2567 = PLANE ( 'NONE',  #4149 ) ;
#2568 = CARTESIAN_POINT ( 'NONE',  ( -2.539999999999997815, 0.8889999999999989022, -1.984781810244995004 ) ) ;
#2569 = DIRECTION ( 'NONE',  ( 0.000000000000000000, -1.000000000000000000, -2.439149994343092652E-16 ) ) ;
#2570 = DIRECTION ( 'NONE',  ( 0.000000000000000000, -1.000000000000000000, -2.439149994343092652E-16 ) ) ;
#2571 = EDGE_LOOP ( 'NONE', ( #1623, #6460, #3042, #5081 ) ) ;
#2572 = AXIS2_PLACEMENT_3D ( 'NONE', #1277, #6136, #795 ) ;
#2573 = EDGE_CURVE ( 'NONE', #3103, #7279, #5627, .T. ) ;
#2574 = VERTEX_POINT ( 'NONE', #1459 ) ;
#2575 = FACE_BOUND ( 'NONE', #4281, .T. ) ;
#2576 = CARTESIAN_POINT ( 'NONE',  ( -5.969000000000002082, 6.222999999999998977, 1.651000000000001133 ) ) ;
#2577 = DIRECTION ( 'NONE',  ( 0.000000000000000000, 0.000000000000000000, 1.000000000000000000 ) ) ;
#2578 = DIRECTION ( 'NONE',  ( 0.000000000000000000, 1.000000000000000000, 0.000000000000000000 ) ) ;
#2579 = VECTOR ( 'NONE', #6130, 1000.000000000000000 ) ;
#2580 = ORIENTED_EDGE ( 'NONE', *, *, #6324, .F. ) ;
#2581 = LINE ( 'NONE', #2657, #2012 ) ;
#2582 = ORIENTED_EDGE ( 'NONE', *, *, #2371, .T. ) ;
#2583 = AXIS2_PLACEMENT_3D ( 'NONE', #5107, #2308, #7555 ) ;
#2584 = CARTESIAN_POINT ( 'NONE',  ( -6.731000000000000760, 6.222999999999998977, -1.650999999999998913 ) ) ;
#2585 = CARTESIAN_POINT ( 'NONE',  ( 0.8889999999999991243, 6.222999999999998977, -0.8889999999999987912 ) ) ;
#2586 = CARTESIAN_POINT ( 'NONE',  ( 7.620000000000001883, 0.3809999999999988396, 2.120899999999999785 ) ) ;
#2587 = EDGE_CURVE ( 'NONE', #2803, #1735, #6747, .T. ) ;
#2588 = ADVANCED_FACE ( 'NONE', ( #6166 ), #821, .F. ) ;
#2589 = PRODUCT_DEFINITION_SHAPE ( 'NONE', 'NONE',  #7695 ) ;
#2590 = PLANE ( 'NONE',  #2449 ) ;
#2591 = VERTEX_POINT ( 'NONE', #2663 ) ;
#2592 = EDGE_LOOP ( 'NONE', ( #7241, #3486, #984, #4523 ) ) ;
#2593 = VERTEX_POINT ( 'NONE', #856 ) ;
#2594 = CARTESIAN_POINT ( 'NONE',  ( -9.271000000000000796, 6.222999999999998977, 1.651000000000001133 ) ) ;
#2595 = AXIS2_PLACEMENT_3D ( 'NONE', #5551, #3166, #5506 ) ;
#2596 = DIRECTION ( 'NONE',  ( -1.000000000000000000, 0.000000000000000000, 0.000000000000000000 ) ) ;
#2597 = LINE ( 'NONE', #6175, #1442 ) ;
#2598 = CARTESIAN_POINT ( 'NONE',  ( 5.968999999999998529, 6.222999999999998977, 1.651000000000001133 ) ) ;
#2599 = EDGE_CURVE ( 'NONE', #4392, #2603, #7401, .T. ) ;
#2600 = DIRECTION ( 'NONE',  ( 0.000000000000000000, 1.733406087350420004E-16, -1.000000000000000000 ) ) ;
#2601 = FACE_BOUND ( 'NONE', #5613, .T. ) ;
#2602 = ORIENTED_EDGE ( 'NONE', *, *, #6655, .T. ) ;
#2603 = VERTEX_POINT ( 'NONE', #5070 ) ;
#2604 = VECTOR ( 'NONE', #494, 1000.000000000000000 ) ;
#2605 = DIRECTION ( 'NONE',  ( 0.000000000000000000, 1.224646799147353700E-16, 1.000000000000000000 ) ) ;
#2606 = LINE ( 'NONE', #1993, #5573 ) ;
#2607 = EDGE_CURVE ( 'NONE', #7587, #2021, #2916, .T. ) ;
#2608 = LINE ( 'NONE', #7341, #2838 ) ;
#2609 = VECTOR ( 'NONE', #713, 1000.000000000000000 ) ;
#2610 = ORIENTED_EDGE ( 'NONE', *, *, #1964, .T. ) ;
#2611 = ORIENTED_EDGE ( 'NONE', *, *, #4913, .T. ) ;
#2612 = DIRECTION ( 'NONE',  ( 0.000000000000000000, -1.000000000000000000, -1.733406087350420004E-16 ) ) ;
#2613 = CARTESIAN_POINT ( 'NONE',  ( -10.15999999999999837, 0.8889999999999985691, 1.984781810244993228 ) ) ;
#2614 = DIRECTION ( 'NONE',  ( -1.000000000000000000, 0.000000000000000000, 0.000000000000000000 ) ) ;
#2615 = LINE ( 'NONE', #2106, #1316 ) ;
#2616 = ORIENTED_EDGE ( 'NONE', *, *, #6222, .F. ) ;
#2617 = EDGE_CURVE ( 'NONE', #5900, #6154, #2291, .T. ) ;
#2618 = EDGE_CURVE ( 'NONE', #1314, #5868, #6543, .T. ) ;
#2619 = ORIENTED_EDGE ( 'NONE', *, *, #3566, .F. ) ;
#2620 = LINE ( 'NONE', #4473, #3985 ) ;
#2621 = ORIENTED_EDGE ( 'NONE', *, *, #1711, .T. ) ;
#2622 = DIRECTION ( 'NONE',  ( 0.000000000000000000, 0.000000000000000000, 1.000000000000000000 ) ) ;
#2623 = VERTEX_POINT ( 'NONE', #1197 ) ;
#2624 = CARTESIAN_POINT ( 'NONE',  ( -2.539999999999998703, 0.8889999999999985691, 1.984781810244993228 ) ) ;
#2625 = UNCERTAINTY_MEASURE_WITH_UNIT (LENGTH_MEASURE( 1.000000000000000082E-05 ), #239, 'distance_accuracy_value', 'NONE');
#2626 = CARTESIAN_POINT ( 'NONE',  ( -10.41399999999999970, 0.3809999999999992837, 2.501899999999999125 ) ) ;
#2627 = APPLICATION_PROTOCOL_DEFINITION ( 'draft international standard', 'automotive_design', 1998, #338 ) ;
#2628 = ORIENTED_EDGE ( 'NONE', *, *, #3205, .F. ) ;
#2629 = ORIENTED_EDGE ( 'NONE', *, *, #5218, .T. ) ;
#2630 = ORIENTED_EDGE ( 'NONE', *, *, #1456, .F. ) ;
#2631 = CARTESIAN_POINT ( 'NONE',  ( -0.3047999999999999599, 1.555301434917134821E-17, -3.302000000000000046 ) ) ;
#2632 = EDGE_CURVE ( 'NONE', #7141, #7034, #3535, .T. ) ;
#2633 = CARTESIAN_POINT ( 'NONE',  ( 8.508999999999998565, 7.048499999999997101, 0.8890000000000012337 ) ) ;
#2634 = CARTESIAN_POINT ( 'NONE',  ( 7.620000000000001883, 7.492999999999999439, -2.501900000000000901 ) ) ;
#2635 = FACE_OUTER_BOUND ( 'NONE', #4557, .T. ) ;
#2636 = LINE ( 'NONE', #2124, #7636 ) ;
#2637 = CARTESIAN_POINT ( 'NONE',  ( -2.539999999999997815, 0.3809999999999999498, -2.501900000000000901 ) ) ;
#2638 = ORIENTED_EDGE ( 'NONE', *, *, #7142, .F. ) ;
#2639 =( REPRESENTATION_RELATIONSHIP ('NONE','NONE', #132, #2825 ) REPRESENTATION_RELATIONSHIP_WITH_TRANSFORMATION ( #857 )SHAPE_REPRESENTATION_RELATIONSHIP( ) );
#2640 = VECTOR ( 'NONE', #7280, 1000.000000000000000 ) ;
#2641 = ORIENTED_EDGE ( 'NONE', *, *, #2257, .F. ) ;
#2642 = EDGE_CURVE ( 'NONE', #3430, #3353, #1112, .T. ) ;
#2643 = EDGE_CURVE ( 'NONE', #2819, #6497, #1075, .T. ) ;
#2644 = VECTOR ( 'NONE', #1463, 1000.000000000000000 ) ;
#2645 =( NAMED_UNIT ( * ) SI_UNIT ( $, .STERADIAN. ) SOLID_ANGLE_UNIT ( ) );
#2646 = CARTESIAN_POINT ( 'NONE',  ( 2.984499999999995712, 7.492999999999998550, 0.4444999999999979523 ) ) ;
#2647 = DIRECTION ( 'NONE',  ( 0.000000000000000000, -1.000000000000000000, -1.733406087350420004E-16 ) ) ;
#2648 = DIRECTION ( 'NONE',  ( 1.000000000000000000, 0.000000000000000000, 0.000000000000000000 ) ) ;
#2649 = EDGE_LOOP ( 'NONE', ( #3370, #1519, #1222, #4681 ) ) ;
#2650 = ORIENTED_EDGE ( 'NONE', *, *, #102, .F. ) ;
#2651 = DIRECTION ( 'NONE',  ( 0.000000000000000000, -1.733406087350420251E-16, 1.000000000000000000 ) ) ;
#2652 = EDGE_CURVE ( 'NONE', #2993, #869, #3491, .T. ) ;
#2653 = DIRECTION ( 'NONE',  ( -0.000000000000000000, 1.000000000000000000, -0.000000000000000000 ) ) ;
#2654 = DIRECTION ( 'NONE',  ( 0.000000000000000000, -1.138269997360111548E-15, -1.000000000000000000 ) ) ;
#2655 = CARTESIAN_POINT ( 'NONE',  ( 6.730999999999997208, 7.048499999999997989, -0.8889999999999986802 ) ) ;
#2656 = AXIS2_PLACEMENT_3D ( 'NONE', #2123, #977, #6904 ) ;
#2657 = CARTESIAN_POINT ( 'NONE',  ( 9.270999999999997243, 6.222999999999998977, 1.651000000000001133 ) ) ;
#2658 = VERTEX_POINT ( 'NONE', #3421 ) ;
#2659 = VERTEX_POINT ( 'NONE', #1717 ) ;
#2660 = PLANE ( 'NONE',  #5233 ) ;
#2661 = EDGE_CURVE ( 'NONE', #1291, #1884, #2955, .T. ) ;
#2662 = CARTESIAN_POINT ( 'NONE',  ( -2.539999999999997815, 0.3809999999999993947, -2.120900000000001562 ) ) ;
#2663 = CARTESIAN_POINT ( 'NONE',  ( 5.968999999999998529, 7.048499999999997989, -1.650999999999998691 ) ) ;
#2664 = CONTEXT_DEPENDENT_SHAPE_REPRESENTATION ( #5679, #2151 ) ;
#2665 = FACE_OUTER_BOUND ( 'NONE', #677, .T. ) ;
#2666 = VECTOR ( 'NONE', #2805, 1000.000000000000000 ) ;
#2667 = ORIENTED_EDGE ( 'NONE', *, *, #2023, .F. ) ;
#2668 = ORIENTED_EDGE ( 'NONE', *, *, #4417, .F. ) ;
#2669 = EDGE_CURVE ( 'NONE', #2526, #2591, #5332, .T. ) ;
#2670 = PLANE ( 'NONE',  #4736 ) ;
#2671 = CARTESIAN_POINT ( 'NONE',  ( 1.734723475976807094E-15, 0.3809999999999999498, -2.501900000000000901 ) ) ;
#2672 = CARTESIAN_POINT ( 'NONE',  ( 8.508999999999998565, 7.048499999999997101, 1.651000000000001355 ) ) ;
#2673 = LINE ( 'NONE', #5636, #3663 ) ;
#2674 = LINE ( 'NONE', #1545, #3246 ) ;
#2675 = FACE_BOUND ( 'NONE', #1843, .T. ) ;
#2676 = ORIENTED_EDGE ( 'NONE', *, *, #2031, .T. ) ;
#2677 = COLOUR_RGB ( '',0.2509803921568627416, 0.2509803921568627416, 0.2509803921568627416 ) ;
#2678 = VERTEX_POINT ( 'NONE', #5287 ) ;
#2679 = AXIS2_PLACEMENT_3D ( 'NONE', #6006, #1343, #743 ) ;
#2680 = AXIS2_PLACEMENT_3D ( 'NONE', #1985, #3290, #1467 ) ;
#2681 = CARTESIAN_POINT ( 'NONE',  ( -0.8890000000000026770, 7.048499999999997989, -0.8889999999999986802 ) ) ;
#2682 = CARTESIAN_POINT ( 'NONE',  ( -10.41399999999999970, 0.3809999999999988396, 2.120899999999999785 ) ) ;
#2683 = CARTESIAN_POINT ( 'NONE',  ( 10.16000000000000192, 0.3809999999999999498, -2.501900000000000901 ) ) ;
#2684 = EDGE_CURVE ( 'NONE', #4283, #5607, #4481, .T. ) ;
#2685 = VERTEX_POINT ( 'NONE', #1632 ) ;
#2686 = VERTEX_POINT ( 'NONE', #565 ) ;
#2687 = LINE ( 'NONE', #4018, #5600 ) ;
#2688 = VECTOR ( 'NONE', #2691, 1000.000000000000000 ) ;
#2689 = LINE ( 'NONE', #1669, #7616 ) ;
#2690 = DIRECTION ( 'NONE',  ( 1.000000000000000000, 0.000000000000000000, 0.000000000000000000 ) ) ;
#2691 = DIRECTION ( 'NONE',  ( 0.000000000000000000, -1.000000000000000000, -2.439149994343092652E-16 ) ) ;
#2692 = ORIENTED_EDGE ( 'NONE', *, *, #5274, .T. ) ;
#2693 = AXIS2_PLACEMENT_3D ( 'NONE', #4753, #1175, #4837 ) ;
#2694 = EDGE_CURVE ( 'NONE', #3701, #5125, #2334, .T. ) ;
#2695 = FACE_OUTER_BOUND ( 'NONE', #3693, .T. ) ;
#2696 = ORIENTED_EDGE ( 'NONE', *, *, #5033, .T. ) ;
#2697 = CARTESIAN_POINT ( 'NONE',  ( -9.271000000000000796, 6.222999999999998977, 0.8890000000000011227 ) ) ;
#2698 = FACE_OUTER_BOUND ( 'NONE', #3531, .T. ) ;
#2699 = DIRECTION ( 'NONE',  ( 0.000000000000000000, 1.733406087350420004E-16, -1.000000000000000000 ) ) ;
#2700 = DIRECTION ( 'NONE',  ( -1.000000000000000000, -0.000000000000000000, -0.000000000000000000 ) ) ;
#2701 = EDGE_CURVE ( 'NONE', #4127, #517, #1035, .T. ) ;
#2702 = VECTOR ( 'NONE', #3767, 1000.000000000000000 ) ;
#2703 = CARTESIAN_POINT ( 'NONE',  ( 8.508999999999998565, 6.222999999999998977, -0.8889999999999987912 ) ) ;
#2704 = ORIENTED_EDGE ( 'NONE', *, *, #5097, .F. ) ;
#2705 = ORIENTED_EDGE ( 'NONE', *, *, #7426, .T. ) ;
#2706 =( NAMED_UNIT ( * ) SI_UNIT ( $, .STERADIAN. ) SOLID_ANGLE_UNIT ( ) );
#2707 = DIRECTION ( 'NONE',  ( 0.000000000000000000, -1.000000000000000000, -2.439149994343092652E-16 ) ) ;
#2708 = VECTOR ( 'NONE', #4008, 1000.000000000000000 ) ;
#2709 = PLANE ( 'NONE',  #5552 ) ;
#2710 = FACE_OUTER_BOUND ( 'NONE', #4446, .T. ) ;
#2711 = EDGE_CURVE ( 'NONE', #4860, #3617, #1154, .T. ) ;
#2712 = CARTESIAN_POINT ( 'NONE',  ( 5.968999999999998529, 6.222999999999998977, 1.651000000000001133 ) ) ;
#2713 = LINE ( 'NONE', #982, #4547 ) ;
#2714 = EDGE_LOOP ( 'NONE', ( #5419, #4083, #6967, #2003 ) ) ;
#2715 = PRODUCT_DEFINITION_SHAPE ( 'NONE', 'NONE',  #6255 ) ;
#2716 = EDGE_LOOP ( 'NONE', ( #2721, #2510, #3776, #5290 ) ) ;
#2717 = DIRECTION ( 'NONE',  ( 0.5773502691896270633, 0.5773502691896240657, -0.5773502691896261751 ) ) ;
#2718 = DIRECTION ( 'NONE',  ( 0.000000000000000000, 0.9659258262890699775, 0.2588190451025143002 ) ) ;
#2719 = CARTESIAN_POINT ( 'NONE',  ( -0.1777999999999999858, 0.2539999999999996150, 3.302000000000000046 ) ) ;
#2720 = DIRECTION ( 'NONE',  ( 1.000000000000000000, -0.000000000000000000, -0.000000000000000000 ) ) ;
#2721 = ORIENTED_EDGE ( 'NONE', *, *, #3728, .T. ) ;
#2722 = ORIENTED_EDGE ( 'NONE', *, *, #4325, .F. ) ;
#2723 = ADVANCED_FACE ( 'NONE', ( #6465 ), #2844, .F. ) ;
#2724 = FACE_OUTER_BOUND ( 'NONE', #1, .T. ) ;
#2725 = DIRECTION ( 'NONE',  ( 1.000000000000000000, 0.000000000000000000, 0.000000000000000000 ) ) ;
#2726 = DIRECTION ( 'NONE',  ( 0.000000000000000000, 1.138269997360111548E-15, 1.000000000000000000 ) ) ;
#2727 = ORIENTED_EDGE ( 'NONE', *, *, #6092, .F. ) ;
#2728 = VECTOR ( 'NONE', #808, 1000.000000000000000 ) ;
#2729 = ORIENTED_EDGE ( 'NONE', *, *, #7640, .F. ) ;
#2730 = CARTESIAN_POINT ( 'NONE',  ( 1.734723475976807094E-15, 7.492999999999999439, -2.501900000000000901 ) ) ;
#2731 = VERTEX_POINT ( 'NONE', #2369 ) ;
#2732 = CARTESIAN_POINT ( 'NONE',  ( -7.619999999999998330, 0.3809999999999988396, 2.120899999999999785 ) ) ;
#2733 = EDGE_CURVE ( 'NONE', #4207, #896, #455, .T. ) ;
#2734 = LINE ( 'NONE', #3388, #3335 ) ;
#2735 = LINE ( 'NONE', #3642, #401 ) ;
#2736 = CARTESIAN_POINT ( 'NONE',  ( -7.619999999999998330, 0.8889999999999985691, 1.984781810244993228 ) ) ;
#2737 = VERTEX_POINT ( 'NONE', #3994 ) ;
#2738 = VERTEX_POINT ( 'NONE', #2991 ) ;
#2739 = CARTESIAN_POINT ( 'NONE',  ( -10.41399999999999970, 0.3809999999999992837, 2.501899999999999125 ) ) ;
#2740 = ADVANCED_FACE ( 'NONE', ( #1673 ), #4734, .F. ) ;
#2741 = CARTESIAN_POINT ( 'NONE',  ( -5.524499999999997968, 7.492999999999999439, -2.095500000000001695 ) ) ;
#2742 = CARTESIAN_POINT ( 'NONE',  ( 10.41399999999999970, 0.3809999999999988396, 2.120899999999999785 ) ) ;
#2743 = VECTOR ( 'NONE', #388, 1000.000000000000000 ) ;
#2744 = DIRECTION ( 'NONE',  ( -0.000000000000000000, 1.000000000000000000, 1.733406087350420004E-16 ) ) ;
#2745 = FACE_OUTER_BOUND ( 'NONE', #3588, .T. ) ;
#2746 = DIRECTION ( 'NONE',  ( -1.000000000000000000, 0.000000000000000000, 0.000000000000000000 ) ) ;
#2747 = VERTEX_POINT ( 'NONE', #1792 ) ;
#2748 = ORIENTED_EDGE ( 'NONE', *, *, #1964, .F. ) ;
#2749 = AXIS2_PLACEMENT_3D ( 'NONE', #4519, #5850, #464 ) ;
#2750 = EDGE_CURVE ( 'NONE', #582, #6516, #609, .T. ) ;
#2751 = EDGE_CURVE ( 'NONE', #6504, #6538, #101, .T. ) ;
#2752 = CARTESIAN_POINT ( 'NONE',  ( 2.540000000000002256, 0.3809999999999999498, -2.501900000000000901 ) ) ;
#2753 = LINE ( 'NONE', #4973, #6772 ) ;
#2754 = CARTESIAN_POINT ( 'NONE',  ( 1.734723475976807094E-15, 0.3809999999999993947, -2.120900000000001562 ) ) ;
#2755 = LINE ( 'NONE', #5122, #6065 ) ;
#2756 = VERTEX_POINT ( 'NONE', #2443 ) ;
#2757 = VERTEX_POINT ( 'NONE', #6577 ) ;
#2758 = AXIS2_PLACEMENT_3D ( 'NONE', #4524, #6294, #430 ) ;
#2759 = ADVANCED_FACE ( 'NONE', ( #181 ), #5577, .F. ) ;
#2760 = AXIS2_PLACEMENT_3D ( 'NONE', #1083, #4038, #3464 ) ;
#2761 = CARTESIAN_POINT ( 'NONE',  ( 0.8889999999999991243, 6.222999999999998977, 0.8890000000000011227 ) ) ;
#2762 = PLANE ( 'NONE',  #4515 ) ;
#2763 = CARTESIAN_POINT ( 'NONE',  ( 10.15999999999999837, 0.8889999999999989022, -1.984781810244995004 ) ) ;
#2764 = ORIENTED_EDGE ( 'NONE', *, *, #6082, .T. ) ;
#2765 = DIRECTION ( 'NONE',  ( 0.5773502691896272854, -0.5773502691896241767, -0.5773502691896257311 ) ) ;
#2766 = ORIENTED_EDGE ( 'NONE', *, *, #6072, .F. ) ;
#2767 = CARTESIAN_POINT ( 'NONE',  ( -10.15999999999999837, 7.492999999999999439, -2.501900000000000901 ) ) ;
#2768 = DIRECTION ( 'NONE',  ( 0.000000000000000000, -1.733406087350420004E-16, 1.000000000000000000 ) ) ;
#2769 = VECTOR ( 'NONE', #831, 1000.000000000000000 ) ;
#2770 = CARTESIAN_POINT ( 'NONE',  ( 7.620000000000001883, 7.492999999999998550, 2.095500000000003915 ) ) ;
#2771 = PRODUCT_DEFINITION_CONTEXT ( 'detailed design', #5256, 'design' ) ;
#2772 =( GEOMETRIC_REPRESENTATION_CONTEXT ( 3 ) GLOBAL_UNCERTAINTY_ASSIGNED_CONTEXT ( ( #272 ) ) GLOBAL_UNIT_ASSIGNED_CONTEXT ( ( #7102, #2432, #6532 ) ) REPRESENTATION_CONTEXT ( 'NONE', 'WORKASPACE' ) );
#2773 = CONTEXT_DEPENDENT_SHAPE_REPRESENTATION ( #6361, #3336 ) ;
#2774 = ADVANCED_FACE ( 'NONE', ( #2488 ), #4349, .F. ) ;
#2775 = EDGE_CURVE ( 'NONE', #5716, #6538, #5410, .T. ) ;
#2776 = EDGE_LOOP ( 'NONE', ( #3727, #5758, #2391, #2155 ) ) ;
#2777 = AXIS2_PLACEMENT_3D ( 'NONE', #3584, #7583, #7048 ) ;
#2778 = VERTEX_POINT ( 'NONE', #7187 ) ;
#2779 =( NAMED_UNIT ( * ) PLANE_ANGLE_UNIT ( ) SI_UNIT ( $, .RADIAN. ) );
#2780 = LINE ( 'NONE', #975, #1975 ) ;
#2781 = DIRECTION ( 'NONE',  ( 0.000000000000000000, -1.733406087350420004E-16, 1.000000000000000000 ) ) ;
#2782 = VECTOR ( 'NONE', #2180, 1000.000000000000000 ) ;
#2783 = DIRECTION ( 'NONE',  ( -1.000000000000000000, 0.000000000000000000, -0.000000000000000000 ) ) ;
#2784 = CARTESIAN_POINT ( 'NONE',  ( -10.15999999999999837, 0.3809999999999993947, -2.120900000000001562 ) ) ;
#2785 = DIRECTION ( 'NONE',  ( 0.000000000000000000, -0.9659258262890699775, -0.2588190451025143002 ) ) ;
#2786 = EDGE_LOOP ( 'NONE', ( #2910, #1581, #5856, #4674 ) ) ;
#2787 = DIRECTION ( 'NONE',  ( 0.000000000000000000, -1.000000000000000000, -1.733406087350420004E-16 ) ) ;
#2788 = EDGE_CURVE ( 'NONE', #2936, #6860, #6104, .T. ) ;
#2789 = ORIENTED_EDGE ( 'NONE', *, *, #4338, .T. ) ;
#2790 = VERTEX_POINT ( 'NONE', #6697 ) ;
#2791 = VECTOR ( 'NONE', #840, 1000.000000000000114 ) ;
#2792 = FILL_AREA_STYLE ('',( #1660 ) ) ;
#2793 = DIRECTION ( 'NONE',  ( 0.000000000000000000, -0.9659258262890699775, -0.2588190451025143002 ) ) ;
#2794 = CARTESIAN_POINT ( 'NONE',  ( -5.079999999999997407, 0.3809999999999988396, 2.120899999999999785 ) ) ;
#2795 = CARTESIAN_POINT ( 'NONE',  ( 10.16000000000000192, 0.3809999999999993947, -2.120900000000001562 ) ) ;
#2796 = PRESENTATION_LAYER_ASSIGNMENT (  '', '', ( #1804 ) ) ;
#2797 = EDGE_CURVE ( 'NONE', #5157, #6069, #4819, .T. ) ;
#2798 = EDGE_LOOP ( 'NONE', ( #721, #3262, #7441, #6891 ) ) ;
#2799 = ORIENTED_EDGE ( 'NONE', *, *, #2871, .T. ) ;
#2800 = CARTESIAN_POINT ( 'NONE',  ( -10.41399999999999970, 0.8889999999999985691, 1.984781810244993228 ) ) ;
#2801 = DIRECTION ( 'NONE',  ( 0.000000000000000000, 0.000000000000000000, 1.000000000000000000 ) ) ;
#2802 = CARTESIAN_POINT ( 'NONE',  ( -7.619999999999998330, 0.3809999999999988396, 2.120899999999999785 ) ) ;
#2803 = VERTEX_POINT ( 'NONE', #685 ) ;
#2804 = EDGE_CURVE ( 'NONE', #3560, #2936, #1237, .T. ) ;
#2805 = DIRECTION ( 'NONE',  ( -0.000000000000000000, 1.000000000000000000, 1.733406087350420004E-16 ) ) ;
#2806 = ORIENTED_EDGE ( 'NONE', *, *, #6608, .F. ) ;
#2807 = PLANE ( 'NONE',  #3992 ) ;
#2808 = DIRECTION ( 'NONE',  ( 0.000000000000000000, -1.000000000000000000, 0.000000000000000000 ) ) ;
#2809 = PLANE ( 'NONE',  #6996 ) ;
#2810 = AXIS2_PLACEMENT_3D ( 'NONE', #1152, #1753, #7652 ) ;
#2811 = DIRECTION ( 'NONE',  ( 0.000000000000000000, 1.422837496700139336E-15, -1.000000000000000000 ) ) ;
#2812 = VECTOR ( 'NONE', #5240, 1000.000000000000000 ) ;
#2813 = ORIENTED_EDGE ( 'NONE', *, *, #800, .T. ) ;
#2814 = AXIS2_PLACEMENT_3D ( 'NONE', #5001, #3797, #5676 ) ;
#2815 = EDGE_LOOP ( 'NONE', ( #6852, #4410, #3197, #6265 ) ) ;
#2816 = PLANE ( 'NONE',  #2583 ) ;
#2817 = ADVANCED_FACE ( 'NONE', ( #6068 ), #3030, .T. ) ;
#2818 = EDGE_CURVE ( 'NONE', #5192, #183, #6612, .T. ) ;
#2819 = VERTEX_POINT ( 'NONE', #1276 ) ;
#2820 = PLANE ( 'NONE',  #7528 ) ;
#2821 = CARTESIAN_POINT ( 'NONE',  ( 3.428999999999999826, 6.222999999999998977, -0.8889999999999987912 ) ) ;
#2822 = DIRECTION ( 'NONE',  ( 0.000000000000000000, 1.733406087350420004E-16, -1.000000000000000000 ) ) ;
#2823 = DIRECTION ( 'NONE',  ( -1.000000000000000000, 0.000000000000000000, -0.000000000000000000 ) ) ;
#2824 = ORIENTED_EDGE ( 'NONE', *, *, #425, .F. ) ;
#2825 = SHAPE_REPRESENTATION ( 'Pin - Tin', ( #7126 ), #2153 ) ;
#2826 = ORIENTED_EDGE ( 'NONE', *, *, #2008, .F. ) ;
#2827 = ORIENTED_EDGE ( 'NONE', *, *, #268, .T. ) ;
#2828 = CARTESIAN_POINT ( 'NONE',  ( -5.079999999999998295, 0.8889999999999989022, -1.984781810244995004 ) ) ;
#2829 = VECTOR ( 'NONE', #3395, 1000.000000000000000 ) ;
#2830 = EDGE_CURVE ( 'NONE', #1895, #5182, #140, .T. ) ;
#2831 = LINE ( 'NONE', #7531, #1169 ) ;
#2832 = CARTESIAN_POINT ( 'NONE',  ( 1.734723475976807094E-15, 0.3809999999999993947, -2.120900000000001562 ) ) ;
#2833 = DIRECTION ( 'NONE',  ( 0.5773502691896270633, 0.5773502691896240657, -0.5773502691896261751 ) ) ;
#2834 = CARTESIAN_POINT ( 'NONE',  ( 0.3047999999999999599, 1.275347176632053740E-16, -2.387599999999999945 ) ) ;
#2835 = VECTOR ( 'NONE', #2416, 1000.000000000000000 ) ;
#2836 = VERTEX_POINT ( 'NONE', #6027 ) ;
#2837 = ORIENTED_EDGE ( 'NONE', *, *, #6150, .F. ) ;
#2838 = VECTOR ( 'NONE', #2029, 1000.000000000000000 ) ;
#2839 = ADVANCED_FACE ( 'NONE', ( #3072 ), #1830, .F. ) ;
#2840 = LINE ( 'NONE', #5203, #1161 ) ;
#2841 = DIRECTION ( 'NONE',  ( 0.000000000000000000, 1.422837496700139336E-15, -1.000000000000000000 ) ) ;
#2842 = DIRECTION ( 'NONE',  ( 0.000000000000000000, -1.733406087350420004E-16, 1.000000000000000000 ) ) ;
#2843 = ORIENTED_EDGE ( 'NONE', *, *, #772, .F. ) ;
#2844 = PLANE ( 'NONE',  #6183 ) ;
#2845 = EDGE_LOOP ( 'NONE', ( #5345, #2837, #7626, #4122 ) ) ;
#2846 = LINE ( 'NONE', #6930, #2782 ) ;
#2847 = ORIENTED_EDGE ( 'NONE', *, *, #1598, .F. ) ;
#2848 = PLANE ( 'NONE',  #6863 ) ;
#2849 = EDGE_CURVE ( 'NONE', #522, #2353, #3613, .T. ) ;
#2850 = PLANE ( 'NONE',  #3203 ) ;
#2851 = EDGE_CURVE ( 'NONE', #4230, #6743, #4270, .T. ) ;
#2852 = FACE_OUTER_BOUND ( 'NONE', #1334, .T. ) ;
#2853 = CARTESIAN_POINT ( 'NONE',  ( -10.41399999999999970, 7.492999999999999439, -2.501900000000000901 ) ) ;
#2854 = ORIENTED_EDGE ( 'NONE', *, *, #5930, .T. ) ;
#2855 = VERTEX_POINT ( 'NONE', #3726 ) ;
#2856 = DIRECTION ( 'NONE',  ( -0.000000000000000000, 1.000000000000000000, 1.733406087350420004E-16 ) ) ;
#2857 = EDGE_LOOP ( 'NONE', ( #4599, #1231, #3798, #4350 ) ) ;
#2858 = FACE_OUTER_BOUND ( 'NONE', #7070, .T. ) ;
#2859 =( NAMED_UNIT ( * ) PLANE_ANGLE_UNIT ( ) SI_UNIT ( $, .RADIAN. ) );
#2860 = CARTESIAN_POINT ( 'NONE',  ( 1.734723475976807094E-15, 0.8889999999999989022, -1.984781810244995004 ) ) ;
#2861 = CARTESIAN_POINT ( 'NONE',  ( 0.8889999999999991243, 6.222999999999998977, -0.8889999999999987912 ) ) ;
#2862 = VERTEX_POINT ( 'NONE', #2527 ) ;
#2863 = ADVANCED_FACE ( 'NONE', ( #6730, #7267, #1398 ), #7150, .F. ) ;
#2864 = VERTEX_POINT ( 'NONE', #6342 ) ;
#2865 = DIRECTION ( 'NONE',  ( 0.000000000000000000, -1.733406087350420251E-16, 1.000000000000000000 ) ) ;
#2866 = LINE ( 'NONE', #5791, #797 ) ;
#2867 = FACE_OUTER_BOUND ( 'NONE', #3435, .T. ) ;
#2868 = CARTESIAN_POINT ( 'NONE',  ( 3.428999999999999826, 6.222999999999998977, 0.8890000000000011227 ) ) ;
#2869 = ORIENTED_EDGE ( 'NONE', *, *, #673, .T. ) ;
#2870 = ADVANCED_FACE ( 'NONE', ( #6190 ), #5012, .F. ) ;
#2871 = EDGE_CURVE ( 'NONE', #4569, #582, #3874, .T. ) ;
#2872 = ORIENTED_EDGE ( 'NONE', *, *, #3138, .T. ) ;
#2873 = PLANE ( 'NONE',  #910 ) ;
#2874 = PLANE ( 'NONE',  #1666 ) ;
#2875 = LINE ( 'NONE', #2763, #681 ) ;
#2876 = VERTEX_POINT ( 'NONE', #6306 ) ;
#2877 = CARTESIAN_POINT ( 'NONE',  ( -8.509000000000002117, 6.222999999999998977, -1.650999999999998913 ) ) ;
#2878 = ORIENTED_EDGE ( 'NONE', *, *, #6, .T. ) ;
#2879 = CARTESIAN_POINT ( 'NONE',  ( 6.730999999999997208, 7.048499999999997101, 0.8890000000000012337 ) ) ;
#2880 = ORIENTED_EDGE ( 'NONE', *, *, #2396, .F. ) ;
#2881 = EDGE_CURVE ( 'NONE', #3305, #2855, #2100, .T. ) ;
#2882 = DIRECTION ( 'NONE',  ( 0.000000000000000000, 1.422837496700139336E-15, -1.000000000000000000 ) ) ;
#2883 = VECTOR ( 'NONE', #862, 1000.000000000000114 ) ;
#2884 = CARTESIAN_POINT ( 'NONE',  ( 5.080000000000000071, 6.222999999999998977, -2.201425730935033664E-16 ) ) ;
#2885 = PLANE ( 'NONE',  #4385 ) ;
#2886 = FACE_OUTER_BOUND ( 'NONE', #838, .T. ) ;
#2887 = ORIENTED_EDGE ( 'NONE', *, *, #3841, .T. ) ;
#2888 = EDGE_CURVE ( 'NONE', #3351, #3183, #6271, .T. ) ;
#2889 = ORIENTED_EDGE ( 'NONE', *, *, #1950, .F. ) ;
#2890 = ORIENTED_EDGE ( 'NONE', *, *, #3233, .F. ) ;
#2891 = COLOUR_RGB ( '',0.2509803921568627416, 0.2509803921568627416, 0.2509803921568627416 ) ;
#2892 = CARTESIAN_POINT ( 'NONE',  ( -4.191000000000000725, 6.222999999999998977, -1.650999999999998913 ) ) ;
#2893 = ORIENTED_EDGE ( 'NONE', *, *, #3130, .F. ) ;
#2894 = CARTESIAN_POINT ( 'NONE',  ( 0.3047999999999999599, 0.8890000000000000124, 1.714499999999999913 ) ) ;
#2895 =( LENGTH_UNIT ( ) NAMED_UNIT ( * ) SI_UNIT ( .MILLI., .METRE. ) );
#2896 = CARTESIAN_POINT ( 'NONE',  ( -2.539999999999998703, 7.492999999999998550, 2.501900000000000901 ) ) ;
#2897 = DIRECTION ( 'NONE',  ( -1.000000000000000000, 0.000000000000000000, -0.000000000000000000 ) ) ;
#2898 = ADVANCED_FACE ( 'NONE', ( #6228 ), #3302, .F. ) ;
#2899 = VERTEX_POINT ( 'NONE', #1588 ) ;
#2900 = ORIENTED_EDGE ( 'NONE', *, *, #47, .F. ) ;
#2901 = ORIENTED_EDGE ( 'NONE', *, *, #2669, .F. ) ;
#2902 = DIRECTION ( 'NONE',  ( -0.000000000000000000, -0.000000000000000000, 1.000000000000000000 ) ) ;
#2903 = AXIS2_PLACEMENT_3D ( 'NONE', #159, #6004, #2505 ) ;
#2904 = AXIS2_PLACEMENT_3D ( 'NONE', #2453, #1872, #6617 ) ;
#2905 = LINE ( 'NONE', #90, #3640 ) ;
#2906 = CARTESIAN_POINT ( 'NONE',  ( 5.968999999999998529, 6.222999999999998977, 0.8890000000000011227 ) ) ;
#2907 = DIRECTION ( 'NONE',  ( -1.000000000000000000, 0.000000000000000000, 0.000000000000000000 ) ) ;
#2908 = DIRECTION ( 'NONE',  ( -1.000000000000000000, 0.000000000000000000, 0.000000000000000000 ) ) ;
#2909 = VECTOR ( 'NONE', #3903, 1000.000000000000000 ) ;
#2910 = ORIENTED_EDGE ( 'NONE', *, *, #7586, .T. ) ;
#2911 = ORIENTED_EDGE ( 'NONE', *, *, #4567, .T. ) ;
#2912 = LINE ( 'NONE', #1273, #6886 ) ;
#2913 = CARTESIAN_POINT ( 'NONE',  ( 2.984499999999995712, 7.492999999999999439, -0.4444999999999955653 ) ) ;
#2914 = CARTESIAN_POINT ( 'NONE',  ( 7.620000000000001883, 7.492999999999999439, -2.501900000000000901 ) ) ;
#2915 = ADVANCED_FACE ( 'NONE', ( #3375 ), #6771, .F. ) ;
#2916 = LINE ( 'NONE', #3575, #7035 ) ;
#2917 = VERTEX_POINT ( 'NONE', #954 ) ;
#2918 = CARTESIAN_POINT ( 'NONE',  ( 2.540000000000002256, 0.3809999999999999498, -2.501900000000000901 ) ) ;
#2919 = ORIENTED_EDGE ( 'NONE', *, *, #1890, .T. ) ;
#2920 = LINE ( 'NONE', #3498, #4453 ) ;
#2921 = DIRECTION ( 'NONE',  ( -1.000000000000000000, 0.000000000000000000, 0.000000000000000000 ) ) ;
#2922 = CARTESIAN_POINT ( 'NONE',  ( -3.937000000000000277, 6.794499999999998430, 1.143000000000001570 ) ) ;
#2923 = FACE_OUTER_BOUND ( 'NONE', #4210, .T. ) ;
#2924 = ADVANCED_FACE ( 'NONE', ( #1438 ), #5088, .F. ) ;
#2925 = ORIENTED_EDGE ( 'NONE', *, *, #7017, .F. ) ;
#2926 = DIRECTION ( 'NONE',  ( 0.000000000000000000, 1.224646799147354193E-16, 1.000000000000000000 ) ) ;
#2927 = ORIENTED_EDGE ( 'NONE', *, *, #5923, .T. ) ;
#2928 = VERTEX_POINT ( 'NONE', #1553 ) ;
#2929 = ORIENTED_EDGE ( 'NONE', *, *, #3020, .F. ) ;
#2930 = CARTESIAN_POINT ( 'NONE',  ( -2.539999999999997815, 0.3809999999999988396, 2.120899999999999785 ) ) ;
#2931 = EDGE_CURVE ( 'NONE', #7325, #1718, #915, .T. ) ;
#2932 = ORIENTED_EDGE ( 'NONE', *, *, #3739, .T. ) ;
#2933 = DIRECTION ( 'NONE',  ( 0.000000000000000000, -1.000000000000000000, 0.000000000000000000 ) ) ;
#2934 = FILL_AREA_STYLE ('',( #4713 ) ) ;
#2935 = DIRECTION ( 'NONE',  ( 0.000000000000000000, 1.422837496700139336E-15, -1.000000000000000000 ) ) ;
#2936 = VERTEX_POINT ( 'NONE', #3951 ) ;
#2937 = LINE ( 'NONE', #2238, #1710 ) ;
#2938 = ORIENTED_EDGE ( 'NONE', *, *, #2495, .T. ) ;
#2939 = EDGE_LOOP ( 'NONE', ( #1834, #3729, #2349, #724 ) ) ;
#2940 = CARTESIAN_POINT ( 'NONE',  ( -7.175500000000004874, 7.492999999999999439, -2.501900000000000901 ) ) ;
#2941 = VECTOR ( 'NONE', #2907, 1000.000000000000000 ) ;
#2942 = ADVANCED_FACE ( 'NONE', ( #7379 ), #3918, .F. ) ;
#2943 = VECTOR ( 'NONE', #3340, 1000.000000000000000 ) ;
#2944 = CARTESIAN_POINT ( 'NONE',  ( 1.734723475976807094E-15, 0.8889999999999989022, -1.984781810244995004 ) ) ;
#2945 = EDGE_CURVE ( 'NONE', #2566, #5347, #3804, .T. ) ;
#2946 = CARTESIAN_POINT ( 'NONE',  ( -9.271000000000000796, 6.222999999999998977, -0.8889999999999987912 ) ) ;
#2947 = CARTESIAN_POINT ( 'NONE',  ( 5.968999999999998529, 6.222999999999998977, -0.8889999999999987912 ) ) ;
#2948 = DIRECTION ( 'NONE',  ( 0.000000000000000000, -1.000000000000000000, 0.000000000000000000 ) ) ;
#2949 = ORIENTED_EDGE ( 'NONE', *, *, #7684, .F. ) ;
#2950 = AXIS2_PLACEMENT_3D ( 'NONE', #4843, #4878, #7249 ) ;
#2951 = VERTEX_POINT ( 'NONE', #3260 ) ;
#2952 = LINE ( 'NONE', #4182, #6020 ) ;
#2953 = LINE ( 'NONE', #5204, #1025 ) ;
#2954 = CARTESIAN_POINT ( 'NONE',  ( -10.41399999999999970, 7.492999999999998550, 2.501900000000000901 ) ) ;
#2955 = LINE ( 'NONE', #7077, #4932 ) ;
#2956 = VERTEX_POINT ( 'NONE', #5646 ) ;
#2957 = DIRECTION ( 'NONE',  ( -1.000000000000000000, -0.000000000000000000, -0.000000000000000000 ) ) ;
#2958 = ORIENTED_EDGE ( 'NONE', *, *, #80, .T. ) ;
#2959 = ORIENTED_EDGE ( 'NONE', *, *, #6828, .T. ) ;
#2960 = AXIS2_PLACEMENT_3D ( 'NONE', #198, #4404, #2548 ) ;
#2961 = EDGE_CURVE ( 'NONE', #1269, #5899, #7493, .T. ) ;
#2962 = CARTESIAN_POINT ( 'NONE',  ( 1.650999999999998025, 7.048499999999997989, -0.8889999999999986802 ) ) ;
#2963 = CARTESIAN_POINT ( 'NONE',  ( 9.270999999999997243, 6.222999999999998977, 1.651000000000001133 ) ) ;
#2964 =( LENGTH_UNIT ( ) NAMED_UNIT ( * ) SI_UNIT ( .MILLI., .METRE. ) );
#2965 = DIRECTION ( 'NONE',  ( 0.000000000000000000, 0.000000000000000000, -1.000000000000000000 ) ) ;
#2966 = VERTEX_POINT ( 'NONE', #3341 ) ;
#2967 = LINE ( 'NONE', #1246, #3625 ) ;
#2968 = VERTEX_POINT ( 'NONE', #290 ) ;
#2969 = EDGE_CURVE ( 'NONE', #2356, #1884, #2755, .T. ) ;
#2970 = DIRECTION ( 'NONE',  ( 0.000000000000000000, -1.000000000000000000, -2.439149994343092652E-16 ) ) ;
#2971 = AXIS2_PLACEMENT_3D ( 'NONE', #4114, #7005, #3387 ) ;
#2972 = CARTESIAN_POINT ( 'NONE',  ( 10.16000000000000192, 0.8889999999999989022, -1.984781810244995004 ) ) ;
#2973 = ORIENTED_EDGE ( 'NONE', *, *, #7262, .T. ) ;
#2974 = DIRECTION ( 'NONE',  ( 1.000000000000000000, 0.000000000000000000, 0.000000000000000000 ) ) ;
#2975 = SURFACE_STYLE_USAGE ( .BOTH. , #5310 ) ;
#2976 = ORIENTED_EDGE ( 'NONE', *, *, #5060, .F. ) ;
#2977 = DIRECTION ( 'NONE',  ( 0.000000000000000000, -0.9659258262890700886, 0.2588190451025142447 ) ) ;
#2978 = ORIENTED_EDGE ( 'NONE', *, *, #3931, .T. ) ;
#2979 = EDGE_CURVE ( 'NONE', #3876, #192, #4463, .T. ) ;
#2980 = ORIENTED_EDGE ( 'NONE', *, *, #1300, .T. ) ;
#2981 = DIRECTION ( 'NONE',  ( 1.000000000000000000, -0.000000000000000000, -0.000000000000000000 ) ) ;
#2982 = PLANE ( 'NONE',  #1306 ) ;
#2983 = LINE ( 'NONE', #5358, #1062 ) ;
#2984 = CARTESIAN_POINT ( 'NONE',  ( -9.271000000000000796, 7.048499999999997101, 0.8890000000000012337 ) ) ;
#2985 = VERTEX_POINT ( 'NONE', #223 ) ;
#2986 = EDGE_CURVE ( 'NONE', #5513, #2803, #2608, .T. ) ;
#2987 = EDGE_LOOP ( 'NONE', ( #1606, #4728, #1153, #4076 ) ) ;
#2988 = CARTESIAN_POINT ( 'NONE',  ( -2.539999999999997815, 7.492999999999998550, 2.501900000000000901 ) ) ;
#2989 = LINE ( 'NONE', #5981, #6641 ) ;
#2990 = CARTESIAN_POINT ( 'NONE',  ( -0.4444999999999987295, 7.492999999999999439, -2.501900000000000901 ) ) ;
#2991 = CARTESIAN_POINT ( 'NONE',  ( -9.271000000000000796, 7.048499999999997989, -1.650999999999998691 ) ) ;
#2992 = LINE ( 'NONE', #5951, #1824 ) ;
#2993 = VERTEX_POINT ( 'NONE', #4388 ) ;
#2994 = EDGE_CURVE ( 'NONE', #7098, #2304, #5162, .T. ) ;
#2995 = CARTESIAN_POINT ( 'NONE',  ( 5.080000000000000959, 7.492999999999998550, 2.501900000000000901 ) ) ;
#2996 = ORIENTED_EDGE ( 'NONE', *, *, #477, .T. ) ;
#2997 = AXIS2_PLACEMENT_3D ( 'NONE', #4556, #7511, #6439 ) ;
#2998 = LINE ( 'NONE', #5339, #89 ) ;
#2999 = CARTESIAN_POINT ( 'NONE',  ( -10.15999999999999837, 0.8889999999999989022, -1.984781810244995004 ) ) ;
#3000 = CARTESIAN_POINT ( 'NONE',  ( 15.24000000000000021, 6.222999999999998977, -2.201425730935033664E-16 ) ) ;
#3001 = ORIENTED_EDGE ( 'NONE', *, *, #6943, .F. ) ;
#3002 = DIRECTION ( 'NONE',  ( 0.000000000000000000, 1.000000000000000000, 0.000000000000000000 ) ) ;
#3003 = ORIENTED_EDGE ( 'NONE', *, *, #2096, .T. ) ;
#3004 = VECTOR ( 'NONE', #6708, 1000.000000000000114 ) ;
#3005 = ORIENTED_EDGE ( 'NONE', *, *, #3627, .T. ) ;
#3006 = VERTEX_POINT ( 'NONE', #6992 ) ;
#3007 = CARTESIAN_POINT ( 'NONE',  ( -2.539999999999997815, 7.492999999999999439, -0.4444999999999956763 ) ) ;
#3008 = ORIENTED_EDGE ( 'NONE', *, *, #6186, .T. ) ;
#3009 = LINE ( 'NONE', #6593, #7271 ) ;
#3010 = EDGE_CURVE ( 'NONE', #6860, #1024, #1622, .T. ) ;
#3011 = DIRECTION ( 'NONE',  ( -0.000000000000000000, 1.000000000000000000, 1.733406087350420004E-16 ) ) ;
#3012 = PLANE ( 'NONE',  #2444 ) ;
#3013 = EDGE_LOOP ( 'NONE', ( #2878, #4858, #7342, #7181 ) ) ;
#3014 = ORIENTED_EDGE ( 'NONE', *, *, #5754, .T. ) ;
#3015 = VECTOR ( 'NONE', #350, 1000.000000000000000 ) ;
#3016 = CARTESIAN_POINT ( 'NONE',  ( -10.41399999999999970, 7.492999999999998550, 2.501900000000000901 ) ) ;
#3017 = CARTESIAN_POINT ( 'NONE',  ( -7.619999999999998330, 0.3809999999999992837, 2.501899999999999125 ) ) ;
#3018 = CARTESIAN_POINT ( 'NONE',  ( 0.8889999999999991243, 7.048499999999997989, -0.8889999999999986802 ) ) ;
#3019 = LINE ( 'NONE', #7138, #2941 ) ;
#3020 = EDGE_CURVE ( 'NONE', #6311, #3713, #7534, .T. ) ;
#3021 = CARTESIAN_POINT ( 'NONE',  ( -5.079999999999997407, 0.3809999999999999498, -2.501900000000000901 ) ) ;
#3022 = VERTEX_POINT ( 'NONE', #4611 ) ;
#3023 = ORIENTED_EDGE ( 'NONE', *, *, #2661, .T. ) ;
#3024 = AXIS2_PLACEMENT_3D ( 'NONE', #1715, #5168, #6500 ) ;
#3025 = VECTOR ( 'NONE', #3081, 1000.000000000000000 ) ;
#3026 = DIRECTION ( 'NONE',  ( 0.000000000000000000, -1.138269997360111548E-15, -1.000000000000000000 ) ) ;
#3027 = CARTESIAN_POINT ( 'NONE',  ( 0.3047999999999999599, 0.6730999999999999206, -1.714499999999999913 ) ) ;
#3028 = PLANE ( 'NONE',  #2810 ) ;
#3029 = EDGE_CURVE ( 'NONE', #3805, #5669, #1785, .T. ) ;
#3030 = CYLINDRICAL_SURFACE ( 'NONE', #5692, 0.1269999999999999463 ) ;
#3031 = VECTOR ( 'NONE', #4183, 1000.000000000000000 ) ;
#3032 = VECTOR ( 'NONE', #7311, 1000.000000000000114 ) ;
#3033 = LINE ( 'NONE', #2918, #6879 ) ;
#3034 = ORIENTED_EDGE ( 'NONE', *, *, #3386, .T. ) ;
#3035 = ORIENTED_EDGE ( 'NONE', *, *, #1409, .T. ) ;
#3036 = DIRECTION ( 'NONE',  ( -1.000000000000000000, -0.000000000000000000, 0.000000000000000000 ) ) ;
#3037 = ORIENTED_EDGE ( 'NONE', *, *, #781, .T. ) ;
#3038 = DIRECTION ( 'NONE',  ( -1.000000000000000000, -0.000000000000000000, -0.000000000000000000 ) ) ;
#3039 = DIRECTION ( 'NONE',  ( -1.000000000000000000, 0.000000000000000000, -0.000000000000000000 ) ) ;
#3040 = CARTESIAN_POINT ( 'NONE',  ( 10.16000000000000192, 0.3809999999999993947, -2.120900000000001562 ) ) ;
#3041 = ADVANCED_FACE ( 'NONE', ( #514, #6416, #2211 ), #2362, .F. ) ;
#3042 = ORIENTED_EDGE ( 'NONE', *, *, #2945, .F. ) ;
#3043 = DIRECTION ( 'NONE',  ( 0.000000000000000000, -1.422837496700139336E-15, 1.000000000000000000 ) ) ;
#3044 = AXIS2_PLACEMENT_3D ( 'NONE', #2169, #1586, #4061 ) ;
#3045 = ORIENTED_EDGE ( 'NONE', *, *, #2632, .F. ) ;
#3046 = CARTESIAN_POINT ( 'NONE',  ( 1.650999999999998025, 7.048499999999997101, 1.651000000000001355 ) ) ;
#3047 = ORIENTED_EDGE ( 'NONE', *, *, #5327, .T. ) ;
#3048 =( GEOMETRIC_REPRESENTATION_CONTEXT ( 3 ) GLOBAL_UNCERTAINTY_ASSIGNED_CONTEXT ( ( #6592 ) ) GLOBAL_UNIT_ASSIGNED_CONTEXT ( ( #1177, #1883, #1810 ) ) REPRESENTATION_CONTEXT ( 'NONE', 'WORKASPACE' ) );
#3049 = CARTESIAN_POINT ( 'NONE',  ( 4.635500000000002174, 7.492999999999999439, -2.501900000000000901 ) ) ;
#3050 = ORIENTED_EDGE ( 'NONE', *, *, #5274, .F. ) ;
#3051 = DIRECTION ( 'NONE',  ( -0.000000000000000000, -0.000000000000000000, 1.000000000000000000 ) ) ;
#3052 = DIRECTION ( 'NONE',  ( 0.000000000000000000, 0.000000000000000000, 1.000000000000000000 ) ) ;
#3053 = VERTEX_POINT ( 'NONE', #4101 ) ;
#3054 = CARTESIAN_POINT ( 'NONE',  ( 1.734723475976807094E-15, 0.3809999999999993947, -2.120900000000001562 ) ) ;
#3055 = ORIENTED_EDGE ( 'NONE', *, *, #6635, .T. ) ;
#3056 = VECTOR ( 'NONE', #323, 1000.000000000000000 ) ;
#3057 = ORIENTED_EDGE ( 'NONE', *, *, #4153, .F. ) ;
#3058 = LINE ( 'NONE', #5441, #1639 ) ;
#3059 = ADVANCED_FACE ( 'NONE', ( #1664 ), #4573, .F. ) ;
#3060 = CARTESIAN_POINT ( 'NONE',  ( -0.3047999999999999599, 0.8890000000000000124, 1.714499999999999913 ) ) ;
#3061 = AXIS2_PLACEMENT_3D ( 'NONE', #6366, #1012, #3399 ) ;
#3062 = CARTESIAN_POINT ( 'NONE',  ( 3.428999999999999826, 7.048499999999997989, -0.8889999999999986802 ) ) ;
#3063 = DIRECTION ( 'NONE',  ( 1.000000000000000000, 0.000000000000000000, 0.000000000000000000 ) ) ;
#3064 = CARTESIAN_POINT ( 'NONE',  ( 2.540000000000002256, 7.492999999999999439, -2.501900000000000901 ) ) ;
#3065 = ORIENTED_EDGE ( 'NONE', *, *, #575, .F. ) ;
#3066 = ORIENTED_EDGE ( 'NONE', *, *, #920, .T. ) ;
#3067 = VECTOR ( 'NONE', #1267, 1000.000000000000000 ) ;
#3068 = ADVANCED_FACE ( 'NONE', ( #1067 ), #3450, .F. ) ;
#3069 = LINE ( 'NONE', #7264, #1432 ) ;
#3070 = DIRECTION ( 'NONE',  ( 0.000000000000000000, -1.000000000000000000, 0.000000000000000000 ) ) ;
#3071 = DIRECTION ( 'NONE',  ( -0.000000000000000000, 1.000000000000000000, 1.092515224483717382E-16 ) ) ;
#3072 = FACE_OUTER_BOUND ( 'NONE', #4759, .T. ) ;
#3073 = VECTOR ( 'NONE', #4757, 1000.000000000000114 ) ;
#3074 = VERTEX_POINT ( 'NONE', #1144 ) ;
#3075 = ORIENTED_EDGE ( 'NONE', *, *, #2512, .T. ) ;
#3076 = LINE ( 'NONE', #5493, #5338 ) ;
#3077 = EDGE_CURVE ( 'NONE', #3492, #2556, #482, .T. ) ;
#3078 = VECTOR ( 'NONE', #6756, 1000.000000000000000 ) ;
#3079 = DIRECTION ( 'NONE',  ( 0.000000000000000000, 0.9659258262890699775, 0.2588190451025143002 ) ) ;
#3080 = CARTESIAN_POINT ( 'NONE',  ( 6.730999999999997208, 6.222999999999998977, -1.650999999999998913 ) ) ;
#3081 = DIRECTION ( 'NONE',  ( 0.000000000000000000, 1.092515224483717628E-16, -1.000000000000000000 ) ) ;
#3082 = PLANE ( 'NONE',  #7347 ) ;
#3083 = ORIENTED_EDGE ( 'NONE', *, *, #7336, .F. ) ;
#3084 = CARTESIAN_POINT ( 'NONE',  ( 1.734723475976807094E-15, 7.492999999999999439, -2.501900000000000901 ) ) ;
#3085 = EDGE_CURVE ( 'NONE', #1589, #2737, #6495, .T. ) ;
#3086 = EDGE_CURVE ( 'NONE', #4636, #5347, #5905, .T. ) ;
#3087 = PLANE ( 'NONE',  #2088 ) ;
#3088 = CARTESIAN_POINT ( 'NONE',  ( 3.428999999999999826, 7.048499999999997989, -0.8889999999999986802 ) ) ;
#3089 = CARTESIAN_POINT ( 'NONE',  ( -1.270000000000008900, -4.814824860968089633E-32, 0.000000000000000000 ) ) ;
#3090 = SURFACE_SIDE_STYLE ('',( #3673 ) ) ;
#3091 = VERTEX_POINT ( 'NONE', #5230 ) ;
#3092 = LINE ( 'NONE', #5473, #4435 ) ;
#3093 = ORIENTED_EDGE ( 'NONE', *, *, #3029, .F. ) ;
#3094 = VERTEX_POINT ( 'NONE', #2795 ) ;
#3095 = ADVANCED_FACE ( 'NONE', ( #5751 ), #1022, .F. ) ;
#3096 = LINE ( 'NONE', #4846, #2140 ) ;
#3097 = VECTOR ( 'NONE', #4319, 1000.000000000000000 ) ;
#3098 =( NAMED_UNIT ( * ) PLANE_ANGLE_UNIT ( ) SI_UNIT ( $, .RADIAN. ) );
#3099 = LINE ( 'NONE', #3603, #4284 ) ;
#3100 = FACE_OUTER_BOUND ( 'NONE', #936, .T. ) ;
#3101 = DIRECTION ( 'NONE',  ( 0.000000000000000000, -1.733406087350420251E-16, 1.000000000000000000 ) ) ;
#3102 = EDGE_CURVE ( 'NONE', #1528, #3254, #5867, .T. ) ;
#3103 = VERTEX_POINT ( 'NONE', #5793 ) ;
#3104 = ORIENTED_EDGE ( 'NONE', *, *, #4169, .F. ) ;
#3105 = CARTESIAN_POINT ( 'NONE',  ( -7.619999999999998330, 0.8889999999999985691, 1.984781810244993228 ) ) ;
#3106 = FACE_OUTER_BOUND ( 'NONE', #7544, .T. ) ;
#3107 = CARTESIAN_POINT ( 'NONE',  ( -2.539999999999997815, 0.3809999999999988396, 2.120899999999999785 ) ) ;
#3108 = VERTEX_POINT ( 'NONE', #4064 ) ;
#3109 = DIRECTION ( 'NONE',  ( 0.000000000000000000, -1.733406087350420004E-16, 1.000000000000000000 ) ) ;
#3110 = EDGE_CURVE ( 'NONE', #1895, #6146, #6458, .T. ) ;
#3111 = EDGE_CURVE ( 'NONE', #1157, #4569, #5198, .T. ) ;
#3112 = EDGE_LOOP ( 'NONE', ( #7480, #2309, #6793, #4235 ) ) ;
#3113 = EDGE_LOOP ( 'NONE', ( #4261, #1411, #2901, #6264 ) ) ;
#3114 = DIRECTION ( 'NONE',  ( -0.000000000000000000, 1.000000000000000000, -0.000000000000000000 ) ) ;
#3115 = ORIENTED_EDGE ( 'NONE', *, *, #3581, .F. ) ;
#3116 = LINE ( 'NONE', #7275, #3032 ) ;
#3117 = PLANE ( 'NONE',  #6881 ) ;
#3118 = FACE_OUTER_BOUND ( 'NONE', #1419, .T. ) ;
#3119 = ORIENTED_EDGE ( 'NONE', *, *, #2931, .T. ) ;
#3120 = ORIENTED_EDGE ( 'NONE', *, *, #702, .F. ) ;
#3121 = EDGE_CURVE ( 'NONE', #1257, #543, #1105, .T. ) ;
#3122 = DIRECTION ( 'NONE',  ( 0.000000000000000000, 1.733406087350420004E-16, -1.000000000000000000 ) ) ;
#3123 = EDGE_LOOP ( 'NONE', ( #6514, #2267, #1034, #852 ) ) ;
#3124 = ORIENTED_EDGE ( 'NONE', *, *, #3487, .T. ) ;
#3125 = ORIENTED_EDGE ( 'NONE', *, *, #4073, .F. ) ;
#3126 = FACE_OUTER_BOUND ( 'NONE', #3589, .T. ) ;
#3127 = LINE ( 'NONE', #5664, #3696 ) ;
#3128 = CARTESIAN_POINT ( 'NONE',  ( 5.080000000000000959, 0.8889999999999985691, 1.984781810244993228 ) ) ;
#3129 = SHAPE_DEFINITION_REPRESENTATION ( #2715, #132 ) ;
#3130 = EDGE_CURVE ( 'NONE', #3296, #2364, #7645, .T. ) ;
#3131 = FILL_AREA_STYLE_COLOUR ( '', #7629 ) ;
#3132 = CARTESIAN_POINT ( 'NONE',  ( 0.3047999999999999599, 0.6730999999999999206, -2.387599999999999945 ) ) ;
#3133 = ORIENTED_EDGE ( 'NONE', *, *, #781, .F. ) ;
#3134 = ORIENTED_EDGE ( 'NONE', *, *, #7007, .T. ) ;
#3135 = CARTESIAN_POINT ( 'NONE',  ( 0.3047999999999999599, 0.6730999999999999206, -2.387599999999999945 ) ) ;
#3136 = CARTESIAN_POINT ( 'NONE',  ( -10.41399999999999970, 0.8889999999999989022, -1.984781810244995004 ) ) ;
#3137 = LINE ( 'NONE', #5520, #4750 ) ;
#3138 = EDGE_CURVE ( 'NONE', #3103, #3505, #7298, .T. ) ;
#3139 = CARTESIAN_POINT ( 'NONE',  ( 10.16000000000000192, 0.3809999999999988396, 2.120899999999999785 ) ) ;
#3140 = ORIENTED_EDGE ( 'NONE', *, *, #7118, .T. ) ;
#3141 = VERTEX_POINT ( 'NONE', #676 ) ;
#3142 = AXIS2_PLACEMENT_3D ( 'NONE', #2299, #1205, #5212 ) ;
#3143 = CARTESIAN_POINT ( 'NONE',  ( 2.984499999999995712, 7.492999999999999439, -2.095500000000001695 ) ) ;
#3144 = PLANE ( 'NONE',  #1922 ) ;
#3145 = DIRECTION ( 'NONE',  ( 0.000000000000000000, 1.000000000000000000, 1.092515224483717628E-16 ) ) ;
#3146 = DIRECTION ( 'NONE',  ( 0.000000000000000000, -1.000000000000000000, -1.733406087350420004E-16 ) ) ;
#3147 = ORIENTED_EDGE ( 'NONE', *, *, #6126, .F. ) ;
#3148 = VECTOR ( 'NONE', #5993, 1000.000000000000000 ) ;
#3149 = ORIENTED_EDGE ( 'NONE', *, *, #2994, .T. ) ;
#3150 = CARTESIAN_POINT ( 'NONE',  ( -7.619999999999998330, 0.3809999999999988396, 2.120899999999999785 ) ) ;
#3151 = EDGE_CURVE ( 'NONE', #2472, #3091, #7140, .T. ) ;
#3152 = EDGE_CURVE ( 'NONE', #7592, #1094, #3605, .T. ) ;
#3153 = PRODUCT_DEFINITION_FORMATION_WITH_SPECIFIED_SOURCE ( 'ANY', '', #339, .NOT_KNOWN. ) ;
#3154 = LINE ( 'NONE', #2613, #2049 ) ;
#3155 = LINE ( 'NONE', #1913, #2529 ) ;
#3156 = LINE ( 'NONE', #5656, #527 ) ;
#3157 = EDGE_LOOP ( 'NONE', ( #5984, #1462, #4697, #1631 ) ) ;
#3158 = VERTEX_POINT ( 'NONE', #637 ) ;
#3159 = CARTESIAN_POINT ( 'NONE',  ( 1.650999999999998025, 6.222999999999998977, -0.8889999999999987912 ) ) ;
#3160 = ORIENTED_EDGE ( 'NONE', *, *, #3793, .F. ) ;
#3161 = AXIS2_PLACEMENT_3D ( 'NONE', #6728, #5086, #252 ) ;
#3162 = EDGE_LOOP ( 'NONE', ( #3850, #3685, #1773, #4546 ) ) ;
#3163 = VECTOR ( 'NONE', #3990, 1000.000000000000000 ) ;
#3164 = DIRECTION ( 'NONE',  ( 0.000000000000000000, 2.439149994343092652E-16, -1.000000000000000000 ) ) ;
#3165 = ADVANCED_FACE ( 'NONE', ( #2399 ), #18, .F. ) ;
#3166 = DIRECTION ( 'NONE',  ( 1.000000000000000000, 0.000000000000000000, 0.000000000000000000 ) ) ;
#3167 = DIRECTION ( 'NONE',  ( 0.000000000000000000, 1.000000000000000000, 2.439149994343092652E-16 ) ) ;
#3168 = DIRECTION ( 'NONE',  ( 0.000000000000000000, 0.000000000000000000, 1.000000000000000000 ) ) ;
#3169 = CARTESIAN_POINT ( 'NONE',  ( -8.509000000000002117, 6.222999999999998977, 1.651000000000001133 ) ) ;
#3170 = ORIENTED_EDGE ( 'NONE', *, *, #6725, .T. ) ;
#3171 = ORIENTED_EDGE ( 'NONE', *, *, #5930, .F. ) ;
#3172 = CARTESIAN_POINT ( 'NONE',  ( 1.650999999999998025, 7.048499999999997989, -1.650999999999998691 ) ) ;
#3173 =( GEOMETRIC_REPRESENTATION_CONTEXT ( 3 ) GLOBAL_UNCERTAINTY_ASSIGNED_CONTEXT ( ( #6206 ) ) GLOBAL_UNIT_ASSIGNED_CONTEXT ( ( #4608, #5747, #405 ) ) REPRESENTATION_CONTEXT ( 'NONE', 'WORKASPACE' ) );
#3174 = EDGE_CURVE ( 'NONE', #2899, #2574, #755, .T. ) ;
#3175 = LINE ( 'NONE', #940, #3438 ) ;
#3176 = DIRECTION ( 'NONE',  ( 0.000000000000000000, -1.733406087350420004E-16, 1.000000000000000000 ) ) ;
#3177 = DIRECTION ( 'NONE',  ( 0.000000000000000000, -1.000000000000000000, -1.733406087350420004E-16 ) ) ;
#3178 =( GEOMETRIC_REPRESENTATION_CONTEXT ( 3 ) GLOBAL_UNCERTAINTY_ASSIGNED_CONTEXT ( ( #2549 ) ) GLOBAL_UNIT_ASSIGNED_CONTEXT ( ( #1927, #3893, #312 ) ) REPRESENTATION_CONTEXT ( 'NONE', 'WORKASPACE' ) );
#3179 = LINE ( 'NONE', #6261, #2252 ) ;
#3180 = DIRECTION ( 'NONE',  ( 0.5773502691896273964, -0.5773502691896236216, -0.5773502691896262862 ) ) ;
#3181 = ORIENTED_EDGE ( 'NONE', *, *, #5178, .F. ) ;
#3182 = APPLICATION_CONTEXT ( 'automotive_design' ) ;
#3183 = VERTEX_POINT ( 'NONE', #4343 ) ;
#3184 = EDGE_CURVE ( 'NONE', #962, #356, #5944, .T. ) ;
#3185 = EDGE_CURVE ( 'NONE', #1618, #4127, #53, .T. ) ;
#3186 = DIRECTION ( 'NONE',  ( 0.000000000000000000, 1.000000000000000000, -1.138269997360111548E-15 ) ) ;
#3187 = LINE ( 'NONE', #3220, #2414 ) ;
#3188 = LINE ( 'NONE', #5048, #2193 ) ;
#3189 = CARTESIAN_POINT ( 'NONE',  ( 0.3047999999999999599, 0.8890000000000000124, 1.968499999999999694 ) ) ;
#3190 = EDGE_LOOP ( 'NONE', ( #958, #4558, #6931, #1558 ) ) ;
#3191 = ORIENTED_EDGE ( 'NONE', *, *, #605, .T. ) ;
#3192 = PLANE ( 'NONE',  #7565 ) ;
#3193 = CARTESIAN_POINT ( 'NONE',  ( -4.191000000000000725, 7.048499999999997101, 0.8890000000000012337 ) ) ;
#3194 = CARTESIAN_POINT ( 'NONE',  ( 8.508999999999998565, 7.048499999999997989, -0.8889999999999986802 ) ) ;
#3195 = CARTESIAN_POINT ( 'NONE',  ( -6.731000000000000760, 6.222999999999998977, 1.651000000000001133 ) ) ;
#3196 = DIRECTION ( 'NONE',  ( 0.000000000000000000, -1.092515224483717628E-16, 1.000000000000000000 ) ) ;
#3197 = ORIENTED_EDGE ( 'NONE', *, *, #5772, .F. ) ;
#3198 = ADVANCED_FACE ( 'NONE', ( #7180 ), #3645, .F. ) ;
#3199 = VECTOR ( 'NONE', #5255, 1000.000000000000000 ) ;
#3200 = CARTESIAN_POINT ( 'NONE',  ( 1.734723475976807094E-15, 7.492999999999999439, -2.501900000000000901 ) ) ;
#3201 = DIRECTION ( 'NONE',  ( 1.000000000000000000, 0.000000000000000000, 0.000000000000000000 ) ) ;
#3202 = CARTESIAN_POINT ( 'NONE',  ( -3.429000000000002490, 7.048499999999997101, 1.651000000000001355 ) ) ;
#3203 = AXIS2_PLACEMENT_3D ( 'NONE', #7010, #6970, #6435 ) ;
#3204 = DIRECTION ( 'NONE',  ( 1.000000000000000000, 0.000000000000000000, 0.000000000000000000 ) ) ;
#3205 = EDGE_CURVE ( 'NONE', #786, #5064, #1859, .T. ) ;
#3206 = ORIENTED_EDGE ( 'NONE', *, *, #646, .T. ) ;
#3207 = ORIENTED_EDGE ( 'NONE', *, *, #6910, .T. ) ;
#3208 = VECTOR ( 'NONE', #3525, 1000.000000000000000 ) ;
#3209 = ORIENTED_EDGE ( 'NONE', *, *, #4821, .F. ) ;
#3210 = CARTESIAN_POINT ( 'NONE',  ( 1.734723475976807094E-15, 0.3809999999999999498, -2.501900000000000901 ) ) ;
#3211 = LINE ( 'NONE', #2671, #3078 ) ;
#3212 = PLANE ( 'NONE',  #6539 ) ;
#3213 = LINE ( 'NONE', #5603, #7114 ) ;
#3214 = CARTESIAN_POINT ( 'NONE',  ( -2.539999999999998703, 0.3809999999999988396, 2.120899999999999785 ) ) ;
#3215 = CARTESIAN_POINT ( 'NONE',  ( 2.540000000000002256, 7.492999999999999439, -2.501900000000000901 ) ) ;
#3216 = EDGE_CURVE ( 'NONE', #6069, #4273, #6571, .T. ) ;
#3217 = ORIENTED_EDGE ( 'NONE', *, *, #6843, .F. ) ;
#3218 = ORIENTED_EDGE ( 'NONE', *, *, #2804, .F. ) ;
#3219 =( NAMED_UNIT ( * ) PLANE_ANGLE_UNIT ( ) SI_UNIT ( $, .RADIAN. ) );
#3220 = CARTESIAN_POINT ( 'NONE',  ( -6.223000000000002530, 6.794499999999997542, 1.397000000000001130 ) ) ;
#3221 = FACE_OUTER_BOUND ( 'NONE', #5105, .T. ) ;
#3222 = DIRECTION ( 'NONE',  ( 1.000000000000000000, 0.000000000000000000, 0.000000000000000000 ) ) ;
#3223 = EDGE_CURVE ( 'NONE', #5185, #1257, #174, .T. ) ;
#3224 = VECTOR ( 'NONE', #6644, 1000.000000000000000 ) ;
#3225 = ORIENTED_EDGE ( 'NONE', *, *, #6324, .T. ) ;
#3226 = VERTEX_POINT ( 'NONE', #2984 ) ;
#3227 = DIRECTION ( 'NONE',  ( -0.000000000000000000, 1.000000000000000000, 1.733406087350420004E-16 ) ) ;
#3228 = LINE ( 'NONE', #185, #1543 ) ;
#3229 = CARTESIAN_POINT ( 'NONE',  ( 7.620000000000001883, 7.492999999999998550, 0.4444999999999978413 ) ) ;
#3230 = DIRECTION ( 'NONE',  ( 0.000000000000000000, 1.733406087350420004E-16, -1.000000000000000000 ) ) ;
#3231 = VERTEX_POINT ( 'NONE', #5399 ) ;
#3232 = ORIENTED_EDGE ( 'NONE', *, *, #7173, .F. ) ;
#3233 = EDGE_CURVE ( 'NONE', #7553, #5796, #4812, .T. ) ;
#3234 = DIRECTION ( 'NONE',  ( 0.000000000000000000, 0.000000000000000000, -1.000000000000000000 ) ) ;
#3235 = EDGE_LOOP ( 'NONE', ( #4574, #3133, #2789, #4716 ) ) ;
#3236 = VERTEX_POINT ( 'NONE', #1230 ) ;
#3237 = FACE_OUTER_BOUND ( 'NONE', #5374, .T. ) ;
#3238 = DIRECTION ( 'NONE',  ( -1.000000000000000000, -0.000000000000000000, -0.000000000000000000 ) ) ;
#3239 = DIRECTION ( 'NONE',  ( 0.000000000000000000, -1.092515224483717382E-16, 1.000000000000000000 ) ) ;
#3240 = FACE_OUTER_BOUND ( 'NONE', #4744, .T. ) ;
#3241 = EDGE_LOOP ( 'NONE', ( #1378, #7670, #4969, #7395 ) ) ;
#3242 = ORIENTED_EDGE ( 'NONE', *, *, #5428, .T. ) ;
#3243 = DIRECTION ( 'NONE',  ( -0.000000000000000000, 1.000000000000000000, 1.733406087350420004E-16 ) ) ;
#3244 = DIRECTION ( 'NONE',  ( -0.000000000000000000, -0.000000000000000000, 1.000000000000000000 ) ) ;
#3245 = EDGE_CURVE ( 'NONE', #5913, #5825, #4260, .T. ) ;
#3246 = VECTOR ( 'NONE', #4967, 1000.000000000000000 ) ;
#3247 = EDGE_CURVE ( 'NONE', #283, #3226, #93, .T. ) ;
#3248 = PLANE ( 'NONE',  #2680 ) ;
#3249 = FACE_OUTER_BOUND ( 'NONE', #7615, .T. ) ;
#3250 = VECTOR ( 'NONE', #1815, 1000.000000000000000 ) ;
#3251 = DIRECTION ( 'NONE',  ( -1.000000000000000000, -0.000000000000000000, -0.000000000000000000 ) ) ;
#3252 = CARTESIAN_POINT ( 'NONE',  ( 6.476999999999996760, 6.794499999999999318, -1.142999999999999572 ) ) ;
#3253 = ORIENTED_EDGE ( 'NONE', *, *, #293, .T. ) ;
#3254 = VERTEX_POINT ( 'NONE', #2517 ) ;
#3255 = VECTOR ( 'NONE', #2558, 1000.000000000000000 ) ;
#3256 = EDGE_CURVE ( 'NONE', #5129, #2181, #4888, .T. ) ;
#3257 = LINE ( 'NONE', #2097, #5787 ) ;
#3258 = LINE ( 'NONE', #5683, #1030 ) ;
#3259 = LINE ( 'NONE', #1478, #6044 ) ;
#3260 = CARTESIAN_POINT ( 'NONE',  ( 9.715500000000002245, 7.492999999999999439, -2.095500000000001695 ) ) ;
#3261 = CLOSED_SHELL ( 'NONE', ( #3041, #2162, #5847, #7079, #1046, #1590, #7476, #502, #7487, #1849, #5210, #6820, #435, #4882, #5328, #5782, #680, #215, #2273, #5265, #2588, #7572, #5953, #6388, #167, #17, #6666, #1225 ) ) ;
#3262 = ORIENTED_EDGE ( 'NONE', *, *, #7676, .F. ) ;
#3263 = ORIENTED_EDGE ( 'NONE', *, *, #2402, .F. ) ;
#3264 = DIRECTION ( 'NONE',  ( 1.000000000000000000, 0.000000000000000000, -0.000000000000000000 ) ) ;
#3265 = VECTOR ( 'NONE', #6856, 1000.000000000000000 ) ;
#3266 = ADVANCED_FACE ( 'NONE', ( #2562 ), #5359, .F. ) ;
#3267 = CARTESIAN_POINT ( 'NONE',  ( 8.508999999999998565, 6.222999999999998977, -1.650999999999998913 ) ) ;
#3268 = CARTESIAN_POINT ( 'NONE',  ( -10.15999999999999837, 0.3809999999999992837, 2.501899999999999125 ) ) ;
#3269 = FACE_OUTER_BOUND ( 'NONE', #1886, .T. ) ;
#3270 = ORIENTED_EDGE ( 'NONE', *, *, #1899, .T. ) ;
#3271 = AXIS2_PLACEMENT_3D ( 'NONE', #3964, #7012, #1601 ) ;
#3272 = LINE ( 'NONE', #5659, #7226 ) ;
#3273 = ORIENTED_EDGE ( 'NONE', *, *, #3922, .T. ) ;
#3274 = FACE_OUTER_BOUND ( 'NONE', #7224, .T. ) ;
#3275 = VECTOR ( 'NONE', #298, 1000.000000000000000 ) ;
#3276 = ADVANCED_FACE ( 'NONE', ( #5522 ), #945, .F. ) ;
#3277 = DIRECTION ( 'NONE',  ( 0.000000000000000000, -0.000000000000000000, -1.000000000000000000 ) ) ;
#3278 = ADVANCED_FACE ( 'NONE', ( #2092 ), #1429, .T. ) ;
#3279 = DIRECTION ( 'NONE',  ( -0.000000000000000000, -0.7071067811865491270, -0.7071067811865460184 ) ) ;
#3280 = APPLICATION_CONTEXT ( 'automotive_design' ) ;
#3281 = LINE ( 'NONE', #2626, #1044 ) ;
#3282 = ITEM_DEFINED_TRANSFORMATION ( 'NONE', 'NONE', #6383,  #7126 ) ;
#3283 = DIRECTION ( 'NONE',  ( 0.000000000000000000, 1.138269997360111548E-15, 1.000000000000000000 ) ) ;
#3284 = VECTOR ( 'NONE', #4653, 1000.000000000000000 ) ;
#3285 = VERTEX_POINT ( 'NONE', #6219 ) ;
#3286 = ORIENTED_EDGE ( 'NONE', *, *, #5428, .F. ) ;
#3287 = FILL_AREA_STYLE ('',( #7443 ) ) ;
#3288 = DIRECTION ( 'NONE',  ( 0.5773502691896273964, 0.5773502691896237327, -0.5773502691896261751 ) ) ;
#3289 = AXIS2_PLACEMENT_3D ( 'NONE', #7418, #3981, #6303 ) ;
#3290 = DIRECTION ( 'NONE',  ( 1.000000000000000000, 0.000000000000000000, 0.000000000000000000 ) ) ;
#3291 = FACE_OUTER_BOUND ( 'NONE', #3548, .T. ) ;
#3292 = CARTESIAN_POINT ( 'NONE',  ( 5.968999999999998529, 6.222999999999998977, -1.650999999999998913 ) ) ;
#3293 = DIRECTION ( 'NONE',  ( 0.000000000000000000, 1.733406087350420004E-16, -1.000000000000000000 ) ) ;
#3294 = ORIENTED_EDGE ( 'NONE', *, *, #6590, .T. ) ;
#3295 = EDGE_CURVE ( 'NONE', #1633, #7015, #5675, .T. ) ;
#3296 = VERTEX_POINT ( 'NONE', #905 ) ;
#3297 = VECTOR ( 'NONE', #4874, 1000.000000000000000 ) ;
#3298 = AXIS2_PLACEMENT_3D ( 'NONE', #4765, #4258, #1309 ) ;
#3299 = CARTESIAN_POINT ( 'NONE',  ( -6.731000000000000760, 6.222999999999998977, -0.8889999999999987912 ) ) ;
#3300 = CARTESIAN_POINT ( 'NONE',  ( 0.8889999999999991243, 6.222999999999998977, 0.8890000000000011227 ) ) ;
#3301 = VECTOR ( 'NONE', #368, 1000.000000000000000 ) ;
#3302 = PLANE ( 'NONE',  #208 ) ;
#3303 = ORIENTED_EDGE ( 'NONE', *, *, #3216, .T. ) ;
#3304 = EDGE_CURVE ( 'NONE', #668, #3713, #2674, .T. ) ;
#3305 = VERTEX_POINT ( 'NONE', #794 ) ;
#3306 = VECTOR ( 'NONE', #1014, 1000.000000000000000 ) ;
#3307 = LINE ( 'NONE', #6989, #854 ) ;
#3308 = VECTOR ( 'NONE', #5757, 1000.000000000000114 ) ;
#3309 = PLANE ( 'NONE',  #665 ) ;
#3310 = CARTESIAN_POINT ( 'NONE',  ( 2.540000000000002256, 0.3809999999999999498, -2.501900000000000901 ) ) ;
#3311 = CARTESIAN_POINT ( 'NONE',  ( 4.190999999999998948, 7.048499999999997989, -1.650999999999998691 ) ) ;
#3312 = ORIENTED_EDGE ( 'NONE', *, *, #980, .F. ) ;
#3313 = LINE ( 'NONE', #7504, #7375 ) ;
#3314 = ORIENTED_EDGE ( 'NONE', *, *, #4228, .F. ) ;
#3315 = EDGE_CURVE ( 'NONE', #4511, #2686, #6759, .T. ) ;
#3316 = PLANE ( 'NONE',  #7477 ) ;
#3317 = CARTESIAN_POINT ( 'NONE',  ( -1.651000000000001355, 7.048499999999997101, 0.8890000000000012337 ) ) ;
#3318 = UNCERTAINTY_MEASURE_WITH_UNIT (LENGTH_MEASURE( 1.000000000000000082E-05 ), #4299, 'distance_accuracy_value', 'NONE');
#3319 = CONTEXT_DEPENDENT_SHAPE_REPRESENTATION ( #5527, #4944 ) ;
#3320 = VECTOR ( 'NONE', #7307, 1000.000000000000000 ) ;
#3321 = DIRECTION ( 'NONE',  ( 0.000000000000000000, 0.000000000000000000, -1.000000000000000000 ) ) ;
#3322 = VECTOR ( 'NONE', #1740, 1000.000000000000114 ) ;
#3323 = ADVANCED_FACE ( 'NONE', ( #7331 ), #6179, .F. ) ;
#3324 = ADVANCED_FACE ( 'NONE', ( #2745 ), #4418, .F. ) ;
#3325 = ORIENTED_EDGE ( 'NONE', *, *, #836, .F. ) ;
#3326 = EDGE_LOOP ( 'NONE', ( #7573, #734, #5995, #1917 ) ) ;
#3327 = CARTESIAN_POINT ( 'NONE',  ( 3.428999999999999826, 7.048499999999997101, 1.651000000000001355 ) ) ;
#3328 = DIRECTION ( 'NONE',  ( 1.000000000000000000, 0.000000000000000000, 0.000000000000000000 ) ) ;
#3329 = DIRECTION ( 'NONE',  ( 0.000000000000000000, 0.9659258262890699775, 0.2588190451025143002 ) ) ;
#3330 = FACE_OUTER_BOUND ( 'NONE', #5649, .T. ) ;
#3331 = LINE ( 'NONE', #5605, #4490 ) ;
#3332 = CARTESIAN_POINT ( 'NONE',  ( 5.524499999999994415, 7.492999999999998550, 0.4444999999999979523 ) ) ;
#3333 = EDGE_CURVE ( 'NONE', #3909, #301, #5000, .T. ) ;
#3334 = EDGE_LOOP ( 'NONE', ( #1288, #3120, #3840, #484 ) ) ;
#3335 = VECTOR ( 'NONE', #2298, 1000.000000000000000 ) ;
#3336 = PRODUCT_DEFINITION_SHAPE ( 'NONE', 'NONE',  #7698 ) ;
#3337 = VERTEX_POINT ( 'NONE', #3214 ) ;
#3338 = LINE ( 'NONE', #2129, #1313 ) ;
#3339 = DIRECTION ( 'NONE',  ( -0.000000000000000000, -1.000000000000000000, 1.224646799147353700E-16 ) ) ;
#3340 = DIRECTION ( 'NONE',  ( 0.000000000000000000, 1.422837496700139336E-15, -1.000000000000000000 ) ) ;
#3341 = CARTESIAN_POINT ( 'NONE',  ( 2.540000000000002256, 0.3809999999999993947, -2.120900000000001562 ) ) ;
#3342 = ORIENTED_EDGE ( 'NONE', *, *, #7529, .T. ) ;
#3343 = ORIENTED_EDGE ( 'NONE', *, *, #4830, .F. ) ;
#3344 = AXIS2_PLACEMENT_3D ( 'NONE', #4688, #2281, #1187 ) ;
#3345 = DIRECTION ( 'NONE',  ( 0.000000000000000000, -1.422837496700139533E-15, 1.000000000000000000 ) ) ;
#3346 = DIRECTION ( 'NONE',  ( 1.000000000000000000, 0.000000000000000000, -0.000000000000000000 ) ) ;
#3347 = EDGE_CURVE ( 'NONE', #3006, #4207, #6800, .T. ) ;
#3348 = LINE ( 'NONE', #2177, #6415 ) ;
#3349 = EDGE_CURVE ( 'NONE', #139, #3485, #3865, .T. ) ;
#3350 = VECTOR ( 'NONE', #3101, 1000.000000000000000 ) ;
#3351 = VERTEX_POINT ( 'NONE', #4378 ) ;
#3352 = LINE ( 'NONE', #6890, #3655 ) ;
#3353 = VERTEX_POINT ( 'NONE', #2712 ) ;
#3354 = CARTESIAN_POINT ( 'NONE',  ( -4.191000000000000725, 6.222999999999998977, -0.8889999999999987912 ) ) ;
#3355 = ORIENTED_EDGE ( 'NONE', *, *, #4041, .T. ) ;
#3356 = CARTESIAN_POINT ( 'NONE',  ( -6.731000000000000760, 7.048499999999997101, 1.651000000000001355 ) ) ;
#3357 = DIRECTION ( 'NONE',  ( 1.000000000000000000, 0.000000000000000000, -0.000000000000000000 ) ) ;
#3358 = EDGE_CURVE ( 'NONE', #6236, #2836, #1469, .T. ) ;
#3359 = CARTESIAN_POINT ( 'NONE',  ( 0.3047999999999999599, 0.8889999999999995683, -1.714499999999999913 ) ) ;
#3360 = ORIENTED_EDGE ( 'NONE', *, *, #1091, .F. ) ;
#3361 = ORIENTED_EDGE ( 'NONE', *, *, #2136, .F. ) ;
#3362 = CARTESIAN_POINT ( 'NONE',  ( -0.4444999999999987295, 7.492999999999999439, -2.095500000000001695 ) ) ;
#3363 = DIRECTION ( 'NONE',  ( -1.000000000000000000, 0.000000000000000000, 0.000000000000000000 ) ) ;
#3364 = EDGE_CURVE ( 'NONE', #1517, #6336, #3179, .T. ) ;
#3365 = LINE ( 'NONE', #5740, #7400 ) ;
#3366 = PRESENTATION_LAYER_ASSIGNMENT (  '', '', ( #4225 ) ) ;
#3367 = CARTESIAN_POINT ( 'NONE',  ( -2.539999999999998703, 7.492999999999999439, -2.501900000000000901 ) ) ;
#3368 = CARTESIAN_POINT ( 'NONE',  ( 4.190999999999998948, 6.222999999999998977, -0.8889999999999987912 ) ) ;
#3369 = PLANE ( 'NONE',  #441 ) ;
#3370 = ORIENTED_EDGE ( 'NONE', *, *, #3864, .F. ) ;
#3371 = EDGE_LOOP ( 'NONE', ( #96, #6337, #1402, #3263 ) ) ;
#3372 = EDGE_CURVE ( 'NONE', #2248, #4006, #3331, .T. ) ;
#3373 = LINE ( 'NONE', #4609, #7134 ) ;
#3374 = CARTESIAN_POINT ( 'NONE',  ( -7.619999999999998330, 0.3809999999999988396, 2.120899999999999785 ) ) ;
#3375 = FACE_OUTER_BOUND ( 'NONE', #3326, .T. ) ;
#3376 = ORIENTED_EDGE ( 'NONE', *, *, #1445, .T. ) ;
#3377 = CIRCLE ( 'NONE', #3493, 0.6731000000000002537 ) ;
#3378 = ORIENTED_EDGE ( 'NONE', *, *, #4228, .T. ) ;
#3379 = CARTESIAN_POINT ( 'NONE',  ( 9.270999999999997243, 7.048499999999997989, -1.650999999999998691 ) ) ;
#3380 = CARTESIAN_POINT ( 'NONE',  ( 8.508999999999998565, 6.222999999999998977, 1.651000000000001133 ) ) ;
#3381 = CARTESIAN_POINT ( 'NONE',  ( 2.984499999999995712, 7.492999999999999439, -2.501900000000000901 ) ) ;
#3382 = ORIENTED_EDGE ( 'NONE', *, *, #5241, .T. ) ;
#3383 = DIRECTION ( 'NONE',  ( 0.000000000000000000, -1.000000000000000000, 2.082201214683127315E-16 ) ) ;
#3384 = EDGE_LOOP ( 'NONE', ( #4983, #28, #2446, #4958 ) ) ;
#3385 = VECTOR ( 'NONE', #511, 1000.000000000000000 ) ;
#3386 = EDGE_CURVE ( 'NONE', #2658, #5261, #2636, .T. ) ;
#3387 = DIRECTION ( 'NONE',  ( -1.000000000000000000, 0.000000000000000000, 0.000000000000000000 ) ) ;
#3388 = CARTESIAN_POINT ( 'NONE',  ( -8.064499999999998892, 7.492999999999999439, -2.501900000000000901 ) ) ;
#3389 = DIRECTION ( 'NONE',  ( 0.000000000000000000, -0.9659258262890700886, 0.2588190451025143002 ) ) ;
#3390 = DIRECTION ( 'NONE',  ( 1.000000000000000000, 0.000000000000000000, 0.000000000000000000 ) ) ;
#3391 = ORIENTED_EDGE ( 'NONE', *, *, #1688, .T. ) ;
#3392 = EDGE_CURVE ( 'NONE', #3443, #1525, #2059, .T. ) ;
#3393 = VERTEX_POINT ( 'NONE', #5113 ) ;
#3394 = CARTESIAN_POINT ( 'NONE',  ( -0.3047999999999999599, 0.2539999999999993929, -3.302000000000000046 ) ) ;
#3395 = DIRECTION ( 'NONE',  ( 0.000000000000000000, -1.138269997360111548E-15, -1.000000000000000000 ) ) ;
#3396 = ORIENTED_EDGE ( 'NONE', *, *, #4762, .F. ) ;
#3397 = VECTOR ( 'NONE', #2765, 1000.000000000000114 ) ;
#3398 = VECTOR ( 'NONE', #2253, 1000.000000000000000 ) ;
#3399 = DIRECTION ( 'NONE',  ( 0.000000000000000000, -0.000000000000000000, -1.000000000000000000 ) ) ;
#3400 = AXIS2_PLACEMENT_3D ( 'NONE', #5460, #6585, #3079 ) ;
#3401 = CARTESIAN_POINT ( 'NONE',  ( -8.509000000000002117, 6.222999999999998977, -0.8889999999999987912 ) ) ;
#3402 = CARTESIAN_POINT ( 'NONE',  ( -7.619999999999998330, 7.492999999999999439, -2.501900000000000901 ) ) ;
#3403 = ORIENTED_EDGE ( 'NONE', *, *, #3347, .F. ) ;
#3404 = ADVANCED_FACE ( 'NONE', ( #5568 ), #362, .F. ) ;
#3405 = EDGE_LOOP ( 'NONE', ( #1420, #4371, #5815, #7416, #5688, #5335, #1968, #1242 ) ) ;
#3406 = AXIS2_PLACEMENT_3D ( 'NONE', #7075, #1670, #5285 ) ;
#3407 = VECTOR ( 'NONE', #6649, 1000.000000000000000 ) ;
#3408 = CARTESIAN_POINT ( 'NONE',  ( 7.620000000000001883, 0.8889999999999985691, 1.984781810244993228 ) ) ;
#3409 = LINE ( 'NONE', #2906, #5156 ) ;
#3410 = LINE ( 'NONE', #5792, #3431 ) ;
#3411 = DIRECTION ( 'NONE',  ( -0.7071067811865456854, -0.7071067811865494601, -1.225703198915526333E-16 ) ) ;
#3412 = EDGE_LOOP ( 'NONE', ( #329, #7254, #4706, #4436 ) ) ;
#3413 = EDGE_CURVE ( 'NONE', #6077, #4860, #2199, .T. ) ;
#3414 = VERTEX_POINT ( 'NONE', #3944 ) ;
#3415 = EDGE_CURVE ( 'NONE', #7309, #5578, #2272, .T. ) ;
#3416 = VECTOR ( 'NONE', #6561, 1000.000000000000000 ) ;
#3417 = AXIS2_PLACEMENT_3D ( 'NONE', #4685, #4060, #6411 ) ;
#3418 = CARTESIAN_POINT ( 'NONE',  ( -3.429000000000002490, 7.048499999999997101, 0.8890000000000012337 ) ) ;
#3419 = FACE_OUTER_BOUND ( 'NONE', #5342, .T. ) ;
#3420 = CARTESIAN_POINT ( 'NONE',  ( 10.41399999999999970, 0.8889999999999985691, 1.984781810244993228 ) ) ;
#3421 = CARTESIAN_POINT ( 'NONE',  ( -8.509000000000002117, 7.048499999999997101, 0.8890000000000012337 ) ) ;
#3422 = ORIENTED_EDGE ( 'NONE', *, *, #383, .T. ) ;
#3423 = DIRECTION ( 'NONE',  ( 0.000000000000000000, -0.9659258262890699775, -0.2588190451025143002 ) ) ;
#3424 = EDGE_LOOP ( 'NONE', ( #1966, #1047, #2306, #6722 ) ) ;
#3425 = CARTESIAN_POINT ( 'NONE',  ( -0.8890000000000026770, 7.048499999999997101, 1.651000000000001355 ) ) ;
#3426 = CARTESIAN_POINT ( 'NONE',  ( -5.079999999999997407, 0.3809999999999992837, 2.501899999999999125 ) ) ;
#3427 = PLANE ( 'NONE',  #2760 ) ;
#3428 = DIRECTION ( 'NONE',  ( -0.000000000000000000, 1.000000000000000000, 1.422837496700138942E-15 ) ) ;
#3429 = EDGE_CURVE ( 'NONE', #4094, #3006, #1696, .T. ) ;
#3430 = VERTEX_POINT ( 'NONE', #5264 ) ;
#3431 = VECTOR ( 'NONE', #2833, 1000.000000000000000 ) ;
#3432 = VECTOR ( 'NONE', #549, 1000.000000000000000 ) ;
#3433 = ORIENTED_EDGE ( 'NONE', *, *, #3833, .F. ) ;
#3434 = LINE ( 'NONE', #1730, #84 ) ;
#3435 = EDGE_LOOP ( 'NONE', ( #3742, #6199, #5448, #837 ) ) ;
#3436 = DIRECTION ( 'NONE',  ( 0.000000000000000000, -0.9659258262890699775, -0.2588190451025143002 ) ) ;
#3437 = EDGE_CURVE ( 'NONE', #5578, #4025, #470, .T. ) ;
#3438 = VECTOR ( 'NONE', #3244, 1000.000000000000000 ) ;
#3439 = EDGE_CURVE ( 'NONE', #1094, #3790, #5152, .T. ) ;
#3440 = DIRECTION ( 'NONE',  ( 0.000000000000000000, -1.422837496700139336E-15, 1.000000000000000000 ) ) ;
#3441 = CARTESIAN_POINT ( 'NONE',  ( -9.271000000000000796, 6.222999999999998977, 1.651000000000001133 ) ) ;
#3442 = ORIENTED_EDGE ( 'NONE', *, *, #6438, .F. ) ;
#3443 = VERTEX_POINT ( 'NONE', #2860 ) ;
#3444 = CARTESIAN_POINT ( 'NONE',  ( -6.223000000000002530, 6.794499999999999318, -1.142999999999999572 ) ) ;
#3445 = VECTOR ( 'NONE', #3629, 1000.000000000000114 ) ;
#3446 = FACE_OUTER_BOUND ( 'NONE', #4781, .T. ) ;
#3447 = CARTESIAN_POINT ( 'NONE',  ( 2.540000000000002256, 0.8889999999999989022, -1.984781810244995004 ) ) ;
#3448 = PLANE ( 'NONE',  #1704 ) ;
#3449 = EDGE_CURVE ( 'NONE', #1347, #558, #5188, .T. ) ;
#3450 = PLANE ( 'NONE',  #354 ) ;
#3451 = AXIS2_PLACEMENT_3D ( 'NONE', #2225, #1041, #4037 ) ;
#3452 = VERTEX_POINT ( 'NONE', #979 ) ;
#3453 = ORIENTED_EDGE ( 'NONE', *, *, #251, .T. ) ;
#3454 = LINE ( 'NONE', #1560, #5894 ) ;
#3455 = LINE ( 'NONE', #487, #2284 ) ;
#3456 = LINE ( 'NONE', #3925, #3308 ) ;
#3457 = EDGE_CURVE ( 'NONE', #5524, #1758, #5822, .T. ) ;
#3458 = DIRECTION ( 'NONE',  ( 0.000000000000000000, -0.9659258262890699775, -0.2588190451025143002 ) ) ;
#3459 = DIRECTION ( 'NONE',  ( 1.000000000000000000, 0.000000000000000000, 0.000000000000000000 ) ) ;
#3460 = EDGE_LOOP ( 'NONE', ( #5745, #1861, #206, #6802, #6302, #4161, #2949, #372 ) ) ;
#3461 = DIRECTION ( 'NONE',  ( 0.000000000000000000, 0.9659258262890699775, 0.2588190451025143002 ) ) ;
#3462 = VECTOR ( 'NONE', #3770, 1000.000000000000000 ) ;
#3463 = LINE ( 'NONE', #7622, #218 ) ;
#3464 = DIRECTION ( 'NONE',  ( 1.000000000000000000, 0.000000000000000000, 0.000000000000000000 ) ) ;
#3465 = CARTESIAN_POINT ( 'NONE',  ( -2.539999999999997815, 0.3809999999999988396, 2.120899999999999785 ) ) ;
#3466 = EDGE_CURVE ( 'NONE', #5123, #1201, #6905, .T. ) ;
#3467 = CARTESIAN_POINT ( 'NONE',  ( 7.620000000000001883, 0.3809999999999988396, 2.120899999999999785 ) ) ;
#3468 = ORIENTED_EDGE ( 'NONE', *, *, #1890, .F. ) ;
#3469 = EDGE_LOOP ( 'NONE', ( #1452, #4815, #6785, #427 ) ) ;
#3470 = ORIENTED_EDGE ( 'NONE', *, *, #7455, .T. ) ;
#3471 = DIRECTION ( 'NONE',  ( 0.000000000000000000, -1.000000000000000000, -2.439149994343092652E-16 ) ) ;
#3472 = EDGE_LOOP ( 'NONE', ( #6669, #5362, #3124, #6994, #2413, #73, #1289, #5500 ) ) ;
#3473 = PLANE ( 'NONE',  #6165 ) ;
#3474 = CARTESIAN_POINT ( 'NONE',  ( -0.8890000000000026770, 6.222999999999998977, 1.651000000000001133 ) ) ;
#3475 = DIRECTION ( 'NONE',  ( 1.000000000000000000, 0.000000000000000000, 0.000000000000000000 ) ) ;
#3476 = EDGE_LOOP ( 'NONE', ( #86, #729, #3433, #2542 ) ) ;
#3477 = VERTEX_POINT ( 'NONE', #5312 ) ;
#3478 = LINE ( 'NONE', #4096, #6859 ) ;
#3479 = ADVANCED_FACE ( 'NONE', ( #1096 ), #6949, .F. ) ;
#3480 = COLOUR_RGB ( '',0.2509803921568627416, 0.2509803921568627416, 0.2509803921568627416 ) ;
#3481 = FACE_OUTER_BOUND ( 'NONE', #2448, .T. ) ;
#3482 = CARTESIAN_POINT ( 'NONE',  ( -4.191000000000000725, 6.222999999999998977, -0.8889999999999987912 ) ) ;
#3483 = CARTESIAN_POINT ( 'NONE',  ( 2.540000000000002256, 0.3809999999999993947, -2.120900000000001562 ) ) ;
#3484 = CARTESIAN_POINT ( 'NONE',  ( -1.651000000000001355, 7.048499999999997101, 0.8890000000000012337 ) ) ;
#3485 = VERTEX_POINT ( 'NONE', #7522 ) ;
#3486 = ORIENTED_EDGE ( 'NONE', *, *, #4635, .F. ) ;
#3487 = EDGE_CURVE ( 'NONE', #5773, #6850, #3975, .T. ) ;
#3488 = DIRECTION ( 'NONE',  ( 0.5773502691896270633, 0.5773502691896240657, -0.5773502691896261751 ) ) ;
#3489 = FACE_OUTER_BOUND ( 'NONE', #7162, .T. ) ;
#3490 = CARTESIAN_POINT ( 'NONE',  ( 3.428999999999999826, 6.222999999999998977, -1.650999999999998913 ) ) ;
#3491 = LINE ( 'NONE', #5367, #1702 ) ;
#3492 = VERTEX_POINT ( 'NONE', #7634 ) ;
#3493 = AXIS2_PLACEMENT_3D ( 'NONE', #7198, #1845, #6589 ) ;
#3494 = FACE_OUTER_BOUND ( 'NONE', #5936, .T. ) ;
#3495 = ORIENTED_EDGE ( 'NONE', *, *, #2437, .F. ) ;
#3496 = COLOUR_RGB ( '',0.2509803921568627416, 0.2509803921568627416, 0.2509803921568627416 ) ;
#3497 = CIRCLE ( 'NONE', #2380, 0.1269999999999999463 ) ;
#3498 = CARTESIAN_POINT ( 'NONE',  ( 8.508999999999998565, 6.222999999999998977, -1.650999999999998913 ) ) ;
#3499 = ADVANCED_FACE ( 'NONE', ( #6332 ), #4598, .F. ) ;
#3500 = CARTESIAN_POINT ( 'NONE',  ( -5.969000000000002082, 6.222999999999998977, 1.651000000000001133 ) ) ;
#3501 = PLANE ( 'NONE',  #3142 ) ;
#3502 = CARTESIAN_POINT ( 'NONE',  ( -10.41399999999999970, 0.3809999999999988396, 2.120899999999999785 ) ) ;
#3503 = DIRECTION ( 'NONE',  ( 0.000000000000000000, 1.000000000000000000, 0.000000000000000000 ) ) ;
#3504 = VERTEX_POINT ( 'NONE', #2896 ) ;
#3505 = VERTEX_POINT ( 'NONE', #3474 ) ;
#3506 = ORIENTED_EDGE ( 'NONE', *, *, #4584, .T. ) ;
#3507 = EDGE_CURVE ( 'NONE', #3183, #7637, #5858, .T. ) ;
#3508 = EDGE_CURVE ( 'NONE', #7004, #4236, #4679, .T. ) ;
#3509 = CARTESIAN_POINT ( 'NONE',  ( 1.734723475976807094E-15, 0.8889999999999989022, -1.984781810244995004 ) ) ;
#3510 = EDGE_LOOP ( 'NONE', ( #5382, #1354, #4549, #4931 ) ) ;
#3511 = CARTESIAN_POINT ( 'NONE',  ( 7.620000000000001883, 0.3809999999999993947, -2.120900000000001562 ) ) ;
#3512 = CARTESIAN_POINT ( 'NONE',  ( 10.15999999999999837, 7.492999999999999439, -2.501900000000000901 ) ) ;
#3513 = VECTOR ( 'NONE', #5461, 1000.000000000000000 ) ;
#3514 = CARTESIAN_POINT ( 'NONE',  ( 3.428999999999999826, 7.048499999999997989, -1.650999999999998691 ) ) ;
#3515 = AXIS2_PLACEMENT_3D ( 'NONE', #1763, #5341, #654 ) ;
#3516 = ORIENTED_EDGE ( 'NONE', *, *, #6105, .T. ) ;
#3517 = ORIENTED_EDGE ( 'NONE', *, *, #79, .F. ) ;
#3518 = LINE ( 'NONE', #1224, #4357 ) ;
#3519 = VECTOR ( 'NONE', #6503, 1000.000000000000000 ) ;
#3520 = VECTOR ( 'NONE', #2690, 1000.000000000000000 ) ;
#3521 = VECTOR ( 'NONE', #769, 1000.000000000000000 ) ;
#3522 = SURFACE_SIDE_STYLE ('',( #1140 ) ) ;
#3523 = DIRECTION ( 'NONE',  ( 0.5773502691896273964, 0.5773502691896237327, -0.5773502691896261751 ) ) ;
#3524 = FACE_OUTER_BOUND ( 'NONE', #1471, .T. ) ;
#3525 = DIRECTION ( 'NONE',  ( -1.000000000000000000, -0.000000000000000000, -0.000000000000000000 ) ) ;
#3526 = EDGE_CURVE ( 'NONE', #2790, #1633, #1135, .T. ) ;
#3527 = VECTOR ( 'NONE', #5289, 1000.000000000000000 ) ;
#3528 = VERTEX_POINT ( 'NONE', #1652 ) ;
#3529 = VECTOR ( 'NONE', #2216, 1000.000000000000000 ) ;
#3530 = VECTOR ( 'NONE', #1751, 1000.000000000000000 ) ;
#3531 = EDGE_LOOP ( 'NONE', ( #3635, #265, #6158, #2069 ) ) ;
#3532 = FACE_OUTER_BOUND ( 'NONE', #4486, .T. ) ;
#3533 = PLANE ( 'NONE',  #3024 ) ;
#3534 = LINE ( 'NONE', #4695, #1944 ) ;
#3535 = LINE ( 'NONE', #7691, #4663 ) ;
#3536 = EDGE_CURVE ( 'NONE', #7588, #3103, #4091, .T. ) ;
#3537 = PLANE ( 'NONE',  #1539 ) ;
#3538 = ORIENTED_EDGE ( 'NONE', *, *, #1000, .F. ) ;
#3539 = AXIS2_PLACEMENT_3D ( 'NONE', #5445, #1856, #6642 ) ;
#3540 = CARTESIAN_POINT ( 'NONE',  ( 3.428999999999999826, 6.222999999999998977, -1.650999999999998913 ) ) ;
#3541 = LINE ( 'NONE', #1799, #1667 ) ;
#3542 = FILL_AREA_STYLE_COLOUR ( '', #6000 ) ;
#3543 = CARTESIAN_POINT ( 'NONE',  ( -8.509000000000002117, 6.222999999999998977, 1.651000000000001133 ) ) ;
#3544 = PRODUCT_DEFINITION_CONTEXT ( 'detailed design', #5424, 'design' ) ;
#3545 = VECTOR ( 'NONE', #7409, 1000.000000000000000 ) ;
#3546 = EDGE_CURVE ( 'NONE', #2032, #678, #5895, .T. ) ;
#3547 = DIRECTION ( 'NONE',  ( -0.000000000000000000, 0.000000000000000000, 1.000000000000000000 ) ) ;
#3548 = EDGE_LOOP ( 'NONE', ( #614, #6476, #5439, #4748 ) ) ;
#3549 = EDGE_LOOP ( 'NONE', ( #4930, #4833, #972, #684, #5962, #5490, #4364, #3191 ) ) ;
#3550 = LINE ( 'NONE', #584, #6738 ) ;
#3551 = VECTOR ( 'NONE', #6153, 1000.000000000000000 ) ;
#3552 = FACE_OUTER_BOUND ( 'NONE', #1728, .T. ) ;
#3553 = ORIENTED_EDGE ( 'NONE', *, *, #844, .T. ) ;
#3554 = CARTESIAN_POINT ( 'NONE',  ( -5.969000000000002082, 6.222999999999998977, -0.8889999999999987912 ) ) ;
#3555 = EDGE_CURVE ( 'NONE', #5868, #6292, #7672, .T. ) ;
#3556 = SURFACE_STYLE_FILL_AREA ( #7130 ) ;
#3557 = ADVANCED_FACE ( 'NONE', ( #5966 ), #4292, .F. ) ;
#3558 = MANIFOLD_SOLID_BREP ( 'LPattern1[7]', #6266 ) ;
#3559 = PLANE ( 'NONE',  #4677 ) ;
#3560 = VERTEX_POINT ( 'NONE', #4876 ) ;
#3561 = EDGE_LOOP ( 'NONE', ( #5542, #6049, #64, #3093 ) ) ;
#3562 = DIRECTION ( 'NONE',  ( 0.000000000000000000, 1.000000000000000000, 0.000000000000000000 ) ) ;
#3563 = VECTOR ( 'NONE', #3063, 1000.000000000000000 ) ;
#3564 = CARTESIAN_POINT ( 'NONE',  ( 5.080000000000002736, 7.492999999999999439, -2.095500000000001695 ) ) ;
#3565 = FACE_OUTER_BOUND ( 'NONE', #6114, .T. ) ;
#3566 = EDGE_CURVE ( 'NONE', #2429, #5483, #590, .T. ) ;
#3567 = DIRECTION ( 'NONE',  ( -0.000000000000000000, 0.2588190451025143002, 0.9659258262890700886 ) ) ;
#3568 = VECTOR ( 'NONE', #2720, 1000.000000000000000 ) ;
#3569 = EDGE_LOOP ( 'NONE', ( #3066, #4398, #973, #365 ) ) ;
#3570 = ORIENTED_EDGE ( 'NONE', *, *, #3449, .T. ) ;
#3571 = DIRECTION ( 'NONE',  ( -1.000000000000000000, -0.000000000000000000, -0.000000000000000000 ) ) ;
#3572 = DIRECTION ( 'NONE',  ( 1.000000000000000000, 0.000000000000000000, 0.000000000000000000 ) ) ;
#3573 = DIRECTION ( 'NONE',  ( -1.000000000000000000, 0.000000000000000000, 0.000000000000000000 ) ) ;
#3574 = VECTOR ( 'NONE', #2768, 1000.000000000000000 ) ;
#3575 = CARTESIAN_POINT ( 'NONE',  ( -10.15999999999999837, 0.8889999999999989022, -1.984781810244995004 ) ) ;
#3576 = CARTESIAN_POINT ( 'NONE',  ( -1.651000000000001355, 6.222999999999998977, -1.650999999999998913 ) ) ;
#3577 = ORIENTED_EDGE ( 'NONE', *, *, #4575, .F. ) ;
#3578 = ORIENTED_EDGE ( 'NONE', *, *, #7242, .F. ) ;
#3579 = CARTESIAN_POINT ( 'NONE',  ( 0.3047999999999999599, 0.6731000000000003647, 2.387599999999999945 ) ) ;
#3580 = VERTEX_POINT ( 'NONE', #4715 ) ;
#3581 = EDGE_CURVE ( 'NONE', #2603, #4569, #4166, .T. ) ;
#3582 = ADVANCED_FACE ( 'NONE', ( #4130 ), #5350, .F. ) ;
#3583 = CARTESIAN_POINT ( 'NONE',  ( 7.620000000000001883, 0.8889999999999989022, -1.984781810244995004 ) ) ;
#3584 = CARTESIAN_POINT ( 'NONE',  ( 0.3047999999999999599, 0.6731000000000003647, 2.387599999999999945 ) ) ;
#3585 = CARTESIAN_POINT ( 'NONE',  ( 8.508999999999998565, 6.222999999999998977, 1.651000000000001133 ) ) ;
#3586 = ORIENTED_EDGE ( 'NONE', *, *, #2296, .T. ) ;
#3587 = DIRECTION ( 'NONE',  ( 0.000000000000000000, 1.733406087350420004E-16, -1.000000000000000000 ) ) ;
#3588 = EDGE_LOOP ( 'NONE', ( #499, #2316, #7479, #157 ) ) ;
#3589 = EDGE_LOOP ( 'NONE', ( #1915, #7599, #4659, #3396 ) ) ;
#3590 = EDGE_CURVE ( 'NONE', #1157, #3022, #6527, .T. ) ;
#3591 = FACE_OUTER_BOUND ( 'NONE', #4046, .T. ) ;
#3592 = CARTESIAN_POINT ( 'NONE',  ( -0.3047999999999999599, 1.555301434917136362E-17, 3.302000000000000046 ) ) ;
#3593 = VECTOR ( 'NONE', #5054, 1000.000000000000114 ) ;
#3594 = VECTOR ( 'NONE', #6604, 1000.000000000000000 ) ;
#3595 = DIRECTION ( 'NONE',  ( 0.000000000000000000, -0.7071067811865485719, 0.7071067811865465735 ) ) ;
#3596 = EDGE_LOOP ( 'NONE', ( #4632, #4360, #175, #7537 ) ) ;
#3597 = DIRECTION ( 'NONE',  ( -1.000000000000000000, -0.000000000000000000, -0.000000000000000000 ) ) ;
#3598 = ORIENTED_EDGE ( 'NONE', *, *, #1999, .F. ) ;
#3599 = ORIENTED_EDGE ( 'NONE', *, *, #2150, .F. ) ;
#3600 = CARTESIAN_POINT ( 'NONE',  ( 8.064499999999995339, 7.492999999999999439, -2.501900000000000901 ) ) ;
#3601 = EDGE_CURVE ( 'NONE', #1919, #2541, #625, .T. ) ;
#3602 = DIRECTION ( 'NONE',  ( -0.7071067811865456854, -0.7071067811865494601, -1.225703198915526333E-16 ) ) ;
#3603 = CARTESIAN_POINT ( 'NONE',  ( 2.540000000000002256, 0.3809999999999988396, 2.120899999999999785 ) ) ;
#3604 = CARTESIAN_POINT ( 'NONE',  ( -7.175500000000004874, 7.492999999999998550, 2.095500000000003915 ) ) ;
#3605 = LINE ( 'NONE', #5976, #4841 ) ;
#3606 = VERTEX_POINT ( 'NONE', #120 ) ;
#3607 = ORIENTED_EDGE ( 'NONE', *, *, #2618, .F. ) ;
#3608 = EDGE_CURVE ( 'NONE', #2234, #2411, #4799, .T. ) ;
#3609 = EDGE_CURVE ( 'NONE', #4669, #6030, #6595, .T. ) ;
#3610 = CARTESIAN_POINT ( 'NONE',  ( 8.508999999999998565, 6.222999999999998977, -0.8889999999999987912 ) ) ;
#3611 = CARTESIAN_POINT ( 'NONE',  ( -7.619999999999998330, 0.8889999999999989022, -1.984781810244995004 ) ) ;
#3612 = LINE ( 'NONE', #4184, #7530 ) ;
#3613 = LINE ( 'NONE', #1360, #5813 ) ;
#3614 = DIRECTION ( 'NONE',  ( -1.000000000000000000, -0.000000000000000000, -0.000000000000000000 ) ) ;
#3615 = ORIENTED_EDGE ( 'NONE', *, *, #3864, .T. ) ;
#3616 = CARTESIAN_POINT ( 'NONE',  ( -10.15999999999999837, 0.3809999999999993947, -2.120900000000001562 ) ) ;
#3617 = VERTEX_POINT ( 'NONE', #5434 ) ;
#3618 = VECTOR ( 'NONE', #3503, 1000.000000000000000 ) ;
#3619 = CARTESIAN_POINT ( 'NONE',  ( -5.969000000000002082, 6.222999999999998977, -1.650999999999998913 ) ) ;
#3620 = DIRECTION ( 'NONE',  ( 0.5773502691896270633, 0.5773502691896240657, -0.5773502691896261751 ) ) ;
#3621 = CARTESIAN_POINT ( 'NONE',  ( -1.651000000000001355, 7.048499999999997989, -1.650999999999998691 ) ) ;
#3622 = EDGE_LOOP ( 'NONE', ( #5989, #6398, #6647, #6080 ) ) ;
#3623 = CARTESIAN_POINT ( 'NONE',  ( -7.619999999999998330, 0.8889999999999985691, 1.984781810244993228 ) ) ;
#3624 = ORIENTED_EDGE ( 'NONE', *, *, #1781, .F. ) ;
#3625 = VECTOR ( 'NONE', #5996, 1000.000000000000114 ) ;
#3626 = PRODUCT_RELATED_PRODUCT_CATEGORY ( 'part', '', ( #5584 ) ) ;
#3627 = EDGE_CURVE ( 'NONE', #4025, #5696, #3710, .T. ) ;
#3628 = LINE ( 'NONE', #5550, #5497 ) ;
#3629 = DIRECTION ( 'NONE',  ( 0.000000000000000000, -0.9659258262890699775, -0.2588190451025143002 ) ) ;
#3630 = CARTESIAN_POINT ( 'NONE',  ( -9.271000000000000796, 6.222999999999998977, 0.8890000000000011227 ) ) ;
#3631 = VECTOR ( 'NONE', #1681, 1000.000000000000114 ) ;
#3632 = DIRECTION ( 'NONE',  ( 1.000000000000000000, 0.000000000000000000, 0.000000000000000000 ) ) ;
#3633 = SURFACE_STYLE_USAGE ( .BOTH. , #706 ) ;
#3634 = MANIFOLD_SOLID_BREP ( 'Mirror1', #7350 ) ;
#3635 = ORIENTED_EDGE ( 'NONE', *, *, #5368, .T. ) ;
#3636 = DIRECTION ( 'NONE',  ( -1.000000000000000000, -0.000000000000000000, -0.000000000000000000 ) ) ;
#3637 = ADVANCED_FACE ( 'NONE', ( #1976 ), #1301, .T. ) ;
#3638 = ORIENTED_EDGE ( 'NONE', *, *, #7676, .T. ) ;
#3639 = ORIENTED_EDGE ( 'NONE', *, *, #7549, .T. ) ;
#3640 = VECTOR ( 'NONE', #7257, 1000.000000000000114 ) ;
#3641 = CARTESIAN_POINT ( 'NONE',  ( -5.079999999999997407, 7.492999999999999439, -2.501900000000000901 ) ) ;
#3642 = CARTESIAN_POINT ( 'NONE',  ( -8.763000000000003453, 6.794499999999999318, -1.142999999999999572 ) ) ;
#3643 = DIRECTION ( 'NONE',  ( 0.000000000000000000, -0.7071067811865492381, 0.7071067811865457964 ) ) ;
#3644 = CARTESIAN_POINT ( 'NONE',  ( 6.730999999999997208, 7.048499999999997989, -0.8889999999999986802 ) ) ;
#3645 = PLANE ( 'NONE',  #1738 ) ;
#3646 = ADVANCED_FACE ( 'NONE', ( #3855 ), #7440, .F. ) ;
#3647 = ORIENTED_EDGE ( 'NONE', *, *, #3609, .T. ) ;
#3648 = ORIENTED_EDGE ( 'NONE', *, *, #6985, .T. ) ;
#3649 = CARTESIAN_POINT ( 'NONE',  ( -4.191000000000000725, 7.048499999999997989, -0.8889999999999986802 ) ) ;
#3650 = VECTOR ( 'NONE', #4279, 1000.000000000000000 ) ;
#3651 = LINE ( 'NONE', #7038, #5262 ) ;
#3652 = DIRECTION ( 'NONE',  ( 0.000000000000000000, -1.092515224483717382E-16, 1.000000000000000000 ) ) ;
#3653 = CARTESIAN_POINT ( 'NONE',  ( -3.937000000000000277, 6.794499999999999318, -1.396999999999998243 ) ) ;
#3654 = CARTESIAN_POINT ( 'NONE',  ( 0.3047999999999999599, -3.611118645726065035E-32, -3.429000000000000270 ) ) ;
#3655 = VECTOR ( 'NONE', #4623, 1000.000000000000000 ) ;
#3656 = VECTOR ( 'NONE', #3572, 1000.000000000000000 ) ;
#3657 = ADVANCED_FACE ( 'NONE', ( #3240 ), #4919, .F. ) ;
#3658 = LINE ( 'NONE', #5915, #291 ) ;
#3659 = EDGE_CURVE ( 'NONE', #2778, #4428, #784, .T. ) ;
#3660 = EDGE_LOOP ( 'NONE', ( #6212, #4594, #1573, #5967 ) ) ;
#3661 = FACE_BOUND ( 'NONE', #4771, .T. ) ;
#3662 = ORIENTED_EDGE ( 'NONE', *, *, #3841, .F. ) ;
#3663 = VECTOR ( 'NONE', #396, 1000.000000000000000 ) ;
#3664 = DIRECTION ( 'NONE',  ( 0.5773502691896273964, -0.5773502691896236216, -0.5773502691896262862 ) ) ;
#3665 = PLANE ( 'NONE',  #5518 ) ;
#3666 = FACE_OUTER_BOUND ( 'NONE', #7155, .T. ) ;
#3667 = VECTOR ( 'NONE', #2237, 1000.000000000000000 ) ;
#3668 = PLANE ( 'NONE',  #2022 ) ;
#3669 = DIRECTION ( 'NONE',  ( 0.000000000000000000, -1.733406087350420004E-16, 1.000000000000000000 ) ) ;
#3670 = CARTESIAN_POINT ( 'NONE',  ( -5.079999999999997407, 7.492999999999999439, -2.501900000000000901 ) ) ;
#3671 = EDGE_CURVE ( 'NONE', #4669, #2030, #6291, .T. ) ;
#3672 = LINE ( 'NONE', #2503, #3297 ) ;
#3673 = SURFACE_STYLE_FILL_AREA ( #6632 ) ;
#3674 = CARTESIAN_POINT ( 'NONE',  ( 3.428999999999999826, 7.048499999999997989, -1.650999999999998691 ) ) ;
#3675 = ORIENTED_EDGE ( 'NONE', *, *, #6117, .T. ) ;
#3676 = ORIENTED_EDGE ( 'NONE', *, *, #7412, .F. ) ;
#3677 = LINE ( 'NONE', #125, #3255 ) ;
#3678 = EDGE_CURVE ( 'NONE', #5640, #5220, #1381, .T. ) ;
#3679 = ADVANCED_FACE ( 'NONE', ( #3745 ), #2590, .F. ) ;
#3680 = FILL_AREA_STYLE ('',( #1531 ) ) ;
#3681 = FACE_OUTER_BOUND ( 'NONE', #4351, .T. ) ;
#3682 = LINE ( 'NONE', #2058, #5052 ) ;
#3683 = DIRECTION ( 'NONE',  ( 0.000000000000000000, -0.9659258262890700886, 0.2588190451025143002 ) ) ;
#3684 = ORIENTED_EDGE ( 'NONE', *, *, #6229, .T. ) ;
#3685 = ORIENTED_EDGE ( 'NONE', *, *, #4027, .T. ) ;
#3686 = MANIFOLD_SOLID_BREP ( 'LPattern1[6]', #4110 ) ;
#3687 = VECTOR ( 'NONE', #6613, 1000.000000000000000 ) ;
#3688 = ADVANCED_FACE ( 'NONE', ( #2665 ), #859, .F. ) ;
#3689 = CARTESIAN_POINT ( 'NONE',  ( 1.650999999999998025, 6.222999999999998977, 1.651000000000001133 ) ) ;
#3690 = LINE ( 'NONE', #6650, #7006 ) ;
#3691 = LINE ( 'NONE', #6729, #6434 ) ;
#3692 = DIRECTION ( 'NONE',  ( 0.000000000000000000, 0.9659258262890700886, -0.2588190451025143002 ) ) ;
#3693 = EDGE_LOOP ( 'NONE', ( #456, #2303, #564, #7123, #6546, #2135, #630, #7282 ) ) ;
#3694 = ORIENTED_EDGE ( 'NONE', *, *, #6286, .T. ) ;
#3695 = CARTESIAN_POINT ( 'NONE',  ( 10.16000000000000192, 7.492999999999998550, 0.4444999999999978413 ) ) ;
#3696 = VECTOR ( 'NONE', #2044, 1000.000000000000000 ) ;
#3697 = EDGE_CURVE ( 'NONE', #5669, #2566, #5667, .T. ) ;
#3698 = LINE ( 'NONE', #3808, #7008 ) ;
#3699 = DIRECTION ( 'NONE',  ( 0.000000000000000000, 1.422837496700139336E-15, -1.000000000000000000 ) ) ;
#3700 = LINE ( 'NONE', #617, #6874 ) ;
#3701 = VERTEX_POINT ( 'NONE', #5071 ) ;
#3702 = CARTESIAN_POINT ( 'NONE',  ( 8.508999999999998565, 6.222999999999998977, -1.650999999999998913 ) ) ;
#3703 = ORIENTED_EDGE ( 'NONE', *, *, #5457, .F. ) ;
#3704 = VERTEX_POINT ( 'NONE', #6323 ) ;
#3705 = LINE ( 'NONE', #2584, #261 ) ;
#3706 = EDGE_CURVE ( 'NONE', #1080, #4327, #6396, .T. ) ;
#3707 = CARTESIAN_POINT ( 'NONE',  ( -9.271000000000000796, 6.222999999999998977, -1.650999999999998913 ) ) ;
#3708 = CARTESIAN_POINT ( 'NONE',  ( -0.3047999999999999599, 0.6730999999999999206, -1.714499999999999913 ) ) ;
#3709 = APPLICATION_PROTOCOL_DEFINITION ( 'draft international standard', 'automotive_design', 1998, #5256 ) ;
#3710 = LINE ( 'NONE', #2466, #921 ) ;
#3711 = CARTESIAN_POINT ( 'NONE',  ( 7.620000000000001883, 0.8889999999999985691, 1.984781810244993228 ) ) ;
#3712 = ORIENTED_EDGE ( 'NONE', *, *, #7529, .F. ) ;
#3713 = VERTEX_POINT ( 'NONE', #4081 ) ;
#3714 = PLANE ( 'NONE',  #759 ) ;
#3715 =( NAMED_UNIT ( * ) SI_UNIT ( $, .STERADIAN. ) SOLID_ANGLE_UNIT ( ) );
#3716 = FACE_OUTER_BOUND ( 'NONE', #6281, .T. ) ;
#3717 = LINE ( 'NONE', #2598, #774 ) ;
#3718 = DIRECTION ( 'NONE',  ( -1.000000000000000000, 0.000000000000000000, -0.000000000000000000 ) ) ;
#3719 = EDGE_LOOP ( 'NONE', ( #1036, #4756, #317, #110 ) ) ;
#3720 = EDGE_CURVE ( 'NONE', #7334, #6504, #1686, .T. ) ;
#3721 = ORIENTED_EDGE ( 'NONE', *, *, #2617, .F. ) ;
#3722 = ADVANCED_BREP_SHAPE_REPRESENTATION ( '', ( #6258, #6308, #3634, #1048, #1155, #6162, #3733, #6108, #3686, #3558, #7126 ), #168 ) ;
#3723 = DIRECTION ( 'NONE',  ( 0.000000000000000000, 0.9659258262890700886, -0.2588190451025143002 ) ) ;
#3724 = CARTESIAN_POINT ( 'NONE',  ( 1.734723475976807094E-15, 0.3809999999999988396, 2.120899999999999785 ) ) ;
#3725 = CARTESIAN_POINT ( 'NONE',  ( 0.8889999999999991243, 7.048499999999997101, 1.651000000000001355 ) ) ;
#3726 = CARTESIAN_POINT ( 'NONE',  ( -4.635500000000004839, 7.492999999999998550, 0.4444999999999979523 ) ) ;
#3727 = ORIENTED_EDGE ( 'NONE', *, *, #4963, .T. ) ;
#3728 = EDGE_CURVE ( 'NONE', #7274, #6504, #6897, .T. ) ;
#3729 = ORIENTED_EDGE ( 'NONE', *, *, #7269, .T. ) ;
#3730 = CARTESIAN_POINT ( 'NONE',  ( 2.095500000000001695, 7.492999999999999439, -2.501900000000000901 ) ) ;
#3731 = CARTESIAN_POINT ( 'NONE',  ( 0.3047999999999999599, 0.8889999999999995683, -1.968499999999999694 ) ) ;
#3732 = FACE_OUTER_BOUND ( 'NONE', #2061, .T. ) ;
#3733 = MANIFOLD_SOLID_BREP ( 'LPattern1[4]', #4375 ) ;
#3734 = CARTESIAN_POINT ( 'NONE',  ( 9.270999999999997243, 6.222999999999998977, 1.651000000000001133 ) ) ;
#3735 = ORIENTED_EDGE ( 'NONE', *, *, #7624, .T. ) ;
#3736 = ORIENTED_EDGE ( 'NONE', *, *, #3457, .T. ) ;
#3737 = PLANE ( 'NONE',  #6248 ) ;
#3738 = ORIENTED_EDGE ( 'NONE', *, *, #2231, .T. ) ;
#3739 = EDGE_CURVE ( 'NONE', #1853, #756, #970, .T. ) ;
#3740 = PLANE ( 'NONE',  #3766 ) ;
#3741 = PLANE ( 'NONE',  #4185 ) ;
#3742 = ORIENTED_EDGE ( 'NONE', *, *, #1280, .T. ) ;
#3743 = CARTESIAN_POINT ( 'NONE',  ( 5.968999999999998529, 7.048499999999997101, 1.651000000000001355 ) ) ;
#3744 = DIRECTION ( 'NONE',  ( 0.000000000000000000, 0.000000000000000000, 1.000000000000000000 ) ) ;
#3745 = FACE_OUTER_BOUND ( 'NONE', #5945, .T. ) ;
#3746 = ORIENTED_EDGE ( 'NONE', *, *, #2111, .T. ) ;
#3747 = CLOSED_SHELL ( 'NONE', ( #1102, #6877, #5870, #1661, #3646, #5032, #7186, #4065, #866, #3815, #1417, #3324, #2232, #4484, #2373, #2076, #2942, #2280, #306, #3784, #382, #5294, #1628, #5076, #2423, #1538, #6888, #6310 ) ) ;
#3748 = ADVANCED_FACE ( 'NONE', ( #5143 ), #5814, .F. ) ;
#3749 = VECTOR ( 'NONE', #392, 1000.000000000000114 ) ;
#3750 = ADVANCED_FACE ( 'NONE', ( #2886 ), #4667, .F. ) ;
#3751 = EDGE_LOOP ( 'NONE', ( #439, #3578, #285, #5785 ) ) ;
#3752 = EDGE_LOOP ( 'NONE', ( #4650, #7073, #5843, #4566 ) ) ;
#3753 = DIRECTION ( 'NONE',  ( 1.000000000000000000, 0.000000000000000000, -0.000000000000000000 ) ) ;
#3754 = DIRECTION ( 'NONE',  ( 0.000000000000000000, -0.9659258262890700886, 0.2588190451025143002 ) ) ;
#3755 = CARTESIAN_POINT ( 'NONE',  ( -4.191000000000000725, 6.222999999999998977, -0.8889999999999987912 ) ) ;
#3756 = CARTESIAN_POINT ( 'NONE',  ( 0.8889999999999991243, 7.048499999999997989, -0.8889999999999986802 ) ) ;
#3757 = PLANE ( 'NONE',  #7042 ) ;
#3758 = CARTESIAN_POINT ( 'NONE',  ( 0.8889999999999991243, 6.222999999999998977, 0.8890000000000011227 ) ) ;
#3759 = ORIENTED_EDGE ( 'NONE', *, *, #6582, .T. ) ;
#3760 = PRODUCT_DEFINITION_SHAPE ( 'NONE', 'NONE',  #7694 ) ;
#3761 = VERTEX_POINT ( 'NONE', #1085 ) ;
#3762 = LINE ( 'NONE', #6064, #1033 ) ;
#3763 = DIRECTION ( 'NONE',  ( -0.000000000000000000, -0.7071067811865491270, -0.7071067811865460184 ) ) ;
#3764 = PLANE ( 'NONE',  #560 ) ;
#3765 = EDGE_CURVE ( 'NONE', #4392, #1157, #1726, .T. ) ;
#3766 = AXIS2_PLACEMENT_3D ( 'NONE', #779, #3164, #1412 ) ;
#3767 = DIRECTION ( 'NONE',  ( -1.000000000000000000, -0.000000000000000000, -0.000000000000000000 ) ) ;
#3768 = ORIENTED_EDGE ( 'NONE', *, *, #5353, .T. ) ;
#3769 = ORIENTED_EDGE ( 'NONE', *, *, #4534, .F. ) ;
#3770 = DIRECTION ( 'NONE',  ( 0.000000000000000000, -1.733406087350420004E-16, 1.000000000000000000 ) ) ;
#3771 = CARTESIAN_POINT ( 'NONE',  ( -7.619999999999998330, 0.3809999999999993947, -2.120900000000001562 ) ) ;
#3772 = VECTOR ( 'NONE', #1110, 1000.000000000000000 ) ;
#3773 = DIRECTION ( 'NONE',  ( 0.000000000000000000, 0.9659258262890699775, 0.2588190451025143002 ) ) ;
#3774 = CARTESIAN_POINT ( 'NONE',  ( 7.620000000000001883, 7.492999999999999439, -2.501900000000000901 ) ) ;
#3775 = EDGE_CURVE ( 'NONE', #5558, #1324, #1121, .T. ) ;
#3776 = ORIENTED_EDGE ( 'NONE', *, *, #2470, .F. ) ;
#3777 = PLANE ( 'NONE',  #6253 ) ;
#3778 = VERTEX_POINT ( 'NONE', #2736 ) ;
#3779 = AXIS2_PLACEMENT_3D ( 'NONE', #642, #1902, #3652 ) ;
#3780 = VECTOR ( 'NONE', #3026, 1000.000000000000000 ) ;
#3781 = FACE_OUTER_BOUND ( 'NONE', #6123, .T. ) ;
#3782 = EDGE_LOOP ( 'NONE', ( #292, #432, #1822, #2872 ) ) ;
#3783 = DIRECTION ( 'NONE',  ( 0.000000000000000000, -1.000000000000000000, -1.733406087350420004E-16 ) ) ;
#3784 = ADVANCED_FACE ( 'NONE', ( #353 ), #5101, .F. ) ;
#3785 = DIRECTION ( 'NONE',  ( -0.5773502691896273964, -0.5773502691896236216, -0.5773502691896262862 ) ) ;
#3786 = CARTESIAN_POINT ( 'NONE',  ( 0.000000000000000000, 0.000000000000000000, 0.000000000000000000 ) ) ;
#3787 = DIRECTION ( 'NONE',  ( 0.000000000000000000, -1.733406087350420004E-16, 1.000000000000000000 ) ) ;
#3788 = ORIENTED_EDGE ( 'NONE', *, *, #791, .F. ) ;
#3789 = MECHANICAL_DESIGN_GEOMETRIC_PRESENTATION_REPRESENTATION (  '', ( #6029 ), #3178 ) ;
#3790 = VERTEX_POINT ( 'NONE', #5214 ) ;
#3791 = CARTESIAN_POINT ( 'NONE',  ( -3.429000000000002490, 6.222999999999998977, 0.8890000000000011227 ) ) ;
#3792 = CARTESIAN_POINT ( 'NONE',  ( -10.15999999999999837, 0.8889999999999989022, -1.984781810244995004 ) ) ;
#3793 = EDGE_CURVE ( 'NONE', #366, #2951, #1004, .T. ) ;
#3794 = CARTESIAN_POINT ( 'NONE',  ( -2.539999999999997815, 7.492999999999998550, 2.501900000000000901 ) ) ;
#3795 = DIRECTION ( 'NONE',  ( -1.000000000000000000, -0.000000000000000000, -0.000000000000000000 ) ) ;
#3796 = CARTESIAN_POINT ( 'NONE',  ( 5.524499999999994415, 7.492999999999999439, -2.501900000000000901 ) ) ;
#3797 = DIRECTION ( 'NONE',  ( 0.000000000000000000, 1.733406087350420004E-16, -1.000000000000000000 ) ) ;
#3798 = ORIENTED_EDGE ( 'NONE', *, *, #4240, .F. ) ;
#3799 = ORIENTED_EDGE ( 'NONE', *, *, #4948, .T. ) ;
#3800 = EDGE_CURVE ( 'NONE', #3094, #3909, #2152, .T. ) ;
#3801 = FILL_AREA_STYLE_COLOUR ( '', #6284 ) ;
#3802 = CARTESIAN_POINT ( 'NONE',  ( 0.4444999999999952323, 7.492999999999998550, 0.4444999999999979523 ) ) ;
#3803 = DIRECTION ( 'NONE',  ( 0.000000000000000000, -0.9659258262890699775, -0.2588190451025143002 ) ) ;
#3804 = LINE ( 'NONE', #2132, #216 ) ;
#3805 = VERTEX_POINT ( 'NONE', #5180 ) ;
#3806 = ORIENTED_EDGE ( 'NONE', *, *, #7684, .T. ) ;
#3807 = DIRECTION ( 'NONE',  ( 0.000000000000000000, -1.733406087350420004E-16, 1.000000000000000000 ) ) ;
#3808 = CARTESIAN_POINT ( 'NONE',  ( 0.3047999999999999599, 0.2539999999999993929, -3.429000000000000270 ) ) ;
#3809 = DIRECTION ( 'NONE',  ( 0.000000000000000000, 1.138269997360111548E-15, 1.000000000000000000 ) ) ;
#3810 = DIRECTION ( 'NONE',  ( 0.000000000000000000, -1.733406087350420251E-16, 1.000000000000000000 ) ) ;
#3811 = EDGE_LOOP ( 'NONE', ( #1113, #473, #7453, #1056 ) ) ;
#3812 = ORIENTED_EDGE ( 'NONE', *, *, #4353, .T. ) ;
#3813 = LINE ( 'NONE', #4911, #2640 ) ;
#3814 = ORIENTED_EDGE ( 'NONE', *, *, #2089, .F. ) ;
#3815 = ADVANCED_FACE ( 'NONE', ( #7552 ), #4197, .F. ) ;
#3816 = DIRECTION ( 'NONE',  ( 0.000000000000000000, 1.733406087350420004E-16, -1.000000000000000000 ) ) ;
#3817 = CARTESIAN_POINT ( 'NONE',  ( 5.080000000000000071, 6.222999999999998977, -2.201425730935033664E-16 ) ) ;
#3818 = DIRECTION ( 'NONE',  ( 0.000000000000000000, -1.733406087350420004E-16, 1.000000000000000000 ) ) ;
#3819 = CONTEXT_DEPENDENT_SHAPE_REPRESENTATION ( #237, #3760 ) ;
#3820 = VECTOR ( 'NONE', #4478, 1000.000000000000114 ) ;
#3821 = DIRECTION ( 'NONE',  ( 0.000000000000000000, 0.000000000000000000, -1.000000000000000000 ) ) ;
#3822 = ORIENTED_EDGE ( 'NONE', *, *, #3223, .F. ) ;
#3823 = VERTEX_POINT ( 'NONE', #7237 ) ;
#3824 = EDGE_CURVE ( 'NONE', #3351, #7149, #4747, .T. ) ;
#3825 = VERTEX_POINT ( 'NONE', #6553 ) ;
#3826 = CARTESIAN_POINT ( 'NONE',  ( 2.540000000000000036, 6.222999999999998977, -2.201425730935033664E-16 ) ) ;
#3827 = CARTESIAN_POINT ( 'NONE',  ( -7.619999999999998330, 0.3809999999999993947, -2.120900000000001562 ) ) ;
#3828 = DIRECTION ( 'NONE',  ( 1.000000000000000000, 0.000000000000000000, -0.000000000000000000 ) ) ;
#3829 = DIRECTION ( 'NONE',  ( 0.000000000000000000, -1.422837496700138942E-15, 1.000000000000000000 ) ) ;
#3830 = DIRECTION ( 'NONE',  ( 0.000000000000000000, 0.000000000000000000, -1.000000000000000000 ) ) ;
#3831 = CARTESIAN_POINT ( 'NONE',  ( -2.095500000000005247, 7.492999999999999439, -0.4444999999999955653 ) ) ;
#3832 = ORIENTED_EDGE ( 'NONE', *, *, #4938, .F. ) ;
#3833 = EDGE_CURVE ( 'NONE', #3909, #6060, #1916, .T. ) ;
#3834 = ORIENTED_EDGE ( 'NONE', *, *, #3304, .T. ) ;
#3835 = FILL_AREA_STYLE ('',( #3801 ) ) ;
#3836 = PLANE ( 'NONE',  #40 ) ;
#3837 = LINE ( 'NONE', #3725, #6551 ) ;
#3838 = CARTESIAN_POINT ( 'NONE',  ( 5.968999999999998529, 6.222999999999998977, -0.8889999999999987912 ) ) ;
#3839 = VECTOR ( 'NONE', #5324, 1000.000000000000000 ) ;
#3840 = ORIENTED_EDGE ( 'NONE', *, *, #5939, .F. ) ;
#3841 = EDGE_CURVE ( 'NONE', #5072, #4624, #35, .T. ) ;
#3842 = ORIENTED_EDGE ( 'NONE', *, *, #5250, .T. ) ;
#3843 = DIRECTION ( 'NONE',  ( -0.000000000000000000, -0.7071067811865487940, -0.7071067811865462405 ) ) ;
#3844 = LINE ( 'NONE', #5652, #3275 ) ;
#3845 = CARTESIAN_POINT ( 'NONE',  ( 10.16000000000000192, 7.492999999999998550, 2.501900000000000901 ) ) ;
#3846 = LINE ( 'NONE', #6235, #1691 ) ;
#3847 = ORIENTED_EDGE ( 'NONE', *, *, #5499, .F. ) ;
#3848 = EDGE_LOOP ( 'NONE', ( #4718, #4853, #2179, #7692 ) ) ;
#3849 = FACE_OUTER_BOUND ( 'NONE', #2133, .T. ) ;
#3850 = ORIENTED_EDGE ( 'NONE', *, *, #737, .T. ) ;
#3851 = LINE ( 'NONE', #2767, #882 ) ;
#3852 = LINE ( 'NONE', #2624, #7058 ) ;
#3853 = DIRECTION ( 'NONE',  ( -1.000000000000000000, -0.000000000000000000, -0.000000000000000000 ) ) ;
#3854 = ADVANCED_FACE ( 'NONE', ( #2497 ), #7121, .F. ) ;
#3855 = FACE_OUTER_BOUND ( 'NONE', #4344, .T. ) ;
#3856 = ORIENTED_EDGE ( 'NONE', *, *, #555, .F. ) ;
#3857 = EDGE_LOOP ( 'NONE', ( #448, #328, #1583, #4678 ) ) ;
#3858 = CARTESIAN_POINT ( 'NONE',  ( 7.620000000000001883, 0.3809999999999992837, 2.501899999999999125 ) ) ;
#3859 = CARTESIAN_POINT ( 'NONE',  ( 10.16000000000000192, 7.492999999999998550, 2.095500000000003915 ) ) ;
#3860 = VECTOR ( 'NONE', #3390, 1000.000000000000000 ) ;
#3861 = AXIS2_PLACEMENT_3D ( 'NONE', #213, #281, #3830 ) ;
#3862 = LINE ( 'NONE', #1503, #4158 ) ;
#3863 = PLANE ( 'NONE',  #6640 ) ;
#3864 = EDGE_CURVE ( 'NONE', #983, #522, #3497, .T. ) ;
#3865 = LINE ( 'NONE', #3758, #5494 ) ;
#3866 = PLANE ( 'NONE',  #943 ) ;
#3867 = EDGE_LOOP ( 'NONE', ( #1232, #509, #6928, #2980 ) ) ;
#3868 = ORIENTED_EDGE ( 'NONE', *, *, #3508, .F. ) ;
#3869 = CIRCLE ( 'NONE', #5112, 0.1269999999999999463 ) ;
#3870 = DIRECTION ( 'NONE',  ( -0.000000000000000000, -1.224646799147353700E-16, -1.000000000000000000 ) ) ;
#3871 = CARTESIAN_POINT ( 'NONE',  ( -6.731000000000000760, 7.048499999999997989, -1.650999999999998691 ) ) ;
#3872 = LINE ( 'NONE', #7533, #576 ) ;
#3873 = EDGE_CURVE ( 'NONE', #347, #3231, #1802, .T. ) ;
#3874 = LINE ( 'NONE', #2068, #5308 ) ;
#3875 = AXIS2_PLACEMENT_3D ( 'NONE', #5880, #6968, #5175 ) ;
#3876 = VERTEX_POINT ( 'NONE', #2342 ) ;
#3877 = VERTEX_POINT ( 'NONE', #4705 ) ;
#3878 = CARTESIAN_POINT ( 'NONE',  ( 0.3047999999999999599, 0.6730999999999999206, -3.302000000000000046 ) ) ;
#3879 = PRESENTATION_LAYER_ASSIGNMENT (  '', '', ( #393 ) ) ;
#3880 = FACE_OUTER_BOUND ( 'NONE', #2857, .T. ) ;
#3881 = LINE ( 'NONE', #4507, #1912 ) ;
#3882 = DIRECTION ( 'NONE',  ( 0.000000000000000000, -0.7071067811865492381, 0.7071067811865457964 ) ) ;
#3883 = EDGE_CURVE ( 'NONE', #3053, #2473, #2967, .T. ) ;
#3884 = EDGE_CURVE ( 'NONE', #5578, #2966, #5343, .T. ) ;
#3885 = VERTEX_POINT ( 'NONE', #1333 ) ;
#3886 = DIRECTION ( 'NONE',  ( -1.000000000000000000, -0.000000000000000000, -0.000000000000000000 ) ) ;
#3887 = ORIENTED_EDGE ( 'NONE', *, *, #1747, .F. ) ;
#3888 = CARTESIAN_POINT ( 'NONE',  ( 8.508999999999998565, 7.048499999999997989, -0.8889999999999986802 ) ) ;
#3889 = AXIS2_PLACEMENT_3D ( 'NONE', #5131, #1719, #63 ) ;
#3890 = VECTOR ( 'NONE', #2725, 1000.000000000000000 ) ;
#3891 = FACE_OUTER_BOUND ( 'NONE', #5556, .T. ) ;
#3892 = EDGE_CURVE ( 'NONE', #3778, #6378, #1841, .T. ) ;
#3893 =( NAMED_UNIT ( * ) PLANE_ANGLE_UNIT ( ) SI_UNIT ( $, .RADIAN. ) );
#3894 = VECTOR ( 'NONE', #4616, 1000.000000000000000 ) ;
#3895 = VERTEX_POINT ( 'NONE', #657 ) ;
#3896 = ORIENTED_EDGE ( 'NONE', *, *, #463, .F. ) ;
#3897 = DIRECTION ( 'NONE',  ( 0.000000000000000000, 2.439149994343092652E-16, -1.000000000000000000 ) ) ;
#3898 = EDGE_CURVE ( 'NONE', #1712, #2556, #7087, .T. ) ;
#3899 = CARTESIAN_POINT ( 'NONE',  ( 10.41399999999999970, 0.8889999999999985691, 1.984781810244993228 ) ) ;
#3900 = VECTOR ( 'NONE', #1551, 1000.000000000000000 ) ;
#3901 = VECTOR ( 'NONE', #2026, 1000.000000000000000 ) ;
#3902 = LINE ( 'NONE', #5519, #2301 ) ;
#3903 = DIRECTION ( 'NONE',  ( 0.000000000000000000, -1.733406087350420251E-16, 1.000000000000000000 ) ) ;
#3904 = DIRECTION ( 'NONE',  ( -0.000000000000000000, 1.000000000000000000, 1.733406087350420004E-16 ) ) ;
#3905 = DIRECTION ( 'NONE',  ( 0.000000000000000000, -1.000000000000000000, -1.733406087350420004E-16 ) ) ;
#3906 = PRESENTATION_LAYER_ASSIGNMENT (  '', '', ( #4154 ) ) ;
#3907 = ORIENTED_EDGE ( 'NONE', *, *, #5057, .T. ) ;
#3908 = VECTOR ( 'NONE', #1266, 1000.000000000000000 ) ;
#3909 = VERTEX_POINT ( 'NONE', #409 ) ;
#3910 = ADVANCED_FACE ( 'NONE', ( #5299 ), #6588, .F. ) ;
#3911 = ADVANCED_FACE ( 'NONE', ( #7196 ), #3668, .F. ) ;
#3912 = VECTOR ( 'NONE', #6792, 1000.000000000000000 ) ;
#3913 = LINE ( 'NONE', #6225, #3301 ) ;
#3914 = AXIS2_PLACEMENT_3D ( 'NONE', #7485, #2163, #1391 ) ;
#3915 = AXIS2_PLACEMENT_3D ( 'NONE', #4926, #6720, #1389 ) ;
#3916 = CARTESIAN_POINT ( 'NONE',  ( -4.191000000000000725, 6.222999999999998977, 1.651000000000001133 ) ) ;
#3917 = FACE_OUTER_BOUND ( 'NONE', #373, .T. ) ;
#3918 = PLANE ( 'NONE',  #1972 ) ;
#3919 = ORIENTED_EDGE ( 'NONE', *, *, #5005, .T. ) ;
#3920 = ORIENTED_EDGE ( 'NONE', *, *, #7297, .T. ) ;
#3921 = VECTOR ( 'NONE', #7321, 1000.000000000000000 ) ;
#3922 = EDGE_CURVE ( 'NONE', #5372, #937, #537, .T. ) ;
#3923 = PLANE ( 'NONE',  #2285 ) ;
#3924 = CARTESIAN_POINT ( 'NONE',  ( 3.428999999999999826, 6.222999999999998977, -1.650999999999998913 ) ) ;
#3925 = CARTESIAN_POINT ( 'NONE',  ( -1.651000000000001355, 7.048499999999997989, -0.8889999999999986802 ) ) ;
#3926 = AXIS2_PLACEMENT_3D ( 'NONE', #5569, #214, #528 ) ;
#3927 = VECTOR ( 'NONE', #2569, 1000.000000000000000 ) ;
#3928 = LINE ( 'NONE', #2730, #7621 ) ;
#3929 = ORIENTED_EDGE ( 'NONE', *, *, #6973, .F. ) ;
#3930 = PLANE ( 'NONE',  #1131 ) ;
#3931 = EDGE_CURVE ( 'NONE', #2985, #2658, #7161, .T. ) ;
#3932 = AXIS2_PLACEMENT_3D ( 'NONE', #4724, #6494, #554 ) ;
#3933 = DIRECTION ( 'NONE',  ( 1.000000000000000000, 0.000000000000000000, 0.000000000000000000 ) ) ;
#3934 = LINE ( 'NONE', #5812, #155 ) ;
#3935 = SURFACE_STYLE_FILL_AREA ( #4002 ) ;
#3936 = AXIS2_PLACEMENT_3D ( 'NONE', #3300, #5229, #6341 ) ;
#3937 = ORIENTED_EDGE ( 'NONE', *, *, #3931, .F. ) ;
#3938 = ORIENTED_EDGE ( 'NONE', *, *, #258, .F. ) ;
#3939 = ADVANCED_FACE ( 'NONE', ( #699 ), #3082, .F. ) ;
#3940 = DIRECTION ( 'NONE',  ( -1.000000000000000000, -0.000000000000000000, -0.000000000000000000 ) ) ;
#3941 = CARTESIAN_POINT ( 'NONE',  ( -6.731000000000000760, 6.222999999999998977, 0.8890000000000011227 ) ) ;
#3942 = DIRECTION ( 'NONE',  ( -0.000000000000000000, -0.000000000000000000, 1.000000000000000000 ) ) ;
#3943 = CARTESIAN_POINT ( 'NONE',  ( -10.15999999999999837, 0.8889999999999989022, -1.984781810244995004 ) ) ;
#3944 = CARTESIAN_POINT ( 'NONE',  ( 10.41399999999999970, 0.8889999999999989022, -1.984781810244995004 ) ) ;
#3945 = CARTESIAN_POINT ( 'NONE',  ( -8.509000000000002117, 7.048499999999997989, -0.8889999999999986802 ) ) ;
#3946 = EDGE_LOOP ( 'NONE', ( #1876, #5547, #2165, #2490 ) ) ;
#3947 = EDGE_LOOP ( 'NONE', ( #163, #5816, #5851, #3207, #5511, #4823 ) ) ;
#3948 = DIRECTION ( 'NONE',  ( 0.000000000000000000, -1.733406087350420004E-16, 1.000000000000000000 ) ) ;
#3949 = DIRECTION ( 'NONE',  ( 0.000000000000000000, 0.000000000000000000, -1.000000000000000000 ) ) ;
#3950 = PLANE ( 'NONE',  #3936 ) ;
#3951 = CARTESIAN_POINT ( 'NONE',  ( -0.8890000000000026770, 6.222999999999998977, -1.650999999999998913 ) ) ;
#3952 = EDGE_CURVE ( 'NONE', #620, #7588, #2620, .T. ) ;
#3953 = ADVANCED_FACE ( 'NONE', ( #3849 ), #2039, .F. ) ;
#3954 = VERTEX_POINT ( 'NONE', #4400 ) ;
#3955 = ORIENTED_EDGE ( 'NONE', *, *, #1982, .T. ) ;
#3956 = CARTESIAN_POINT ( 'NONE',  ( 7.620000000000001883, 0.3809999999999999498, -2.501900000000000901 ) ) ;
#3957 = LINE ( 'NONE', #3380, #6140 ) ;
#3958 = DIRECTION ( 'NONE',  ( 0.000000000000000000, -0.7071067811865485719, 0.7071067811865465735 ) ) ;
#3959 = ADVANCED_FACE ( 'NONE', ( #6240 ), #3737, .F. ) ;
#3960 = CARTESIAN_POINT ( 'NONE',  ( -5.524499999999997968, 7.492999999999998550, 0.4444999999999979523 ) ) ;
#3961 = ORIENTED_EDGE ( 'NONE', *, *, #2469, .T. ) ;
#3962 = DIRECTION ( 'NONE',  ( 0.7071067811865452413, -0.7071067811865499042, -1.225703198915527072E-16 ) ) ;
#3963 = DIRECTION ( 'NONE',  ( -1.000000000000000000, 0.000000000000000000, 0.000000000000000000 ) ) ;
#3964 = CARTESIAN_POINT ( 'NONE',  ( 8.508999999999998565, 7.048499999999997101, 1.651000000000001355 ) ) ;
#3965 = EDGE_CURVE ( 'NONE', #3825, #1756, #735, .T. ) ;
#3966 = DIRECTION ( 'NONE',  ( 0.000000000000000000, -0.000000000000000000, -1.000000000000000000 ) ) ;
#3967 = ORIENTED_EDGE ( 'NONE', *, *, #5746, .T. ) ;
#3968 = ORIENTED_EDGE ( 'NONE', *, *, #6038, .T. ) ;
#3969 =( LENGTH_UNIT ( ) NAMED_UNIT ( * ) SI_UNIT ( .MILLI., .METRE. ) );
#3970 = CARTESIAN_POINT ( 'NONE',  ( 3.428999999999999826, 7.048499999999997989, -0.8889999999999986802 ) ) ;
#3971 = ORIENTED_EDGE ( 'NONE', *, *, #4635, .T. ) ;
#3972 = FACE_OUTER_BOUND ( 'NONE', #965, .T. ) ;
#3973 = DIRECTION ( 'NONE',  ( 1.000000000000000000, 0.000000000000000000, 0.000000000000000000 ) ) ;
#3974 = ADVANCED_FACE ( 'NONE', ( #7432 ), #264, .F. ) ;
#3975 = LINE ( 'NONE', #3512, #3667 ) ;
#3976 = ADVANCED_FACE ( 'NONE', ( #4358 ), #151, .F. ) ;
#3977 = DIRECTION ( 'NONE',  ( 1.000000000000000000, -0.000000000000000000, -0.000000000000000000 ) ) ;
#3978 = VERTEX_POINT ( 'NONE', #5501 ) ;
#3979 = ORIENTED_EDGE ( 'NONE', *, *, #545, .F. ) ;
#3980 = VECTOR ( 'NONE', #4058, 1000.000000000000000 ) ;
#3981 = DIRECTION ( 'NONE',  ( 0.000000000000000000, -1.000000000000000000, 0.000000000000000000 ) ) ;
#3982 = CARTESIAN_POINT ( 'NONE',  ( 2.540000000000002256, 0.3809999999999992837, 2.501899999999999125 ) ) ;
#3983 = LINE ( 'NONE', #443, #5302 ) ;
#3984 = DIRECTION ( 'NONE',  ( 0.000000000000000000, -1.000000000000000000, -1.733406087350420004E-16 ) ) ;
#3985 = VECTOR ( 'NONE', #6078, 1000.000000000000000 ) ;
#3986 = ORIENTED_EDGE ( 'NONE', *, *, #621, .T. ) ;
#3987 = CLOSED_SHELL ( 'NONE', ( #7143, #5990, #7216, #7153, #6942, #3939, #5827, #2205, #4215, #4513, #3679, #6780, #4502, #2330, #1648, #3499, #6889, #6837, #5124, #7288, #3911, #5886, #3582, #1077, #3657, #4054, #2924, #2051 ) ) ;
#3988 = ORIENTED_EDGE ( 'NONE', *, *, #6222, .T. ) ;
#3989 = EDGE_CURVE ( 'NONE', #6236, #3443, #3813, .T. ) ;
#3990 = DIRECTION ( 'NONE',  ( -0.000000000000000000, -0.000000000000000000, 1.000000000000000000 ) ) ;
#3991 = CARTESIAN_POINT ( 'NONE',  ( 8.508999999999998565, 7.048499999999997101, 1.651000000000001355 ) ) ;
#3992 = AXIS2_PLACEMENT_3D ( 'NONE', #4585, #1159, #3461 ) ;
#3993 = FACE_OUTER_BOUND ( 'NONE', #4031, .T. ) ;
#3994 = CARTESIAN_POINT ( 'NONE',  ( 3.428999999999999826, 7.048499999999997101, 0.8890000000000012337 ) ) ;
#3995 = LINE ( 'NONE', #964, #767 ) ;
#3996 = ORIENTED_EDGE ( 'NONE', *, *, #5515, .T. ) ;
#3997 = FACE_OUTER_BOUND ( 'NONE', #4382, .T. ) ;
#3998 = EDGE_CURVE ( 'NONE', #5546, #4181, #2581, .T. ) ;
#3999 = LINE ( 'NONE', #423, #1212 ) ;
#4000 = CARTESIAN_POINT ( 'NONE',  ( -6.731000000000000760, 6.222999999999998977, -0.8889999999999987912 ) ) ;
#4001 = FACE_OUTER_BOUND ( 'NONE', #7665, .T. ) ;
#4002 = FILL_AREA_STYLE ('',( #7585 ) ) ;
#4003 = AXIS2_PLACEMENT_3D ( 'NONE', #3089, #3168, #6167 ) ;
#4004 = ORIENTED_EDGE ( 'NONE', *, *, #7200, .T. ) ;
#4005 = AXIS2_PLACEMENT_3D ( 'NONE', #186, #5376, #2454 ) ;
#4006 = VERTEX_POINT ( 'NONE', #4949 ) ;
#4007 = EDGE_CURVE ( 'NONE', #3452, #4903, #1965, .T. ) ;
#4008 = DIRECTION ( 'NONE',  ( -0.000000000000000000, 1.000000000000000000, 1.733406087350420004E-16 ) ) ;
#4009 = ORIENTED_EDGE ( 'NONE', *, *, #2521, .F. ) ;
#4010 = AXIS2_PLACEMENT_3D ( 'NONE', #2142, #7543, #2220 ) ;
#4011 = FACE_OUTER_BOUND ( 'NONE', #4539, .T. ) ;
#4012 = DIRECTION ( 'NONE',  ( 0.000000000000000000, 0.000000000000000000, -1.000000000000000000 ) ) ;
#4013 = DIRECTION ( 'NONE',  ( -0.000000000000000000, -0.000000000000000000, 1.000000000000000000 ) ) ;
#4014 = DIRECTION ( 'NONE',  ( 0.000000000000000000, 0.9659258262890699775, 0.2588190451025143002 ) ) ;
#4015 = EDGE_LOOP ( 'NONE', ( #4902, #7506, #629, #474 ) ) ;
#4016 = ORIENTED_EDGE ( 'NONE', *, *, #4252, .T. ) ;
#4017 = ORIENTED_EDGE ( 'NONE', *, *, #5804, .T. ) ;
#4018 = CARTESIAN_POINT ( 'NONE',  ( 7.620000000000001883, 7.492999999999999439, -2.501900000000000901 ) ) ;
#4019 = EDGE_CURVE ( 'NONE', #5371, #6039, #6157, .T. ) ;
#4020 = DIRECTION ( 'NONE',  ( 0.000000000000000000, -1.733406087350420004E-16, 1.000000000000000000 ) ) ;
#4021 = DIRECTION ( 'NONE',  ( 0.000000000000000000, 0.000000000000000000, -1.000000000000000000 ) ) ;
#4022 = DIRECTION ( 'NONE',  ( 0.000000000000000000, 0.000000000000000000, -1.000000000000000000 ) ) ;
#4023 = DIRECTION ( 'NONE',  ( 0.5773502691896273964, 0.5773502691896237327, -0.5773502691896261751 ) ) ;
#4024 = PRESENTATION_LAYER_ASSIGNMENT (  '', '', ( #2294 ) ) ;
#4025 = VERTEX_POINT ( 'NONE', #776 ) ;
#4026 = VERTEX_POINT ( 'NONE', #3159 ) ;
#4027 = EDGE_CURVE ( 'NONE', #465, #2737, #5543, .T. ) ;
#4028 = CARTESIAN_POINT ( 'NONE',  ( 1.734723475976807094E-15, 0.3809999999999992837, 2.501899999999999125 ) ) ;
#4029 = LINE ( 'NONE', #4617, #5654 ) ;
#4030 = PLANE ( 'NONE',  #4297 ) ;
#4031 = EDGE_LOOP ( 'NONE', ( #5172, #3887, #2102, #2143 ) ) ;
#4032 = CARTESIAN_POINT ( 'NONE',  ( 3.428999999999999826, 6.222999999999998977, 1.651000000000001133 ) ) ;
#4033 = CARTESIAN_POINT ( 'NONE',  ( -4.191000000000000725, 7.048499999999997101, 1.651000000000001355 ) ) ;
#4034 = ORIENTED_EDGE ( 'NONE', *, *, #6349, .T. ) ;
#4035 = VECTOR ( 'NONE', #2726, 1000.000000000000000 ) ;
#4036 = CARTESIAN_POINT ( 'NONE',  ( 0.8889999999999991243, 6.222999999999998977, 1.651000000000001133 ) ) ;
#4037 = DIRECTION ( 'NONE',  ( 0.000000000000000000, 0.000000000000000000, -1.000000000000000000 ) ) ;
#4038 = DIRECTION ( 'NONE',  ( 0.000000000000000000, -0.7071067811865492381, 0.7071067811865457964 ) ) ;
#4039 = FACE_OUTER_BOUND ( 'NONE', #3460, .T. ) ;
#4040 =( LENGTH_UNIT ( ) NAMED_UNIT ( * ) SI_UNIT ( .MILLI., .METRE. ) );
#4041 = EDGE_CURVE ( 'NONE', #2747, #5524, #1487, .T. ) ;
#4042 = VECTOR ( 'NONE', #3692, 1000.000000000000000 ) ;
#4043 = VERTEX_POINT ( 'NONE', #814 ) ;
#4044 = VECTOR ( 'NONE', #5975, 1000.000000000000000 ) ;
#4045 = VECTOR ( 'NONE', #4226, 1000.000000000000000 ) ;
#4046 = EDGE_LOOP ( 'NONE', ( #6518, #1027, #1557, #2312 ) ) ;
#4047 = LINE ( 'NONE', #7057, #2829 ) ;
#4048 = VECTOR ( 'NONE', #3787, 1000.000000000000000 ) ;
#4049 = ORIENTED_EDGE ( 'NONE', *, *, #2355, .T. ) ;
#4050 = DIRECTION ( 'NONE',  ( 0.000000000000000000, -1.422837496700138942E-15, 1.000000000000000000 ) ) ;
#4051 =( LENGTH_UNIT ( ) NAMED_UNIT ( * ) SI_UNIT ( .MILLI., .METRE. ) );
#4052 = DIRECTION ( 'NONE',  ( 1.000000000000000000, 0.000000000000000000, 0.000000000000000000 ) ) ;
#4053 = CARTESIAN_POINT ( 'NONE',  ( -10.41399999999999970, 0.3809999999999993947, -2.120900000000001562 ) ) ;
#4054 = ADVANCED_FACE ( 'NONE', ( #2077 ), #1451, .F. ) ;
#4055 = ORIENTED_EDGE ( 'NONE', *, *, #4459, .F. ) ;
#4056 = ORIENTED_EDGE ( 'NONE', *, *, #3922, .F. ) ;
#4057 = VECTOR ( 'NONE', #5685, 1000.000000000000000 ) ;
#4058 = DIRECTION ( 'NONE',  ( -1.000000000000000000, -0.000000000000000000, -0.000000000000000000 ) ) ;
#4059 = VECTOR ( 'NONE', #5037, 1000.000000000000000 ) ;
#4060 = DIRECTION ( 'NONE',  ( 0.000000000000000000, 1.733406087350420004E-16, -1.000000000000000000 ) ) ;
#4061 = DIRECTION ( 'NONE',  ( 0.000000000000000000, 1.733406087350420004E-16, -1.000000000000000000 ) ) ;
#4062 = DIRECTION ( 'NONE',  ( 0.000000000000000000, 2.082201214683127315E-16, 1.000000000000000000 ) ) ;
#4063 = COLOUR_RGB ( '',0.2509803921568627416, 0.2509803921568627416, 0.2509803921568627416 ) ;
#4064 = CARTESIAN_POINT ( 'NONE',  ( 2.540000000000002256, 0.3809999999999992837, 2.501899999999999125 ) ) ;
#4065 = ADVANCED_FACE ( 'NONE', ( #7316 ), #3777, .F. ) ;
#4066 = ORIENTED_EDGE ( 'NONE', *, *, #7269, .F. ) ;
#4067 = ORIENTED_EDGE ( 'NONE', *, *, #7327, .F. ) ;
#4068 = LINE ( 'NONE', #1826, #3530 ) ;
#4069 = CARTESIAN_POINT ( 'NONE',  ( -4.191000000000000725, 6.222999999999998977, -0.8889999999999987912 ) ) ;
#4070 = CARTESIAN_POINT ( 'NONE',  ( -10.41399999999999970, 0.3809999999999988396, 2.120899999999999785 ) ) ;
#4071 = DIRECTION ( 'NONE',  ( -0.000000000000000000, 1.000000000000000000, 1.733406087350420004E-16 ) ) ;
#4072 = ORIENTED_EDGE ( 'NONE', *, *, #4962, .T. ) ;
#4073 = EDGE_CURVE ( 'NONE', #957, #7677, #3272, .T. ) ;
#4074 = CARTESIAN_POINT ( 'NONE',  ( 2.540000000000002256, 7.492999999999998550, 2.501900000000000901 ) ) ;
#4075 = ADVANCED_FACE ( 'NONE', ( #2695 ), #4510, .F. ) ;
#4076 = ORIENTED_EDGE ( 'NONE', *, *, #5961, .T. ) ;
#4077 = CARTESIAN_POINT ( 'NONE',  ( 3.428999999999999826, 7.048499999999997101, 1.651000000000001355 ) ) ;
#4078 = CARTESIAN_POINT ( 'NONE',  ( -10.15999999999999837, 7.492999999999999439, -2.501900000000000901 ) ) ;
#4079 = DIRECTION ( 'NONE',  ( -0.000000000000000000, 1.000000000000000000, 1.733406087350420004E-16 ) ) ;
#4080 = CARTESIAN_POINT ( 'NONE',  ( 3.428999999999999826, 6.222999999999998977, 0.8890000000000011227 ) ) ;
#4081 = CARTESIAN_POINT ( 'NONE',  ( 7.620000000000001883, 0.3809999999999992837, 2.501899999999999125 ) ) ;
#4082 = ORIENTED_EDGE ( 'NONE', *, *, #3800, .T. ) ;
#4083 = ORIENTED_EDGE ( 'NONE', *, *, #3110, .F. ) ;
#4084 = ORIENTED_EDGE ( 'NONE', *, *, #2986, .F. ) ;
#4085 = VERTEX_POINT ( 'NONE', #7618 ) ;
#4086 = DIRECTION ( 'NONE',  ( 0.000000000000000000, -1.733406087350420251E-16, 1.000000000000000000 ) ) ;
#4087 = EDGE_CURVE ( 'NONE', #3606, #5900, #3995, .T. ) ;
#4088 = ORIENTED_EDGE ( 'NONE', *, *, #463, .T. ) ;
#4089 = CARTESIAN_POINT ( 'NONE',  ( 1.734723475976807094E-15, 7.492999999999999439, -2.501900000000000901 ) ) ;
#4090 = EDGE_LOOP ( 'NONE', ( #3639, #7489, #4056, #1052 ) ) ;
#4091 = LINE ( 'NONE', #6482, #4647 ) ;
#4092 = ORIENTED_EDGE ( 'NONE', *, *, #5732, .F. ) ;
#4093 = CARTESIAN_POINT ( 'NONE',  ( -5.079999999999998295, 7.492999999999999439, -2.501900000000000901 ) ) ;
#4094 = VERTEX_POINT ( 'NONE', #6386 ) ;
#4095 = EDGE_LOOP ( 'NONE', ( #3034, #9, #5135, #217 ) ) ;
#4096 = CARTESIAN_POINT ( 'NONE',  ( -9.271000000000000796, 6.222999999999998977, -1.650999999999998913 ) ) ;
#4097 = EDGE_CURVE ( 'NONE', #1305, #466, #3313, .T. ) ;
#4098 = CARTESIAN_POINT ( 'NONE',  ( 3.428999999999999826, 7.048499999999997101, 1.651000000000001355 ) ) ;
#4099 = LINE ( 'NONE', #3447, #2550 ) ;
#4100 = CARTESIAN_POINT ( 'NONE',  ( 0.1777999999999999858, -3.611118645726065035E-32, -3.429000000000000270 ) ) ;
#4101 = CARTESIAN_POINT ( 'NONE',  ( 5.524499999999994415, 7.492999999999998550, 2.095500000000003915 ) ) ;
#4102 = ORIENTED_EDGE ( 'NONE', *, *, #7505, .F. ) ;
#4103 = EDGE_LOOP ( 'NONE', ( #1646, #6919, #225, #639 ) ) ;
#4104 = EDGE_CURVE ( 'NONE', #5696, #5913, #1596, .T. ) ;
#4105 = LINE ( 'NONE', #4145, #170 ) ;
#4106 = CARTESIAN_POINT ( 'NONE',  ( -2.539999999999998703, 0.3809999999999993947, -2.120900000000001562 ) ) ;
#4107 = DIRECTION ( 'NONE',  ( 0.000000000000000000, 1.000000000000000000, 0.000000000000000000 ) ) ;
#4108 = DIRECTION ( 'NONE',  ( 0.000000000000000000, -1.733406087350420004E-16, 1.000000000000000000 ) ) ;
#4109 = ORIENTED_EDGE ( 'NONE', *, *, #6858, .F. ) ;
#4110 = CLOSED_SHELL ( 'NONE', ( #6934, #1068, #4399, #5581, #4733, #5525, #1249, #2082, #1949, #2723, #5794, #5488, #956, #1270, #2319, #3557, #4601, #3854, #3323, #6552, #638, #7494, #6805, #3095, #7435, #7053, #7306, #1008 ) ) ;
#4111 = CARTESIAN_POINT ( 'NONE',  ( -7.619999999999998330, 0.000000000000000000, 0.000000000000000000 ) ) ;
#4112 = ORIENTED_EDGE ( 'NONE', *, *, #1797, .T. ) ;
#4113 = AXIS2_PLACEMENT_3D ( 'NONE', #1536, #3897, #357 ) ;
#4114 = CARTESIAN_POINT ( 'NONE',  ( 8.508999999999998565, 7.048499999999997101, 0.8890000000000012337 ) ) ;
#4115 = EDGE_CURVE ( 'NONE', #7497, #4043, #5242, .T. ) ;
#4116 = VECTOR ( 'NONE', #7291, 1000.000000000000000 ) ;
#4117 = LINE ( 'NONE', #5375, #2520 ) ;
#4118 = EDGE_CURVE ( 'NONE', #3617, #2738, #1037, .T. ) ;
#4119 = CYLINDRICAL_SURFACE ( 'NONE', #2777, 0.4191000000000008052 ) ;
#4120 = DIRECTION ( 'NONE',  ( 0.000000000000000000, 0.9659258262890699775, 0.2588190451025143002 ) ) ;
#4121 = CARTESIAN_POINT ( 'NONE',  ( -0.1777999999999999858, 0.000000000000000000, -3.302000000000000046 ) ) ;
#4122 = ORIENTED_EDGE ( 'NONE', *, *, #1788, .F. ) ;
#4123 = ORIENTED_EDGE ( 'NONE', *, *, #969, .T. ) ;
#4124 = ORIENTED_EDGE ( 'NONE', *, *, #6334, .F. ) ;
#4125 = EDGE_CURVE ( 'NONE', #4043, #4236, #3352, .T. ) ;
#4126 = CARTESIAN_POINT ( 'NONE',  ( 4.635500000000002174, 7.492999999999998550, 2.095500000000003915 ) ) ;
#4127 = VERTEX_POINT ( 'NONE', #3960 ) ;
#4128 = CARTESIAN_POINT ( 'NONE',  ( -0.8890000000000026770, 7.048499999999997989, -0.8889999999999986802 ) ) ;
#4129 = AXIS2_PLACEMENT_3D ( 'NONE', #4956, #6713, #7202 ) ;
#4130 = FACE_OUTER_BOUND ( 'NONE', #686, .T. ) ;
#4131 = CARTESIAN_POINT ( 'NONE',  ( 5.968999999999998529, 6.222999999999998977, -0.8889999999999987912 ) ) ;
#4132 = EDGE_LOOP ( 'NONE', ( #4738, #30, #6181, #1616 ) ) ;
#4133 = ORIENTED_EDGE ( 'NONE', *, *, #5642, .T. ) ;
#4134 = CARTESIAN_POINT ( 'NONE',  ( 4.190999999999998948, 6.222999999999998977, 0.8890000000000011227 ) ) ;
#4135 = AXIS2_PLACEMENT_3D ( 'NONE', #7594, #1775, #6087 ) ;
#4136 = PLANE ( 'NONE',  #3417 ) ;
#4137 = VECTOR ( 'NONE', #1369, 1000.000000000000000 ) ;
#4138 = CARTESIAN_POINT ( 'NONE',  ( -0.8890000000000026770, 6.222999999999998977, -0.8889999999999987912 ) ) ;
#4139 = DIRECTION ( 'NONE',  ( -1.000000000000000000, -0.000000000000000000, -0.000000000000000000 ) ) ;
#4140 = CARTESIAN_POINT ( 'NONE',  ( -2.539999999999997815, 7.492999999999999439, -2.501900000000000901 ) ) ;
#4141 = ORIENTED_EDGE ( 'NONE', *, *, #791, .T. ) ;
#4142 = ADVANCED_FACE ( 'NONE', ( #7003 ), #1634, .F. ) ;
#4143 = EDGE_CURVE ( 'NONE', #3443, #6441, #4582, .T. ) ;
#4144 = ORIENTED_EDGE ( 'NONE', *, *, #2502, .F. ) ;
#4145 = CARTESIAN_POINT ( 'NONE',  ( -2.539999999999997815, 0.8889999999999985691, 1.984781810244993228 ) ) ;
#4146 = VECTOR ( 'NONE', #3949, 1000.000000000000000 ) ;
#4147 = DIRECTION ( 'NONE',  ( 0.000000000000000000, -1.733406087350420004E-16, 1.000000000000000000 ) ) ;
#4148 = CARTESIAN_POINT ( 'NONE',  ( 0.3047999999999999599, 0.6731000000000003647, 1.714499999999999913 ) ) ;
#4149 = AXIS2_PLACEMENT_3D ( 'NONE', #5485, #3186, #6187 ) ;
#4150 = DIRECTION ( 'NONE',  ( -1.000000000000000000, -0.000000000000000000, -0.000000000000000000 ) ) ;
#4151 = LINE ( 'NONE', #7080, #3687 ) ;
#4152 = ORIENTED_EDGE ( 'NONE', *, *, #130, .F. ) ;
#4153 = EDGE_CURVE ( 'NONE', #1906, #5463, #5805, .T. ) ;
#4154 = STYLED_ITEM ( 'NONE', ( #5510 ), #3558 ) ;
#4155 = CARTESIAN_POINT ( 'NONE',  ( -5.079999999999997407, 7.492999999999998550, 2.501900000000000901 ) ) ;
#4156 = CARTESIAN_POINT ( 'NONE',  ( 9.270999999999997243, 6.222999999999998977, -1.650999999999998913 ) ) ;
#4157 = PLANE ( 'NONE',  #2538 ) ;
#4158 = VECTOR ( 'NONE', #3176, 1000.000000000000000 ) ;
#4159 = CARTESIAN_POINT ( 'NONE',  ( 5.080000000000002736, 0.3809999999999993947, -2.120900000000001562 ) ) ;
#4160 = ADVANCED_FACE ( 'NONE', ( #1564 ), #996, .F. ) ;
#4161 = ORIENTED_EDGE ( 'NONE', *, *, #3546, .F. ) ;
#4162 = VECTOR ( 'NONE', #4444, 1000.000000000000000 ) ;
#4163 = AXIS2_PLACEMENT_3D ( 'NONE', #6348, #7040, #6885 ) ;
#4164 = LINE ( 'NONE', #39, #1074 ) ;
#4165 = LINE ( 'NONE', #4203, #7648 ) ;
#4166 = LINE ( 'NONE', #7096, #6782 ) ;
#4168 = AXIS2_PLACEMENT_3D ( 'NONE', #7415, #4420, #6262 ) ;
#4167 = CARTESIAN_POINT ( 'NONE',  ( -1.397000000000000686, 6.794499999999999318, -1.396999999999998243 ) ) ;
#4169 = EDGE_CURVE ( 'NONE', #2230, #4497, #3928, .T. ) ;
#4170 = EDGE_CURVE ( 'NONE', #5371, #4877, #2846, .T. ) ;
#4171 = ORIENTED_EDGE ( 'NONE', *, *, #6797, .T. ) ;
#4172 = ORIENTED_EDGE ( 'NONE', *, *, #49, .F. ) ;
#4173 = DIRECTION ( 'NONE',  ( 0.000000000000000000, -1.733406087350420004E-16, 1.000000000000000000 ) ) ;
#4174 = VECTOR ( 'NONE', #7292, 1000.000000000000000 ) ;
#4175 = FILL_AREA_STYLE_COLOUR ( '', #5165 ) ;
#4176 = CARTESIAN_POINT ( 'NONE',  ( -8.064499999999998892, 7.492999999999998550, 2.095500000000003915 ) ) ;
#4177 = LINE ( 'NONE', #2325, #4044 ) ;
#4178 = DIRECTION ( 'NONE',  ( 0.000000000000000000, -1.000000000000000000, 0.000000000000000000 ) ) ;
#4179 = EDGE_LOOP ( 'NONE', ( #7308, #3769, #4251, #500 ) ) ;
#4180 = VECTOR ( 'NONE', #3363, 1000.000000000000000 ) ;
#4181 = VERTEX_POINT ( 'NONE', #1675 ) ;
#4182 = CARTESIAN_POINT ( 'NONE',  ( 0.1777999999999999858, 0.2539999999999993929, -3.429000000000000270 ) ) ;
#4183 = DIRECTION ( 'NONE',  ( -0.000000000000000000, -0.000000000000000000, 1.000000000000000000 ) ) ;
#4184 = CARTESIAN_POINT ( 'NONE',  ( 10.15999999999999837, 7.492999999999998550, 2.501900000000000901 ) ) ;
#4185 = AXIS2_PLACEMENT_3D ( 'NONE', #6822, #7399, #3277 ) ;
#4186 = EDGE_CURVE ( 'NONE', #1291, #5640, #4271, .T. ) ;
#4187 = VERTEX_POINT ( 'NONE', #2258 ) ;
#4188 = CARTESIAN_POINT ( 'NONE',  ( 0.8889999999999991243, 6.222999999999998977, -0.8889999999999987912 ) ) ;
#4189 = CARTESIAN_POINT ( 'NONE',  ( -0.3047999999999999599, 0.6730999999999999206, -2.387599999999999945 ) ) ;
#4190 = EDGE_LOOP ( 'NONE', ( #4532, #6952, #6753, #557 ) ) ;
#4191 = ORIENTED_EDGE ( 'NONE', *, *, #4252, .F. ) ;
#4192 = CARTESIAN_POINT ( 'NONE',  ( 7.620000000000001883, 7.492999999999998550, 2.501900000000000901 ) ) ;
#4193 = DIRECTION ( 'NONE',  ( 0.5773502691896273964, -0.5773502691896236216, -0.5773502691896262862 ) ) ;
#4194 = FACE_OUTER_BOUND ( 'NONE', #535, .T. ) ;
#4195 = PLANE ( 'NONE',  #1019 ) ;
#4196 = EDGE_CURVE ( 'NONE', #3305, #5125, #5842, .T. ) ;
#4197 = PLANE ( 'NONE',  #1515 ) ;
#4198 = ORIENTED_EDGE ( 'NONE', *, *, #2345, .F. ) ;
#4199 = ORIENTED_EDGE ( 'NONE', *, *, #3315, .F. ) ;
#4200 = LINE ( 'NONE', #4834, #6854 ) ;
#4201 = PLANE ( 'NONE',  #6191 ) ;
#4202 = ADVANCED_FACE ( 'NONE', ( #4658 ), #1078, .F. ) ;
#4203 = CARTESIAN_POINT ( 'NONE',  ( -3.429000000000002490, 6.222999999999998977, -0.8889999999999987912 ) ) ;
#4204 =( NAMED_UNIT ( * ) SI_UNIT ( $, .STERADIAN. ) SOLID_ANGLE_UNIT ( ) );
#4205 = VECTOR ( 'NONE', #1404, 1000.000000000000000 ) ;
#4206 = DIRECTION ( 'NONE',  ( 0.000000000000000000, -1.733406087350420004E-16, 1.000000000000000000 ) ) ;
#4207 = VERTEX_POINT ( 'NONE', #2879 ) ;
#4208 = CARTESIAN_POINT ( 'NONE',  ( -10.41399999999999970, 0.8889999999999985691, 1.984781810244993228 ) ) ;
#4209 = EDGE_LOOP ( 'NONE', ( #6468, #5181, #651, #4576 ) ) ;
#4210 = EDGE_LOOP ( 'NONE', ( #3253, #2420, #2343, #4329 ) ) ;
#4211 =( REPRESENTATION_RELATIONSHIP ('NONE','NONE', #132, #2825 ) REPRESENTATION_RELATIONSHIP_WITH_TRANSFORMATION ( #4482 )SHAPE_REPRESENTATION_RELATIONSHIP( ) );
#4212 = LINE ( 'NONE', #12, #5484 ) ;
#4213 = ADVANCED_FACE ( 'NONE', ( #7467 ), #6315, .F. ) ;
#4214 = SURFACE_STYLE_FILL_AREA ( #3680 ) ;
#4215 = ADVANCED_FACE ( 'NONE', ( #7113 ), #3537, .T. ) ;
#4216 = DIRECTION ( 'NONE',  ( 0.000000000000000000, -1.733406087350420004E-16, 1.000000000000000000 ) ) ;
#4217 = LINE ( 'NONE', #1142, #3067 ) ;
#4218 = DIRECTION ( 'NONE',  ( 0.000000000000000000, 1.000000000000000000, 0.000000000000000000 ) ) ;
#4219 = ORIENTED_EDGE ( 'NONE', *, *, #6, .F. ) ;
#4220 = ORIENTED_EDGE ( 'NONE', *, *, #1550, .F. ) ;
#4221 = CARTESIAN_POINT ( 'NONE',  ( -9.271000000000000796, 7.048499999999997101, 0.8890000000000012337 ) ) ;
#4222 = FACE_OUTER_BOUND ( 'NONE', #7238, .T. ) ;
#4223 = DIRECTION ( 'NONE',  ( 0.000000000000000000, 1.733406087350420251E-16, -1.000000000000000000 ) ) ;
#4224 = CARTESIAN_POINT ( 'NONE',  ( -0.8890000000000026770, 6.222999999999998977, -0.8889999999999987912 ) ) ;
#4225 = STYLED_ITEM ( 'NONE', ( #6974 ), #3733 ) ;
#4226 = DIRECTION ( 'NONE',  ( 0.000000000000000000, 0.9659258262890700886, -0.2588190451025143002 ) ) ;
#4227 = ORIENTED_EDGE ( 'NONE', *, *, #648, .T. ) ;
#4228 = EDGE_CURVE ( 'NONE', #1347, #6975, #3033, .T. ) ;
#4229 = DIRECTION ( 'NONE',  ( 0.000000000000000000, -1.000000000000000000, -2.439149994343092652E-16 ) ) ;
#4230 = VERTEX_POINT ( 'NONE', #27 ) ;
#4231 = VECTOR ( 'NONE', #2302, 1000.000000000000000 ) ;
#4232 = LINE ( 'NONE', #693, #162 ) ;
#4233 = CARTESIAN_POINT ( 'NONE',  ( 0.3047999999999999599, 0.6731000000000003647, 2.387599999999999945 ) ) ;
#4234 = DIRECTION ( 'NONE',  ( 0.000000000000000000, 0.2588190451025143002, -0.9659258262890699775 ) ) ;
#4235 = ORIENTED_EDGE ( 'NONE', *, *, #5706, .F. ) ;
#4236 = VERTEX_POINT ( 'NONE', #2410 ) ;
#4237 = CARTESIAN_POINT ( 'NONE',  ( -2.539999999999998703, 0.000000000000000000, 0.000000000000000000 ) ) ;
#4238 = EDGE_LOOP ( 'NONE', ( #6387, #6887, #355, #5073 ) ) ;
#4239 = VECTOR ( 'NONE', #7663, 1000.000000000000000 ) ;
#4240 = EDGE_CURVE ( 'NONE', #4668, #3954, #4778, .T. ) ;
#4241 = ORIENTED_EDGE ( 'NONE', *, *, #6710, .F. ) ;
#4242 = ADVANCED_FACE ( 'NONE', ( #6578 ), #5134, .F. ) ;
#4243 = LINE ( 'NONE', #6042, #3004 ) ;
#4244 = FACE_OUTER_BOUND ( 'NONE', #748, .T. ) ;
#4245 = AXIS2_PLACEMENT_3D ( 'NONE', #1527, #3459, #6351 ) ;
#4246 = LINE ( 'NONE', #7127, #1952 ) ;
#4247 = SHAPE_DEFINITION_REPRESENTATION ( #6125, #2825 ) ;
#4248 = DIRECTION ( 'NONE',  ( -0.5773502691896273964, 0.5773502691896237327, -0.5773502691896261751 ) ) ;
#4249 = EDGE_LOOP ( 'NONE', ( #6377, #3055, #2336, #7090 ) ) ;
#4250 = LINE ( 'NONE', #85, #5809 ) ;
#4251 = ORIENTED_EDGE ( 'NONE', *, *, #7063, .F. ) ;
#4252 = EDGE_CURVE ( 'NONE', #2192, #4976, #3658, .T. ) ;
#4253 = EDGE_LOOP ( 'NONE', ( #4691, #5061, #5094, #6657 ) ) ;
#4254 = VECTOR ( 'NONE', #2699, 1000.000000000000000 ) ;
#4255 = LINE ( 'NONE', #6755, #1134 ) ;
#4256 =( NAMED_UNIT ( * ) SI_UNIT ( $, .STERADIAN. ) SOLID_ANGLE_UNIT ( ) );
#4257 = VECTOR ( 'NONE', #3699, 1000.000000000000000 ) ;
#4258 = DIRECTION ( 'NONE',  ( -0.000000000000000000, 1.000000000000000000, 1.422837496700138942E-15 ) ) ;
#4259 = CARTESIAN_POINT ( 'NONE',  ( -9.271000000000000796, 6.222999999999998977, -1.650999999999998913 ) ) ;
#4260 = LINE ( 'NONE', #3064, #3350 ) ;
#4261 = ORIENTED_EDGE ( 'NONE', *, *, #2961, .T. ) ;
#4262 = EDGE_CURVE ( 'NONE', #2374, #491, #1832, .T. ) ;
#4263 = ORIENTED_EDGE ( 'NONE', *, *, #3223, .T. ) ;
#4264 = AXIS2_PLACEMENT_3D ( 'NONE', #4918, #3744, #6748 ) ;
#4265 = VECTOR ( 'NONE', #2614, 1000.000000000000000 ) ;
#4266 = CARTESIAN_POINT ( 'NONE',  ( -0.3047999999999999599, -3.611118645726065035E-32, -3.429000000000000270 ) ) ;
#4267 = CARTESIAN_POINT ( 'NONE',  ( 8.762999999999999901, 6.794499999999999318, -1.396999999999998243 ) ) ;
#4268 = PLANE ( 'NONE',  #7037 ) ;
#4269 = ORIENTED_EDGE ( 'NONE', *, *, #57, .T. ) ;
#4270 = LINE ( 'NONE', #3189, #3320 ) ;
#4271 = CIRCLE ( 'NONE', #6764, 0.6731000000000002537 ) ;
#4272 = VECTOR ( 'NONE', #1072, 1000.000000000000000 ) ;
#4273 = VERTEX_POINT ( 'NONE', #7656 ) ;
#4274 = EDGE_CURVE ( 'NONE', #3231, #4877, #1200, .T. ) ;
#4275 = ORIENTED_EDGE ( 'NONE', *, *, #3077, .F. ) ;
#4276 = DIRECTION ( 'NONE',  ( 0.000000000000000000, 1.000000000000000000, 0.000000000000000000 ) ) ;
#4277 = MECHANICAL_DESIGN_GEOMETRIC_PRESENTATION_REPRESENTATION (  '', ( #7020 ), #3173 ) ;
#4278 = LINE ( 'NONE', #880, #2161 ) ;
#4279 = DIRECTION ( 'NONE',  ( -0.000000000000000000, 1.000000000000000000, 1.733406087350420004E-16 ) ) ;
#4280 = FACE_OUTER_BOUND ( 'NONE', #3412, .T. ) ;
#4281 = EDGE_LOOP ( 'NONE', ( #4656, #2813, #1087, #2101 ) ) ;
#4282 = CARTESIAN_POINT ( 'NONE',  ( 1.650999999999998025, 6.222999999999998977, -1.650999999999998913 ) ) ;
#4283 = VERTEX_POINT ( 'NONE', #3576 ) ;
#4284 = VECTOR ( 'NONE', #6533, 1000.000000000000000 ) ;
#4285 = CARTESIAN_POINT ( 'NONE',  ( 7.620000000000001883, 0.8889999999999989022, -1.984781810244995004 ) ) ;
#4286 = CARTESIAN_POINT ( 'NONE',  ( -5.079999999999997407, 0.8889999999999989022, -1.984781810244995004 ) ) ;
#4287 = VECTOR ( 'NONE', #238, 1000.000000000000000 ) ;
#4288 = AXIS2_PLACEMENT_3D ( 'NONE', #6095, #711, #128 ) ;
#4289 = CARTESIAN_POINT ( 'NONE',  ( 7.620000000000000107, 6.222999999999998977, -2.201425730935033664E-16 ) ) ;
#4290 = ITEM_DEFINED_TRANSFORMATION ( 'NONE', 'NONE', #4129,  #7126 ) ;
#4291 = ADVANCED_FACE ( 'NONE', ( #3494 ), #4698, .T. ) ;
#4292 = PLANE ( 'NONE',  #2679 ) ;
#4293 = EDGE_LOOP ( 'NONE', ( #1223, #2509, #4109, #2827 ) ) ;
#4294 = CARTESIAN_POINT ( 'NONE',  ( -7.619999999999998330, 0.3809999999999993947, -2.120900000000001562 ) ) ;
#4295 = EDGE_LOOP ( 'NONE', ( #7323, #5589, #7195, #4641 ) ) ;
#4296 = ORIENTED_EDGE ( 'NONE', *, *, #3609, .F. ) ;
#4297 = AXIS2_PLACEMENT_3D ( 'NONE', #5205, #7576, #5238 ) ;
#4298 = CARTESIAN_POINT ( 'NONE',  ( -9.715500000000005798, 7.492999999999998550, 0.4444999999999979523 ) ) ;
#4299 =( LENGTH_UNIT ( ) NAMED_UNIT ( * ) SI_UNIT ( .MILLI., .METRE. ) );
#4300 = VECTOR ( 'NONE', #2822, 1000.000000000000000 ) ;
#4301 = AXIS2_PLACEMENT_3D ( 'NONE', #4289, #2933, #7169 ) ;
#4302 = CARTESIAN_POINT ( 'NONE',  ( 1.734723475976807094E-15, 0.3809999999999992837, 2.501899999999999125 ) ) ;
#4303 = CARTESIAN_POINT ( 'NONE',  ( 9.016999999999997684, 6.794499999999999318, -1.396999999999998243 ) ) ;
#4304 = ADVANCED_FACE ( 'NONE', ( #2445 ), #5334, .F. ) ;
#4305 = DIRECTION ( 'NONE',  ( 0.000000000000000000, -1.733406087350420004E-16, 1.000000000000000000 ) ) ;
#4306 = ORIENTED_EDGE ( 'NONE', *, *, #6438, .T. ) ;
#4307 = ORIENTED_EDGE ( 'NONE', *, *, #2994, .F. ) ;
#4308 = AXIS2_PLACEMENT_3D ( 'NONE', #6799, #129, #4999 ) ;
#4309 = AXIS2_PLACEMENT_3D ( 'NONE', #3374, #5684, #1552 ) ;
#4310 = DIRECTION ( 'NONE',  ( 0.5773502691896272854, -0.5773502691896241767, -0.5773502691896257311 ) ) ;
#4311 = CARTESIAN_POINT ( 'NONE',  ( 8.508999999999998565, 6.222999999999998977, 0.8890000000000011227 ) ) ;
#4312 = PLANE ( 'NONE',  #4803 ) ;
#4313 = EDGE_CURVE ( 'NONE', #786, #1336, #7043, .T. ) ;
#4314 = AXIS2_PLACEMENT_3D ( 'NONE', #804, #1948, #4315 ) ;
#4315 = DIRECTION ( 'NONE',  ( 0.000000000000000000, 1.733406087350420004E-16, -1.000000000000000000 ) ) ;
#4316 = VECTOR ( 'NONE', #2596, 1000.000000000000000 ) ;
#4317 = ORIENTED_EDGE ( 'NONE', *, *, #2050, .T. ) ;
#4318 = ORIENTED_EDGE ( 'NONE', *, *, #892, .T. ) ;
#4319 = DIRECTION ( 'NONE',  ( -1.000000000000000000, 0.000000000000000000, 0.000000000000000000 ) ) ;
#4320 = VECTOR ( 'NONE', #6945, 1000.000000000000000 ) ;
#4321 = DIRECTION ( 'NONE',  ( -0.000000000000000000, 0.000000000000000000, 1.000000000000000000 ) ) ;
#4322 = DIRECTION ( 'NONE',  ( -1.000000000000000000, -0.000000000000000000, -0.000000000000000000 ) ) ;
#4323 = CARTESIAN_POINT ( 'NONE',  ( 2.540000000000002256, 0.3809999999999993947, -2.120900000000001562 ) ) ;
#4324 = VERTEX_POINT ( 'NONE', #1867 ) ;
#4325 = EDGE_CURVE ( 'NONE', #6440, #6664, #2372, .T. ) ;
#4326 = EDGE_CURVE ( 'NONE', #3778, #6326, #4151, .T. ) ;
#4327 = VERTEX_POINT ( 'NONE', #1757 ) ;
#4328 = CARTESIAN_POINT ( 'NONE',  ( 8.508999999999998565, 6.222999999999998977, 1.651000000000001133 ) ) ;
#4329 = ORIENTED_EDGE ( 'NONE', *, *, #6238, .T. ) ;
#4330 = VECTOR ( 'NONE', #3963, 1000.000000000000000 ) ;
#4331 = DIRECTION ( 'NONE',  ( 0.000000000000000000, -1.000000000000000000, 0.000000000000000000 ) ) ;
#4332 = DIRECTION ( 'NONE',  ( 0.000000000000000000, 1.092515224483717628E-16, -1.000000000000000000 ) ) ;
#4333 = DIRECTION ( 'NONE',  ( 0.000000000000000000, 1.000000000000000000, 2.439149994343092652E-16 ) ) ;
#4334 = DIRECTION ( 'NONE',  ( 0.000000000000000000, 1.733406087350420004E-16, -1.000000000000000000 ) ) ;
#4335 = EDGE_LOOP ( 'NONE', ( #2611, #1329, #6537, #67, #4072, #2582, #5614, #3570 ) ) ;
#4336 = EDGE_LOOP ( 'NONE', ( #4852, #6358, #7362, #337 ) ) ;
#4337 = DIRECTION ( 'NONE',  ( 0.000000000000000000, 0.9659258262890700886, -0.2588190451025143002 ) ) ;
#4338 = EDGE_CURVE ( 'NONE', #3978, #962, #2992, .T. ) ;
#4339 = CARTESIAN_POINT ( 'NONE',  ( -10.15999999999999837, 7.492999999999998550, 2.501900000000000901 ) ) ;
#4340 = DIRECTION ( 'NONE',  ( 0.000000000000000000, 1.000000000000000000, 0.000000000000000000 ) ) ;
#4341 = CARTESIAN_POINT ( 'NONE',  ( -1.651000000000001355, 6.222999999999998977, 0.8890000000000011227 ) ) ;
#4342 = DIRECTION ( 'NONE',  ( 0.000000000000000000, 1.000000000000000000, 2.439149994343092652E-16 ) ) ;
#4343 = CARTESIAN_POINT ( 'NONE',  ( -10.15999999999999837, 0.3809999999999999498, -2.501900000000000901 ) ) ;
#4344 = EDGE_LOOP ( 'NONE', ( #240, #5239, #5630, #398 ) ) ;
#4345 = ORIENTED_EDGE ( 'NONE', *, *, #2307, .F. ) ;
#4346 = ADVANCED_FACE ( 'NONE', ( #1114 ), #5876, .F. ) ;
#4347 = PLANE ( 'NONE',  #3044 ) ;
#4348 = FACE_BOUND ( 'NONE', #6775, .T. ) ;
#4349 = PLANE ( 'NONE',  #2451 ) ;
#4350 = ORIENTED_EDGE ( 'NONE', *, *, #4892, .T. ) ;
#4351 = EDGE_LOOP ( 'NONE', ( #7301, #6419, #918, #7099, #7025, #944, #4082, #2045 ) ) ;
#4352 = CARTESIAN_POINT ( 'NONE',  ( -8.064499999999998892, 7.492999999999999439, -2.095500000000001695 ) ) ;
#4353 = EDGE_CURVE ( 'NONE', #2353, #1016, #6177, .T. ) ;
#4354 = CARTESIAN_POINT ( 'NONE',  ( 0.3047999999999999599, 0.6731000000000003647, 1.714499999999999913 ) ) ;
#4355 = LINE ( 'NONE', #3268, #2409 ) ;
#4356 = CARTESIAN_POINT ( 'NONE',  ( -0.3047999999999999599, 0.2539999999999993929, 2.387599999999999945 ) ) ;
#4357 = VECTOR ( 'NONE', #4173, 1000.000000000000000 ) ;
#4358 = FACE_OUTER_BOUND ( 'NONE', #1038, .T. ) ;
#4359 = ORIENTED_EDGE ( 'NONE', *, *, #1464, .T. ) ;
#4360 = ORIENTED_EDGE ( 'NONE', *, *, #1456, .T. ) ;
#4361 = DIRECTION ( 'NONE',  ( -1.000000000000000000, -0.000000000000000000, -0.000000000000000000 ) ) ;
#4362 = ADVANCED_FACE ( 'NONE', ( #2601, #2675, #5638 ), #3866, .F. ) ;
#4363 = PLANE ( 'NONE',  #2337 ) ;
#4364 = ORIENTED_EDGE ( 'NONE', *, *, #4643, .T. ) ;
#4365 = LINE ( 'NONE', #1379, #1441 ) ;
#4366 = AXIS2_PLACEMENT_3D ( 'NONE', #1501, #1574, #4559 ) ;
#4367 = CARTESIAN_POINT ( 'NONE',  ( 8.889999999999991687, -4.814824860968089633E-32, 0.000000000000000000 ) ) ;
#4368 = VERTEX_POINT ( 'NONE', #6760 ) ;
#4369 = VECTOR ( 'NONE', #7283, 1000.000000000000000 ) ;
#4370 = VERTEX_POINT ( 'NONE', #4455 ) ;
#4371 = ORIENTED_EDGE ( 'NONE', *, *, #112, .T. ) ;
#4372 = EDGE_CURVE ( 'NONE', #491, #2241, #1430, .T. ) ;
#4373 = LINE ( 'NONE', #3210, #1770 ) ;
#4374 = CARTESIAN_POINT ( 'NONE',  ( -5.079999999999997407, 0.3809999999999993947, -2.120900000000001562 ) ) ;
#4375 = CLOSED_SHELL ( 'NONE', ( #4362, #7580, #1297, #5104, #1615, #1240, #6692, #6184, #4467, #6490, #3953, #4160, #352, #7228, #3165, #7092, #2759, #7314, #4346, #5161, #6544, #547, #991, #3404, #1356, #1179, #2010, #6751 ) ) ;
#4376 = CARTESIAN_POINT ( 'NONE',  ( 0.1777999999999999858, 0.2539999999999993929, -3.429000000000000270 ) ) ;
#4377 = DIRECTION ( 'NONE',  ( -0.000000000000000000, 1.000000000000000000, 1.422837496700138942E-15 ) ) ;
#4378 = CARTESIAN_POINT ( 'NONE',  ( -10.41399999999999970, 0.3809999999999999498, -2.501900000000000901 ) ) ;
#4379 = ORIENTED_EDGE ( 'NONE', *, *, #4526, .T. ) ;
#4380 = DIRECTION ( 'NONE',  ( -0.000000000000000000, -2.082201214683127315E-16, 1.000000000000000000 ) ) ;
#4381 = EDGE_LOOP ( 'NONE', ( #7189, #6794, #1565, #4359 ) ) ;
#4382 = EDGE_LOOP ( 'NONE', ( #2610, #6021, #2650, #4084 ) ) ;
#4383 = VECTOR ( 'NONE', #2226, 1000.000000000000000 ) ;
#4384 = CARTESIAN_POINT ( 'NONE',  ( -8.509000000000002117, 6.222999999999998977, -0.8889999999999987912 ) ) ;
#4385 = AXIS2_PLACEMENT_3D ( 'NONE', #5141, #968, #7049 ) ;
#4386 = DIRECTION ( 'NONE',  ( -0.5773502691896272854, -0.5773502691896241767, -0.5773502691896257311 ) ) ;
#4387 = CARTESIAN_POINT ( 'NONE',  ( -10.15999999999999837, 0.3809999999999992837, 2.501899999999999125 ) ) ;
#4388 = CARTESIAN_POINT ( 'NONE',  ( -10.15999999999999837, 0.3809999999999988396, 2.120899999999999785 ) ) ;
#4389 = ADVANCED_FACE ( 'NONE', ( #5080 ), #4530, .F. ) ;
#4390 = DIRECTION ( 'NONE',  ( -1.000000000000000000, 0.000000000000000000, 0.000000000000000000 ) ) ;
#4391 = VERTEX_POINT ( 'NONE', #4968 ) ;
#4392 = VERTEX_POINT ( 'NONE', #2637 ) ;
#4393 = CARTESIAN_POINT ( 'NONE',  ( 2.540000000000002256, 0.8889999999999985691, 1.984781810244993228 ) ) ;
#4394 = LINE ( 'NONE', #228, #411 ) ;
#4395 = AXIS2_PLACEMENT_3D ( 'NONE', #6462, #5756, #451 ) ;
#4396 = CARTESIAN_POINT ( 'NONE',  ( 1.650999999999998025, 7.048499999999997989, -0.8889999999999986802 ) ) ;
#4397 = FACE_OUTER_BOUND ( 'NONE', #4295, .T. ) ;
#4398 = ORIENTED_EDGE ( 'NONE', *, *, #3295, .F. ) ;
#4399 = ADVANCED_FACE ( 'NONE', ( #6333 ), #282, .F. ) ;
#4400 = CARTESIAN_POINT ( 'NONE',  ( -7.619999999999998330, 0.3809999999999999498, -2.501900000000000901 ) ) ;
#4401 = EDGE_LOOP ( 'NONE', ( #3647, #5354, #2219, #4922 ) ) ;
#4402 = VECTOR ( 'NONE', #1945, 1000.000000000000000 ) ;
#4403 = CARTESIAN_POINT ( 'NONE',  ( -0.3047999999999999599, 0.6730999999999999206, -1.968499999999999694 ) ) ;
#4404 = DIRECTION ( 'NONE',  ( 0.000000000000000000, 0.2588190451025142447, 0.9659258262890700886 ) ) ;
#4405 = UNCERTAINTY_MEASURE_WITH_UNIT (LENGTH_MEASURE( 1.000000000000000082E-05 ), #4972, 'distance_accuracy_value', 'NONE');
#4406 = CARTESIAN_POINT ( 'NONE',  ( -6.731000000000000760, 6.222999999999998977, -0.8889999999999987912 ) ) ;
#4407 = ITEM_DEFINED_TRANSFORMATION ( 'NONE', 'NONE', #2903,  #7126 ) ;
#4408 = VECTOR ( 'NONE', #1434, 1000.000000000000000 ) ;
#4409 = ADVANCED_FACE ( 'NONE', ( #868 ), #363, .F. ) ;
#4410 = ORIENTED_EDGE ( 'NONE', *, *, #6106, .T. ) ;
#4411 = ORIENTED_EDGE ( 'NONE', *, *, #4459, .T. ) ;
#4412 = VECTOR ( 'NONE', #7603, 1000.000000000000000 ) ;
#4413 = DIRECTION ( 'NONE',  ( 0.000000000000000000, 1.733406087350420004E-16, -1.000000000000000000 ) ) ;
#4414 = DIRECTION ( 'NONE',  ( 0.000000000000000000, 1.000000000000000000, 1.733406087350420004E-16 ) ) ;
#4415 = CYLINDRICAL_SURFACE ( 'NONE', #3915, 0.1269999999999999463 ) ;
#4416 = LINE ( 'NONE', #4303, #567 ) ;
#4417 = EDGE_CURVE ( 'NONE', #2968, #5558, #2093, .T. ) ;
#4418 = PLANE ( 'NONE',  #1626 ) ;
#4419 = EDGE_CURVE ( 'NONE', #6497, #4651, #833, .T. ) ;
#4420 = DIRECTION ( 'NONE',  ( 0.000000000000000000, 1.000000000000000000, -1.138269997360111548E-15 ) ) ;
#4421 = VERTEX_POINT ( 'NONE', #3332 ) ;
#4422 = VERTEX_POINT ( 'NONE', #3945 ) ;
#4423 = DIRECTION ( 'NONE',  ( -1.000000000000000000, -0.000000000000000000, -0.000000000000000000 ) ) ;
#4424 = FACE_BOUND ( 'NONE', #5351, .T. ) ;
#4425 = CARTESIAN_POINT ( 'NONE',  ( -1.651000000000001355, 6.222999999999998977, -0.8889999999999987912 ) ) ;
#4426 = ORIENTED_EDGE ( 'NONE', *, *, #5151, .F. ) ;
#4427 = VECTOR ( 'NONE', #4766, 1000.000000000000000 ) ;
#4428 = VERTEX_POINT ( 'NONE', #7372 ) ;
#4429 = AXIS2_PLACEMENT_3D ( 'NONE', #289, #1947, #6143 ) ;
#4430 = CARTESIAN_POINT ( 'NONE',  ( -0.3047999999999999599, 0.6730999999999999206, -2.387599999999999945 ) ) ;
#4431 = ADVANCED_FACE ( 'NONE', ( #5606 ), #6801, .F. ) ;
#4432 = DIRECTION ( 'NONE',  ( -1.000000000000000000, -0.000000000000000000, -0.000000000000000000 ) ) ;
#4433 = PLANE ( 'NONE',  #524 ) ;
#4434 = DIRECTION ( 'NONE',  ( 1.000000000000000000, 0.000000000000000000, 0.000000000000000000 ) ) ;
#4435 = VECTOR ( 'NONE', #3636, 1000.000000000000000 ) ;
#4436 = ORIENTED_EDGE ( 'NONE', *, *, #5353, .F. ) ;
#4437 = DIRECTION ( 'NONE',  ( 0.000000000000000000, -1.138269997360111548E-15, -1.000000000000000000 ) ) ;
#4438 = EDGE_LOOP ( 'NONE', ( #6230, #5959, #5007, #6168 ) ) ;
#4439 = VERTEX_POINT ( 'NONE', #3831 ) ;
#4440 = VECTOR ( 'NONE', #5963, 1000.000000000000000 ) ;
#4441 = DIRECTION ( 'NONE',  ( 0.000000000000000000, 2.439149994343092652E-16, -1.000000000000000000 ) ) ;
#4442 = EDGE_CURVE ( 'NONE', #3580, #1480, #2713, .T. ) ;
#4443 = FACE_OUTER_BOUND ( 'NONE', #7152, .T. ) ;
#4444 = DIRECTION ( 'NONE',  ( -0.000000000000000000, -0.000000000000000000, 1.000000000000000000 ) ) ;
#4445 = CARTESIAN_POINT ( 'NONE',  ( 0.3047999999999999599, 0.6731000000000003647, 1.714499999999999913 ) ) ;
#4446 = EDGE_LOOP ( 'NONE', ( #5717, #3286, #318, #6964 ) ) ;
#4447 = EDGE_LOOP ( 'NONE', ( #4123, #2887, #4152, #1978 ) ) ;
#4448 = DIRECTION ( 'NONE',  ( -0.5773502691896272854, -0.5773502691896241767, -0.5773502691896257311 ) ) ;
#4449 = EDGE_CURVE ( 'NONE', #2790, #1488, #6221, .T. ) ;
#4450 = FACE_OUTER_BOUND ( 'NONE', #6466, .T. ) ;
#4451 = LINE ( 'NONE', #6798, #1939 ) ;
#4452 = CARTESIAN_POINT ( 'NONE',  ( -4.191000000000000725, 6.222999999999998977, 0.8890000000000011227 ) ) ;
#4453 = VECTOR ( 'NONE', #5244, 1000.000000000000000 ) ;
#4454 = DIRECTION ( 'NONE',  ( 0.000000000000000000, 1.000000000000000000, 1.733406087350420004E-16 ) ) ;
#4455 = CARTESIAN_POINT ( 'NONE',  ( -3.429000000000002490, 6.222999999999998977, -0.8889999999999987912 ) ) ;
#4456 = EDGE_LOOP ( 'NONE', ( #1138, #4092, #5774, #2120 ) ) ;
#4457 = ORIENTED_EDGE ( 'NONE', *, *, #6457, .F. ) ;
#4458 = EDGE_CURVE ( 'NONE', #3528, #3158, #248, .T. ) ;
#4459 = EDGE_CURVE ( 'NONE', #7561, #2819, #1546, .T. ) ;
#4460 = SURFACE_STYLE_USAGE ( .BOTH. , #7566 ) ;
#4461 = LINE ( 'NONE', #1477, #6524 ) ;
#4462 = CARTESIAN_POINT ( 'NONE',  ( 17.78000000000000114, 6.222999999999998977, -2.201425730935033664E-16 ) ) ;
#4463 = LINE ( 'NONE', #7421, #7425 ) ;
#4464 = ORIENTED_EDGE ( 'NONE', *, *, #4619, .T. ) ;
#4465 = VERTEX_POINT ( 'NONE', #2060 ) ;
#4466 = DIRECTION ( 'NONE',  ( 0.000000000000000000, 0.9659258262890700886, -0.2588190451025143002 ) ) ;
#4467 = ADVANCED_FACE ( 'NONE', ( #5114 ), #3369, .T. ) ;
#4468 = CARTESIAN_POINT ( 'NONE',  ( 8.508999999999998565, 7.048499999999997989, -1.650999999999998691 ) ) ;
#4469 = CARTESIAN_POINT ( 'NONE',  ( 5.080000000000002736, 0.8889999999999989022, -1.984781810244995004 ) ) ;
#4470 = CARTESIAN_POINT ( 'NONE',  ( 0.3047999999999999599, 0.6730999999999999206, -2.387599999999999945 ) ) ;
#4471 = EDGE_LOOP ( 'NONE', ( #7374, #2275, #3242, #6220 ) ) ;
#4472 = EDGE_LOOP ( 'NONE', ( #5035, #2530, #669, #6580, #3746, #2932, #4768, #4318 ) ) ;
#4473 = CARTESIAN_POINT ( 'NONE',  ( -1.651000000000001355, 6.222999999999998977, 0.8890000000000011227 ) ) ;
#4474 = ORIENTED_EDGE ( 'NONE', *, *, #3706, .F. ) ;
#4475 = EDGE_CURVE ( 'NONE', #6154, #123, #1580, .T. ) ;
#4476 = DIRECTION ( 'NONE',  ( 0.000000000000000000, -1.733406087350420004E-16, 1.000000000000000000 ) ) ;
#4477 = MECHANICAL_DESIGN_GEOMETRIC_PRESENTATION_REPRESENTATION (  '', ( #4596 ), #6969 ) ;
#4478 = DIRECTION ( 'NONE',  ( -0.5773502691896273964, 0.5773502691896237327, -0.5773502691896261751 ) ) ;
#4479 = CARTESIAN_POINT ( 'NONE',  ( -0.3047999999999999599, 0.000000000000000000, -3.302000000000000046 ) ) ;
#4480 = UNCERTAINTY_MEASURE_WITH_UNIT (LENGTH_MEASURE( 1.000000000000000082E-05 ), #6404, 'distance_accuracy_value', 'NONE');
#4481 = LINE ( 'NONE', #523, #5433 ) ;
#4482 = ITEM_DEFINED_TRANSFORMATION ( 'NONE', 'NONE', #4003,  #7126 ) ;
#4483 = FILL_AREA_STYLE ('',( #4992 ) ) ;
#4484 = ADVANCED_FACE ( 'NONE', ( #7024 ), #6449, .F. ) ;
#4485 = EDGE_CURVE ( 'NONE', #5372, #4391, #1057, .T. ) ;
#4486 = EDGE_LOOP ( 'NONE', ( #806, #2843, #2900, #3206 ) ) ;
#4487 = EDGE_LOOP ( 'NONE', ( #1100, #717, #6898, #744 ) ) ;
#4488 = DIRECTION ( 'NONE',  ( 1.000000000000000000, -0.000000000000000000, -0.000000000000000000 ) ) ;
#4489 = CARTESIAN_POINT ( 'NONE',  ( 9.270999999999997243, 6.222999999999998977, -0.8889999999999987912 ) ) ;
#4490 = VECTOR ( 'NONE', #247, 1000.000000000000000 ) ;
#4491 = CARTESIAN_POINT ( 'NONE',  ( -6.731000000000000760, 7.048499999999997989, -0.8889999999999986802 ) ) ;
#4492 = DIRECTION ( 'NONE',  ( 0.000000000000000000, -1.000000000000000000, 0.000000000000000000 ) ) ;
#4493 = DIRECTION ( 'NONE',  ( 0.5773502691896270633, 0.5773502691896240657, -0.5773502691896261751 ) ) ;
#4494 = CARTESIAN_POINT ( 'NONE',  ( 1.734723475976807094E-15, 7.492999999999998550, 0.4444999999999978413 ) ) ;
#4495 = ADVANCED_FACE ( 'NONE', ( #5223 ), #2200, .F. ) ;
#4496 = VERTEX_POINT ( 'NONE', #1097 ) ;
#4497 = VERTEX_POINT ( 'NONE', #437 ) ;
#4498 = FILL_AREA_STYLE ('',( #331 ) ) ;
#4499 = LINE ( 'NONE', #6839, #2791 ) ;
#4500 = DIRECTION ( 'NONE',  ( 0.000000000000000000, -0.000000000000000000, -1.000000000000000000 ) ) ;
#4501 = DIRECTION ( 'NONE',  ( -0.000000000000000000, 1.000000000000000000, 1.733406087350420004E-16 ) ) ;
#4502 = ADVANCED_FACE ( 'NONE', ( #507 ), #6986, .F. ) ;
#4503 = VERTEX_POINT ( 'NONE', #1655 ) ;
#4504 = EDGE_LOOP ( 'NONE', ( #2283, #2013, #851, #5014 ) ) ;
#4505 =( GEOMETRIC_REPRESENTATION_CONTEXT ( 3 ) GLOBAL_UNCERTAINTY_ASSIGNED_CONTEXT ( ( #3318 ) ) GLOBAL_UNIT_ASSIGNED_CONTEXT ( ( #4299, #3098, #4256 ) ) REPRESENTATION_CONTEXT ( 'NONE', 'WORKASPACE' ) );
#4506 = CARTESIAN_POINT ( 'NONE',  ( 6.730999999999997208, 6.222999999999998977, 1.651000000000001133 ) ) ;
#4507 = CARTESIAN_POINT ( 'NONE',  ( -1.397000000000000686, 6.794499999999998430, 1.143000000000001570 ) ) ;
#4508 = FACE_OUTER_BOUND ( 'NONE', #2166, .T. ) ;
#4509 = EDGE_CURVE ( 'NONE', #1718, #1269, #7596, .T. ) ;
#4510 = PLANE ( 'NONE',  #4245 ) ;
#4511 = VERTEX_POINT ( 'NONE', #3402 ) ;
#4512 = DIRECTION ( 'NONE',  ( -0.000000000000000000, 0.000000000000000000, 1.000000000000000000 ) ) ;
#4513 = ADVANCED_FACE ( 'NONE', ( #3330 ), #1013, .F. ) ;
#4514 = AXIS2_PLACEMENT_3D ( 'NONE', #5369, #6545, #5988 ) ;
#4515 = AXIS2_PLACEMENT_3D ( 'NONE', #5127, #7500, #6346 ) ;
#4516 = CARTESIAN_POINT ( 'NONE',  ( -1.651000000000001355, 6.222999999999998977, -1.650999999999998913 ) ) ;
#4517 = CARTESIAN_POINT ( 'NONE',  ( 10.41399999999999970, 0.000000000000000000, 0.000000000000000000 ) ) ;
#4518 = ORIENTED_EDGE ( 'NONE', *, *, #4542, .F. ) ;
#4519 = CARTESIAN_POINT ( 'NONE',  ( -5.969000000000002082, 6.222999999999998977, -0.8889999999999987912 ) ) ;
#4520 = COLOUR_RGB ( '',0.2509803921568627416, 0.2509803921568627416, 0.2509803921568627416 ) ;
#4521 = VECTOR ( 'NONE', #7218, 1000.000000000000000 ) ;
#4522 = ORIENTED_EDGE ( 'NONE', *, *, #1058, .T. ) ;
#4523 = ORIENTED_EDGE ( 'NONE', *, *, #4041, .F. ) ;
#4524 = CARTESIAN_POINT ( 'NONE',  ( 5.968999999999998529, 7.048499999999997989, -0.8889999999999986802 ) ) ;
#4525 = DIRECTION ( 'NONE',  ( 0.000000000000000000, 0.000000000000000000, -1.000000000000000000 ) ) ;
#4526 = EDGE_CURVE ( 'NONE', #7149, #1996, #7097, .T. ) ;
#4527 = CARTESIAN_POINT ( 'NONE',  ( -7.619999999999998330, 0.8889999999999989022, -1.984781810244995004 ) ) ;
#4528 = CARTESIAN_POINT ( 'NONE',  ( 5.080000000000002736, 7.492999999999998550, 2.501900000000000901 ) ) ;
#4529 = DIRECTION ( 'NONE',  ( 0.000000000000000000, 1.733406087350420004E-16, -1.000000000000000000 ) ) ;
#4530 = PLANE ( 'NONE',  #1962 ) ;
#4531 = ORIENTED_EDGE ( 'NONE', *, *, #5670, .T. ) ;
#4532 = ORIENTED_EDGE ( 'NONE', *, *, #1170, .T. ) ;
#4533 = VERTEX_POINT ( 'NONE', #472 ) ;
#4534 = EDGE_CURVE ( 'NONE', #6070, #6516, #5266, .T. ) ;
#4535 = VECTOR ( 'NONE', #7061, 1000.000000000000000 ) ;
#4536 = CARTESIAN_POINT ( 'NONE',  ( -5.079999999999998295, 0.000000000000000000, 0.000000000000000000 ) ) ;
#4537 = FACE_OUTER_BOUND ( 'NONE', #5737, .T. ) ;
#4538 = DIRECTION ( 'NONE',  ( -0.000000000000000000, 1.000000000000000000, 1.733406087350420004E-16 ) ) ;
#4539 = EDGE_LOOP ( 'NONE', ( #5907, #6620, #5544, #7093 ) ) ;
#4540 = ORIENTED_EDGE ( 'NONE', *, *, #412, .T. ) ;
#4541 = AXIS2_PLACEMENT_3D ( 'NONE', #5838, #6314, #7501 ) ;
#4542 = EDGE_CURVE ( 'NONE', #4496, #773, #6369, .T. ) ;
#4543 = LINE ( 'NONE', #2761, #5661 ) ;
#4544 = LINE ( 'NONE', #6926, #5137 ) ;
#4545 = FACE_OUTER_BOUND ( 'NONE', #3235, .T. ) ;
#4546 = ORIENTED_EDGE ( 'NONE', *, *, #6447, .F. ) ;
#4547 = VECTOR ( 'NONE', #6299, 1000.000000000000000 ) ;
#4548 = DIRECTION ( 'NONE',  ( 1.000000000000000000, 0.000000000000000000, 0.000000000000000000 ) ) ;
#4549 = ORIENTED_EDGE ( 'NONE', *, *, #6325, .F. ) ;
#4550 = CARTESIAN_POINT ( 'NONE',  ( 1.734723475976807094E-15, 0.3809999999999992837, 2.501899999999999125 ) ) ;
#4551 = EDGE_CURVE ( 'NONE', #5215, #962, #4680, .T. ) ;
#4552 = CIRCLE ( 'NONE', #569, 0.1269999999999999463 ) ;
#4553 = CARTESIAN_POINT ( 'NONE',  ( 7.175500000000001322, 7.492999999999998550, 0.4444999999999979523 ) ) ;
#4554 = EDGE_CURVE ( 'NONE', #3285, #2876, #6528, .T. ) ;
#4555 = DIRECTION ( 'NONE',  ( 0.000000000000000000, -1.733406087350420004E-16, 1.000000000000000000 ) ) ;
#4556 = CARTESIAN_POINT ( 'NONE',  ( -10.15999999999999837, 0.000000000000000000, 0.000000000000000000 ) ) ;
#4557 = EDGE_LOOP ( 'NONE', ( #4604, #7290, #1567, #6993, #165, #2919, #1887, #7289 ) ) ;
#4558 = ORIENTED_EDGE ( 'NONE', *, *, #1880, .F. ) ;
#4559 = DIRECTION ( 'NONE',  ( 0.000000000000000000, -1.092515224483717382E-16, 1.000000000000000000 ) ) ;
#4560 = CARTESIAN_POINT ( 'NONE',  ( 9.270999999999997243, 6.222999999999998977, -0.8889999999999987912 ) ) ;
#4561 = VECTOR ( 'NONE', #7509, 1000.000000000000000 ) ;
#4562 = DIRECTION ( 'NONE',  ( -1.000000000000000000, -0.000000000000000000, -0.000000000000000000 ) ) ;
#4563 = CARTESIAN_POINT ( 'NONE',  ( -6.731000000000000760, 7.048499999999997989, -0.8889999999999986802 ) ) ;
#4564 = CARTESIAN_POINT ( 'NONE',  ( 5.080000000000002736, 0.3809999999999993947, -2.120900000000001562 ) ) ;
#4565 = FACE_OUTER_BOUND ( 'NONE', #698, .T. ) ;
#4566 = ORIENTED_EDGE ( 'NONE', *, *, #6150, .T. ) ;
#4567 = EDGE_CURVE ( 'NONE', #3158, #5347, #5153, .T. ) ;
#4568 = PRODUCT_DEFINITION_SHAPE ( 'NONE', 'NONE',  #7518 ) ;
#4569 = VERTEX_POINT ( 'NONE', #4093 ) ;
#4570 = SURFACE_STYLE_FILL_AREA ( #2792 ) ;
#4571 = LINE ( 'NONE', #5748, #4780 ) ;
#4572 = LINE ( 'NONE', #6955, #7158 ) ;
#4573 = PLANE ( 'NONE',  #3344 ) ;
#4574 = ORIENTED_EDGE ( 'NONE', *, *, #25, .T. ) ;
#4575 = EDGE_CURVE ( 'NONE', #3485, #1758, #6484, .T. ) ;
#4576 = ORIENTED_EDGE ( 'NONE', *, *, #5320, .T. ) ;
#4577 = VECTOR ( 'NONE', #4390, 1000.000000000000000 ) ;
#4578 = LINE ( 'NONE', #959, #3163 ) ;
#4579 = CARTESIAN_POINT ( 'NONE',  ( 0.8889999999999991243, 6.222999999999998977, 1.651000000000001133 ) ) ;
#4580 = LINE ( 'NONE', #6963, #5166 ) ;
#4581 = EDGE_LOOP ( 'NONE', ( #3303, #6615, #6870, #468 ) ) ;
#4582 = LINE ( 'NONE', #6966, #1920 ) ;
#4583 = ORIENTED_EDGE ( 'NONE', *, *, #5869, .F. ) ;
#4584 = EDGE_CURVE ( 'NONE', #3580, #1852, #2937, .T. ) ;
#4585 = CARTESIAN_POINT ( 'NONE',  ( -5.079999999999997407, 0.8889999999999989022, -1.984781810244995004 ) ) ;
#4586 = FACE_OUTER_BOUND ( 'NONE', #3190, .T. ) ;
#4587 = CARTESIAN_POINT ( 'NONE',  ( -7.619999999999998330, 7.492999999999998550, 2.501900000000000901 ) ) ;
#4588 = PLANE ( 'NONE',  #5009 ) ;
#4589 = DIRECTION ( 'NONE',  ( 0.000000000000000000, -1.138269997360111548E-15, -1.000000000000000000 ) ) ;
#4590 = ADVANCED_FACE ( 'NONE', ( #4565 ), #3559, .F. ) ;
#4591 = ORIENTED_EDGE ( 'NONE', *, *, #6797, .F. ) ;
#4592 = ORIENTED_EDGE ( 'NONE', *, *, #4700, .T. ) ;
#4593 = LINE ( 'NONE', #4634, #1836 ) ;
#4594 = ORIENTED_EDGE ( 'NONE', *, *, #6003, .F. ) ;
#4595 = CARTESIAN_POINT ( 'NONE',  ( -6.477000000000000313, 6.794499999999999318, -1.396999999999998243 ) ) ;
#4596 = STYLED_ITEM ( 'NONE', ( #4957 ), #3686 ) ;
#4597 = CARTESIAN_POINT ( 'NONE',  ( -10.41399999999999970, 0.3809999999999992837, 2.501899999999999125 ) ) ;
#4598 = PLANE ( 'NONE',  #1304 ) ;
#4599 = ORIENTED_EDGE ( 'NONE', *, *, #7454, .T. ) ;
#4600 = DIRECTION ( 'NONE',  ( -1.000000000000000000, 0.000000000000000000, 0.000000000000000000 ) ) ;
#4601 = ADVANCED_FACE ( 'NONE', ( #2354 ), #1777, .F. ) ;
#4602 = VECTOR ( 'NONE', #1854, 1000.000000000000000 ) ;
#4603 = ORIENTED_EDGE ( 'NONE', *, *, #5642, .F. ) ;
#4604 = ORIENTED_EDGE ( 'NONE', *, *, #3590, .T. ) ;
#4605 = ORIENTED_EDGE ( 'NONE', *, *, #2512, .F. ) ;
#4606 = VECTOR ( 'NONE', #2189, 1000.000000000000000 ) ;
#4607 = FACE_OUTER_BOUND ( 'NONE', #588, .T. ) ;
#4608 =( LENGTH_UNIT ( ) NAMED_UNIT ( * ) SI_UNIT ( .MILLI., .METRE. ) );
#4609 = CARTESIAN_POINT ( 'NONE',  ( -2.539999999999997815, 0.8889999999999989022, -1.984781810244995004 ) ) ;
#4610 = CARTESIAN_POINT ( 'NONE',  ( 5.080000000000000959, 0.3809999999999992837, 2.501899999999999125 ) ) ;
#4611 = CARTESIAN_POINT ( 'NONE',  ( -2.539999999999997815, 7.492999999999998550, 2.501900000000000901 ) ) ;
#4612 = ORIENTED_EDGE ( 'NONE', *, *, #2307, .T. ) ;
#4613 = AXIS2_PLACEMENT_3D ( 'NONE', #853, #4441, #1529 ) ;
#4614 = ORIENTED_EDGE ( 'NONE', *, *, #3429, .F. ) ;
#4615 = AXIS2_PLACEMENT_3D ( 'NONE', #3826, #4881, #2054 ) ;
#4616 = DIRECTION ( 'NONE',  ( -1.000000000000000000, 0.000000000000000000, 0.000000000000000000 ) ) ;
#4617 = CARTESIAN_POINT ( 'NONE',  ( 0.8889999999999991243, 6.222999999999998977, 1.651000000000001133 ) ) ;
#4618 = FACE_OUTER_BOUND ( 'NONE', #4447, .T. ) ;
#4619 = EDGE_CURVE ( 'NONE', #6316, #5463, #6950, .T. ) ;
#4620 = ORIENTED_EDGE ( 'NONE', *, *, #2287, .F. ) ;
#4621 = CARTESIAN_POINT ( 'NONE',  ( 10.16000000000000192, 0.8889999999999985691, 1.984781810244993228 ) ) ;
#4622 = ORIENTED_EDGE ( 'NONE', *, *, #7444, .F. ) ;
#4623 = DIRECTION ( 'NONE',  ( -0.5773502691896270633, 0.5773502691896240657, -0.5773502691896261751 ) ) ;
#4624 = VERTEX_POINT ( 'NONE', #627 ) ;
#4625 = CARTESIAN_POINT ( 'NONE',  ( 5.968999999999998529, 7.048499999999997989, -0.8889999999999986802 ) ) ;
#4626 = LINE ( 'NONE', #7548, #4561 ) ;
#4627 = CARTESIAN_POINT ( 'NONE',  ( 5.968999999999998529, 6.222999999999998977, -0.8889999999999987912 ) ) ;
#4628 = LINE ( 'NONE', #5213, #1908 ) ;
#4629 = ADVANCED_FACE ( 'NONE', ( #2507 ), #3012, .F. ) ;
#4630 = VECTOR ( 'NONE', #5248, 1000.000000000000000 ) ;
#4631 = CARTESIAN_POINT ( 'NONE',  ( 5.080000000000000959, 0.3809999999999992837, 2.501899999999999125 ) ) ;
#4632 = ORIENTED_EDGE ( 'NONE', *, *, #4007, .T. ) ;
#4633 = VERTEX_POINT ( 'NONE', #5390 ) ;
#4634 = CARTESIAN_POINT ( 'NONE',  ( 6.476999999999996760, 6.794499999999999318, -1.396999999999998243 ) ) ;
#4635 = EDGE_CURVE ( 'NONE', #3254, #95, #4250, .T. ) ;
#4636 = VERTEX_POINT ( 'NONE', #707 ) ;
#4637 = DIRECTION ( 'NONE',  ( 0.000000000000000000, 1.000000000000000000, 1.733406087350420004E-16 ) ) ;
#4638 = DIRECTION ( 'NONE',  ( 1.000000000000000000, 0.000000000000000000, 0.000000000000000000 ) ) ;
#4639 = CARTESIAN_POINT ( 'NONE',  ( -1.651000000000001355, 6.222999999999998977, 0.8890000000000011227 ) ) ;
#4640 = VERTEX_POINT ( 'NONE', #4801 ) ;
#4641 = ORIENTED_EDGE ( 'NONE', *, *, #5069, .F. ) ;
#4642 = DIRECTION ( 'NONE',  ( 1.000000000000000000, 0.000000000000000000, 0.000000000000000000 ) ) ;
#4643 = EDGE_CURVE ( 'NONE', #6441, #2623, #5352, .T. ) ;
#4644 = LINE ( 'NONE', #2323, #6671 ) ;
#4645 = FACE_OUTER_BOUND ( 'NONE', #757, .T. ) ;
#4646 = FACE_OUTER_BOUND ( 'NONE', #3371, .T. ) ;
#4647 = VECTOR ( 'NONE', #4013, 1000.000000000000000 ) ;
#4648 = CARTESIAN_POINT ( 'NONE',  ( 0.8889999999999991243, 6.222999999999998977, 1.651000000000001133 ) ) ;
#4649 = VECTOR ( 'NONE', #4216, 1000.000000000000000 ) ;
#4650 = ORIENTED_EDGE ( 'NONE', *, *, #2257, .T. ) ;
#4651 = VERTEX_POINT ( 'NONE', #8 ) ;
#4652 = VECTOR ( 'NONE', #5431, 1000.000000000000000 ) ;
#4653 = DIRECTION ( 'NONE',  ( -1.000000000000000000, -0.000000000000000000, -0.000000000000000000 ) ) ;
#4654 = DIRECTION ( 'NONE',  ( 1.000000000000000000, 0.000000000000000000, 0.000000000000000000 ) ) ;
#4655 = CARTESIAN_POINT ( 'NONE',  ( -1.651000000000001355, 7.048499999999997989, -0.8889999999999986802 ) ) ;
#4656 = ORIENTED_EDGE ( 'NONE', *, *, #4458, .T. ) ;
#4657 = CARTESIAN_POINT ( 'NONE',  ( 5.968999999999998529, 6.222999999999998977, 1.651000000000001133 ) ) ;
#4658 = FACE_OUTER_BOUND ( 'NONE', #3947, .T. ) ;
#4659 = ORIENTED_EDGE ( 'NONE', *, *, #7007, .F. ) ;
#4660 = EDGE_CURVE ( 'NONE', #183, #2603, #7171, .T. ) ;
#4661 = PLANE ( 'NONE',  #3875 ) ;
#4662 = LINE ( 'NONE', #6354, #3574 ) ;
#4663 = VECTOR ( 'NONE', #7002, 1000.000000000000000 ) ;
#4664 = LINE ( 'NONE', #4703, #1414 ) ;
#4665 = LINE ( 'NONE', #2770, #5130 ) ;
#4666 = VECTOR ( 'NONE', #4818, 1000.000000000000000 ) ;
#4667 = PLANE ( 'NONE',  #2997 ) ;
#4668 = VERTEX_POINT ( 'NONE', #4294 ) ;
#4669 = VERTEX_POINT ( 'NONE', #3674 ) ;
#4670 = VECTOR ( 'NONE', #2700, 1000.000000000000000 ) ;
#4671 = EDGE_CURVE ( 'NONE', #678, #3414, #2428, .T. ) ;
#4672 = ORIENTED_EDGE ( 'NONE', *, *, #2818, .F. ) ;
#4673 = DIRECTION ( 'NONE',  ( 0.000000000000000000, 1.092515224483717628E-16, -1.000000000000000000 ) ) ;
#4674 = ORIENTED_EDGE ( 'NONE', *, *, #1721, .F. ) ;
#4675 = CARTESIAN_POINT ( 'NONE',  ( -5.079999999999998295, 0.8889999999999985691, 1.984781810244993228 ) ) ;
#4676 = CARTESIAN_POINT ( 'NONE',  ( 0.000000000000000000, 0.000000000000000000, 0.000000000000000000 ) ) ;
#4677 = AXIS2_PLACEMENT_3D ( 'NONE', #3514, #5314, #4600 ) ;
#4678 = ORIENTED_EDGE ( 'NONE', *, *, #6635, .F. ) ;
#4679 = LINE ( 'NONE', #1739, #6022 ) ;
#4680 = LINE ( 'NONE', #2861, #447 ) ;
#4681 = ORIENTED_EDGE ( 'NONE', *, *, #2849, .F. ) ;
#4682 = EDGE_CURVE ( 'NONE', #2985, #283, #1258, .T. ) ;
#4683 = ORIENTED_EDGE ( 'NONE', *, *, #5571, .F. ) ;
#4684 = CARTESIAN_POINT ( 'NONE',  ( -6.731000000000000760, 6.222999999999998977, 1.651000000000001133 ) ) ;
#4685 = CARTESIAN_POINT ( 'NONE',  ( 3.428999999999999826, 6.222999999999998977, -1.650999999999998913 ) ) ;
#4686 = FACE_OUTER_BOUND ( 'NONE', #3123, .T. ) ;
#4687 = LINE ( 'NONE', #5904, #202 ) ;
#4688 = CARTESIAN_POINT ( 'NONE',  ( 10.41399999999999970, 7.492999999999998550, 2.501900000000000901 ) ) ;
#4689 = ORIENTED_EDGE ( 'NONE', *, *, #7461, .F. ) ;
#4690 = EDGE_CURVE ( 'NONE', #3606, #4187, #3092, .T. ) ;
#4691 = ORIENTED_EDGE ( 'NONE', *, *, #5713, .T. ) ;
#4692 = EDGE_CURVE ( 'NONE', #3954, #5268, #6089, .T. ) ;
#4693 = DIRECTION ( 'NONE',  ( -1.000000000000000000, -0.000000000000000000, -0.000000000000000000 ) ) ;
#4694 = DIRECTION ( 'NONE',  ( -0.7071067811865456854, -0.7071067811865494601, -1.225703198915526333E-16 ) ) ;
#4695 = CARTESIAN_POINT ( 'NONE',  ( -7.619999999999998330, 0.3809999999999999498, -2.501900000000000901 ) ) ;
#4696 = CARTESIAN_POINT ( 'NONE',  ( 7.620000000000001883, 0.8889999999999989022, -1.984781810244995004 ) ) ;
#4697 = ORIENTED_EDGE ( 'NONE', *, *, #6789, .F. ) ;
#4698 = PLANE ( 'NONE',  #922 ) ;
#4699 = ORIENTED_EDGE ( 'NONE', *, *, #444, .F. ) ;
#4700 = EDGE_CURVE ( 'NONE', #2737, #1756, #7131, .T. ) ;
#4701 = LINE ( 'NONE', #5337, #3631 ) ;
#4702 = DIRECTION ( 'NONE',  ( -0.000000000000000000, 1.000000000000000000, 1.733406087350420004E-16 ) ) ;
#4703 = CARTESIAN_POINT ( 'NONE',  ( -0.8890000000000026770, 6.222999999999998977, 1.651000000000001133 ) ) ;
#4704 = DIRECTION ( 'NONE',  ( 1.000000000000000000, 0.000000000000000000, 0.000000000000000000 ) ) ;
#4705 = CARTESIAN_POINT ( 'NONE',  ( -7.619999999999998330, 0.3809999999999993947, -2.120900000000001562 ) ) ;
#4706 = ORIENTED_EDGE ( 'NONE', *, *, #7243, .F. ) ;
#4707 = ORIENTED_EDGE ( 'NONE', *, *, #7364, .T. ) ;
#4708 = ORIENTED_EDGE ( 'NONE', *, *, #6858, .T. ) ;
#4709 = DIRECTION ( 'NONE',  ( 0.000000000000000000, -0.9659258262890700886, 0.2588190451025143002 ) ) ;
#4710 = ORIENTED_EDGE ( 'NONE', *, *, #1713, .T. ) ;
#4711 = CARTESIAN_POINT ( 'NONE',  ( 2.540000000000002256, 7.492999999999998550, 2.501900000000000901 ) ) ;
#4712 = EDGE_CURVE ( 'NONE', #10, #182, #1811, .T. ) ;
#4713 = FILL_AREA_STYLE_COLOUR ( '', #4520 ) ;
#4714 = ADVANCED_FACE ( 'NONE', ( #6633 ), #1928, .F. ) ;
#4715 = CARTESIAN_POINT ( 'NONE',  ( 4.635500000000002174, 7.492999999999999439, -0.4444999999999955653 ) ) ;
#4716 = ORIENTED_EDGE ( 'NONE', *, *, #2127, .F. ) ;
#4717 = CARTESIAN_POINT ( 'NONE',  ( 6.730999999999997208, 6.222999999999998977, -0.8889999999999987912 ) ) ;
#4718 = ORIENTED_EDGE ( 'NONE', *, *, #2607, .T. ) ;
#4719 = ORIENTED_EDGE ( 'NONE', *, *, #7210, .T. ) ;
#4720 = CARTESIAN_POINT ( 'NONE',  ( 3.428999999999999826, 6.222999999999998977, 1.651000000000001133 ) ) ;
#4721 = VECTOR ( 'NONE', #7013, 1000.000000000000000 ) ;
#4722 = DIRECTION ( 'NONE',  ( -1.000000000000000000, -0.000000000000000000, -0.000000000000000000 ) ) ;
#4723 = DIRECTION ( 'NONE',  ( 1.000000000000000000, 0.000000000000000000, 0.000000000000000000 ) ) ;
#4724 = CARTESIAN_POINT ( 'NONE',  ( 0.000000000000000000, 6.222999999999998977, -2.201425730935033664E-16 ) ) ;
#4725 = EDGE_CURVE ( 'NONE', #2928, #1896, #7204, .T. ) ;
#4726 = DIRECTION ( 'NONE',  ( -0.000000000000000000, -1.000000000000000000, -0.000000000000000000 ) ) ;
#4727 = ORIENTED_EDGE ( 'NONE', *, *, #7658, .T. ) ;
#4728 = ORIENTED_EDGE ( 'NONE', *, *, #34, .F. ) ;
#4729 = CARTESIAN_POINT ( 'NONE',  ( -2.539999999999998703, 0.3809999999999992837, 2.501899999999999125 ) ) ;
#4730 = CARTESIAN_POINT ( 'NONE',  ( 0.3047999999999999599, 0.8890000000000000124, 1.714499999999999913 ) ) ;
#4731 = VECTOR ( 'NONE', #3002, 1000.000000000000000 ) ;
#4732 = CARTESIAN_POINT ( 'NONE',  ( 1.734723475976807094E-15, 0.3809999999999999498, -2.501900000000000901 ) ) ;
#4733 = ADVANCED_FACE ( 'NONE', ( #1345 ), #6562, .F. ) ;
#4734 = PLANE ( 'NONE',  #6918 ) ;
#4735 = AXIS2_PLACEMENT_3D ( 'NONE', #1338, #7166, #701 ) ;
#4736 = AXIS2_PLACEMENT_3D ( 'NONE', #7516, #939, #319 ) ;
#4737 = CARTESIAN_POINT ( 'NONE',  ( -2.539999999999997815, 0.3809999999999988396, 2.120899999999999785 ) ) ;
#4738 = ORIENTED_EDGE ( 'NONE', *, *, #4660, .T. ) ;
#4739 = EDGE_LOOP ( 'NONE', ( #7343, #2239, #3232, #3735 ) ) ;
#4740 = LINE ( 'NONE', #1637, #643 ) ;
#4741 = CARTESIAN_POINT ( 'NONE',  ( 5.968999999999998529, 7.048499999999997989, -0.8889999999999986802 ) ) ;
#4742 = CARTESIAN_POINT ( 'NONE',  ( 3.428999999999999826, 6.222999999999998977, 1.651000000000001133 ) ) ;
#4743 = CARTESIAN_POINT ( 'NONE',  ( -2.095500000000005247, 7.492999999999998550, 0.4444999999999979523 ) ) ;
#4744 = EDGE_LOOP ( 'NONE', ( #815, #4804, #6425, #1654 ) ) ;
#4745 = EDGE_CURVE ( 'NONE', #5558, #3876, #1578, .T. ) ;
#4746 = EDGE_CURVE ( 'NONE', #6866, #5931, #3175, .T. ) ;
#4747 = LINE ( 'NONE', #5423, #381 ) ;
#4748 = ORIENTED_EDGE ( 'NONE', *, *, #2385, .T. ) ;
#4749 = CARTESIAN_POINT ( 'NONE',  ( 4.190999999999998948, 6.222999999999998977, 1.651000000000001133 ) ) ;
#4750 = VECTOR ( 'NONE', #7330, 1000.000000000000000 ) ;
#4751 = LINE ( 'NONE', #4286, #3445 ) ;
#4752 = EDGE_LOOP ( 'NONE', ( #5724, #3422, #1481, #1875 ) ) ;
#4753 = CARTESIAN_POINT ( 'NONE',  ( 3.428999999999999826, 6.222999999999998977, 1.651000000000001133 ) ) ;
#4754 =( LENGTH_UNIT ( ) NAMED_UNIT ( * ) SI_UNIT ( .MILLI., .METRE. ) );
#4755 = FILL_AREA_STYLE_COLOUR ( '', #2063 ) ;
#4756 = ORIENTED_EDGE ( 'NONE', *, *, #1858, .T. ) ;
#4757 = DIRECTION ( 'NONE',  ( 0.000000000000000000, 0.9659258262890699775, 0.2588190451025143002 ) ) ;
#4758 = AXIS2_PLACEMENT_3D ( 'NONE', #5994, #4704, #2965 ) ;
#4759 = EDGE_LOOP ( 'NONE', ( #777, #5852, #7182, #438, #5456, #294, #3938, #1955 ) ) ;
#4760 = ORIENTED_EDGE ( 'NONE', *, *, #5415, .T. ) ;
#4761 = LINE ( 'NONE', #6453, #6491 ) ;
#4762 = EDGE_CURVE ( 'NONE', #3895, #241, #5710, .T. ) ;
#4763 = VECTOR ( 'NONE', #2744, 1000.000000000000000 ) ;
#4764 = AXIS2_PLACEMENT_3D ( 'NONE', #2035, #847, #2533 ) ;
#4765 = CARTESIAN_POINT ( 'NONE',  ( -5.079999999999997407, 0.3809999999999993947, -2.120900000000001562 ) ) ;
#4766 = DIRECTION ( 'NONE',  ( -0.000000000000000000, 1.000000000000000000, 1.733406087350420004E-16 ) ) ;
#4767 = CARTESIAN_POINT ( 'NONE',  ( -7.619999999999998330, 0.8889999999999985691, 1.984781810244993228 ) ) ;
#4768 = ORIENTED_EDGE ( 'NONE', *, *, #874, .T. ) ;
#4769 = VECTOR ( 'NONE', #4423, 1000.000000000000000 ) ;
#4770 = VECTOR ( 'NONE', #6574, 1000.000000000000114 ) ;
#4771 = EDGE_LOOP ( 'NONE', ( #5778, #6819, #1572, #4825 ) ) ;
#4772 = EDGE_CURVE ( 'NONE', #2458, #4043, #5599, .T. ) ;
#4773 = CARTESIAN_POINT ( 'NONE',  ( 10.16000000000000192, 0.8889999999999985691, 1.984781810244993228 ) ) ;
#4774 = LINE ( 'NONE', #6102, #169 ) ;
#4775 = FACE_OUTER_BOUND ( 'NONE', #6987, .T. ) ;
#4776 = ORIENTED_EDGE ( 'NONE', *, *, #4690, .T. ) ;
#4777 = CARTESIAN_POINT ( 'NONE',  ( -2.539999999999997815, 0.3809999999999993947, -2.120900000000001562 ) ) ;
#4778 = LINE ( 'NONE', #1794, #3519 ) ;
#4779 = ORIENTED_EDGE ( 'NONE', *, *, #5970, .F. ) ;
#4780 = VECTOR ( 'NONE', #3523, 1000.000000000000114 ) ;
#4781 = EDGE_LOOP ( 'NONE', ( #4592, #2204, #1805, #176 ) ) ;
#4782 = CARTESIAN_POINT ( 'NONE',  ( -0.3047999999999999599, 0.8889999999999995683, -1.714499999999999913 ) ) ;
#4783 = ADVANCED_FACE ( 'NONE', ( #6295 ), #209, .F. ) ;
#4784 = ORIENTED_EDGE ( 'NONE', *, *, #3581, .T. ) ;
#4785 = DIRECTION ( 'NONE',  ( -0.000000000000000000, 1.000000000000000000, 1.733406087350420004E-16 ) ) ;
#4786 = FACE_OUTER_BOUND ( 'NONE', #5243, .T. ) ;
#4787 = DIRECTION ( 'NONE',  ( -1.000000000000000000, -0.000000000000000000, -0.000000000000000000 ) ) ;
#4788 = ORIENTED_EDGE ( 'NONE', *, *, #1990, .F. ) ;
#4789 = AXIS2_PLACEMENT_3D ( 'NONE', #6086, #5508, #3239 ) ;
#4790 = CARTESIAN_POINT ( 'NONE',  ( -8.509000000000002117, 6.222999999999998977, 0.8890000000000011227 ) ) ;
#4791 = ORIENTED_EDGE ( 'NONE', *, *, #5651, .F. ) ;
#4792 = DIRECTION ( 'NONE',  ( 0.000000000000000000, -1.733406087350420004E-16, 1.000000000000000000 ) ) ;
#4793 = EDGE_CURVE ( 'NONE', #2021, #2993, #320, .T. ) ;
#4794 = EDGE_CURVE ( 'NONE', #2411, #7004, #1502, .T. ) ;
#4795 = AXIS2_PLACEMENT_3D ( 'NONE', #4323, #6704, #2075 ) ;
#4796 = DIRECTION ( 'NONE',  ( -1.000000000000000000, -0.000000000000000000, -0.000000000000000000 ) ) ;
#4797 = LINE ( 'NONE', #4711, #4652 ) ;
#4798 = PRESENTATION_STYLE_ASSIGNMENT (( #2975 ) ) ;
#4799 = LINE ( 'NONE', #1850, #6290 ) ;
#4800 = VERTEX_POINT ( 'NONE', #5563 ) ;
#4802 = AXIS2_PLACEMENT_3D ( 'NONE', #3441, #2897, #5823 ) ;
#4801 = CARTESIAN_POINT ( 'NONE',  ( -8.509000000000002117, 6.222999999999998977, 1.651000000000001133 ) ) ;
#4803 = AXIS2_PLACEMENT_3D ( 'NONE', #3107, #6807, #4974 ) ;
#4804 = ORIENTED_EDGE ( 'NONE', *, *, #1208, .F. ) ;
#4805 = EDGE_LOOP ( 'NONE', ( #1672, #7215, #7027, #4993 ) ) ;
#4806 = DIRECTION ( 'NONE',  ( -1.000000000000000000, 0.000000000000000000, -0.000000000000000000 ) ) ;
#4807 = VECTOR ( 'NONE', #7653, 1000.000000000000000 ) ;
#4808 = VECTOR ( 'NONE', #3977, 1000.000000000000000 ) ;
#4809 = AXIS2_PLACEMENT_3D ( 'NONE', #2754, #2131, #6840 ) ;
#4810 = CARTESIAN_POINT ( 'NONE',  ( 4.190999999999998948, 6.222999999999998977, 1.651000000000001133 ) ) ;
#4811 = CARTESIAN_POINT ( 'NONE',  ( 5.968999999999998529, 7.048499999999997989, -0.8889999999999986802 ) ) ;
#4812 = LINE ( 'NONE', #1987, #5084 ) ;
#4813 = EDGE_CURVE ( 'NONE', #3895, #3296, #2087, .T. ) ;
#4814 = ORIENTED_EDGE ( 'NONE', *, *, #1747, .T. ) ;
#4815 = ORIENTED_EDGE ( 'NONE', *, *, #2775, .F. ) ;
#4816 = CARTESIAN_POINT ( 'NONE',  ( 6.730999999999997208, 7.048499999999997989, -1.650999999999998691 ) ) ;
#4817 = DIRECTION ( 'NONE',  ( 0.5773502691896273964, 0.5773502691896237327, -0.5773502691896261751 ) ) ;
#4818 = DIRECTION ( 'NONE',  ( -0.5773502691896270633, 0.5773502691896240657, -0.5773502691896261751 ) ) ;
#4819 = LINE ( 'NONE', #1866, #7168 ) ;
#4820 = EDGE_CURVE ( 'NONE', #5463, #3183, #2016, .T. ) ;
#4821 = EDGE_CURVE ( 'NONE', #5796, #3393, #5311, .T. ) ;
#4822 = DIRECTION ( 'NONE',  ( -1.000000000000000000, -0.000000000000000000, -0.000000000000000000 ) ) ;
#4823 = ORIENTED_EDGE ( 'NONE', *, *, #7538, .T. ) ;
#4824 = CARTESIAN_POINT ( 'NONE',  ( 1.650999999999998025, 6.222999999999998977, 0.8890000000000011227 ) ) ;
#4825 = ORIENTED_EDGE ( 'NONE', *, *, #3608, .T. ) ;
#4826 = CARTESIAN_POINT ( 'NONE',  ( 0.4444999999999952323, 7.492999999999998550, 2.095500000000003915 ) ) ;
#4827 = LINE ( 'NONE', #1327, #3513 ) ;
#4828 = DIRECTION ( 'NONE',  ( 0.7071067811865456854, -0.7071067811865494601, -1.225703198915526333E-16 ) ) ;
#4829 = EDGE_LOOP ( 'NONE', ( #4411, #2084, #861, #1363 ) ) ;
#4830 = EDGE_CURVE ( 'NONE', #4324, #7082, #278, .T. ) ;
#4831 = DIRECTION ( 'NONE',  ( 1.000000000000000000, 0.000000000000000000, 0.000000000000000000 ) ) ;
#4832 = VERTEX_POINT ( 'NONE', #6718 ) ;
#4833 = ORIENTED_EDGE ( 'NONE', *, *, #5, .T. ) ;
#4834 = CARTESIAN_POINT ( 'NONE',  ( 5.524499999999994415, 7.492999999999999439, -2.501900000000000901 ) ) ;
#4835 = VECTOR ( 'NONE', #4942, 1000.000000000000000 ) ;
#4836 = CARTESIAN_POINT ( 'NONE',  ( -4.191000000000000725, 7.048499999999997101, 1.651000000000001355 ) ) ;
#4837 = DIRECTION ( 'NONE',  ( 0.000000000000000000, -1.000000000000000000, -1.733406087350420004E-16 ) ) ;
#4838 = DIRECTION ( 'NONE',  ( 1.000000000000000000, 0.000000000000000000, 0.000000000000000000 ) ) ;
#4839 = EDGE_CURVE ( 'NONE', #6311, #3606, #4961, .T. ) ;
#4840 = AXIS2_PLACEMENT_3D ( 'NONE', #1956, #6700, #2412 ) ;
#4841 = VECTOR ( 'NONE', #2479, 1000.000000000000000 ) ;
#4842 = DIRECTION ( 'NONE',  ( 0.000000000000000000, 1.000000000000000000, 0.000000000000000000 ) ) ;
#4843 = CARTESIAN_POINT ( 'NONE',  ( 10.41399999999999970, 7.492999999999999439, -2.501900000000000901 ) ) ;
#4844 = ORIENTED_EDGE ( 'NONE', *, *, #5098, .T. ) ;
#4845 = ORIENTED_EDGE ( 'NONE', *, *, #6770, .F. ) ;
#4846 = CARTESIAN_POINT ( 'NONE',  ( 10.41399999999999970, 0.3809999999999992837, 2.501899999999999125 ) ) ;
#4847 = LINE ( 'NONE', #2476, #7488 ) ;
#4848 = CARTESIAN_POINT ( 'NONE',  ( -4.191000000000000725, 6.222999999999998977, -1.650999999999998913 ) ) ;
#4849 = DIRECTION ( 'NONE',  ( -0.000000000000000000, 1.000000000000000000, 1.733406087350420004E-16 ) ) ;
#4850 = EDGE_CURVE ( 'NONE', #4976, #1896, #1386, .T. ) ;
#4851 = DIRECTION ( 'NONE',  ( 1.000000000000000000, 0.000000000000000000, 0.000000000000000000 ) ) ;
#4852 = ORIENTED_EDGE ( 'NONE', *, *, #575, .T. ) ;
#4853 = ORIENTED_EDGE ( 'NONE', *, *, #5754, .F. ) ;
#4854 = CARTESIAN_POINT ( 'NONE',  ( -5.524499999999997968, 7.492999999999999439, -2.501900000000000901 ) ) ;
#4855 = LINE ( 'NONE', #3611, #4521 ) ;
#4856 = DIRECTION ( 'NONE',  ( 0.000000000000000000, 0.000000000000000000, -1.000000000000000000 ) ) ;
#4857 = DIRECTION ( 'NONE',  ( 1.000000000000000000, 0.000000000000000000, 0.000000000000000000 ) ) ;
#4858 = ORIENTED_EDGE ( 'NONE', *, *, #1821, .T. ) ;
#4859 = VERTEX_POINT ( 'NONE', #4374 ) ;
#4860 = VERTEX_POINT ( 'NONE', #1465 ) ;
#4861 = LINE ( 'NONE', #4782, #2224 ) ;
#4862 = VECTOR ( 'NONE', #2811, 1000.000000000000000 ) ;
#4863 = EDGE_CURVE ( 'NONE', #2623, #1657, #3211, .T. ) ;
#4864 = PLANE ( 'NONE',  #6766 ) ;
#4865 = PLANE ( 'NONE',  #4885 ) ;
#4866 = CARTESIAN_POINT ( 'NONE',  ( -9.715500000000005798, 7.492999999999998550, 2.095500000000003915 ) ) ;
#4867 = VERTEX_POINT ( 'NONE', #3899 ) ;
#4868 = ORIENTED_EDGE ( 'NONE', *, *, #4575, .T. ) ;
#4869 = DIRECTION ( 'NONE',  ( 0.000000000000000000, 0.9659258262890699775, 0.2588190451025143002 ) ) ;
#4870 = AXIS2_PLACEMENT_3D ( 'NONE', #3292, #2600, #4454 ) ;
#4871 = DIRECTION ( 'NONE',  ( -1.000000000000000000, -0.000000000000000000, -0.000000000000000000 ) ) ;
#4872 = EDGE_CURVE ( 'NONE', #1092, #5378, #7328, .T. ) ;
#4873 = CARTESIAN_POINT ( 'NONE',  ( -0.3047999999999999599, 0.2539999999999996150, 3.302000000000000046 ) ) ;
#4874 = DIRECTION ( 'NONE',  ( 0.000000000000000000, 1.733406087350420004E-16, -1.000000000000000000 ) ) ;
#4875 = DIRECTION ( 'NONE',  ( 0.000000000000000000, 0.000000000000000000, 1.000000000000000000 ) ) ;
#4876 = CARTESIAN_POINT ( 'NONE',  ( -0.8890000000000026770, 6.222999999999998977, -0.8889999999999987912 ) ) ;
#4877 = VERTEX_POINT ( 'NONE', #863 ) ;
#4878 = DIRECTION ( 'NONE',  ( 0.000000000000000000, 0.000000000000000000, 1.000000000000000000 ) ) ;
#4879 = ORIENTED_EDGE ( 'NONE', *, *, #763, .F. ) ;
#4880 = ORIENTED_EDGE ( 'NONE', *, *, #3765, .F. ) ;
#4881 = DIRECTION ( 'NONE',  ( 0.000000000000000000, -1.000000000000000000, 0.000000000000000000 ) ) ;
#4882 = ADVANCED_FACE ( 'NONE', ( #4450 ), #5672, .F. ) ;
#4883 =( GEOMETRIC_REPRESENTATION_CONTEXT ( 3 ) GLOBAL_UNCERTAINTY_ASSIGNED_CONTEXT ( ( #351 ) ) GLOBAL_UNIT_ASSIGNED_CONTEXT ( ( #4051, #2311, #7095 ) ) REPRESENTATION_CONTEXT ( 'NONE', 'WORKASPACE' ) );
#4884 = LINE ( 'NONE', #3060, #5379 ) ;
#4885 = AXIS2_PLACEMENT_3D ( 'NONE', #4909, #1959, #1285 ) ;
#4886 = CARTESIAN_POINT ( 'NONE',  ( 10.41399999999999970, 0.3809999999999999498, -2.501900000000000901 ) ) ;
#4887 = DIRECTION ( 'NONE',  ( -1.000000000000000000, -0.000000000000000000, -0.000000000000000000 ) ) ;
#4888 = LINE ( 'NONE', #1937, #7446 ) ;
#4889 = EDGE_LOOP ( 'NONE', ( #7065, #926, #256, #825 ) ) ;
#4890 = ORIENTED_EDGE ( 'NONE', *, *, #3824, .T. ) ;
#4891 = VECTOR ( 'NONE', #2653, 1000.000000000000000 ) ;
#4892 = EDGE_CURVE ( 'NONE', #4668, #5378, #6796, .T. ) ;
#4893 = VECTOR ( 'NONE', #3810, 1000.000000000000000 ) ;
#4894 = EDGE_CURVE ( 'NONE', #2126, #1372, #7445, .T. ) ;
#4895 = CARTESIAN_POINT ( 'NONE',  ( 1.734723475976807094E-15, 0.3809999999999993947, -2.120900000000001562 ) ) ;
#4896 = PLANE ( 'NONE',  #7499 ) ;
#4897 = DIRECTION ( 'NONE',  ( 0.000000000000000000, 1.138269997360111548E-15, 1.000000000000000000 ) ) ;
#4898 = ORIENTED_EDGE ( 'NONE', *, *, #4793, .T. ) ;
#4899 = DIRECTION ( 'NONE',  ( -1.000000000000000000, -0.000000000000000000, -0.000000000000000000 ) ) ;
#4900 = VECTOR ( 'NONE', #562, 1000.000000000000000 ) ;
#4901 = VECTOR ( 'NONE', #6023, 1000.000000000000114 ) ;
#4902 = ORIENTED_EDGE ( 'NONE', *, *, #6845, .F. ) ;
#4903 = VERTEX_POINT ( 'NONE', #7407 ) ;
#4904 = LINE ( 'NONE', #3695, #1089 ) ;
#4905 = ORIENTED_EDGE ( 'NONE', *, *, #4458, .F. ) ;
#4906 = AXIS2_PLACEMENT_3D ( 'NONE', #952, #3339, #5720 ) ;
#4907 =( GEOMETRIC_REPRESENTATION_CONTEXT ( 3 ) GLOBAL_UNCERTAINTY_ASSIGNED_CONTEXT ( ( #4405 ) ) GLOBAL_UNIT_ASSIGNED_CONTEXT ( ( #4972, #3219, #2645 ) ) REPRESENTATION_CONTEXT ( 'NONE', 'WORKASPACE' ) );
#4908 = DIRECTION ( 'NONE',  ( -1.000000000000000000, -0.000000000000000000, -0.000000000000000000 ) ) ;
#4909 = CARTESIAN_POINT ( 'NONE',  ( 9.270999999999997243, 7.048499999999997989, -0.8889999999999986802 ) ) ;
#4910 = CARTESIAN_POINT ( 'NONE',  ( 10.16000000000000192, 0.8889999999999985691, 1.984781810244993228 ) ) ;
#4911 = CARTESIAN_POINT ( 'NONE',  ( 1.734723475976807094E-15, 0.8889999999999985691, 1.984781810244993228 ) ) ;
#4912 = VERTEX_POINT ( 'NONE', #6862 ) ;
#4913 = EDGE_CURVE ( 'NONE', #558, #2374, #2780, .T. ) ;
#4914 = DIRECTION ( 'NONE',  ( -0.7071067811865452413, -0.7071067811865499042, -1.225703198915527072E-16 ) ) ;
#4915 = CARTESIAN_POINT ( 'NONE',  ( 3.428999999999999826, 6.222999999999998977, -0.8889999999999987912 ) ) ;
#4916 = AXIS2_PLACEMENT_3D ( 'NONE', #505, #2310, #2235 ) ;
#4917 = CARTESIAN_POINT ( 'NONE',  ( 6.730999999999997208, 6.222999999999998977, 0.8890000000000011227 ) ) ;
#4918 = CARTESIAN_POINT ( 'NONE',  ( -3.810000000000008491, -4.814824860968089633E-32, 0.000000000000000000 ) ) ;
#4919 = PLANE ( 'NONE',  #5279 ) ;
#4920 = EDGE_CURVE ( 'NONE', #377, #2168, #5739, .T. ) ;
#4921 = VERTEX_POINT ( 'NONE', #6329 ) ;
#4922 = ORIENTED_EDGE ( 'NONE', *, *, #3671, .F. ) ;
#4923 = FACE_OUTER_BOUND ( 'NONE', #3241, .T. ) ;
#4924 = CARTESIAN_POINT ( 'NONE',  ( -10.15999999999999837, 7.492999999999999439, -2.501900000000000901 ) ) ;
#4925 = FACE_OUTER_BOUND ( 'NONE', #1323, .T. ) ;
#4926 = CARTESIAN_POINT ( 'NONE',  ( 0.1777999999999999858, 0.6730999999999999206, -3.302000000000000046 ) ) ;
#4927 = CARTESIAN_POINT ( 'NONE',  ( -2.539999999999997815, 0.3809999999999993947, -2.120900000000001562 ) ) ;
#4928 = CARTESIAN_POINT ( 'NONE',  ( 0.8889999999999991243, 7.048499999999997989, -0.8889999999999986802 ) ) ;
#4929 = EDGE_CURVE ( 'NONE', #4094, #2508, #5219, .T. ) ;
#4930 = ORIENTED_EDGE ( 'NONE', *, *, #555, .T. ) ;
#4931 = ORIENTED_EDGE ( 'NONE', *, *, #2178, .T. ) ;
#4932 = VECTOR ( 'NONE', #5206, 1000.000000000000000 ) ;
#4933 = SURFACE_STYLE_FILL_AREA ( #3835 ) ;
#4934 = CARTESIAN_POINT ( 'NONE',  ( 2.540000000000002256, 0.8889999999999989022, -1.984781810244995004 ) ) ;
#4935 = PLANE ( 'NONE',  #6178 ) ;
#4936 = DIRECTION ( 'NONE',  ( 0.000000000000000000, 0.000000000000000000, -1.000000000000000000 ) ) ;
#4937 = VECTOR ( 'NONE', #2707, 1000.000000000000000 ) ;
#4938 = EDGE_CURVE ( 'NONE', #1853, #6774, #394, .T. ) ;
#4939 = EDGE_CURVE ( 'NONE', #5412, #6477, #1692, .T. ) ;
#4940 = ORIENTED_EDGE ( 'NONE', *, *, #4863, .F. ) ;
#4941 = ORIENTED_EDGE ( 'NONE', *, *, #604, .F. ) ;
#4942 = DIRECTION ( 'NONE',  ( 0.000000000000000000, -1.000000000000000000, -2.439149994343092652E-16 ) ) ;
#4943 = VECTOR ( 'NONE', #4796, 1000.000000000000000 ) ;
#4944 = PRODUCT_DEFINITION_SHAPE ( 'NONE', 'NONE',  #7693 ) ;
#4945 = CARTESIAN_POINT ( 'NONE',  ( 7.620000000000001883, 0.8889999999999985691, 1.984781810244993228 ) ) ;
#4946 = CARTESIAN_POINT ( 'NONE',  ( -0.8890000000000026770, 6.222999999999998977, 0.8890000000000011227 ) ) ;
#4947 = CARTESIAN_POINT ( 'NONE',  ( -7.619999999999998330, 0.8889999999999989022, -1.984781810244995004 ) ) ;
#4948 = EDGE_CURVE ( 'NONE', #3141, #7098, #5855, .T. ) ;
#4949 = CARTESIAN_POINT ( 'NONE',  ( 10.41399999999999970, 0.3809999999999992837, 2.501899999999999125 ) ) ;
#4950 = ORIENTED_EDGE ( 'NONE', *, *, #5687, .T. ) ;
#4951 = VECTOR ( 'NONE', #7358, 1000.000000000000000 ) ;
#4952 = ORIENTED_EDGE ( 'NONE', *, *, #1018, .F. ) ;
#4953 = FACE_OUTER_BOUND ( 'NONE', #5316, .T. ) ;
#4954 = DIRECTION ( 'NONE',  ( 0.5773502691896273964, -0.5773502691896236216, -0.5773502691896262862 ) ) ;
#4955 = CARTESIAN_POINT ( 'NONE',  ( 8.508999999999998565, 6.222999999999998977, -0.8889999999999987912 ) ) ;
#4956 = CARTESIAN_POINT ( 'NONE',  ( 0.000000000000000000, 0.000000000000000000, 0.000000000000000000 ) ) ;
#4957 = PRESENTATION_STYLE_ASSIGNMENT (( #201 ) ) ;
#4958 = ORIENTED_EDGE ( 'NONE', *, *, #1498, .F. ) ;
#4959 = ORIENTED_EDGE ( 'NONE', *, *, #1788, .T. ) ;
#4960 = DIRECTION ( 'NONE',  ( -0.000000000000000000, 1.000000000000000000, 2.082201214683127315E-16 ) ) ;
#4961 = LINE ( 'NONE', #1537, #568 ) ;
#4962 = EDGE_CURVE ( 'NONE', #618, #1676, #7517, .T. ) ;
#4963 = EDGE_CURVE ( 'NONE', #1718, #1488, #431, .T. ) ;
#4964 = AXIS2_PLACEMENT_3D ( 'NONE', #7605, #3411, #5275 ) ;
#4965 = CARTESIAN_POINT ( 'NONE',  ( 9.270999999999997243, 6.222999999999998977, -0.8889999999999987912 ) ) ;
#4966 = LINE ( 'NONE', #1986, #5999 ) ;
#4967 = DIRECTION ( 'NONE',  ( 0.000000000000000000, -1.000000000000000000, -2.439149994343092652E-16 ) ) ;
#4968 = CARTESIAN_POINT ( 'NONE',  ( 0.8889999999999991243, 6.222999999999998977, -1.650999999999998913 ) ) ;
#4969 = ORIENTED_EDGE ( 'NONE', *, *, #6277, .F. ) ;
#4970 = VERTEX_POINT ( 'NONE', #2741 ) ;
#4971 = EDGE_CURVE ( 'NONE', #948, #5261, #3434, .T. ) ;
#4972 =( LENGTH_UNIT ( ) NAMED_UNIT ( * ) SI_UNIT ( .MILLI., .METRE. ) );
#4973 = CARTESIAN_POINT ( 'NONE',  ( 1.734723475976807094E-15, 0.3809999999999992837, 2.501899999999999125 ) ) ;
#4974 = DIRECTION ( 'NONE',  ( 0.000000000000000000, -0.9659258262890700886, 0.2588190451025143002 ) ) ;
#4975 = DIRECTION ( 'NONE',  ( 0.000000000000000000, -0.7071067811865492381, 0.7071067811865457964 ) ) ;
#4976 = VERTEX_POINT ( 'NONE', #2194 ) ;
#4977 = EDGE_LOOP ( 'NONE', ( #989, #3470, #1727, #3684 ) ) ;
#4978 = CARTESIAN_POINT ( 'NONE',  ( -7.619999999999998330, 7.492999999999999439, -2.501900000000000901 ) ) ;
#4979 = EDGE_CURVE ( 'NONE', #2126, #3805, #6401, .T. ) ;
#4980 = LINE ( 'NONE', #3771, #6392 ) ;
#4981 = LINE ( 'NONE', #3194, #5253 ) ;
#4982 = CARTESIAN_POINT ( 'NONE',  ( -7.619999999999998330, 0.3809999999999999498, -2.501900000000000901 ) ) ;
#4983 = ORIENTED_EDGE ( 'NONE', *, *, #7364, .F. ) ;
#4984 = CARTESIAN_POINT ( 'NONE',  ( -10.41399999999999970, 0.3809999999999999498, -2.501900000000000901 ) ) ;
#4985 = EDGE_LOOP ( 'NONE', ( #2062, #5381, #5199, #775 ) ) ;
#4986 = PLANE ( 'NONE',  #5986 ) ;
#4987 = EDGE_CURVE ( 'NONE', #5899, #5888, #4593, .T. ) ;
#4988 = LINE ( 'NONE', #6245, #6938 ) ;
#4989 = ADVANCED_FACE ( 'NONE', ( #5817 ), #1090, .F. ) ;
#4990 = PLANE ( 'NONE',  #189 ) ;
#4991 = APPLICATION_PROTOCOL_DEFINITION ( 'draft international standard', 'automotive_design', 1998, #5424 ) ;
#4992 = FILL_AREA_STYLE_COLOUR ( '', #4063 ) ;
#4993 = ORIENTED_EDGE ( 'NONE', *, *, #224, .T. ) ;
#4994 = VERTEX_POINT ( 'NONE', #503 ) ;
#4995 = FACE_OUTER_BOUND ( 'NONE', #2592, .T. ) ;
#4996 = DIRECTION ( 'NONE',  ( 0.000000000000000000, 0.000000000000000000, 1.000000000000000000 ) ) ;
#4997 = CLOSED_SHELL ( 'NONE', ( #4495, #1699, #1216, #1331, #3068, #4142, #1108, #4202, #2119, #3479, #3278, #1764 ) ) ;
#4998 = LINE ( 'NONE', #830, #3545 ) ;
#4999 = DIRECTION ( 'NONE',  ( -1.000000000000000000, 0.000000000000000000, 0.000000000000000000 ) ) ;
#5000 = LINE ( 'NONE', #2019, #1254 ) ;
#5001 = CARTESIAN_POINT ( 'NONE',  ( 3.428999999999999826, 6.222999999999998977, 0.8890000000000011227 ) ) ;
#5002 = ORIENTED_EDGE ( 'NONE', *, *, #747, .F. ) ;
#5003 = EDGE_CURVE ( 'NONE', #4439, #182, #5183, .T. ) ;
#5004 = VECTOR ( 'NONE', #5807, 1000.000000000000000 ) ;
#5005 = EDGE_CURVE ( 'NONE', #6516, #2917, #4047, .T. ) ;
#5006 = PRODUCT_DEFINITION_SHAPE ( 'NONE', 'NONE',  #7699 ) ;
#5007 = ORIENTED_EDGE ( 'NONE', *, *, #5845, .T. ) ;
#5008 = VECTOR ( 'NONE', #6510, 1000.000000000000000 ) ;
#5009 = AXIS2_PLACEMENT_3D ( 'NONE', #2147, #498, #3389 ) ;
#5010 = FACE_OUTER_BOUND ( 'NONE', #6829, .T. ) ;
#5011 = DIRECTION ( 'NONE',  ( 0.000000000000000000, 1.733406087350420004E-16, -1.000000000000000000 ) ) ;
#5012 = PLANE ( 'NONE',  #949 ) ;
#5013 = ORIENTED_EDGE ( 'NONE', *, *, #7382, .T. ) ;
#5014 = ORIENTED_EDGE ( 'NONE', *, *, #6744, .F. ) ;
#5015 = AXIS2_PLACEMENT_3D ( 'NONE', #7157, #1407, #3773 ) ;
#5016 = ADVANCED_FACE ( 'NONE', ( #5776 ), #2816, .F. ) ;
#5017 = EDGE_LOOP ( 'NONE', ( #736, #2375, #4227, #3675 ) ) ;
#5018 = VECTOR ( 'NONE', #33, 1000.000000000000000 ) ;
#5019 = CARTESIAN_POINT ( 'NONE',  ( 6.730999999999997208, 7.048499999999997101, 1.651000000000001355 ) ) ;
#5020 = FACE_OUTER_BOUND ( 'NONE', #727, .T. ) ;
#5021 = AXIS2_PLACEMENT_3D ( 'NONE', #5729, #5761, #420 ) ;
#5022 = CARTESIAN_POINT ( 'NONE',  ( 7.620000000000001883, 0.8889999999999989022, -1.984781810244995004 ) ) ;
#5023 = DIRECTION ( 'NONE',  ( 0.000000000000000000, 0.000000000000000000, 1.000000000000000000 ) ) ;
#5024 = DIRECTION ( 'NONE',  ( 0.000000000000000000, 0.000000000000000000, -1.000000000000000000 ) ) ;
#5025 = EDGE_LOOP ( 'NONE', ( #5860, #3517, #1860, #6138 ) ) ;
#5026 = EDGE_CURVE ( 'NONE', #1364, #6311, #2233, .T. ) ;
#5027 = ORIENTED_EDGE ( 'NONE', *, *, #1376, .F. ) ;
#5028 = CARTESIAN_POINT ( 'NONE',  ( -4.191000000000000725, 7.048499999999997989, -1.650999999999998691 ) ) ;
#5029 = CARTESIAN_POINT ( 'NONE',  ( 0.3047999999999999599, 1.555301434917134821E-17, -3.302000000000000046 ) ) ;
#5030 = CARTESIAN_POINT ( 'NONE',  ( -1.651000000000001355, 6.222999999999998977, 1.651000000000001133 ) ) ;
#5031 = VECTOR ( 'NONE', #3948, 1000.000000000000000 ) ;
#5032 = ADVANCED_FACE ( 'NONE', ( #467 ), #6902, .F. ) ;
#5033 = EDGE_CURVE ( 'NONE', #5736, #2305, #2158, .T. ) ;
#5034 = ORIENTED_EDGE ( 'NONE', *, *, #4872, .F. ) ;
#5035 = ORIENTED_EDGE ( 'NONE', *, *, #2830, .T. ) ;
#5036 = PLANE ( 'NONE',  #4366 ) ;
#5037 = DIRECTION ( 'NONE',  ( -0.000000000000000000, 1.000000000000000000, 1.733406087350420004E-16 ) ) ;
#5038 = CARTESIAN_POINT ( 'NONE',  ( 10.15999999999999837, 0.3809999999999999498, -2.501900000000000901 ) ) ;
#5039 = DIRECTION ( 'NONE',  ( 1.000000000000000000, 0.000000000000000000, 0.000000000000000000 ) ) ;
#5040 = DIRECTION ( 'NONE',  ( 0.000000000000000000, -1.000000000000000000, -1.733406087350420004E-16 ) ) ;
#5041 = VECTOR ( 'NONE', #2935, 1000.000000000000000 ) ;
#5042 = VECTOR ( 'NONE', #245, 1000.000000000000000 ) ;
#5043 = DIRECTION ( 'NONE',  ( -1.000000000000000000, 0.000000000000000000, 0.000000000000000000 ) ) ;
#5044 = EDGE_LOOP ( 'NONE', ( #4034, #413, #6940, #1534 ) ) ;
#5045 = VERTEX_POINT ( 'NONE', #4873 ) ;
#5046 = VECTOR ( 'NONE', #3573, 1000.000000000000000 ) ;
#5047 = DIRECTION ( 'NONE',  ( 0.000000000000000000, 1.733406087350420004E-16, -1.000000000000000000 ) ) ;
#5048 = CARTESIAN_POINT ( 'NONE',  ( -2.539999999999997815, 7.492999999999998550, 2.501900000000000901 ) ) ;
#5049 = EDGE_CURVE ( 'NONE', #6440, #2917, #6522, .T. ) ;
#5050 = DIRECTION ( 'NONE',  ( 0.000000000000000000, 1.224646799147354686E-16, -1.000000000000000000 ) ) ;
#5051 = ORIENTED_EDGE ( 'NONE', *, *, #3678, .F. ) ;
#5052 = VECTOR ( 'NONE', #1936, 1000.000000000000114 ) ;
#5053 = ORIENTED_EDGE ( 'NONE', *, *, #6447, .T. ) ;
#5054 = DIRECTION ( 'NONE',  ( -0.5773502691896272854, -0.5773502691896241767, -0.5773502691896257311 ) ) ;
#5055 = LINE ( 'NONE', #5755, #7250 ) ;
#5056 = LINE ( 'NONE', #7428, #161 ) ;
#5057 = EDGE_CURVE ( 'NONE', #419, #3580, #5384, .T. ) ;
#5058 = CARTESIAN_POINT ( 'NONE',  ( 2.540000000000002256, 0.3809999999999988396, 2.120899999999999785 ) ) ;
#5059 = VECTOR ( 'NONE', #7560, 1000.000000000000000 ) ;
#5060 = EDGE_CURVE ( 'NONE', #2731, #4859, #4751, .T. ) ;
#5061 = ORIENTED_EDGE ( 'NONE', *, *, #4419, .F. ) ;
#5062 = ORIENTED_EDGE ( 'NONE', *, *, #1146, .F. ) ;
#5063 = CARTESIAN_POINT ( 'NONE',  ( 2.984499999999995712, 7.492999999999999439, -2.501900000000000901 ) ) ;
#5064 = VERTEX_POINT ( 'NONE', #3670 ) ;
#5065 = VECTOR ( 'NONE', #6479, 1000.000000000000000 ) ;
#5066 = DIRECTION ( 'NONE',  ( 0.000000000000000000, -1.733406087350420251E-16, 1.000000000000000000 ) ) ;
#5067 = DIRECTION ( 'NONE',  ( 0.000000000000000000, 0.000000000000000000, 1.000000000000000000 ) ) ;
#5068 = CARTESIAN_POINT ( 'NONE',  ( 2.095500000000001695, 7.492999999999999439, -0.4444999999999955653 ) ) ;
#5069 = EDGE_CURVE ( 'NONE', #2364, #3285, #5306, .T. ) ;
#5070 = CARTESIAN_POINT ( 'NONE',  ( -5.079999999999998295, 0.3809999999999999498, -2.501900000000000901 ) ) ;
#5071 = CARTESIAN_POINT ( 'NONE',  ( -4.191000000000000725, 6.222999999999998977, 1.651000000000001133 ) ) ;
#5072 = VERTEX_POINT ( 'NONE', #1173 ) ;
#5073 = ORIENTED_EDGE ( 'NONE', *, *, #6923, .T. ) ;
#5074 = LINE ( 'NONE', #277, #3749 ) ;
#5075 = CARTESIAN_POINT ( 'NONE',  ( -0.3047999999999999599, 0.6731000000000003647, 2.387599999999999945 ) ) ;
#5076 = ADVANCED_FACE ( 'NONE', ( #3591 ), #7125, .F. ) ;
#5077 = FACE_OUTER_BOUND ( 'NONE', #3405, .T. ) ;
#5078 = PLANE ( 'NONE',  #7380 ) ;
#5079 = DIRECTION ( 'NONE',  ( -0.000000000000000000, -0.7071067811865487940, -0.7071067811865462405 ) ) ;
#5080 = FACE_OUTER_BOUND ( 'NONE', #6192, .T. ) ;
#5081 = ORIENTED_EDGE ( 'NONE', *, *, #3697, .F. ) ;
#5082 = ORIENTED_EDGE ( 'NONE', *, *, #2711, .F. ) ;
#5083 = VECTOR ( 'NONE', #768, 1000.000000000000114 ) ;
#5084 = VECTOR ( 'NONE', #4178, 1000.000000000000000 ) ;
#5085 = EDGE_CURVE ( 'NONE', #4624, #2658, #1846, .T. ) ;
#5086 = DIRECTION ( 'NONE',  ( -0.000000000000000000, 1.000000000000000000, 1.224646799147354686E-16 ) ) ;
#5087 = CARTESIAN_POINT ( 'NONE',  ( -9.271000000000000796, 6.222999999999998977, 1.651000000000001133 ) ) ;
#5088 = PLANE ( 'NONE',  #5317 ) ;
#5089 = ORIENTED_EDGE ( 'NONE', *, *, #4793, .F. ) ;
#5090 = VERTEX_POINT ( 'NONE', #1808 ) ;
#5091 = CARTESIAN_POINT ( 'NONE',  ( 2.540000000000002256, 7.492999999999998550, 2.501900000000000901 ) ) ;
#5092 = PLANE ( 'NONE',  #6765 ) ;
#5093 = DIRECTION ( 'NONE',  ( 0.000000000000000000, 0.9659258262890700886, -0.2588190451025143002 ) ) ;
#5094 = ORIENTED_EDGE ( 'NONE', *, *, #1330, .F. ) ;
#5095 = DIRECTION ( 'NONE',  ( 0.000000000000000000, -2.082201214683127315E-16, -1.000000000000000000 ) ) ;
#5096 = ORIENTED_EDGE ( 'NONE', *, *, #3392, .T. ) ;
#5097 = EDGE_CURVE ( 'NONE', #1315, #123, #586, .T. ) ;
#5098 = EDGE_CURVE ( 'NONE', #377, #6699, #5346, .T. ) ;
#5099 = DIRECTION ( 'NONE',  ( 0.000000000000000000, -0.9659258262890699775, -0.2588190451025143002 ) ) ;
#5100 = DIRECTION ( 'NONE',  ( -0.000000000000000000, -0.7071067811865487940, -0.7071067811865462405 ) ) ;
#5101 = PLANE ( 'NONE',  #6242 ) ;
#5102 =( GEOMETRIC_REPRESENTATION_CONTEXT ( 3 ) GLOBAL_UNCERTAINTY_ASSIGNED_CONTEXT ( ( #7359 ) ) GLOBAL_UNIT_ASSIGNED_CONTEXT ( ( #4040, #6357, #7050 ) ) REPRESENTATION_CONTEXT ( 'NONE', 'WORKASPACE' ) );
#5103 = EDGE_LOOP ( 'NONE', ( #7033, #7116, #5458, #7628 ) ) ;
#5104 = ADVANCED_FACE ( 'NONE', ( #3552 ), #6557, .F. ) ;
#5105 = EDGE_LOOP ( 'NONE', ( #6811, #1355, #6941, #7404 ) ) ;
#5106 = FACE_OUTER_BOUND ( 'NONE', #1610, .T. ) ;
#5107 = CARTESIAN_POINT ( 'NONE',  ( 4.190999999999998948, 6.222999999999998977, -0.8889999999999987912 ) ) ;
#5108 = VECTOR ( 'NONE', #4529, 1000.000000000000000 ) ;
#5109 = CARTESIAN_POINT ( 'NONE',  ( -1.651000000000001355, 6.222999999999998977, -0.8889999999999987912 ) ) ;
#5110 = VECTOR ( 'NONE', #4331, 1000.000000000000000 ) ;
#5111 = CARTESIAN_POINT ( 'NONE',  ( 2.540000000000002256, 7.492999999999998550, 2.501900000000000901 ) ) ;
#5112 = AXIS2_PLACEMENT_3D ( 'NONE', #828, #4960, #2015 ) ;
#5113 = CARTESIAN_POINT ( 'NONE',  ( -0.3047999999999999599, 0.2539999999999996705, 2.387599999999999945 ) ) ;
#5114 = FACE_OUTER_BOUND ( 'NONE', #4335, .T. ) ;
#5115 = VERTEX_POINT ( 'NONE', #4126 ) ;
#5116 = EDGE_CURVE ( 'NONE', #4867, #2248, #4164, .T. ) ;
#5117 = ORIENTED_EDGE ( 'NONE', *, *, #4125, .T. ) ;
#5118 = ORIENTED_EDGE ( 'NONE', *, *, #5663, .T. ) ;
#5119 = DIRECTION ( 'NONE',  ( 0.000000000000000000, 1.733406087350420004E-16, -1.000000000000000000 ) ) ;
#5120 = FACE_OUTER_BOUND ( 'NONE', #2365, .T. ) ;
#5121 = PLANE ( 'NONE',  #824 ) ;
#5122 = CARTESIAN_POINT ( 'NONE',  ( -0.3047999999999999599, -3.611118645726067224E-32, 3.429000000000000270 ) ) ;
#5123 = VERTEX_POINT ( 'NONE', #6001 ) ;
#5124 = ADVANCED_FACE ( 'NONE', ( #2384 ), #2462, .F. ) ;
#5125 = VERTEX_POINT ( 'NONE', #4836 ) ;
#5126 = CARTESIAN_POINT ( 'NONE',  ( -5.079999999999997407, 7.492999999999999439, -0.4444999999999956763 ) ) ;
#5127 = CARTESIAN_POINT ( 'NONE',  ( 3.428999999999999826, 7.048499999999997989, -0.8889999999999986802 ) ) ;
#5128 = DIRECTION ( 'NONE',  ( 0.000000000000000000, -1.092515224483717628E-16, 1.000000000000000000 ) ) ;
#5129 = VERTEX_POINT ( 'NONE', #2424 ) ;
#5130 = VECTOR ( 'NONE', #5849, 1000.000000000000000 ) ;
#5131 = CARTESIAN_POINT ( 'NONE',  ( 10.41399999999999970, 0.3809999999999992837, 2.501899999999999125 ) ) ;
#5132 = ORIENTED_EDGE ( 'NONE', *, *, #1399, .F. ) ;
#5133 = DIRECTION ( 'NONE',  ( -1.000000000000000000, 0.000000000000000000, 0.000000000000000000 ) ) ;
#5134 = PLANE ( 'NONE',  #4514 ) ;
#5135 = ORIENTED_EDGE ( 'NONE', *, *, #6408, .F. ) ;
#5136 = VECTOR ( 'NONE', #3886, 1000.000000000000000 ) ;
#5137 = VECTOR ( 'NONE', #1593, 1000.000000000000000 ) ;
#5138 = VECTOR ( 'NONE', #5992, 1000.000000000000000 ) ;
#5139 = AXIS2_PLACEMENT_3D ( 'NONE', #4470, #6849, #5023 ) ;
#5140 = FACE_OUTER_BOUND ( 'NONE', #2436, .T. ) ;
#5141 = CARTESIAN_POINT ( 'NONE',  ( -4.191000000000000725, 7.048499999999997101, 1.651000000000001355 ) ) ;
#5142 = ADVANCED_FACE ( 'NONE', ( #4244 ), #4201, .F. ) ;
#5143 = FACE_OUTER_BOUND ( 'NONE', #1252, .T. ) ;
#5144 = VECTOR ( 'NONE', #5150, 1000.000000000000000 ) ;
#5145 = ORIENTED_EDGE ( 'NONE', *, *, #4643, .F. ) ;
#5146 = ORIENTED_EDGE ( 'NONE', *, *, #4449, .F. ) ;
#5147 = CARTESIAN_POINT ( 'NONE',  ( 6.476999999999996760, 6.794499999999997542, 1.397000000000001130 ) ) ;
#5148 = DIRECTION ( 'NONE',  ( 0.000000000000000000, -1.733406087350420004E-16, 1.000000000000000000 ) ) ;
#5149 = DIRECTION ( 'NONE',  ( -0.000000000000000000, 1.000000000000000000, 1.422837496700138942E-15 ) ) ;
#5150 = DIRECTION ( 'NONE',  ( -1.000000000000000000, -0.000000000000000000, -0.000000000000000000 ) ) ;
#5151 = EDGE_CURVE ( 'NONE', #2473, #3006, #1295, .T. ) ;
#5152 = LINE ( 'NONE', #3368, #3306 ) ;
#5153 = LINE ( 'NONE', #5781, #3322 ) ;
#5154 = VECTOR ( 'NONE', #42, 1000.000000000000000 ) ;
#5155 = EDGE_LOOP ( 'NONE', ( #4171, #6564, #7072, #1148 ) ) ;
#5156 = VECTOR ( 'NONE', #5272, 1000.000000000000000 ) ;
#5157 = VERTEX_POINT ( 'NONE', #6045 ) ;
#5158 = PLANE ( 'NONE',  #6159 ) ;
#5159 = CARTESIAN_POINT ( 'NONE',  ( -6.731000000000000760, 7.048499999999997101, 1.651000000000001355 ) ) ;
#5160 = PLANE ( 'NONE',  #4309 ) ;
#5161 = ADVANCED_FACE ( 'NONE', ( #703 ), #3087, .F. ) ;
#5162 = LINE ( 'NONE', #408, #839 ) ;
#5163 = EDGE_LOOP ( 'NONE', ( #6988, #7088, #2430, #6427 ) ) ;
#5164 = EDGE_LOOP ( 'NONE', ( #1433, #1698, #799, #2259 ) ) ;
#5165 = COLOUR_RGB ( '',0.2509803921568627416, 0.2509803921568627416, 0.2509803921568627416 ) ;
#5166 = VECTOR ( 'NONE', #1629, 1000.000000000000000 ) ;
#5167 = FACE_OUTER_BOUND ( 'NONE', #4805, .T. ) ;
#5168 = DIRECTION ( 'NONE',  ( 1.000000000000000000, 0.000000000000000000, 0.000000000000000000 ) ) ;
#5169 = CARTESIAN_POINT ( 'NONE',  ( -9.271000000000000796, 6.222999999999998977, -1.650999999999998913 ) ) ;
#5170 = EDGE_CURVE ( 'NONE', #4370, #5736, #6672, .T. ) ;
#5171 = VECTOR ( 'NONE', #117, 1000.000000000000114 ) ;
#5172 = ORIENTED_EDGE ( 'NONE', *, *, #7029, .T. ) ;
#5173 = DIRECTION ( 'NONE',  ( -1.000000000000000000, 0.000000000000000000, 0.000000000000000000 ) ) ;
#5174 = ORIENTED_EDGE ( 'NONE', *, *, #47, .T. ) ;
#5175 = DIRECTION ( 'NONE',  ( 0.000000000000000000, 1.000000000000000000, 1.733406087350420004E-16 ) ) ;
#5176 = CARTESIAN_POINT ( 'NONE',  ( -10.15999999999999837, 0.3809999999999988396, 2.120899999999999785 ) ) ;
#5177 = CARTESIAN_POINT ( 'NONE',  ( -10.15999999999999837, 0.8889999999999985691, 1.984781810244993228 ) ) ;
#5178 = EDGE_CURVE ( 'NONE', #7279, #5185, #3127, .T. ) ;
#5179 = ITEM_DEFINED_TRANSFORMATION ( 'NONE', 'NONE', #4264,  #7126 ) ;
#5180 = CARTESIAN_POINT ( 'NONE',  ( 9.270999999999997243, 6.222999999999998977, -1.650999999999998913 ) ) ;
#5181 = ORIENTED_EDGE ( 'NONE', *, *, #3295, .T. ) ;
#5182 = VERTEX_POINT ( 'NONE', #5029 ) ;
#5183 = LINE ( 'NONE', #1010, #5065 ) ;
#5184 = VECTOR ( 'NONE', #1530, 1000.000000000000000 ) ;
#5185 = VERTEX_POINT ( 'NONE', #740 ) ;
#5186 = CARTESIAN_POINT ( 'NONE',  ( -9.715500000000005798, 7.492999999999999439, -2.095500000000001695 ) ) ;
#5187 = DIRECTION ( 'NONE',  ( -1.000000000000000000, -0.000000000000000000, -0.000000000000000000 ) ) ;
#5188 = LINE ( 'NONE', #5222, #932 ) ;
#5189 = DIRECTION ( 'NONE',  ( 0.000000000000000000, 0.000000000000000000, -1.000000000000000000 ) ) ;
#5190 = VERTEX_POINT ( 'NONE', #2081 ) ;
#5191 = ORIENTED_EDGE ( 'NONE', *, *, #425, .T. ) ;
#5192 = VERTEX_POINT ( 'NONE', #2662 ) ;
#5193 = CARTESIAN_POINT ( 'NONE',  ( 3.936999999999997613, 6.794499999999997542, 1.397000000000001130 ) ) ;
#5194 = EDGE_CURVE ( 'NONE', #1269, #2526, #308, .T. ) ;
#5195 = FACE_OUTER_BOUND ( 'NONE', #2386, .T. ) ;
#5196 = LINE ( 'NONE', #7567, #4146 ) ;
#5197 = LINE ( 'NONE', #1663, #1454 ) ;
#5198 = LINE ( 'NONE', #7569, #3839 ) ;
#5199 = ORIENTED_EDGE ( 'NONE', *, *, #1349, .T. ) ;
#5200 = ORIENTED_EDGE ( 'NONE', *, *, #4542, .T. ) ;
#5201 = AXIS2_PLACEMENT_3D ( 'NONE', #65, #1869, #7229 ) ;
#5202 = EDGE_CURVE ( 'NONE', #2836, #1525, #3852, .T. ) ;
#5203 = CARTESIAN_POINT ( 'NONE',  ( -0.8890000000000026770, 6.222999999999998977, 1.651000000000001133 ) ) ;
#5204 = CARTESIAN_POINT ( 'NONE',  ( 1.734723475976807094E-15, 0.3809999999999993947, -2.120900000000001562 ) ) ;
#5205 = CARTESIAN_POINT ( 'NONE',  ( 1.734723475976807094E-15, 7.492999999999998550, 2.501900000000000901 ) ) ;
#5206 = DIRECTION ( 'NONE',  ( -1.000000000000000000, -0.000000000000000000, -0.000000000000000000 ) ) ;
#5207 = CARTESIAN_POINT ( 'NONE',  ( 8.508999999999998565, 6.222999999999998977, 0.8890000000000011227 ) ) ;
#5208 = ORIENTED_EDGE ( 'NONE', *, *, #2437, .T. ) ;
#5209 = DIRECTION ( 'NONE',  ( 0.000000000000000000, 1.733406087350420004E-16, -1.000000000000000000 ) ) ;
#5210 = ADVANCED_FACE ( 'NONE', ( #6122 ), #269, .F. ) ;
#5211 = LINE ( 'NONE', #5846, #1472 ) ;
#5212 = DIRECTION ( 'NONE',  ( 0.000000000000000000, 1.733406087350420004E-16, -1.000000000000000000 ) ) ;
#5213 = CARTESIAN_POINT ( 'NONE',  ( -2.539999999999998703, 0.3809999999999988396, 2.120899999999999785 ) ) ;
#5214 = CARTESIAN_POINT ( 'NONE',  ( 4.190999999999998948, 6.222999999999998977, -1.650999999999998913 ) ) ;
#5215 = VERTEX_POINT ( 'NONE', #2585 ) ;
#5216 = ORIENTED_EDGE ( 'NONE', *, *, #1401, .T. ) ;
#5217 = ADVANCED_FACE ( 'NONE', ( #4443 ), #3741, .F. ) ;
#5218 = EDGE_CURVE ( 'NONE', #4912, #2181, #4988, .T. ) ;
#5219 = LINE ( 'NONE', #5890, #210 ) ;
#5220 = VERTEX_POINT ( 'NONE', #5591 ) ;
#5221 = FACE_OUTER_BOUND ( 'NONE', #4456, .T. ) ;
#5222 = CARTESIAN_POINT ( 'NONE',  ( 2.540000000000002256, 0.3809999999999999498, -2.501900000000000901 ) ) ;
#5223 = FACE_OUTER_BOUND ( 'NONE', #787, .T. ) ;
#5224 = ORIENTED_EDGE ( 'NONE', *, *, #4475, .T. ) ;
#5225 = ORIENTED_EDGE ( 'NONE', *, *, #7505, .T. ) ;
#5226 = FACE_OUTER_BOUND ( 'NONE', #6079, .T. ) ;
#5227 = CARTESIAN_POINT ( 'NONE',  ( 1.734723475976807094E-15, 0.8889999999999985691, 1.984781810244993228 ) ) ;
#5228 = LINE ( 'NONE', #5159, #4412 ) ;
#5229 = DIRECTION ( 'NONE',  ( 0.000000000000000000, 1.733406087350420004E-16, -1.000000000000000000 ) ) ;
#5230 = CARTESIAN_POINT ( 'NONE',  ( 10.41399999999999970, 7.492999999999999439, -2.501900000000000901 ) ) ;
#5231 = ADVANCED_FACE ( 'NONE', ( #780 ), #156, .F. ) ;
#5232 = ORIENTED_EDGE ( 'NONE', *, *, #4554, .F. ) ;
#5233 = AXIS2_PLACEMENT_3D ( 'NONE', #3354, #5625, #4512 ) ;
#5234 = ORIENTED_EDGE ( 'NONE', *, *, #5370, .F. ) ;
#5235 = VECTOR ( 'NONE', #2981, 1000.000000000000000 ) ;
#5236 = CARTESIAN_POINT ( 'NONE',  ( -4.191000000000000725, 7.048499999999997101, 1.651000000000001355 ) ) ;
#5237 = CARTESIAN_POINT ( 'NONE',  ( -1.651000000000001355, 7.048499999999997989, -1.650999999999998691 ) ) ;
#5238 = DIRECTION ( 'NONE',  ( 0.000000000000000000, 1.000000000000000000, 2.439149994343092652E-16 ) ) ;
#5239 = ORIENTED_EDGE ( 'NONE', *, *, #3392, .F. ) ;
#5240 = DIRECTION ( 'NONE',  ( -0.000000000000000000, -0.000000000000000000, 1.000000000000000000 ) ) ;
#5241 = EDGE_CURVE ( 'NONE', #7592, #2030, #6711, .T. ) ;
#5242 = LINE ( 'NONE', #5207, #2666 ) ;
#5243 = EDGE_LOOP ( 'NONE', ( #3988, #46, #1549, #2854 ) ) ;
#5244 = DIRECTION ( 'NONE',  ( -0.000000000000000000, 1.000000000000000000, 1.733406087350420004E-16 ) ) ;
#5245 = CARTESIAN_POINT ( 'NONE',  ( 8.508999999999998565, 7.048499999999997989, -0.8889999999999986802 ) ) ;
#5246 = MECHANICAL_DESIGN_GEOMETRIC_PRESENTATION_REPRESENTATION (  '', ( #6995 ), #6626 ) ;
#5247 = FACE_OUTER_BOUND ( 'NONE', #421, .T. ) ;
#5248 = DIRECTION ( 'NONE',  ( -1.000000000000000000, 0.000000000000000000, 0.000000000000000000 ) ) ;
#5249 = AXIS2_PLACEMENT_3D ( 'NONE', #387, #3428, #462 ) ;
#5250 = EDGE_CURVE ( 'NONE', #5607, #3560, #7285, .T. ) ;
#5251 = ORIENTED_EDGE ( 'NONE', *, *, #119, .F. ) ;
#5252 = ORIENTED_EDGE ( 'NONE', *, *, #7412, .T. ) ;
#5253 = VECTOR ( 'NONE', #7349, 1000.000000000000000 ) ;
#5254 = ORIENTED_EDGE ( 'NONE', *, *, #154, .T. ) ;
#5255 = DIRECTION ( 'NONE',  ( -1.000000000000000000, -0.000000000000000000, -0.000000000000000000 ) ) ;
#5256 = APPLICATION_CONTEXT ( 'automotive_design' ) ;
#5257 = ORIENTED_EDGE ( 'NONE', *, *, #3601, .F. ) ;
#5258 = AXIS2_PLACEMENT_3D ( 'NONE', #5698, #3383, #5095 ) ;
#5259 = AXIS2_PLACEMENT_3D ( 'NONE', #4311, #2524, #6541 ) ;
#5260 = DIRECTION ( 'NONE',  ( -0.5773502691896273964, 0.5773502691896237327, -0.5773502691896261751 ) ) ;
#5261 = VERTEX_POINT ( 'NONE', #6787 ) ;
#5262 = VECTOR ( 'NONE', #7146, 1000.000000000000000 ) ;
#5263 = ADVANCED_FACE ( 'NONE', ( #2698 ), #1970, .F. ) ;
#5264 = CARTESIAN_POINT ( 'NONE',  ( 5.968999999999998529, 6.222999999999998977, 0.8890000000000011227 ) ) ;
#5265 = ADVANCED_FACE ( 'NONE', ( #855 ), #1377, .F. ) ;
#5266 = LINE ( 'NONE', #7635, #3432 ) ;
#5267 = ORIENTED_EDGE ( 'NONE', *, *, #4372, .F. ) ;
#5268 = VERTEX_POINT ( 'NONE', #2113 ) ;
#5269 = LINE ( 'NONE', #2940, #2250 ) ;
#5270 = VECTOR ( 'NONE', #3723, 1000.000000000000000 ) ;
#5271 = FILL_AREA_STYLE_COLOUR ( '', #6263 ) ;
#5272 = DIRECTION ( 'NONE',  ( -1.000000000000000000, -0.000000000000000000, -0.000000000000000000 ) ) ;
#5273 = DIRECTION ( 'NONE',  ( -0.000000000000000000, 1.000000000000000000, -0.000000000000000000 ) ) ;
#5274 = EDGE_CURVE ( 'NONE', #2738, #2304, #1493, .T. ) ;
#5275 = DIRECTION ( 'NONE',  ( 0.000000000000000000, -1.733406087350420004E-16, 1.000000000000000000 ) ) ;
#5276 = VECTOR ( 'NONE', #599, 1000.000000000000000 ) ;
#5277 = ORIENTED_EDGE ( 'NONE', *, *, #800, .F. ) ;
#5278 = ORIENTED_EDGE ( 'NONE', *, *, #1147, .F. ) ;
#5279 = AXIS2_PLACEMENT_3D ( 'NONE', #7403, #2553, #4334 ) ;
#5280 = VECTOR ( 'NONE', #2974, 1000.000000000000000 ) ;
#5281 = AXIS2_PLACEMENT_3D ( 'NONE', #864, #279, #3828 ) ;
#5282 = VECTOR ( 'NONE', #634, 1000.000000000000114 ) ;
#5283 = EDGE_CURVE ( 'NONE', #5736, #3895, #891, .T. ) ;
#5284 = CARTESIAN_POINT ( 'NONE',  ( -5.079999999999997407, 7.492999999999999439, -2.501900000000000901 ) ) ;
#5285 = DIRECTION ( 'NONE',  ( 0.000000000000000000, 1.138269997360111548E-15, 1.000000000000000000 ) ) ;
#5286 = DIRECTION ( 'NONE',  ( 0.000000000000000000, 1.733406087350420497E-16, -1.000000000000000000 ) ) ;
#5287 = CARTESIAN_POINT ( 'NONE',  ( 10.15999999999999837, 0.3809999999999992837, 2.501899999999999125 ) ) ;
#5288 = EDGE_LOOP ( 'NONE', ( #5422, #6648, #1720, #611 ) ) ;
#5289 = DIRECTION ( 'NONE',  ( 0.000000000000000000, -1.000000000000000000, -2.439149994343092652E-16 ) ) ;
#5290 = ORIENTED_EDGE ( 'NONE', *, *, #1000, .T. ) ;
#5291 = AXIS2_PLACEMENT_3D ( 'NONE', #5874, #7111, #4856 ) ;
#5292 = DIRECTION ( 'NONE',  ( 0.7071067811865456854, -0.7071067811865494601, -1.225703198915526333E-16 ) ) ;
#5293 = ADVANCED_FACE ( 'NONE', ( #2009 ), #4363, .F. ) ;
#5294 = ADVANCED_FACE ( 'NONE', ( #6164 ), #820, .F. ) ;
#5295 = LINE ( 'NONE', #577, #1026 ) ;
#5296 = DIRECTION ( 'NONE',  ( -0.000000000000000000, 1.000000000000000000, 1.733406087350420004E-16 ) ) ;
#5297 = CARTESIAN_POINT ( 'NONE',  ( 1.650999999999998025, 7.048499999999997101, 1.651000000000001355 ) ) ;
#5298 = VECTOR ( 'NONE', #644, 1000.000000000000000 ) ;
#5299 = FACE_OUTER_BOUND ( 'NONE', #149, .T. ) ;
#5300 = ORIENTED_EDGE ( 'NONE', *, *, #334, .T. ) ;
#5301 = EDGE_LOOP ( 'NONE', ( #6731, #2959, #2676, #3907 ) ) ;
#5302 = VECTOR ( 'NONE', #1021, 1000.000000000000000 ) ;
#5303 = ORIENTED_EDGE ( 'NONE', *, *, #3386, .F. ) ;
#5304 = VECTOR ( 'NONE', #1513, 1000.000000000000000 ) ;
#5305 = EDGE_CURVE ( 'NONE', #5157, #2731, #5211, .T. ) ;
#5306 = LINE ( 'NONE', #3007, #1584 ) ;
#5307 = ORIENTED_EDGE ( 'NONE', *, *, #1464, .F. ) ;
#5308 = VECTOR ( 'NONE', #6841, 1000.000000000000000 ) ;
#5309 = DIRECTION ( 'NONE',  ( -0.000000000000000000, 1.000000000000000000, 1.733406087350420004E-16 ) ) ;
#5310 = SURFACE_SIDE_STYLE ('',( #1176 ) ) ;
#5311 = CIRCLE ( 'NONE', #7293, 0.4191000000000008052 ) ;
#5312 = CARTESIAN_POINT ( 'NONE',  ( -0.1777999999999999858, 0.2539999999999996150, 3.429000000000000270 ) ) ;
#5313 = VERTEX_POINT ( 'NONE', #967 ) ;
#5314 = DIRECTION ( 'NONE',  ( -0.000000000000000000, -0.7071067811865491270, -0.7071067811865460184 ) ) ;
#5315 = ORIENTED_EDGE ( 'NONE', *, *, #3873, .F. ) ;
#5316 = EDGE_LOOP ( 'NONE', ( #5393, #4620, #2629, #7214 ) ) ;
#5317 = AXIS2_PLACEMENT_3D ( 'NONE', #371, #4975, #2648 ) ;
#5318 = LINE ( 'NONE', #3641, #754 ) ;
#5319 = VECTOR ( 'NONE', #1771, 1000.000000000000000 ) ;
#5320 = EDGE_CURVE ( 'NONE', #5888, #2790, #4662, .T. ) ;
#5321 = PRESENTATION_STYLE_ASSIGNMENT (( #5902 ) ) ;
#5322 = LINE ( 'NONE', #6455, #1555 ) ;
#5323 = DIRECTION ( 'NONE',  ( 0.000000000000000000, 1.733406087350420004E-16, -1.000000000000000000 ) ) ;
#5324 = DIRECTION ( 'NONE',  ( -1.000000000000000000, -0.000000000000000000, -0.000000000000000000 ) ) ;
#5325 = ORIENTED_EDGE ( 'NONE', *, *, #6923, .F. ) ;
#5326 = ORIENTED_EDGE ( 'NONE', *, *, #5548, .F. ) ;
#5327 = EDGE_CURVE ( 'NONE', #1997, #2956, #7582, .T. ) ;
#5328 = ADVANCED_FACE ( 'NONE', ( #5764 ), #1082, .F. ) ;
#5329 = LINE ( 'NONE', #5284, #418 ) ;
#5330 = DIRECTION ( 'NONE',  ( 0.000000000000000000, 1.733406087350420004E-16, -1.000000000000000000 ) ) ;
#5331 = LINE ( 'NONE', #5407, #5298 ) ;
#5332 = LINE ( 'NONE', #6384, #4807 ) ;
#5333 = AXIS2_PLACEMENT_3D ( 'NONE', #4036, #1796, #1040 ) ;
#5334 = PLANE ( 'NONE',  #1678 ) ;
#5335 = ORIENTED_EDGE ( 'NONE', *, *, #1526, .T. ) ;
#5336 = EDGE_LOOP ( 'NONE', ( #3342, #5570, #4614, #7619 ) ) ;
#5337 = CARTESIAN_POINT ( 'NONE',  ( -4.191000000000000725, 7.048499999999997989, -0.8889999999999986802 ) ) ;
#5338 = VECTOR ( 'NONE', #4229, 1000.000000000000000 ) ;
#5339 = CARTESIAN_POINT ( 'NONE',  ( -5.079999999999997407, 0.3809999999999993947, -2.120900000000001562 ) ) ;
#5340 =( NAMED_UNIT ( * ) PLANE_ANGLE_UNIT ( ) SI_UNIT ( $, .RADIAN. ) );
#5341 = DIRECTION ( 'NONE',  ( -1.000000000000000000, -0.000000000000000000, 0.000000000000000000 ) ) ;
#5342 = EDGE_LOOP ( 'NONE', ( #7317, #5325, #6335, #1461 ) ) ;
#5343 = LINE ( 'NONE', #4159, #4239 ) ;
#5344 = EDGE_CURVE ( 'NONE', #4428, #3305, #7047, .T. ) ;
#5345 = ORIENTED_EDGE ( 'NONE', *, *, #2207, .F. ) ;
#5346 = LINE ( 'NONE', #2, #5319 ) ;
#5347 = VERTEX_POINT ( 'NONE', #5245 ) ;
#5348 = CARTESIAN_POINT ( 'NONE',  ( 2.540000000000002256, 7.492999999999999439, -0.4444999999999956763 ) ) ;
#5349 =( NAMED_UNIT ( * ) PLANE_ANGLE_UNIT ( ) SI_UNIT ( $, .RADIAN. ) );
#5350 = PLANE ( 'NONE',  #303 ) ;
#5351 = EDGE_LOOP ( 'NONE', ( #7442, #3008, #5935, #7059 ) ) ;
#5352 = LINE ( 'NONE', #3054, #7536 ) ;
#5353 = EDGE_CURVE ( 'NONE', #95, #6251, #3463, .T. ) ;
#5354 = ORIENTED_EDGE ( 'NONE', *, *, #6828, .F. ) ;
#5355 = ORIENTED_EDGE ( 'NONE', *, *, #3883, .F. ) ;
#5356 = DIRECTION ( 'NONE',  ( 0.000000000000000000, 1.733406087350420004E-16, -1.000000000000000000 ) ) ;
#5357 = LINE ( 'NONE', #3564, #5276 ) ;
#5358 = CARTESIAN_POINT ( 'NONE',  ( 9.016999999999997684, 6.794499999999999318, -1.142999999999999572 ) ) ;
#5359 = PLANE ( 'NONE',  #971 ) ;
#5360 = EDGE_CURVE ( 'NONE', #5261, #1977, #2734, .T. ) ;
#5361 = EDGE_LOOP ( 'NONE', ( #3648, #4172, #5491, #6554 ) ) ;
#5362 = ORIENTED_EDGE ( 'NONE', *, *, #6997, .T. ) ;
#5363 = DIRECTION ( 'NONE',  ( 1.000000000000000000, 0.000000000000000000, 0.000000000000000000 ) ) ;
#5364 = LINE ( 'NONE', #6575, #3031 ) ;
#5365 = DIRECTION ( 'NONE',  ( 0.000000000000000000, 1.000000000000000000, 2.439149994343092652E-16 ) ) ;
#5366 = ORIENTED_EDGE ( 'NONE', *, *, #130, .T. ) ;
#5367 = CARTESIAN_POINT ( 'NONE',  ( -10.15999999999999837, 0.3809999999999988396, 2.120899999999999785 ) ) ;
#5368 = EDGE_CURVE ( 'NONE', #1324, #192, #5818, .T. ) ;
#5369 = CARTESIAN_POINT ( 'NONE',  ( 10.41399999999999970, 0.3809999999999993947, -2.120900000000001562 ) ) ;
#5370 = EDGE_CURVE ( 'NONE', #2936, #4283, #2145, .T. ) ;
#5371 = VERTEX_POINT ( 'NONE', #3426 ) ;
#5372 = VERTEX_POINT ( 'NONE', #6893 ) ;
#5373 = CARTESIAN_POINT ( 'NONE',  ( -0.3047999999999999599, 0.8889999999999995683, -1.968499999999999694 ) ) ;
#5374 = EDGE_LOOP ( 'NONE', ( #823, #72, #5257, #1449 ) ) ;
#5375 = CARTESIAN_POINT ( 'NONE',  ( -9.271000000000000796, 7.048499999999997989, -0.8889999999999986802 ) ) ;
#5376 = DIRECTION ( 'NONE',  ( -0.000000000000000000, 1.000000000000000000, 1.422837496700138942E-15 ) ) ;
#5377 = LINE ( 'NONE', #3040, #6385 ) ;
#5378 = VERTEX_POINT ( 'NONE', #1001 ) ;
#5379 = VECTOR ( 'NONE', #1308, 1000.000000000000000 ) ;
#5380 = CARTESIAN_POINT ( 'NONE',  ( 10.16000000000000192, 0.3809999999999999498, -2.501900000000000901 ) ) ;
#5381 = ORIENTED_EDGE ( 'NONE', *, *, #49, .T. ) ;
#5382 = ORIENTED_EDGE ( 'NONE', *, *, #6673, .T. ) ;
#5383 = VECTOR ( 'NONE', #5296, 1000.000000000000000 ) ;
#5384 = LINE ( 'NONE', #3049, #6809 ) ;
#5385 = ADVANCED_FACE ( 'NONE', ( #3891 ), #6287, .T. ) ;
#5386 = ORIENTED_EDGE ( 'NONE', *, *, #7108, .F. ) ;
#5387 = LINE ( 'NONE', #41, #1435 ) ;
#5388 = SURFACE_STYLE_FILL_AREA ( #1695 ) ;
#5389 = DIRECTION ( 'NONE',  ( 1.000000000000000000, 0.000000000000000000, 0.000000000000000000 ) ) ;
#5390 = CARTESIAN_POINT ( 'NONE',  ( 0.8889999999999991243, 7.048499999999997989, -1.650999999999998691 ) ) ;
#5391 = EDGE_LOOP ( 'NONE', ( #5541, #2727, #2315, #5096 ) ) ;
#5392 = ORIENTED_EDGE ( 'NONE', *, *, #1227, .T. ) ;
#5393 = ORIENTED_EDGE ( 'NONE', *, *, #2247, .T. ) ;
#5394 = LINE ( 'NONE', #595, #1759 ) ;
#5395 = ADVANCED_FACE ( 'NONE', ( #5140 ), #6320, .F. ) ;
#5396 = CARTESIAN_POINT ( 'NONE',  ( -2.539999999999998703, 0.8889999999999989022, -1.984781810244995004 ) ) ;
#5397 = LINE ( 'NONE', #4810, #6896 ) ;
#5398 = FACE_OUTER_BOUND ( 'NONE', #1500, .T. ) ;
#5399 = CARTESIAN_POINT ( 'NONE',  ( -7.619999999999998330, 7.492999999999998550, 2.501900000000000901 ) ) ;
#5400 = ORIENTED_EDGE ( 'NONE', *, *, #3449, .F. ) ;
#5401 = AXIS2_PLACEMENT_3D ( 'NONE', #2065, #7491, #6226 ) ;
#5402 = VECTOR ( 'NONE', #2064, 1000.000000000000000 ) ;
#5403 = ORIENTED_EDGE ( 'NONE', *, *, #1321, .T. ) ;
#5404 = EDGE_CURVE ( 'NONE', #7334, #5716, #4626, .T. ) ;
#5405 = CARTESIAN_POINT ( 'NONE',  ( 1.396999999999997133, 6.794499999999997542, 1.397000000000001130 ) ) ;
#5406 = DIRECTION ( 'NONE',  ( 1.000000000000000000, 0.000000000000000000, 0.000000000000000000 ) ) ;
#5407 = CARTESIAN_POINT ( 'NONE',  ( 0.8889999999999991243, 6.222999999999998977, 1.651000000000001133 ) ) ;
#5408 = MECHANICAL_DESIGN_GEOMETRIC_PRESENTATION_REPRESENTATION (  '', ( #1804 ), #671 ) ;
#5409 = VERTEX_POINT ( 'NONE', #460 ) ;
#5410 = LINE ( 'NONE', #645, #2702 ) ;
#5411 = DIRECTION ( 'NONE',  ( 1.000000000000000000, 0.000000000000000000, 0.000000000000000000 ) ) ;
#5412 = VERTEX_POINT ( 'NONE', #4553 ) ;
#5413 = DIRECTION ( 'NONE',  ( 0.000000000000000000, 0.000000000000000000, 1.000000000000000000 ) ) ;
#5414 = ORIENTED_EDGE ( 'NONE', *, *, #7455, .F. ) ;
#5415 = EDGE_CURVE ( 'NONE', #6752, #4669, #6936, .T. ) ;
#5416 = PLANE ( 'NONE',  #2904 ) ;
#5417 = PLANE ( 'NONE',  #5015 ) ;
#5418 = LINE ( 'NONE', #3585, #5018 ) ;
#5419 = ORIENTED_EDGE ( 'NONE', *, *, #662, .T. ) ;
#5420 = VECTOR ( 'NONE', #6207, 1000.000000000000000 ) ;
#5421 = AXIS2_PLACEMENT_3D ( 'NONE', #7060, #976, #7593 ) ;
#5422 = ORIENTED_EDGE ( 'NONE', *, *, #258, .T. ) ;
#5423 = CARTESIAN_POINT ( 'NONE',  ( -10.41399999999999970, 0.3809999999999999498, -2.501900000000000901 ) ) ;
#5424 = APPLICATION_CONTEXT ( 'automotive_design' ) ;
#5425 = EDGE_LOOP ( 'NONE', ( #4868, #6459, #3, #5658 ) ) ;
#5426 = DIRECTION ( 'NONE',  ( -0.000000000000000000, -0.7071067811865491270, -0.7071067811865460184 ) ) ;
#5427 = AXIS2_PLACEMENT_3D ( 'NONE', #7483, #5149, #4050 ) ;
#5428 = EDGE_CURVE ( 'NONE', #2855, #2778, #3999, .T. ) ;
#5429 = DIRECTION ( 'NONE',  ( 0.000000000000000000, -0.9659258262890700886, 0.2588190451025143002 ) ) ;
#5430 = VERTEX_POINT ( 'NONE', #5176 ) ;
#5431 = DIRECTION ( 'NONE',  ( -1.000000000000000000, -0.000000000000000000, -0.000000000000000000 ) ) ;
#5432 = DIRECTION ( 'NONE',  ( 0.000000000000000000, 0.000000000000000000, 1.000000000000000000 ) ) ;
#5433 = VECTOR ( 'NONE', #5950, 1000.000000000000000 ) ;
#5434 = CARTESIAN_POINT ( 'NONE',  ( -8.509000000000002117, 7.048499999999997989, -1.650999999999998691 ) ) ;
#5435 = ORIENTED_EDGE ( 'NONE', *, *, #3205, .T. ) ;
#5436 = VECTOR ( 'NONE', #1784, 1000.000000000000000 ) ;
#5437 = DIRECTION ( 'NONE',  ( 1.000000000000000000, 0.000000000000000000, 0.000000000000000000 ) ) ;
#5438 = ORIENTED_EDGE ( 'NONE', *, *, #2171, .F. ) ;
#5439 = ORIENTED_EDGE ( 'NONE', *, *, #4262, .F. ) ;
#5440 = ORIENTED_EDGE ( 'NONE', *, *, #5579, .T. ) ;
#5441 = CARTESIAN_POINT ( 'NONE',  ( -10.41399999999999970, 0.8889999999999989022, -1.984781810244995004 ) ) ;
#5442 = AXIS2_PLACEMENT_3D ( 'NONE', #4188, #3109, #764 ) ;
#5443 = AXIS2_PLACEMENT_3D ( 'NONE', #789, #3328, #243 ) ;
#5444 = DIRECTION ( 'NONE',  ( -1.000000000000000000, 0.000000000000000000, 0.000000000000000000 ) ) ;
#5445 = CARTESIAN_POINT ( 'NONE',  ( -9.271000000000000796, 7.048499999999997989, -0.8889999999999986802 ) ) ;
#5446 = CARTESIAN_POINT ( 'NONE',  ( -10.15999999999999837, 0.3809999999999993947, -2.120900000000001562 ) ) ;
#5447 = DIRECTION ( 'NONE',  ( 0.000000000000000000, -0.000000000000000000, -1.000000000000000000 ) ) ;
#5448 = ORIENTED_EDGE ( 'NONE', *, *, #7547, .F. ) ;
#5449 = VECTOR ( 'NONE', #2501, 1000.000000000000000 ) ;
#5450 = ADVANCED_FACE ( 'NONE', ( #4586 ), #2850, .F. ) ;
#5451 = EDGE_LOOP ( 'NONE', ( #4269, #36, #6880, #1645 ) ) ;
#5452 = DIRECTION ( 'NONE',  ( 0.000000000000000000, 1.000000000000000000, 0.000000000000000000 ) ) ;
#5453 = DIRECTION ( 'NONE',  ( 0.000000000000000000, -0.000000000000000000, -1.000000000000000000 ) ) ;
#5454 = LINE ( 'NONE', #100, #6430 ) ;
#5455 = CARTESIAN_POINT ( 'NONE',  ( -7.619999999999998330, 0.000000000000000000, 0.000000000000000000 ) ) ;
#5456 = ORIENTED_EDGE ( 'NONE', *, *, #3216, .F. ) ;
#5457 = EDGE_CURVE ( 'NONE', #4391, #4633, #7660, .T. ) ;
#5458 = ORIENTED_EDGE ( 'NONE', *, *, #4125, .F. ) ;
#5459 = CARTESIAN_POINT ( 'NONE',  ( 0.1777999999999999858, 0.000000000000000000, 3.302000000000000046 ) ) ;
#5460 = CARTESIAN_POINT ( 'NONE',  ( 7.620000000000001883, 0.8889999999999989022, -1.984781810244995004 ) ) ;
#5461 = DIRECTION ( 'NONE',  ( 0.000000000000000000, -1.733406087350420004E-16, 1.000000000000000000 ) ) ;
#5462 = LINE ( 'NONE', #109, #7251 ) ;
#5463 = VERTEX_POINT ( 'NONE', #4078 ) ;
#5464 = ORIENTED_EDGE ( 'NONE', *, *, #2599, .T. ) ;
#5465 = CARTESIAN_POINT ( 'NONE',  ( -7.619999999999998330, 0.8889999999999989022, -1.984781810244995004 ) ) ;
#5466 = EDGE_CURVE ( 'NONE', #123, #3823, #7156, .T. ) ;
#5467 = CARTESIAN_POINT ( 'NONE',  ( 0.3047999999999999599, 0.000000000000000000, 3.302000000000000046 ) ) ;
#5468 = VECTOR ( 'NONE', #7032, 1000.000000000000000 ) ;
#5469 = CARTESIAN_POINT ( 'NONE',  ( 10.16000000000000014, 6.222999999999998977, -2.201425730935033664E-16 ) ) ;
#5470 = CARTESIAN_POINT ( 'NONE',  ( -0.1777999999999999858, 0.2539999999999993929, -3.429000000000000270 ) ) ;
#5471 = VECTOR ( 'NONE', #6059, 1000.000000000000000 ) ;
#5472 = SURFACE_STYLE_USAGE ( .BOTH. , #3090 ) ;
#5473 = CARTESIAN_POINT ( 'NONE',  ( 10.16000000000000192, 0.3809999999999988396, 2.120899999999999785 ) ) ;
#5474 = EDGE_CURVE ( 'NONE', #241, #2541, #2339, .T. ) ;
#5475 = ORIENTED_EDGE ( 'NONE', *, *, #2111, .F. ) ;
#5476 = EDGE_LOOP ( 'NONE', ( #7526, #3971, #1930, #5307 ) ) ;
#5477 = DIRECTION ( 'NONE',  ( -1.000000000000000000, 0.000000000000000000, 0.000000000000000000 ) ) ;
#5478 = CARTESIAN_POINT ( 'NONE',  ( 5.080000000000002736, 0.3809999999999999498, -2.501900000000000901 ) ) ;
#5479 = PLANE ( 'NONE',  #4308 ) ;
#5480 = CARTESIAN_POINT ( 'NONE',  ( -9.271000000000000796, 6.222999999999998977, 0.8890000000000011227 ) ) ;
#5481 = ORIENTED_EDGE ( 'NONE', *, *, #2804, .T. ) ;
#5482 = ORIENTED_EDGE ( 'NONE', *, *, #2345, .T. ) ;
#5483 = VERTEX_POINT ( 'NONE', #2377 ) ;
#5484 = VECTOR ( 'NONE', #3562, 1000.000000000000000 ) ;
#5485 = CARTESIAN_POINT ( 'NONE',  ( -5.079999999999997407, 0.3809999999999992837, 2.501899999999999125 ) ) ;
#5486 = CARTESIAN_POINT ( 'NONE',  ( -1.651000000000001355, 7.048499999999997101, 1.651000000000001355 ) ) ;
#5487 = DIRECTION ( 'NONE',  ( 0.000000000000000000, -1.733406087350420004E-16, 1.000000000000000000 ) ) ;
#5488 = ADVANCED_FACE ( 'NONE', ( #68 ), #5956, .F. ) ;
#5489 = DIRECTION ( 'NONE',  ( 0.000000000000000000, 0.000000000000000000, -1.000000000000000000 ) ) ;
#5490 = ORIENTED_EDGE ( 'NONE', *, *, #4143, .T. ) ;
#5491 = ORIENTED_EDGE ( 'NONE', *, *, #3883, .T. ) ;
#5492 = ORIENTED_EDGE ( 'NONE', *, *, #5939, .T. ) ;
#5493 = CARTESIAN_POINT ( 'NONE',  ( -5.079999999999997407, 7.492999999999998550, 2.501900000000000901 ) ) ;
#5494 = VECTOR ( 'NONE', #3904, 1000.000000000000000 ) ;
#5495 = DIRECTION ( 'NONE',  ( -1.000000000000000000, -0.000000000000000000, -0.000000000000000000 ) ) ;
#5496 = PLANE ( 'NONE',  #6267 ) ;
#5497 = VECTOR ( 'NONE', #1923, 1000.000000000000000 ) ;
#5498 = CYLINDRICAL_SURFACE ( 'NONE', #5139, 0.6731000000000000316 ) ;
#5499 = EDGE_CURVE ( 'NONE', #4859, #786, #2998, .T. ) ;
#5500 = ORIENTED_EDGE ( 'NONE', *, *, #6026, .T. ) ;
#5501 = CARTESIAN_POINT ( 'NONE',  ( 0.4444999999999952323, 7.492999999999999439, -0.4444999999999955653 ) ) ;
#5502 = ORIENTED_EDGE ( 'NONE', *, *, #716, .F. ) ;
#5503 =( GEOMETRIC_REPRESENTATION_CONTEXT ( 3 ) GLOBAL_UNCERTAINTY_ASSIGNED_CONTEXT ( ( #1847 ) ) GLOBAL_UNIT_ASSIGNED_CONTEXT ( ( #3969, #2779, #2706 ) ) REPRESENTATION_CONTEXT ( 'NONE', 'WORKASPACE' ) );
#5504 = DIRECTION ( 'NONE',  ( -1.000000000000000000, 0.000000000000000000, 0.000000000000000000 ) ) ;
#5505 = VECTOR ( 'NONE', #3243, 1000.000000000000000 ) ;
#5506 = DIRECTION ( 'NONE',  ( 0.000000000000000000, 0.000000000000000000, -1.000000000000000000 ) ) ;
#5507 = EDGE_CURVE ( 'NONE', #4994, #5123, #6470, .T. ) ;
#5508 = DIRECTION ( 'NONE',  ( -0.000000000000000000, 1.000000000000000000, 1.092515224483717382E-16 ) ) ;
#5509 = DIRECTION ( 'NONE',  ( 0.000000000000000000, 0.000000000000000000, 1.000000000000000000 ) ) ;
#5510 = PRESENTATION_STYLE_ASSIGNMENT (( #3633 ) ) ;
#5511 = ORIENTED_EDGE ( 'NONE', *, *, #7356, .F. ) ;
#5512 = VECTOR ( 'NONE', #4887, 1000.000000000000000 ) ;
#5513 = VERTEX_POINT ( 'NONE', #3619 ) ;
#5514 = CARTESIAN_POINT ( 'NONE',  ( 0.8889999999999991243, 7.048499999999997989, -0.8889999999999986802 ) ) ;
#5515 = EDGE_CURVE ( 'NONE', #7098, #4465, #4117, .T. ) ;
#5516 = DIRECTION ( 'NONE',  ( -0.000000000000000000, -0.000000000000000000, 1.000000000000000000 ) ) ;
#5517 = EDGE_CURVE ( 'NONE', #1633, #2864, #1204, .T. ) ;
#5518 = AXIS2_PLACEMENT_3D ( 'NONE', #6074, #32, #6703 ) ;
#5519 = CARTESIAN_POINT ( 'NONE',  ( -1.143000000000003347, 6.794499999999999318, -1.142999999999999572 ) ) ;
#5520 = CARTESIAN_POINT ( 'NONE',  ( -7.619999999999998330, 0.3809999999999992837, 2.501899999999999125 ) ) ;
#5521 = VECTOR ( 'NONE', #1839, 1000.000000000000000 ) ;
#5522 = FACE_OUTER_BOUND ( 'NONE', #2798, .T. ) ;
#5523 = ORIENTED_EDGE ( 'NONE', *, *, #4660, .F. ) ;
#5524 = VERTEX_POINT ( 'NONE', #4826 ) ;
#5525 = ADVANCED_FACE ( 'NONE', ( #6508 ), #31, .F. ) ;
#5526 = CARTESIAN_POINT ( 'NONE',  ( 10.41399999999999970, 0.8889999999999989022, -1.984781810244995004 ) ) ;
#5527 =( REPRESENTATION_RELATIONSHIP ('NONE','NONE', #132, #1690 ) REPRESENTATION_RELATIONSHIP_WITH_TRANSFORMATION ( #4290 )SHAPE_REPRESENTATION_RELATIONSHIP( ) );
#5528 = DIRECTION ( 'NONE',  ( 0.000000000000000000, -0.9659258262890700886, 0.2588190451025143002 ) ) ;
#5529 = FACE_OUTER_BOUND ( 'NONE', #188, .T. ) ;
#5530 = DIRECTION ( 'NONE',  ( 0.000000000000000000, 0.000000000000000000, -1.000000000000000000 ) ) ;
#5531 = STYLED_ITEM ( 'NONE', ( #4798 ), #3722 ) ;
#5532 = VECTOR ( 'NONE', #369, 1000.000000000000000 ) ;
#5533 = AXIS2_PLACEMENT_3D ( 'NONE', #4028, #6998, #58 ) ;
#5534 = ORIENTED_EDGE ( 'NONE', *, *, #6372, .F. ) ;
#5535 = ORIENTED_EDGE ( 'NONE', *, *, #3174, .F. ) ;
#5536 = DIRECTION ( 'NONE',  ( 0.000000000000000000, -1.000000000000000000, -1.733406087350420004E-16 ) ) ;
#5537 = AXIS2_PLACEMENT_3D ( 'NONE', #4536, #2324, #512 ) ;
#5538 = PLANE ( 'NONE',  #4764 ) ;
#5539 = FACE_OUTER_BOUND ( 'NONE', #4190, .T. ) ;
#5540 = PLANE ( 'NONE',  #1793 ) ;
#5541 = ORIENTED_EDGE ( 'NONE', *, *, #6211, .T. ) ;
#5542 = ORIENTED_EDGE ( 'NONE', *, *, #5549, .T. ) ;
#5543 = LINE ( 'NONE', #6783, #1387 ) ;
#5544 = ORIENTED_EDGE ( 'NONE', *, *, #7009, .F. ) ;
#5545 = VECTOR ( 'NONE', #6015, 1000.000000000000114 ) ;
#5546 = VERTEX_POINT ( 'NONE', #2963 ) ;
#5547 = ORIENTED_EDGE ( 'NONE', *, *, #1498, .T. ) ;
#5548 = EDGE_CURVE ( 'NONE', #756, #3492, #5295, .T. ) ;
#5549 = EDGE_CURVE ( 'NONE', #3805, #5824, #1118, .T. ) ;
#5550 = CARTESIAN_POINT ( 'NONE',  ( -7.619999999999998330, 7.492999999999998550, 2.501900000000000901 ) ) ;
#5551 = CARTESIAN_POINT ( 'NONE',  ( -3.429000000000002490, 6.222999999999998977, 1.651000000000001133 ) ) ;
#5552 = AXIS2_PLACEMENT_3D ( 'NONE', #2122, #2057, #6864 ) ;
#5553 = ORIENTED_EDGE ( 'NONE', *, *, #4104, .F. ) ;
#5554 = CARTESIAN_POINT ( 'NONE',  ( 7.620000000000001883, 0.3809999999999999498, -2.501900000000000901 ) ) ;
#5555 = SURFACE_STYLE_FILL_AREA ( #4483 ) ;
#5556 = EDGE_LOOP ( 'NONE', ( #6899, #1595, #1951, #4719, #6300, #2110, #6350, #5435 ) ) ;
#5557 = VECTOR ( 'NONE', #546, 1000.000000000000000 ) ;
#5558 = VERTEX_POINT ( 'NONE', #1162 ) ;
#5559 = EDGE_CURVE ( 'NONE', #4283, #10, #3541, .T. ) ;
#5560 = EDGE_LOOP ( 'NONE', ( #1189, #7664, #3607, #2266 ) ) ;
#5561 = VECTOR ( 'NONE', #1562, 1000.000000000000000 ) ;
#5562 = CARTESIAN_POINT ( 'NONE',  ( 5.080000000000002736, 0.3809999999999988396, 2.120899999999999785 ) ) ;
#5563 = CARTESIAN_POINT ( 'NONE',  ( -5.524499999999997968, 7.492999999999999439, -0.4444999999999955653 ) ) ;
#5564 = PLANE ( 'NONE',  #5281 ) ;
#5565 = LINE ( 'NONE', #6758, #5512 ) ;
#5566 = VECTOR ( 'NONE', #906, 1000.000000000000000 ) ;
#5567 = VECTOR ( 'NONE', #7220, 1000.000000000000000 ) ;
#5568 = FACE_OUTER_BOUND ( 'NONE', #5425, .T. ) ;
#5569 = CARTESIAN_POINT ( 'NONE',  ( -0.1777999999999999858, 0.2539999999999993929, -3.302000000000000046 ) ) ;
#5570 = ORIENTED_EDGE ( 'NONE', *, *, #5151, .T. ) ;
#5571 = EDGE_CURVE ( 'NONE', #6724, #3704, #1243, .T. ) ;
#5572 = EDGE_LOOP ( 'NONE', ( #5482, #4959, #6033, #3218 ) ) ;
#5573 = VECTOR ( 'NONE', #3803, 1000.000000000000114 ) ;
#5574 = DIRECTION ( 'NONE',  ( -0.000000000000000000, 1.000000000000000000, 1.733406087350420004E-16 ) ) ;
#5575 = LINE ( 'NONE', #2027, #4769 ) ;
#5576 = CARTESIAN_POINT ( 'NONE',  ( -7.619999999999998330, 0.3809999999999988396, 2.120899999999999785 ) ) ;
#5577 = PLANE ( 'NONE',  #5442 ) ;
#5578 = VERTEX_POINT ( 'NONE', #7191 ) ;
#5579 = EDGE_CURVE ( 'NONE', #618, #7141, #6548, .T. ) ;
#5580 = ORIENTED_EDGE ( 'NONE', *, *, #3256, .T. ) ;
#5581 = ADVANCED_FACE ( 'NONE', ( #5881 ), #5416, .F. ) ;
#5582 = LINE ( 'NONE', #2828, #1491 ) ;
#5583 = AXIS2_PLACEMENT_3D ( 'NONE', #5810, #3933, #931 ) ;
#5584 = PRODUCT ( 'Pin - Tin', 'Pin - Tin', '', ( #1341 ) ) ;
#5585 = LINE ( 'NONE', #6233, #1287 ) ;
#5586 = DIRECTION ( 'NONE',  ( 1.000000000000000000, -0.000000000000000000, -0.000000000000000000 ) ) ;
#5587 = CARTESIAN_POINT ( 'NONE',  ( -10.41399999999999970, 0.8889999999999985691, 1.984781810244993228 ) ) ;
#5588 = DIRECTION ( 'NONE',  ( 0.000000000000000000, 0.000000000000000000, 1.000000000000000000 ) ) ;
#5589 = ORIENTED_EDGE ( 'NONE', *, *, #6867, .F. ) ;
#5590 = FACE_OUTER_BOUND ( 'NONE', #1767, .T. ) ;
#5591 = CARTESIAN_POINT ( 'NONE',  ( 0.3047999999999999599, 0.8890000000000000124, 1.714499999999999913 ) ) ;
#5592 = DIRECTION ( 'NONE',  ( 0.000000000000000000, 1.733406087350420004E-16, -1.000000000000000000 ) ) ;
#5593 = PRODUCT_DEFINITION ( 'UNKNOWN', '', #160, #2771 ) ;
#5594 = EDGE_CURVE ( 'NONE', #5899, #2591, #4232, .T. ) ;
#5595 = DIRECTION ( 'NONE',  ( 0.000000000000000000, -1.092515224483717382E-16, 1.000000000000000000 ) ) ;
#5596 = ORIENTED_EDGE ( 'NONE', *, *, #7262, .F. ) ;
#5597 = ORIENTED_EDGE ( 'NONE', *, *, #1630, .F. ) ;
#5598 = DIRECTION ( 'NONE',  ( 0.000000000000000000, 1.000000000000000000, 0.000000000000000000 ) ) ;
#5599 = LINE ( 'NONE', #2633, #4174 ) ;
#5600 = VECTOR ( 'NONE', #2651, 1000.000000000000000 ) ;
#5601 = VECTOR ( 'NONE', #1894, 1000.000000000000000 ) ;
#5602 = CARTESIAN_POINT ( 'NONE',  ( -6.731000000000000760, 7.048499999999997101, 0.8890000000000012337 ) ) ;
#5603 = CARTESIAN_POINT ( 'NONE',  ( 2.540000000000002256, 0.3809999999999993947, -2.120900000000001562 ) ) ;
#5604 = ADVANCED_FACE ( 'NONE', ( #2492 ), #4864, .F. ) ;
#5605 = CARTESIAN_POINT ( 'NONE',  ( 10.41399999999999970, 0.3809999999999988396, 2.120899999999999785 ) ) ;
#5606 = FACE_OUTER_BOUND ( 'NONE', #4438, .T. ) ;
#5607 = VERTEX_POINT ( 'NONE', #1326 ) ;
#5608 = ORIENTED_EDGE ( 'NONE', *, *, #4892, .F. ) ;
#5609 = DIRECTION ( 'NONE',  ( 0.000000000000000000, 0.000000000000000000, -1.000000000000000000 ) ) ;
#5610 = LINE ( 'NONE', #6227, #3927 ) ;
#5611 = EDGE_CURVE ( 'NONE', #6417, #2593, #6661, .T. ) ;
#5612 = CARTESIAN_POINT ( 'NONE',  ( -10.41399999999999970, 0.3809999999999999498, -2.501900000000000901 ) ) ;
#5613 = EDGE_LOOP ( 'NONE', ( #3355, #3736, #7324, #5889 ) ) ;
#5614 = ORIENTED_EDGE ( 'NONE', *, *, #327, .T. ) ;
#5615 = CARTESIAN_POINT ( 'NONE',  ( -5.079999999999998295, 7.492999999999998550, 2.501900000000000901 ) ) ;
#5616 = LINE ( 'NONE', #2576, #6517 ) ;
#5617 = DIRECTION ( 'NONE',  ( 0.7071067811865452413, -0.7071067811865499042, -1.225703198915527072E-16 ) ) ;
#5618 = PRESENTATION_LAYER_ASSIGNMENT (  '', '', ( #4596 ) ) ;
#5619 = FACE_OUTER_BOUND ( 'NONE', #6872, .T. ) ;
#5620 = ADVANCED_FACE ( 'NONE', ( #5020 ), #1483, .F. ) ;
#5621 = EDGE_CURVE ( 'NONE', #305, #6483, #4394, .T. ) ;
#5622 = DIRECTION ( 'NONE',  ( 0.000000000000000000, 1.000000000000000000, 1.733406087350420004E-16 ) ) ;
#5623 = EDGE_LOOP ( 'NONE', ( #6844, #1687, #714, #4612 ) ) ;
#5624 = VECTOR ( 'NONE', #7414, 1000.000000000000000 ) ;
#5625 = DIRECTION ( 'NONE',  ( -1.000000000000000000, 0.000000000000000000, -0.000000000000000000 ) ) ;
#5626 = DIRECTION ( 'NONE',  ( 0.000000000000000000, -0.000000000000000000, -1.000000000000000000 ) ) ;
#5627 = LINE ( 'NONE', #5030, #3921 ) ;
#5628 = MECHANICAL_DESIGN_GEOMETRIC_PRESENTATION_REPRESENTATION (  '', ( #380 ), #5503 ) ;
#5629 = VECTOR ( 'NONE', #4337, 1000.000000000000000 ) ;
#5630 = ORIENTED_EDGE ( 'NONE', *, *, #3989, .F. ) ;
#5631 = EDGE_LOOP ( 'NONE', ( #5952, #5200, #4198, #1382 ) ) ;
#5632 = CARTESIAN_POINT ( 'NONE',  ( 10.15999999999999837, 0.000000000000000000, 0.000000000000000000 ) ) ;
#5633 = EDGE_CURVE ( 'NONE', #5430, #6378, #4278, .T. ) ;
#5634 = CARTESIAN_POINT ( 'NONE',  ( -4.191000000000000725, 7.048499999999997989, -1.650999999999998691 ) ) ;
#5635 = LINE ( 'NONE', #3756, #5042 ) ;
#5636 = CARTESIAN_POINT ( 'NONE',  ( 5.080000000000002736, 0.8889999999999985691, 1.984781810244993228 ) ) ;
#5637 = CARTESIAN_POINT ( 'NONE',  ( 3.428999999999999826, 7.048499999999997101, 0.8890000000000012337 ) ) ;
#5638 = FACE_OUTER_BOUND ( 'NONE', #5451, .T. ) ;
#5639 = ORIENTED_EDGE ( 'NONE', *, *, #7315, .T. ) ;
#5640 = VERTEX_POINT ( 'NONE', #4354 ) ;
#5641 = ADVANCED_FACE ( 'NONE', ( #7386 ), #5538, .F. ) ;
#5642 = EDGE_CURVE ( 'NONE', #2107, #2353, #3698, .T. ) ;
#5643 = PLANE ( 'NONE',  #3289 ) ;
#5644 = LINE ( 'NONE', #2681, #7625 ) ;
#5645 = FACE_OUTER_BOUND ( 'NONE', #4090, .T. ) ;
#5646 = CARTESIAN_POINT ( 'NONE',  ( 1.734723475976807094E-15, 0.3809999999999988396, 2.120899999999999785 ) ) ;
#5647 = ORIENTED_EDGE ( 'NONE', *, *, #1280, .F. ) ;
#5648 = VECTOR ( 'NONE', #1446, 1000.000000000000000 ) ;
#5649 = EDGE_LOOP ( 'NONE', ( #6452, #2580, #7433, #5034, #6137, #1803, #5647, #3343 ) ) ;
#5650 = LINE ( 'NONE', #3444, #6826 ) ;
#5651 = EDGE_CURVE ( 'NONE', #1977, #6597, #5585, .T. ) ;
#5652 = CARTESIAN_POINT ( 'NONE',  ( 9.270999999999997243, 6.222999999999998977, 1.651000000000001133 ) ) ;
#5653 = VECTOR ( 'NONE', #3973, 1000.000000000000000 ) ;
#5654 = VECTOR ( 'NONE', #2289, 1000.000000000000000 ) ;
#5655 = DIRECTION ( 'NONE',  ( 0.000000000000000000, 1.000000000000000000, -1.138269997360111548E-15 ) ) ;
#5656 = CARTESIAN_POINT ( 'NONE',  ( -9.271000000000000796, 7.048499999999997101, 1.651000000000001355 ) ) ;
#5657 = ORIENTED_EDGE ( 'NONE', *, *, #4097, .F. ) ;
#5658 = ORIENTED_EDGE ( 'NONE', *, *, #7081, .F. ) ;
#5659 = CARTESIAN_POINT ( 'NONE',  ( -4.191000000000000725, 6.222999999999998977, 0.8890000000000011227 ) ) ;
#5660 = EDGE_LOOP ( 'NONE', ( #6842, #1123, #738, #5414 ) ) ;
#5661 = VECTOR ( 'NONE', #340, 1000.000000000000000 ) ;
#5662 = PLANE ( 'NONE',  #7230 ) ;
#5663 = EDGE_CURVE ( 'NONE', #1364, #668, #3228, .T. ) ;
#5664 = CARTESIAN_POINT ( 'NONE',  ( -1.651000000000001355, 7.048499999999997101, 1.651000000000001355 ) ) ;
#5665 = CARTESIAN_POINT ( 'NONE',  ( 8.508999999999998565, 7.048499999999997989, -1.650999999999998691 ) ) ;
#5666 = LINE ( 'NONE', #5554, #7642 ) ;
#5667 = LINE ( 'NONE', #2703, #1504 ) ;
#5668 = ORIENTED_EDGE ( 'NONE', *, *, #3627, .F. ) ;
#5669 = VERTEX_POINT ( 'NONE', #3267 ) ;
#5670 = EDGE_CURVE ( 'NONE', #5483, #2438, #7348, .T. ) ;
#5671 = VECTOR ( 'NONE', #2017, 1000.000000000000000 ) ;
#5672 = PLANE ( 'NONE',  #7300 ) ;
#5673 = LINE ( 'NONE', #2672, #5671 ) ;
#5674 = CARTESIAN_POINT ( 'NONE',  ( -1.651000000000001355, 6.222999999999998977, 0.8890000000000011227 ) ) ;
#5675 = LINE ( 'NONE', #3796, #5108 ) ;
#5676 = DIRECTION ( 'NONE',  ( 0.000000000000000000, 1.000000000000000000, 1.733406087350420004E-16 ) ) ;
#5677 = AXIS2_PLACEMENT_3D ( 'NONE', #5801, #3958, #5728 ) ;
#5678 = ORIENTED_EDGE ( 'NONE', *, *, #2618, .T. ) ;
#5679 =( REPRESENTATION_RELATIONSHIP ('NONE','NONE', #132, #2825 ) REPRESENTATION_RELATIONSHIP_WITH_TRANSFORMATION ( #3282 )SHAPE_REPRESENTATION_RELATIONSHIP( ) );
#5680 = ORIENTED_EDGE ( 'NONE', *, *, #475, .F. ) ;
#5681 = VECTOR ( 'NONE', #6025, 1000.000000000000114 ) ;
#5682 = LINE ( 'NONE', #2243, #5031 ) ;
#5683 = CARTESIAN_POINT ( 'NONE',  ( 10.15999999999999837, 0.3809999999999993947, -2.120900000000001562 ) ) ;
#5684 = DIRECTION ( 'NONE',  ( -0.000000000000000000, 0.2588190451025143002, 0.9659258262890700886 ) ) ;
#5685 = DIRECTION ( 'NONE',  ( 1.000000000000000000, 0.000000000000000000, 0.000000000000000000 ) ) ;
#5686 = EDGE_CURVE ( 'NONE', #6378, #1092, #3154, .T. ) ;
#5687 = EDGE_CURVE ( 'NONE', #3877, #1336, #4980, .T. ) ;
#5688 = ORIENTED_EDGE ( 'NONE', *, *, #3678, .T. ) ;
#5689 = ORIENTED_EDGE ( 'NONE', *, *, #1821, .F. ) ;
#5690 = CARTESIAN_POINT ( 'NONE',  ( 2.540000000000002256, 7.492999999999999439, -2.501900000000000901 ) ) ;
#5691 = LINE ( 'NONE', #4468, #1299 ) ;
#5692 = AXIS2_PLACEMENT_3D ( 'NONE', #1994, #6653, #5530 ) ;
#5693 = CARTESIAN_POINT ( 'NONE',  ( 1.650999999999998025, 6.222999999999998977, 1.651000000000001133 ) ) ;
#5694 = PLANE ( 'NONE',  #2188 ) ;
#5695 = VECTOR ( 'NONE', #3754, 1000.000000000000000 ) ;
#5696 = VERTEX_POINT ( 'NONE', #6073 ) ;
#5697 = EDGE_CURVE ( 'NONE', #3825, #1076, #3116, .T. ) ;
#5698 = CARTESIAN_POINT ( 'NONE',  ( 0.3047999999999999599, 0.2539999999999993929, 2.387599999999999945 ) ) ;
#5699 = EDGE_LOOP ( 'NONE', ( #2799, #1904, #7579, #687 ) ) ;
#5700 = DIRECTION ( 'NONE',  ( -1.000000000000000000, 0.000000000000000000, 0.000000000000000000 ) ) ;
#5701 = DIRECTION ( 'NONE',  ( 0.000000000000000000, -0.000000000000000000, -1.000000000000000000 ) ) ;
#5702 = CARTESIAN_POINT ( 'NONE',  ( 10.16000000000000192, 7.492999999999999439, -2.501900000000000901 ) ) ;
#5703 = VECTOR ( 'NONE', #4538, 1000.000000000000000 ) ;
#5704 = CONTEXT_DEPENDENT_SHAPE_REPRESENTATION ( #2484, #6010 ) ;
#5705 = VECTOR ( 'NONE', #3201, 1000.000000000000000 ) ;
#5706 = EDGE_CURVE ( 'NONE', #4994, #255, #5616, .T. ) ;
#5707 = CARTESIAN_POINT ( 'NONE',  ( 5.080000000000002736, 0.000000000000000000, 0.000000000000000000 ) ) ;
#5708 = EDGE_LOOP ( 'NONE', ( #4950, #2070, #3847, #2400 ) ) ;
#5709 = ORIENTED_EDGE ( 'NONE', *, *, #3347, .T. ) ;
#5710 = LINE ( 'NONE', #5634, #5927 ) ;
#5711 = LINE ( 'NONE', #4675, #807 ) ;
#5712 = CARTESIAN_POINT ( 'NONE',  ( -10.15999999999999837, 0.000000000000000000, 0.000000000000000000 ) ) ;
#5713 = EDGE_CURVE ( 'NONE', #1257, #4651, #1957, .T. ) ;
#5714 = DIRECTION ( 'NONE',  ( -1.000000000000000000, -0.000000000000000000, -0.000000000000000000 ) ) ;
#5715 = CARTESIAN_POINT ( 'NONE',  ( 10.16000000000000192, 7.492999999999999439, -0.4444999999999956763 ) ) ;
#5716 = VERTEX_POINT ( 'NONE', #4945 ) ;
#5717 = ORIENTED_EDGE ( 'NONE', *, *, #5912, .T. ) ;
#5718 = VECTOR ( 'NONE', #556, 1000.000000000000000 ) ;
#5719 =( NAMED_UNIT ( * ) SI_UNIT ( $, .STERADIAN. ) SOLID_ANGLE_UNIT ( ) );
#5720 = DIRECTION ( 'NONE',  ( 0.000000000000000000, 1.224646799147354193E-16, 1.000000000000000000 ) ) ;
#5721 = LINE ( 'NONE', #6876, #2943 ) ;
#5722 = CARTESIAN_POINT ( 'NONE',  ( 4.190999999999998948, 6.222999999999998977, 1.651000000000001133 ) ) ;
#5723 = ORIENTED_EDGE ( 'NONE', *, *, #1117, .T. ) ;
#5724 = ORIENTED_EDGE ( 'NONE', *, *, #1146, .T. ) ;
#5725 = EDGE_CURVE ( 'NONE', #5762, #5313, #2000, .T. ) ;
#5726 = CARTESIAN_POINT ( 'NONE',  ( -2.539999999999997815, 0.3809999999999992837, 2.501899999999999125 ) ) ;
#5727 = DIRECTION ( 'NONE',  ( 0.000000000000000000, 1.733406087350420004E-16, -1.000000000000000000 ) ) ;
#5728 = DIRECTION ( 'NONE',  ( 1.000000000000000000, 0.000000000000000000, 0.000000000000000000 ) ) ;
#5729 = CARTESIAN_POINT ( 'NONE',  ( 0.8889999999999991243, 6.222999999999998977, 1.651000000000001133 ) ) ;
#5730 = ORIENTED_EDGE ( 'NONE', *, *, #3415, .T. ) ;
#5731 = CARTESIAN_POINT ( 'NONE',  ( -7.619999999999998330, 0.3809999999999992837, 2.501899999999999125 ) ) ;
#5732 = EDGE_CURVE ( 'NONE', #4025, #4368, #1911, .T. ) ;
#5733 = DIRECTION ( 'NONE',  ( 0.000000000000000000, -0.7071067811865485719, 0.7071067811865465735 ) ) ;
#5734 = DIRECTION ( 'NONE',  ( 0.000000000000000000, 0.000000000000000000, 1.000000000000000000 ) ) ;
#5735 = UNCERTAINTY_MEASURE_WITH_UNIT (LENGTH_MEASURE( 1.000000000000000082E-05 ), #4754, 'distance_accuracy_value', 'NONE');
#5736 = VERTEX_POINT ( 'NONE', #6814 ) ;
#5737 = EDGE_LOOP ( 'NONE', ( #6614, #3920, #3294, #5216 ) ) ;
#5738 = EDGE_CURVE ( 'NONE', #5546, #1086, #3844, .T. ) ;
#5739 = LINE ( 'NONE', #3941, #583 ) ;
#5740 = CARTESIAN_POINT ( 'NONE',  ( -7.175500000000004874, 7.492999999999999439, -2.501900000000000901 ) ) ;
#5741 = LINE ( 'NONE', #3367, #2909 ) ;
#5742 = CARTESIAN_POINT ( 'NONE',  ( 0.4444999999999952323, 7.492999999999999439, -2.501900000000000901 ) ) ;
#5743 = CARTESIAN_POINT ( 'NONE',  ( 1.734723475976807094E-15, 7.492999999999998550, 2.095500000000003915 ) ) ;
#5744 = ORIENTED_EDGE ( 'NONE', *, *, #3086, .F. ) ;
#5745 = ORIENTED_EDGE ( 'NONE', *, *, #911, .F. ) ;
#5746 = EDGE_CURVE ( 'NONE', #2876, #3296, #2689, .T. ) ;
#5747 =( NAMED_UNIT ( * ) PLANE_ANGLE_UNIT ( ) SI_UNIT ( $, .RADIAN. ) );
#5748 = CARTESIAN_POINT ( 'NONE',  ( 1.396999999999997133, 6.794499999999999318, -1.396999999999998243 ) ) ;
#5749 = DIRECTION ( 'NONE',  ( 1.000000000000000000, 0.000000000000000000, 0.000000000000000000 ) ) ;
#5750 = MECHANICAL_DESIGN_GEOMETRIC_PRESENTATION_REPRESENTATION (  '', ( #393 ), #4505 ) ;
#5751 = FACE_OUTER_BOUND ( 'NONE', #5361, .T. ) ;
#5752 = ORIENTED_EDGE ( 'NONE', *, *, #5835, .F. ) ;
#5753 = ORIENTED_EDGE ( 'NONE', *, *, #3185, .F. ) ;
#5754 = EDGE_CURVE ( 'NONE', #6724, #2021, #7463, .T. ) ;
#5755 = CARTESIAN_POINT ( 'NONE',  ( -6.731000000000000760, 6.222999999999998977, 1.651000000000001133 ) ) ;
#5756 = DIRECTION ( 'NONE',  ( 0.7071067811865456854, -0.7071067811865494601, -1.225703198915526333E-16 ) ) ;
#5757 = DIRECTION ( 'NONE',  ( 0.5773502691896273964, -0.5773502691896236216, -0.5773502691896262862 ) ) ;
#5758 = ORIENTED_EDGE ( 'NONE', *, *, #6710, .T. ) ;
#5759 = STYLED_ITEM ( 'NONE', ( #1132 ), #6521 ) ;
#5760 = ORIENTED_EDGE ( 'NONE', *, *, #5621, .F. ) ;
#5761 = DIRECTION ( 'NONE',  ( 0.000000000000000000, -1.733406087350420004E-16, 1.000000000000000000 ) ) ;
#5762 = VERTEX_POINT ( 'NONE', #3418 ) ;
#5763 = PLANE ( 'NONE',  #2971 ) ;
#5764 = FACE_OUTER_BOUND ( 'NONE', #141, .T. ) ;
#5765 = DIRECTION ( 'NONE',  ( -1.000000000000000000, -0.000000000000000000, -0.000000000000000000 ) ) ;
#5766 = CONTEXT_DEPENDENT_SHAPE_REPRESENTATION ( #4211, #6871 ) ;
#5767 = DIRECTION ( 'NONE',  ( 0.000000000000000000, -1.000000000000000000, 0.000000000000000000 ) ) ;
#5768 = PRESENTATION_LAYER_ASSIGNMENT (  '', '', ( #5531 ) ) ;
#5769 = AXIS2_PLACEMENT_3D ( 'NONE', #1396, #6142, #2605 ) ;
#5770 = ADVANCED_FACE ( 'NONE', ( #5167 ), #7539, .F. ) ;
#5771 = VECTOR ( 'NONE', #5980, 1000.000000000000000 ) ;
#5772 = EDGE_CURVE ( 'NONE', #6699, #1635, #5055, .T. ) ;
#5773 = VERTEX_POINT ( 'NONE', #7427 ) ;
#5774 = ORIENTED_EDGE ( 'NONE', *, *, #3437, .F. ) ;
#5775 = SURFACE_SIDE_STYLE ('',( #6830 ) ) ;
#5776 = FACE_OUTER_BOUND ( 'NONE', #5155, .T. ) ;
#5777 = VECTOR ( 'NONE', #5574, 1000.000000000000000 ) ;
#5778 = ORIENTED_EDGE ( 'NONE', *, *, #4794, .T. ) ;
#5779 = PLANE ( 'NONE',  #5421 ) ;
#5780 = DIRECTION ( 'NONE',  ( 0.000000000000000000, -1.422837496700139336E-15, 1.000000000000000000 ) ) ;
#5781 = CARTESIAN_POINT ( 'NONE',  ( 8.508999999999998565, 7.048499999999997989, -0.8889999999999986802 ) ) ;
#5782 = ADVANCED_FACE ( 'NONE', ( #1521 ), #1071, .F. ) ;
#5783 = VECTOR ( 'NONE', #7, 1000.000000000000000 ) ;
#5784 = VECTOR ( 'NONE', #1774, 1000.000000000000000 ) ;
#5785 = ORIENTED_EDGE ( 'NONE', *, *, #454, .F. ) ;
#5786 = VECTOR ( 'NONE', #674, 1000.000000000000000 ) ;
#5787 = VECTOR ( 'NONE', #5119, 1000.000000000000000 ) ;
#5788 = ORIENTED_EDGE ( 'NONE', *, *, #1170, .F. ) ;
#5789 = ORIENTED_EDGE ( 'NONE', *, *, #2652, .F. ) ;
#5790 = DIRECTION ( 'NONE',  ( 0.000000000000000000, 0.000000000000000000, 1.000000000000000000 ) ) ;
#5791 = CARTESIAN_POINT ( 'NONE',  ( -10.41399999999999970, 0.8889999999999989022, -1.984781810244995004 ) ) ;
#5792 = CARTESIAN_POINT ( 'NONE',  ( 6.476999999999996760, 6.794499999999998430, 1.143000000000001570 ) ) ;
#5793 = CARTESIAN_POINT ( 'NONE',  ( -1.651000000000001355, 6.222999999999998977, 1.651000000000001133 ) ) ;
#5794 = ADVANCED_FACE ( 'NONE', ( #486 ), #3309, .F. ) ;
#5795 = ORIENTED_EDGE ( 'NONE', *, *, #224, .F. ) ;
#5796 = VERTEX_POINT ( 'NONE', #992 ) ;
#5797 = AXIS2_PLACEMENT_3D ( 'NONE', #6405, #4052, #6448 ) ;
#5798 = CIRCLE ( 'NONE', #5291, 0.1269999999999999463 ) ;
#5799 = DIRECTION ( 'NONE',  ( 0.000000000000000000, 1.138269997360111548E-15, 1.000000000000000000 ) ) ;
#5800 = LINE ( 'NONE', #4069, #3772 ) ;
#5801 = CARTESIAN_POINT ( 'NONE',  ( 5.968999999999998529, 7.048499999999997101, 1.651000000000001355 ) ) ;
#5802 = DIRECTION ( 'NONE',  ( 0.000000000000000000, -1.092515224483717628E-16, 1.000000000000000000 ) ) ;
#5803 = ORIENTED_EDGE ( 'NONE', *, *, #6418, .F. ) ;
#5804 = EDGE_CURVE ( 'NONE', #3713, #4187, #3454, .T. ) ;
#5805 = LINE ( 'NONE', #346, #6139 ) ;
#5806 = ORIENTED_EDGE ( 'NONE', *, *, #4690, .F. ) ;
#5807 = DIRECTION ( 'NONE',  ( -1.000000000000000000, -0.000000000000000000, -0.000000000000000000 ) ) ;
#5808 = VECTOR ( 'NONE', #2570, 1000.000000000000000 ) ;
#5809 = VECTOR ( 'NONE', #5437, 1000.000000000000000 ) ;
#5810 = CARTESIAN_POINT ( 'NONE',  ( -5.079999999999997407, 0.000000000000000000, 0.000000000000000000 ) ) ;
#5811 = DIRECTION ( 'NONE',  ( -0.7071067811865456854, -0.7071067811865494601, -1.225703198915526333E-16 ) ) ;
#5812 = CARTESIAN_POINT ( 'NONE',  ( -9.017000000000001236, 6.794499999999998430, 1.143000000000001570 ) ) ;
#5813 = VECTOR ( 'NONE', #1905, 1000.000000000000000 ) ;
#5814 = PLANE ( 'NONE',  #2749 ) ;
#5815 = ORIENTED_EDGE ( 'NONE', *, *, #1559, .T. ) ;
#5816 = ORIENTED_EDGE ( 'NONE', *, *, #7208, .T. ) ;
#5817 = FACE_OUTER_BOUND ( 'NONE', #4401, .T. ) ;
#5818 = CIRCLE ( 'NONE', #3451, 0.4191000000000003611 ) ;
#5819 = EDGE_CURVE ( 'NONE', #2756, #2192, #6312, .T. ) ;
#5820 = ORIENTED_EDGE ( 'NONE', *, *, #485, .T. ) ;
#5821 = LINE ( 'NONE', #469, #6659 ) ;
#5822 = LINE ( 'NONE', #5742, #4300 ) ;
#5823 = DIRECTION ( 'NONE',  ( -0.000000000000000000, 0.000000000000000000, 1.000000000000000000 ) ) ;
#5824 = VERTEX_POINT ( 'NONE', #3379 ) ;
#5825 = VERTEX_POINT ( 'NONE', #5091 ) ;
#5826 = DIRECTION ( 'NONE',  ( -0.5773502691896273964, -0.5773502691896236216, -0.5773502691896262862 ) ) ;
#5827 = ADVANCED_FACE ( 'NONE', ( #3880 ), #3923, .F. ) ;
#5828 = SURFACE_SIDE_STYLE ('',( #6492 ) ) ;
#5829 = LINE ( 'NONE', #3982, #1167 ) ;
#5830 = DIRECTION ( 'NONE',  ( 0.000000000000000000, 0.9659258262890700886, -0.2588190451025143002 ) ) ;
#5831 = DIRECTION ( 'NONE',  ( 0.000000000000000000, -0.000000000000000000, -1.000000000000000000 ) ) ;
#5832 = ORIENTED_EDGE ( 'NONE', *, *, #6910, .F. ) ;
#5833 = ORIENTED_EDGE ( 'NONE', *, *, #5360, .F. ) ;
#5834 = CIRCLE ( 'NONE', #6216, 0.6731000000000000316 ) ;
#5835 = EDGE_CURVE ( 'NONE', #5824, #4636, #5691, .T. ) ;
#5836 = DIRECTION ( 'NONE',  ( 0.000000000000000000, 1.000000000000000000, 0.000000000000000000 ) ) ;
#5837 = LINE ( 'NONE', #1752, #4272 ) ;
#5838 = CARTESIAN_POINT ( 'NONE',  ( 0.8889999999999991243, 7.048499999999997989, -0.8889999999999986802 ) ) ;
#5839 = ORIENTED_EDGE ( 'NONE', *, *, #6655, .F. ) ;
#5840 = VECTOR ( 'NONE', #4218, 1000.000000000000000 ) ;
#5841 = CARTESIAN_POINT ( 'NONE',  ( -5.524499999999997968, 7.492999999999999439, -2.501900000000000901 ) ) ;
#5842 = LINE ( 'NONE', #4033, #3397 ) ;
#5843 = ORIENTED_EDGE ( 'NONE', *, *, #6173, .T. ) ;
#5844 = DIRECTION ( 'NONE',  ( 0.000000000000000000, 1.733406087350420004E-16, -1.000000000000000000 ) ) ;
#5845 = EDGE_CURVE ( 'NONE', #1373, #7592, #4578, .T. ) ;
#5846 = CARTESIAN_POINT ( 'NONE',  ( -5.079999999999997407, 0.8889999999999985691, 1.984781810244993228 ) ) ;
#5847 = ADVANCED_FACE ( 'NONE', ( #6379 ), #1029, .F. ) ;
#5848 = PLANE ( 'NONE',  #7608 ) ;
#5849 = DIRECTION ( 'NONE',  ( -1.000000000000000000, 0.000000000000000000, 0.000000000000000000 ) ) ;
#5850 = DIRECTION ( 'NONE',  ( 1.000000000000000000, 0.000000000000000000, 0.000000000000000000 ) ) ;
#5851 = ORIENTED_EDGE ( 'NONE', *, *, #334, .F. ) ;
#5852 = ORIENTED_EDGE ( 'NONE', *, *, #6911, .F. ) ;
#5853 = ORIENTED_EDGE ( 'NONE', *, *, #3130, .T. ) ;
#5854 = EDGE_CURVE ( 'NONE', #466, #139, #4543, .T. ) ;
#5855 = LINE ( 'NONE', #6360, #4180 ) ;
#5856 = ORIENTED_EDGE ( 'NONE', *, *, #4920, .F. ) ;
#5857 = CARTESIAN_POINT ( 'NONE',  ( -10.41399999999999970, 7.492999999999998550, 2.501900000000000901 ) ) ;
#5858 = LINE ( 'NONE', #2313, #1677 ) ;
#5859 = DIRECTION ( 'NONE',  ( -0.000000000000000000, 1.000000000000000000, 1.733406087350420004E-16 ) ) ;
#5860 = ORIENTED_EDGE ( 'NONE', *, *, #4987, .T. ) ;
#5861 = EDGE_CURVE ( 'NONE', #3505, #620, #2840, .T. ) ;
#5862 = ORIENTED_EDGE ( 'NONE', *, *, #5772, .T. ) ;
#5863 = FACE_OUTER_BOUND ( 'NONE', #3549, .T. ) ;
#5864 = PRESENTATION_STYLE_ASSIGNMENT (( #50 ) ) ;
#5865 = PLANE ( 'NONE',  #5537 ) ;
#5866 = LINE ( 'NONE', #3483, #5436 ) ;
#5867 = LINE ( 'NONE', #4648, #1605 ) ;
#5868 = VERTEX_POINT ( 'NONE', #7574 ) ;
#5869 = EDGE_CURVE ( 'NONE', #4800, #4912, #2251, .T. ) ;
#5870 = ADVANCED_FACE ( 'NONE', ( #2724 ), #7498, .F. ) ;
#5871 = ORIENTED_EDGE ( 'NONE', *, *, #3077, .T. ) ;
#5872 = LINE ( 'NONE', #1150, #6773 ) ;
#5873 = CARTESIAN_POINT ( 'NONE',  ( -4.191000000000000725, 6.222999999999998977, 0.8890000000000011227 ) ) ;
#5874 = CARTESIAN_POINT ( 'NONE',  ( 0.1777999999999999858, 0.2539999999999996150, 3.302000000000000046 ) ) ;
#5875 = DIRECTION ( 'NONE',  ( 1.000000000000000000, 0.000000000000000000, 0.000000000000000000 ) ) ;
#5876 = PLANE ( 'NONE',  #2572 ) ;
#5877 = AXIS2_PLACEMENT_3D ( 'NONE', #92, #3177, #6218 ) ;
#5878 = EDGE_LOOP ( 'NONE', ( #6307, #2539, #6733, #1768 ) ) ;
#5879 = EDGE_CURVE ( 'NONE', #5064, #347, #5329, .T. ) ;
#5880 = CARTESIAN_POINT ( 'NONE',  ( -1.651000000000001355, 6.222999999999998977, -1.650999999999998913 ) ) ;
#5881 = FACE_OUTER_BOUND ( 'NONE', #3469, .T. ) ;
#5882 = CARTESIAN_POINT ( 'NONE',  ( -6.731000000000000760, 7.048499999999997989, -1.650999999999998691 ) ) ;
#5883 = LINE ( 'NONE', #534, #5521 ) ;
#5884 = DIRECTION ( 'NONE',  ( 0.7071067811865456854, -0.7071067811865494601, -1.225703198915526333E-16 ) ) ;
#5885 = ORIENTED_EDGE ( 'NONE', *, *, #2694, .T. ) ;
#5886 = ADVANCED_FACE ( 'NONE', ( #1109 ), #2440, .F. ) ;
#5887 = ORIENTED_EDGE ( 'NONE', *, *, #1399, .T. ) ;
#5888 = VERTEX_POINT ( 'NONE', #7610 ) ;
#5889 = ORIENTED_EDGE ( 'NONE', *, *, #495, .T. ) ;
#5890 = CARTESIAN_POINT ( 'NONE',  ( 6.730999999999997208, 6.222999999999998977, 1.651000000000001133 ) ) ;
#5891 = ORIENTED_EDGE ( 'NONE', *, *, #5941, .T. ) ;
#5892 = DIRECTION ( 'NONE',  ( 0.000000000000000000, 1.422837496700139336E-15, -1.000000000000000000 ) ) ;
#5893 =( NAMED_UNIT ( * ) SI_UNIT ( $, .STERADIAN. ) SOLID_ANGLE_UNIT ( ) );
#5894 = VECTOR ( 'NONE', #6422, 1000.000000000000000 ) ;
#5895 = LINE ( 'NONE', #1055, #7523 ) ;
#5896 = VERTEX_POINT ( 'NONE', #519 ) ;
#5897 = DIRECTION ( 'NONE',  ( 0.000000000000000000, 0.000000000000000000, -1.000000000000000000 ) ) ;
#5898 = EDGE_CURVE ( 'NONE', #3022, #582, #21, .T. ) ;
#5899 = VERTEX_POINT ( 'NONE', #4816 ) ;
#5900 = VERTEX_POINT ( 'NONE', #4773 ) ;
#5901 = LINE ( 'NONE', #6565, #3250 ) ;
#5902 = SURFACE_STYLE_USAGE ( .BOTH. , #3522 ) ;
#5903 = DIRECTION ( 'NONE',  ( 1.000000000000000000, 0.000000000000000000, 0.000000000000000000 ) ) ;
#5904 = CARTESIAN_POINT ( 'NONE',  ( 0.3047999999999999599, 0.2539999999999993929, 2.387599999999999945 ) ) ;
#5905 = LINE ( 'NONE', #7105, #6709 ) ;
#5906 = ORIENTED_EDGE ( 'NONE', *, *, #5507, .F. ) ;
#5907 = ORIENTED_EDGE ( 'NONE', *, *, #5559, .T. ) ;
#5908 = PLANE ( 'NONE',  #7381 ) ;
#5909 = FACE_OUTER_BOUND ( 'NONE', #726, .T. ) ;
#5910 = EDGE_CURVE ( 'NONE', #2411, #1086, #7183, .T. ) ;
#5911 = CARTESIAN_POINT ( 'NONE',  ( 5.080000000000002736, 0.3809999999999988396, 2.120899999999999785 ) ) ;
#5912 = EDGE_CURVE ( 'NONE', #5762, #2778, #641, .T. ) ;
#5913 = VERTEX_POINT ( 'NONE', #7688 ) ;
#5914 = DIRECTION ( 'NONE',  ( -1.000000000000000000, 0.000000000000000000, 0.000000000000000000 ) ) ;
#5915 = CARTESIAN_POINT ( 'NONE',  ( 7.620000000000001883, 7.492999999999999439, -2.501900000000000901 ) ) ;
#5916 = EDGE_LOOP ( 'NONE', ( #7299, #3181, #4952, #4055 ) ) ;
#5917 = VECTOR ( 'NONE', #5093, 1000.000000000000000 ) ;
#5918 = LINE ( 'NONE', #572, #4577 ) ;
#5919 = DIRECTION ( 'NONE',  ( 0.000000000000000000, -1.000000000000000000, -1.733406087350420004E-16 ) ) ;
#5920 = SURFACE_STYLE_USAGE ( .BOTH. , #7011 ) ;
#5921 = CARTESIAN_POINT ( 'NONE',  ( 5.080000000000000959, 0.8889999999999985691, 1.984781810244993228 ) ) ;
#5922 = VECTOR ( 'NONE', #4822, 1000.000000000000000 ) ;
#5923 = EDGE_CURVE ( 'NONE', #2658, #3226, #2912, .T. ) ;
#5924 = DIRECTION ( 'NONE',  ( -0.000000000000000000, -1.000000000000000000, 1.224646799147353700E-16 ) ) ;
#5925 = ORIENTED_EDGE ( 'NONE', *, *, #4929, .F. ) ;
#5926 = VECTOR ( 'NONE', #5914, 1000.000000000000000 ) ;
#5927 = VECTOR ( 'NONE', #358, 1000.000000000000000 ) ;
#5928 = ORIENTED_EDGE ( 'NONE', *, *, #3413, .F. ) ;
#5929 = CARTESIAN_POINT ( 'NONE',  ( -1.651000000000001355, 7.048499999999997101, 1.651000000000001355 ) ) ;
#5930 = EDGE_CURVE ( 'NONE', #1676, #7034, #5872, .T. ) ;
#5931 = VERTEX_POINT ( 'NONE', #7650 ) ;
#5932 = FACE_OUTER_BOUND ( 'NONE', #1668, .T. ) ;
#5933 = AXIS2_PLACEMENT_3D ( 'NONE', #6628, #623, #4709 ) ;
#5934 = DIRECTION ( 'NONE',  ( 0.000000000000000000, -1.733406087350420004E-16, 1.000000000000000000 ) ) ;
#5935 = ORIENTED_EDGE ( 'NONE', *, *, #4971, .T. ) ;
#5936 = EDGE_LOOP ( 'NONE', ( #4220, #302, #3147, #7685, #4275, #2824, #6213, #404 ) ) ;
#5937 = CARTESIAN_POINT ( 'NONE',  ( 10.41399999999999970, 7.492999999999999439, -2.501900000000000901 ) ) ;
#5938 = VECTOR ( 'NONE', #1575, 1000.000000000000000 ) ;
#5939 = EDGE_CURVE ( 'NONE', #5716, #1314, #3651, .T. ) ;
#5940 =( LENGTH_UNIT ( ) NAMED_UNIT ( * ) SI_UNIT ( .MILLI., .METRE. ) );
#5941 = EDGE_CURVE ( 'NONE', #3074, #3337, #6461, .T. ) ;
#5942 = LINE ( 'NONE', #2360, #4649 ) ;
#5943 = CARTESIAN_POINT ( 'NONE',  ( 5.080000000000002736, 0.8889999999999989022, -1.984781810244995004 ) ) ;
#5944 = LINE ( 'NONE', #4928, #1492 ) ;
#5945 = EDGE_LOOP ( 'NONE', ( #5366, #7468, #3937, #6400 ) ) ;
#5946 = ORIENTED_EDGE ( 'NONE', *, *, #6498, .T. ) ;
#5947 = FACE_OUTER_BOUND ( 'NONE', #691, .T. ) ;
#5948 = FACE_OUTER_BOUND ( 'NONE', #1731, .T. ) ;
#5949 = PLANE ( 'NONE',  #6913 ) ;
#5950 = DIRECTION ( 'NONE',  ( -0.000000000000000000, -0.000000000000000000, 1.000000000000000000 ) ) ;
#5951 = CARTESIAN_POINT ( 'NONE',  ( 0.8889999999999991243, 7.048499999999997989, -0.8889999999999986802 ) ) ;
#5952 = ORIENTED_EDGE ( 'NONE', *, *, #7009, .T. ) ;
#5953 = ADVANCED_FACE ( 'NONE', ( #5947 ), #2873, .F. ) ;
#5954 = FACE_OUTER_BOUND ( 'NONE', #1597, .T. ) ;
#5955 = VECTOR ( 'NONE', #2908, 1000.000000000000000 ) ;
#5956 = PLANE ( 'NONE',  #2459 ) ;
#5957 = DIRECTION ( 'NONE',  ( 0.000000000000000000, 0.000000000000000000, -1.000000000000000000 ) ) ;
#5958 = DIRECTION ( 'NONE',  ( -0.000000000000000000, 1.000000000000000000, 1.733406087350420004E-16 ) ) ;
#5959 = ORIENTED_EDGE ( 'NONE', *, *, #7017, .T. ) ;
#5960 = ORIENTED_EDGE ( 'NONE', *, *, #1598, .T. ) ;
#5961 = EDGE_CURVE ( 'NONE', #4230, #7553, #1714, .T. ) ;
#5962 = ORIENTED_EDGE ( 'NONE', *, *, #3989, .T. ) ;
#5963 = DIRECTION ( 'NONE',  ( 0.000000000000000000, 1.733406087350420004E-16, -1.000000000000000000 ) ) ;
#5964 = LINE ( 'NONE', #6002, #196 ) ;
#5965 = DIRECTION ( 'NONE',  ( 1.000000000000000000, 0.000000000000000000, 0.000000000000000000 ) ) ;
#5966 = FACE_OUTER_BOUND ( 'NONE', #2776, .T. ) ;
#5967 = ORIENTED_EDGE ( 'NONE', *, *, #692, .F. ) ;
#5968 = DIRECTION ( 'NONE',  ( -1.000000000000000000, -0.000000000000000000, -0.000000000000000000 ) ) ;
#5969 = EDGE_LOOP ( 'NONE', ( #1910, #4457, #3856, #7607 ) ) ;
#5970 = EDGE_CURVE ( 'NONE', #957, #5762, #4068, .T. ) ;
#5971 = ORIENTED_EDGE ( 'NONE', *, *, #1871, .F. ) ;
#5972 = LINE ( 'NONE', #3016, #5235 ) ;
#5973 = LINE ( 'NONE', #5396, #1943 ) ;
#5974 = LINE ( 'NONE', #635, #5545 ) ;
#5975 = DIRECTION ( 'NONE',  ( -1.000000000000000000, -0.000000000000000000, -0.000000000000000000 ) ) ;
#5976 = CARTESIAN_POINT ( 'NONE',  ( 3.428999999999999826, 6.222999999999998977, -0.8889999999999987912 ) ) ;
#5977 = EDGE_LOOP ( 'NONE', ( #7459, #529, #6019, #1907 ) ) ;
#5978 = EDGE_CURVE ( 'NONE', #6664, #4832, #4105, .T. ) ;
#5979 = EDGE_LOOP ( 'NONE', ( #4710, #7144, #6241, #7055 ) ) ;
#5980 = DIRECTION ( 'NONE',  ( 1.000000000000000000, 0.000000000000000000, 0.000000000000000000 ) ) ;
#5981 = CARTESIAN_POINT ( 'NONE',  ( 0.3047999999999999599, -3.611118645726067224E-32, 3.429000000000000270 ) ) ;
#5982 = AXIS2_PLACEMENT_3D ( 'NONE', #4984, #6118, #2540 ) ;
#5983 = FACE_BOUND ( 'NONE', #4985, .T. ) ;
#5984 = ORIENTED_EDGE ( 'NONE', *, *, #2652, .T. ) ;
#5985 = DIRECTION ( 'NONE',  ( -0.000000000000000000, -1.224646799147353700E-16, -1.000000000000000000 ) ) ;
#5986 = AXIS2_PLACEMENT_3D ( 'NONE', #6243, #3962, #3816 ) ;
#5987 = AXIS2_PLACEMENT_3D ( 'NONE', #510, #7639, #788 ) ;
#5988 = DIRECTION ( 'NONE',  ( 0.000000000000000000, 0.9659258262890700886, 0.2588190451025143002 ) ) ;
#5989 = ORIENTED_EDGE ( 'NONE', *, *, #4712, .T. ) ;
#5990 = ADVANCED_FACE ( 'NONE', ( #3532 ), #5908, .F. ) ;
#5991 = FACE_OUTER_BOUND ( 'NONE', #3510, .T. ) ;
#5992 = DIRECTION ( 'NONE',  ( 0.000000000000000000, -0.9659258262890700886, 0.2588190451025143002 ) ) ;
#5993 = DIRECTION ( 'NONE',  ( 0.5773502691896270633, 0.5773502691896240657, -0.5773502691896261751 ) ) ;
#5994 = CARTESIAN_POINT ( 'NONE',  ( 9.270999999999997243, 6.222999999999998977, -0.8889999999999987912 ) ) ;
#5995 = ORIENTED_EDGE ( 'NONE', *, *, #3697, .T. ) ;
#5996 = DIRECTION ( 'NONE',  ( 0.5773502691896272854, -0.5773502691896241767, -0.5773502691896257311 ) ) ;
#5997 = ORIENTED_EDGE ( 'NONE', *, *, #3507, .F. ) ;
#5998 = DIRECTION ( 'NONE',  ( 1.000000000000000000, 0.000000000000000000, 0.000000000000000000 ) ) ;
#5999 = VECTOR ( 'NONE', #6096, 1000.000000000000000 ) ;
#6000 = COLOUR_RGB ( '',0.2509803921568627416, 0.2509803921568627416, 0.2509803921568627416 ) ;
#6001 = CARTESIAN_POINT ( 'NONE',  ( -5.969000000000002082, 7.048499999999997101, 1.651000000000001355 ) ) ;
#6002 = CARTESIAN_POINT ( 'NONE',  ( -0.8890000000000026770, 6.222999999999998977, -0.8889999999999987912 ) ) ;
#6003 = EDGE_CURVE ( 'NONE', #2107, #7423, #2952, .T. ) ;
#6004 = DIRECTION ( 'NONE',  ( 0.000000000000000000, 0.000000000000000000, 1.000000000000000000 ) ) ;
#6005 = EDGE_CURVE ( 'NONE', #2747, #95, #2403, .T. ) ;
#6006 = CARTESIAN_POINT ( 'NONE',  ( 6.730999999999997208, 6.222999999999998977, -0.8889999999999987912 ) ) ;
#6007 = AXIS2_PLACEMENT_3D ( 'NONE', #1561, #5655, #3809 ) ;
#6008 = DIRECTION ( 'NONE',  ( -1.000000000000000000, -0.000000000000000000, -0.000000000000000000 ) ) ;
#6009 = ORIENTED_EDGE ( 'NONE', *, *, #1550, .T. ) ;
#6010 = PRODUCT_DEFINITION_SHAPE ( 'NONE', 'NONE',  #7701 ) ;
#6011 = ORIENTED_EDGE ( 'NONE', *, *, #4850, .F. ) ;
#6012 = LINE ( 'NONE', #4134, #7337 ) ;
#6013 = VECTOR ( 'NONE', #137, 1000.000000000000114 ) ;
#6014 = LINE ( 'NONE', #3755, #1009 ) ;
#6015 = DIRECTION ( 'NONE',  ( 0.5773502691896272854, -0.5773502691896241767, -0.5773502691896257311 ) ) ;
#6016 = DIRECTION ( 'NONE',  ( 0.7071067811865452413, -0.7071067811865499042, -1.225703198915527072E-16 ) ) ;
#6017 = EDGE_CURVE ( 'NONE', #2566, #2126, #1233, .T. ) ;
#6018 = DIRECTION ( 'NONE',  ( 0.000000000000000000, 1.733406087350420004E-16, -1.000000000000000000 ) ) ;
#6019 = ORIENTED_EDGE ( 'NONE', *, *, #515, .F. ) ;
#6020 = VECTOR ( 'NONE', #2366, 1000.000000000000000 ) ;
#6021 = ORIENTED_EDGE ( 'NONE', *, *, #1119, .T. ) ;
#6022 = VECTOR ( 'NONE', #436, 1000.000000000000000 ) ;
#6023 = DIRECTION ( 'NONE',  ( -0.5773502691896272854, -0.5773502691896241767, -0.5773502691896257311 ) ) ;
#6024 = PLANE ( 'NONE',  #2167 ) ;
#6025 = DIRECTION ( 'NONE',  ( -0.5773502691896273964, 0.5773502691896237327, -0.5773502691896261751 ) ) ;
#6026 = EDGE_CURVE ( 'NONE', #2757, #2678, #7338, .T. ) ;
#6027 = CARTESIAN_POINT ( 'NONE',  ( -2.539999999999998703, 0.8889999999999985691, 1.984781810244993228 ) ) ;
#6028 = EDGE_LOOP ( 'NONE', ( #2456, #5639, #2229, #3209, #2890, #152, #1259, #6128 ) ) ;
#6029 = STYLED_ITEM ( 'NONE', ( #6676 ), #3634 ) ;
#6030 = VERTEX_POINT ( 'NONE', #3143 ) ;
#6031 = VECTOR ( 'NONE', #941, 1000.000000000000000 ) ;
#6032 = PLANE ( 'NONE',  #5201 ) ;
#6033 = ORIENTED_EDGE ( 'NONE', *, *, #2788, .F. ) ;
#6034 = CARTESIAN_POINT ( 'NONE',  ( -10.41399999999999970, 0.8889999999999985691, 1.984781810244993228 ) ) ;
#6035 = CARTESIAN_POINT ( 'NONE',  ( -6.223000000000002530, 6.794499999999998430, 1.143000000000001570 ) ) ;
#6036 = LINE ( 'NONE', #3543, #1149 ) ;
#6037 = EDGE_CURVE ( 'NONE', #3414, #4867, #801, .T. ) ;
#6038 = EDGE_CURVE ( 'NONE', #1657, #4497, #3762, .T. ) ;
#6039 = VERTEX_POINT ( 'NONE', #98 ) ;
#6040 = DIRECTION ( 'NONE',  ( -0.000000000000000000, 1.000000000000000000, 1.733406087350420004E-16 ) ) ;
#6041 = ORIENTED_EDGE ( 'NONE', *, *, #5970, .T. ) ;
#6042 = CARTESIAN_POINT ( 'NONE',  ( 1.143000000000000016, 6.794499999999999318, -1.396999999999998243 ) ) ;
#6043 = ORIENTED_EDGE ( 'NONE', *, *, #4725, .T. ) ;
#6044 = VECTOR ( 'NONE', #762, 1000.000000000000114 ) ;
#6045 = CARTESIAN_POINT ( 'NONE',  ( -5.079999999999997407, 0.8889999999999985691, 1.984781810244993228 ) ) ;
#6046 = CARTESIAN_POINT ( 'NONE',  ( 2.540000000000002256, 0.8889999999999989022, -1.984781810244995004 ) ) ;
#6047 = APPLICATION_PROTOCOL_DEFINITION ( 'draft international standard', 'automotive_design', 1998, #3280 ) ;
#6048 = CARTESIAN_POINT ( 'NONE',  ( -9.271000000000000796, 7.048499999999997101, 1.651000000000001355 ) ) ;
#6049 = ORIENTED_EDGE ( 'NONE', *, *, #5835, .T. ) ;
#6050 = VECTOR ( 'NONE', #1893, 1000.000000000000000 ) ;
#6051 = CARTESIAN_POINT ( 'NONE',  ( -9.271000000000000796, 6.222999999999998977, 0.8890000000000011227 ) ) ;
#6052 = ORIENTED_EDGE ( 'NONE', *, *, #4772, .T. ) ;
#6053 = ORIENTED_EDGE ( 'NONE', *, *, #7297, .F. ) ;
#6054 = FACE_OUTER_BOUND ( 'NONE', #3811, .T. ) ;
#6055 = EDGE_CURVE ( 'NONE', #2472, #6579, #718, .T. ) ;
#6056 = CARTESIAN_POINT ( 'NONE',  ( 5.080000000000000959, 0.3809999999999993947, -2.120900000000001562 ) ) ;
#6057 = PLANE ( 'NONE',  #4288 ) ;
#6058 = PLANE ( 'NONE',  #1703 ) ;
#6059 = DIRECTION ( 'NONE',  ( 0.000000000000000000, 1.092515224483717628E-16, -1.000000000000000000 ) ) ;
#6060 = VERTEX_POINT ( 'NONE', #178 ) ;
#6061 = AXIS2_PLACEMENT_3D ( 'NONE', #3707, #2348, #661 ) ;
#6062 = ORIENTED_EDGE ( 'NONE', *, *, #5941, .F. ) ;
#6063 = ADVANCED_FACE ( 'NONE', ( #6767 ), #2567, .F. ) ;
#6064 = CARTESIAN_POINT ( 'NONE',  ( -2.539999999999998703, 0.3809999999999999498, -2.501900000000000901 ) ) ;
#6065 = VECTOR ( 'NONE', #5050, 1000.000000000000000 ) ;
#6066 = DIRECTION ( 'NONE',  ( 0.000000000000000000, 0.000000000000000000, -1.000000000000000000 ) ) ;
#6067 = CARTESIAN_POINT ( 'NONE',  ( 5.080000000000002736, 0.8889999999999985691, 1.984781810244993228 ) ) ;
#6068 = FACE_OUTER_BOUND ( 'NONE', #2649, .T. ) ;
#6069 = VERTEX_POINT ( 'NONE', #3105 ) ;
#6070 = VERTEX_POINT ( 'NONE', #136 ) ;
#6071 = LINE ( 'NONE', #728, #3097 ) ;
#6072 = EDGE_CURVE ( 'NONE', #7281, #1635, #3069, .T. ) ;
#6073 = CARTESIAN_POINT ( 'NONE',  ( 5.080000000000002736, 7.492999999999999439, -2.501900000000000901 ) ) ;
#6074 = CARTESIAN_POINT ( 'NONE',  ( -4.191000000000000725, 7.048499999999997989, -0.8889999999999986802 ) ) ;
#6075 = LINE ( 'NONE', #3621, #6512 ) ;
#6076 = ORIENTED_EDGE ( 'NONE', *, *, #6003, .T. ) ;
#6077 = VERTEX_POINT ( 'NONE', #4384 ) ;
#6078 = DIRECTION ( 'NONE',  ( -1.000000000000000000, -0.000000000000000000, -0.000000000000000000 ) ) ;
#6079 = EDGE_LOOP ( 'NONE', ( #6237, #56, #402, #2078 ) ) ;
#6080 = ORIENTED_EDGE ( 'NONE', *, *, #725, .F. ) ;
#6081 = PLANE ( 'NONE',  #1638 ) ;
#6082 = EDGE_CURVE ( 'NONE', #1305, #95, #6727, .T. ) ;
#6083 = VECTOR ( 'NONE', #3227, 1000.000000000000000 ) ;
#6084 = EDGE_CURVE ( 'NONE', #2956, #7141, #6693, .T. ) ;
#6085 = DIRECTION ( 'NONE',  ( -0.000000000000000000, 1.000000000000000000, 1.733406087350420004E-16 ) ) ;
#6086 = CARTESIAN_POINT ( 'NONE',  ( -5.079999999999997407, 0.8889999999999985691, 1.984781810244993228 ) ) ;
#6087 = DIRECTION ( 'NONE',  ( 1.000000000000000000, 0.000000000000000000, 0.000000000000000000 ) ) ;
#6088 = CARTESIAN_POINT ( 'NONE',  ( -4.191000000000000725, 6.222999999999998977, -0.8889999999999987912 ) ) ;
#6089 = LINE ( 'NONE', #44, #7046 ) ;
#6090 = ORIENTED_EDGE ( 'NONE', *, *, #34, .T. ) ;
#6091 = EDGE_LOOP ( 'NONE', ( #1125, #656, #6127, #4016 ) ) ;
#6092 = EDGE_CURVE ( 'NONE', #6441, #2141, #2522, .T. ) ;
#6093 = DIRECTION ( 'NONE',  ( -0.000000000000000000, 0.000000000000000000, 1.000000000000000000 ) ) ;
#6094 = CARTESIAN_POINT ( 'NONE',  ( -1.651000000000001355, 7.048499999999997989, -0.8889999999999986802 ) ) ;
#6095 = CARTESIAN_POINT ( 'NONE',  ( 10.16000000000000192, 0.000000000000000000, 0.000000000000000000 ) ) ;
#6096 = DIRECTION ( 'NONE',  ( -1.000000000000000000, -0.000000000000000000, -0.000000000000000000 ) ) ;
#6097 = DIRECTION ( 'NONE',  ( -0.000000000000000000, 0.000000000000000000, 1.000000000000000000 ) ) ;
#6098 = ORIENTED_EDGE ( 'NONE', *, *, #5202, .F. ) ;
#6099 = ORIENTED_EDGE ( 'NONE', *, *, #817, .F. ) ;
#6100 = AXIS2_PLACEMENT_3D ( 'NONE', #6825, #6249, #3283 ) ;
#6101 = SURFACE_SIDE_STYLE ('',( #4933 ) ) ;
#6102 = CARTESIAN_POINT ( 'NONE',  ( -0.3047999999999999599, 0.2539999999999991709, -2.387599999999999945 ) ) ;
#6103 = DIRECTION ( 'NONE',  ( 0.000000000000000000, -1.092515224483717628E-16, 1.000000000000000000 ) ) ;
#6104 = LINE ( 'NONE', #1322, #1967 ) ;
#6105 = EDGE_CURVE ( 'NONE', #6483, #3337, #220, .T. ) ;
#6106 = EDGE_CURVE ( 'NONE', #2168, #1635, #6141, .T. ) ;
#6107 = ORIENTED_EDGE ( 'NONE', *, *, #4118, .F. ) ;
#6108 = MANIFOLD_SOLID_BREP ( 'LPattern1[5]', #7231 ) ;
#6109 = ORIENTED_EDGE ( 'NONE', *, *, #7173, .T. ) ;
#6110 = CARTESIAN_POINT ( 'NONE',  ( 2.540000000000002256, 0.3809999999999992837, 2.501899999999999125 ) ) ;
#6111 = CARTESIAN_POINT ( 'NONE',  ( -1.143000000000003347, 6.794499999999998430, 1.143000000000001570 ) ) ;
#6112 = LINE ( 'NONE', #6035, #3148 ) ;
#6113 = DIRECTION ( 'NONE',  ( 1.000000000000000000, 0.000000000000000000, 0.000000000000000000 ) ) ;
#6114 = EDGE_LOOP ( 'NONE', ( #7570, #1070, #24, #389 ) ) ;
#6115 = VECTOR ( 'NONE', #3940, 1000.000000000000000 ) ;
#6116 = ORIENTED_EDGE ( 'NONE', *, *, #5611, .T. ) ;
#6117 = EDGE_CURVE ( 'NONE', #4970, #4800, #1395, .T. ) ;
#6118 = DIRECTION ( 'NONE',  ( 0.000000000000000000, 1.000000000000000000, 1.422837496700139533E-15 ) ) ;
#6119 = ORIENTED_EDGE ( 'NONE', *, *, #716, .T. ) ;
#6120 = ORIENTED_EDGE ( 'NONE', *, *, #2888, .F. ) ;
#6121 = LINE ( 'NONE', #3200, #385 ) ;
#6122 = FACE_OUTER_BOUND ( 'NONE', #2218, .T. ) ;
#6123 = EDGE_LOOP ( 'NONE', ( #4144, #2893, #548, #4066 ) ) ;
#6124 = PLANE ( 'NONE',  #4789 ) ;
#6125 = PRODUCT_DEFINITION_SHAPE ( 'NONE', 'NONE',  #5593 ) ;
#6126 = EDGE_CURVE ( 'NONE', #6146, #983, #1901, .T. ) ;
#6127 = ORIENTED_EDGE ( 'NONE', *, *, #573, .F. ) ;
#6128 = ORIENTED_EDGE ( 'NONE', *, *, #80, .F. ) ;
#6129 = LINE ( 'NONE', #2594, #5505 ) ;
#6130 = DIRECTION ( 'NONE',  ( 0.000000000000000000, -1.000000000000000000, 0.000000000000000000 ) ) ;
#6131 = LINE ( 'NONE', #4341, #2182 ) ;
#6132 = FACE_BOUND ( 'NONE', #6409, .T. ) ;
#6133 = ADVANCED_FACE ( 'NONE', ( #5195 ), #5643, .F. ) ;
#6134 = DIRECTION ( 'NONE',  ( -1.000000000000000000, -0.000000000000000000, -0.000000000000000000 ) ) ;
#6135 = EDGE_CURVE ( 'NONE', #465, #5896, #2831, .T. ) ;
#6136 = DIRECTION ( 'NONE',  ( 0.000000000000000000, 1.733406087350420004E-16, -1.000000000000000000 ) ) ;
#6137 = ORIENTED_EDGE ( 'NONE', *, *, #5686, .F. ) ;
#6138 = ORIENTED_EDGE ( 'NONE', *, *, #5594, .F. ) ;
#6139 = VECTOR ( 'NONE', #457, 1000.000000000000000 ) ;
#6140 = VECTOR ( 'NONE', #4654, 1000.000000000000000 ) ;
#6141 = LINE ( 'NONE', #2483, #2552 ) ;
#6142 = DIRECTION ( 'NONE',  ( 0.000000000000000000, 1.000000000000000000, -1.224646799147353700E-16 ) ) ;
#6143 = DIRECTION ( 'NONE',  ( 0.000000000000000000, 0.000000000000000000, -1.000000000000000000 ) ) ;
#6144 = DIRECTION ( 'NONE',  ( -1.000000000000000000, -0.000000000000000000, -0.000000000000000000 ) ) ;
#6145 = VECTOR ( 'NONE', #6188, 1000.000000000000000 ) ;
#6146 = VERTEX_POINT ( 'NONE', #951 ) ;
#6147 = MANIFOLD_SOLID_BREP ( 'Fillet2', #2381 ) ;
#6148 = EDGE_LOOP ( 'NONE', ( #3360, #4845, #6922, #1049 ) ) ;
#6149 = DIRECTION ( 'NONE',  ( -0.000000000000000000, 1.000000000000000000, 1.733406087350420004E-16 ) ) ;
#6150 = EDGE_CURVE ( 'NONE', #1024, #4085, #5682, .T. ) ;
#6151 = DIRECTION ( 'NONE',  ( 0.000000000000000000, -1.092515224483717382E-16, 1.000000000000000000 ) ) ;
#6152 = DIRECTION ( 'NONE',  ( -1.000000000000000000, 0.000000000000000000, -0.000000000000000000 ) ) ;
#6153 = DIRECTION ( 'NONE',  ( 0.000000000000000000, -1.000000000000000000, -2.439149994343092652E-16 ) ) ;
#6154 = VERTEX_POINT ( 'NONE', #3408 ) ;
#6155 = ORIENTED_EDGE ( 'NONE', *, *, #2733, .F. ) ;
#6156 = PRESENTATION_LAYER_ASSIGNMENT (  '', '', ( #6029 ) ) ;
#6157 = LINE ( 'NONE', #1371, #126 ) ;
#6158 = ORIENTED_EDGE ( 'NONE', *, *, #4745, .F. ) ;
#6159 = AXIS2_PLACEMENT_3D ( 'NONE', #2752, #5790, #871 ) ;
#6160 = LINE ( 'NONE', #115, #13 ) ;
#6161 = ORIENTED_EDGE ( 'NONE', *, *, #2355, .F. ) ;
#6162 = MANIFOLD_SOLID_BREP ( 'LPattern1[3]', #3747 ) ;
#6163 = EDGE_CURVE ( 'NONE', #6752, #419, #3338, .T. ) ;
#6164 = FACE_OUTER_BOUND ( 'NONE', #4253, .T. ) ;
#6165 = AXIS2_PLACEMENT_3D ( 'NONE', #7022, #7520, #4637 ) ;
#6166 = FACE_OUTER_BOUND ( 'NONE', #4504, .T. ) ;
#6167 = DIRECTION ( 'NONE',  ( 1.000000000000000000, 0.000000000000000000, 0.000000000000000000 ) ) ;
#6168 = ORIENTED_EDGE ( 'NONE', *, *, #3152, .T. ) ;
#6169 = STYLED_ITEM ( 'NONE', ( #5864 ), #6258 ) ;
#6170 = ORIENTED_EDGE ( 'NONE', *, *, #2642, .F. ) ;
#6171 = ORIENTED_EDGE ( 'NONE', *, *, #1321, .F. ) ;
#6172 = CARTESIAN_POINT ( 'NONE',  ( 5.080000000000002736, 0.3809999999999992837, 2.501899999999999125 ) ) ;
#6173 = EDGE_CURVE ( 'NONE', #182, #1024, #3913, .T. ) ;
#6174 = DIRECTION ( 'NONE',  ( 0.000000000000000000, 1.733406087350420004E-16, -1.000000000000000000 ) ) ;
#6175 = CARTESIAN_POINT ( 'NONE',  ( 10.16000000000000192, 7.492999999999999439, -2.501900000000000901 ) ) ;
#6176 = CARTESIAN_POINT ( 'NONE',  ( -0.3047999999999999599, 0.6731000000000003647, 1.714499999999999913 ) ) ;
#6177 = CIRCLE ( 'NONE', #3926, 0.1269999999999999463 ) ;
#6178 = AXIS2_PLACEMENT_3D ( 'NONE', #2682, #2525, #4897 ) ;
#6179 = PLANE ( 'NONE',  #4870 ) ;
#6180 = CARTESIAN_POINT ( 'NONE',  ( 0.3047999999999999599, 0.2539999999999991709, -2.387599999999999945 ) ) ;
#6181 = ORIENTED_EDGE ( 'NONE', *, *, #1725, .F. ) ;
#6182 = ORIENTED_EDGE ( 'NONE', *, *, #7253, .F. ) ;
#6183 = AXIS2_PLACEMENT_3D ( 'NONE', #26, #5875, #2255 ) ;
#6184 = ADVANCED_FACE ( 'NONE', ( #6339 ), #5158, .F. ) ;
#6185 = VECTOR ( 'NONE', #5749, 1000.000000000000000 ) ;
#6186 = EDGE_CURVE ( 'NONE', #6597, #948, #3257, .T. ) ;
#6187 = DIRECTION ( 'NONE',  ( 0.000000000000000000, 1.138269997360111548E-15, 1.000000000000000000 ) ) ;
#6188 = DIRECTION ( 'NONE',  ( 0.000000000000000000, -1.000000000000000000, 0.000000000000000000 ) ) ;
#6189 = PLANE ( 'NONE',  #7413 ) ;
#6190 = FACE_OUTER_BOUND ( 'NONE', #3013, .T. ) ;
#6191 = AXIS2_PLACEMENT_3D ( 'NONE', #7199, #116, #1881 ) ;
#6192 = EDGE_LOOP ( 'NONE', ( #6402, #4727, #2619, #5278 ) ) ;
#6193 = ORIENTED_EDGE ( 'NONE', *, *, #6732, .T. ) ;
#6194 = CARTESIAN_POINT ( 'NONE',  ( -5.079999999999998295, 0.3809999999999988396, 2.120899999999999785 ) ) ;
#6195 = VECTOR ( 'NONE', #1837, 1000.000000000000114 ) ;
#6196 = DIRECTION ( 'NONE',  ( 1.000000000000000000, 0.000000000000000000, 0.000000000000000000 ) ) ;
#6197 = CARTESIAN_POINT ( 'NONE',  ( 5.080000000000002736, 7.492999999999998550, 2.095500000000003915 ) ) ;
#6198 = LINE ( 'NONE', #1485, #1544 ) ;
#6199 = ORIENTED_EDGE ( 'NONE', *, *, #268, .F. ) ;
#6200 = VERTEX_POINT ( 'NONE', #3017 ) ;
#6201 = DIRECTION ( 'NONE',  ( 1.000000000000000000, 0.000000000000000000, 0.000000000000000000 ) ) ;
#6202 = ORIENTED_EDGE ( 'NONE', *, *, #7613, .F. ) ;
#6203 = ADVANCED_FACE ( 'NONE', ( #3446 ), #1816, .F. ) ;
#6204 = FACE_OUTER_BOUND ( 'NONE', #5977, .T. ) ;
#6205 = DIRECTION ( 'NONE',  ( 0.000000000000000000, -1.000000000000000000, 0.000000000000000000 ) ) ;
#6206 = UNCERTAINTY_MEASURE_WITH_UNIT (LENGTH_MEASURE( 1.000000000000000082E-05 ), #4608, 'distance_accuracy_value', 'NONE');
#6207 = DIRECTION ( 'NONE',  ( 0.000000000000000000, 1.092515224483717628E-16, -1.000000000000000000 ) ) ;
#6208 = DIRECTION ( 'NONE',  ( 0.000000000000000000, 1.000000000000000000, 0.000000000000000000 ) ) ;
#6209 = ADVANCED_FACE ( 'NONE', ( #3481 ), #4136, .F. ) ;
#6210 = ORIENTED_EDGE ( 'NONE', *, *, #6268, .F. ) ;
#6211 = EDGE_CURVE ( 'NONE', #1525, #2141, #5973, .T. ) ;
#6212 = ORIENTED_EDGE ( 'NONE', *, *, #1806, .F. ) ;
#6213 = ORIENTED_EDGE ( 'NONE', *, *, #485, .F. ) ;
#6214 = DIRECTION ( 'NONE',  ( -1.000000000000000000, 0.000000000000000000, -0.000000000000000000 ) ) ;
#6215 = CARTESIAN_POINT ( 'NONE',  ( -3.683000000000002938, 6.794499999999999318, -1.396999999999998243 ) ) ;
#6216 = AXIS2_PLACEMENT_3D ( 'NONE', #4430, #3264, #6812 ) ;
#6217 = CARTESIAN_POINT ( 'NONE',  ( -2.539999999999997815, 0.8889999999999985691, 1.984781810244993228 ) ) ;
#6218 = DIRECTION ( 'NONE',  ( 0.000000000000000000, 1.733406087350420004E-16, -1.000000000000000000 ) ) ;
#6219 = CARTESIAN_POINT ( 'NONE',  ( -4.635500000000004839, 7.492999999999999439, -0.4444999999999955653 ) ) ;
#6220 = ORIENTED_EDGE ( 'NONE', *, *, #3659, .T. ) ;
#6221 = LINE ( 'NONE', #3252, #1063 ) ;
#6222 = EDGE_CURVE ( 'NONE', #7034, #1868, #1064, .T. ) ;
#6223 = EDGE_LOOP ( 'NONE', ( #3382, #5208, #4591, #2519 ) ) ;
#6224 = EDGE_LOOP ( 'NONE', ( #5885, #5013, #5251, #7225 ) ) ;
#6225 = CARTESIAN_POINT ( 'NONE',  ( 1.734723475976807094E-15, 7.492999999999999439, -2.095500000000001695 ) ) ;
#6226 = DIRECTION ( 'NONE',  ( 0.000000000000000000, 0.000000000000000000, 1.000000000000000000 ) ) ;
#6227 = CARTESIAN_POINT ( 'NONE',  ( -2.539999999999998703, 7.492999999999998550, 2.501900000000000901 ) ) ;
#6228 = FACE_OUTER_BOUND ( 'NONE', #3476, .T. ) ;
#6229 = EDGE_CURVE ( 'NONE', #5931, #6077, #7679, .T. ) ;
#6230 = ORIENTED_EDGE ( 'NONE', *, *, #3439, .T. ) ;
#6231 = ORIENTED_EDGE ( 'NONE', *, *, #1119, .F. ) ;
#6232 = CARTESIAN_POINT ( 'NONE',  ( 1.734723475976807094E-15, 7.492999999999999439, -2.501900000000000901 ) ) ;
#6233 = CARTESIAN_POINT ( 'NONE',  ( -7.619999999999998330, 7.492999999999998550, 2.095500000000003915 ) ) ;
#6234 = CARTESIAN_POINT ( 'NONE',  ( 9.270999999999997243, 7.048499999999997989, -0.8889999999999986802 ) ) ;
#6235 = CARTESIAN_POINT ( 'NONE',  ( -3.429000000000002490, 7.048499999999997101, 1.651000000000001355 ) ) ;
#6236 = VERTEX_POINT ( 'NONE', #5227 ) ;
#6237 = ORIENTED_EDGE ( 'NONE', *, *, #3601, .T. ) ;
#6238 = EDGE_CURVE ( 'NONE', #6039, #508, #4644, .T. ) ;
#6239 = AXIS2_PLACEMENT_3D ( 'NONE', #7600, #3807, #2612 ) ;
#6240 = FACE_OUTER_BOUND ( 'NONE', #3561, .T. ) ;
#6241 = ORIENTED_EDGE ( 'NONE', *, *, #4338, .F. ) ;
#6242 = AXIS2_PLACEMENT_3D ( 'NONE', #6939, #5767, #3966 ) ;
#6243 = CARTESIAN_POINT ( 'NONE',  ( -3.429000000000002490, 7.048499999999997989, -0.8889999999999986802 ) ) ;
#6244 = ORIENTED_EDGE ( 'NONE', *, *, #5097, .T. ) ;
#6245 = CARTESIAN_POINT ( 'NONE',  ( -6.731000000000000760, 7.048499999999997989, -0.8889999999999986802 ) ) ;
#6246 = DIRECTION ( 'NONE',  ( 0.000000000000000000, 1.000000000000000000, 1.733406087350420004E-16 ) ) ;
#6247 = DIRECTION ( 'NONE',  ( 1.000000000000000000, 0.000000000000000000, 0.000000000000000000 ) ) ;
#6248 = AXIS2_PLACEMENT_3D ( 'NONE', #3702, #3122, #5622 ) ;
#6249 = DIRECTION ( 'NONE',  ( 0.000000000000000000, 1.000000000000000000, -1.138269997360111548E-15 ) ) ;
#6250 = AXIS2_PLACEMENT_3D ( 'NONE', #5632, #1933, #207 ) ;
#6251 = VERTEX_POINT ( 'NONE', #1226 ) ;
#6252 = ORIENTED_EDGE ( 'NONE', *, *, #2470, .T. ) ;
#6253 = AXIS2_PLACEMENT_3D ( 'NONE', #7352, #5588, #232 ) ;
#6254 = DIRECTION ( 'NONE',  ( 0.000000000000000000, -1.733406087350420251E-16, 1.000000000000000000 ) ) ;
#6255 = PRODUCT_DEFINITION ( 'UNKNOWN', '', #7122, #3544 ) ;
#6256 = EDGE_CURVE ( 'NONE', #1480, #2030, #6454, .T. ) ;
#6257 = LINE ( 'NONE', #901, #3056 ) ;
#6258 = MANIFOLD_SOLID_BREP ( 'Chamfer1', #3987 ) ;
#6259 = DIRECTION ( 'NONE',  ( 0.000000000000000000, 2.439149994343092652E-16, -1.000000000000000000 ) ) ;
#6260 = ORIENTED_EDGE ( 'NONE', *, *, #2632, .T. ) ;
#6261 = CARTESIAN_POINT ( 'NONE',  ( 2.095500000000001695, 7.492999999999999439, -2.501900000000000901 ) ) ;
#6262 = DIRECTION ( 'NONE',  ( 0.000000000000000000, 1.138269997360111548E-15, 1.000000000000000000 ) ) ;
#6263 = COLOUR_RGB ( '',0.7921568627450980005, 0.8196078431372548767, 0.9333333333333333481 ) ;
#6264 = ORIENTED_EDGE ( 'NONE', *, *, #5194, .F. ) ;
#6265 = ORIENTED_EDGE ( 'NONE', *, *, #5098, .F. ) ;
#6266 = CLOSED_SHELL ( 'NONE', ( #536, #145, #4304, #3198, #6685, #6570, #6364, #2898, #2074, #4075, #6654, #7687, #1248, #1568, #7163, #6560, #2774, #3266, #3959, #2915, #1366, #359, #6446, #1496, #1194, #6317, #1079, #193 ) ) ;
#6267 = AXIS2_PLACEMENT_3D ( 'NONE', #147, #6618, #6662 ) ;
#6268 = EDGE_CURVE ( 'NONE', #466, #6251, #7602, .T. ) ;
#6269 = FACE_OUTER_BOUND ( 'NONE', #2014, .T. ) ;
#6270 = LINE ( 'NONE', #5087, #6185 ) ;
#6271 = LINE ( 'NONE', #5612, #3568 ) ;
#6272 = ORIENTED_EDGE ( 'NONE', *, *, #628, .F. ) ;
#6273 = MANIFOLD_SOLID_BREP ( 'Fillet1', #4997 ) ;
#6274 = AXIS2_PLACEMENT_3D ( 'NONE', #923, #6847, #3345 ) ;
#6275 = ORIENTED_EDGE ( 'NONE', *, *, #5861, .F. ) ;
#6276 = DIRECTION ( 'NONE',  ( 0.000000000000000000, 1.000000000000000000, 0.000000000000000000 ) ) ;
#6277 = EDGE_CURVE ( 'NONE', #2438, #4970, #2905, .T. ) ;
#6278 = DIRECTION ( 'NONE',  ( 0.000000000000000000, 1.000000000000000000, -1.138269997360111548E-15 ) ) ;
#6279 = CARTESIAN_POINT ( 'NONE',  ( -0.3047999999999999599, 0.2539999999999991709, -2.387599999999999945 ) ) ;
#6280 = CARTESIAN_POINT ( 'NONE',  ( 0.3047999999999999599, 1.555301434917136362E-17, 3.302000000000000046 ) ) ;
#6281 = EDGE_LOOP ( 'NONE', ( #6119, #4191, #2269, #7525 ) ) ;
#6282 = DIRECTION ( 'NONE',  ( 0.000000000000000000, 0.9659258262890700886, -0.2588190451025143002 ) ) ;
#6283 = ORIENTED_EDGE ( 'NONE', *, *, #1603, .T. ) ;
#6284 = COLOUR_RGB ( '',0.2509803921568627416, 0.2509803921568627416, 0.2509803921568627416 ) ;
#6285 = FACE_OUTER_BOUND ( 'NONE', #1656, .T. ) ;
#6286 = EDGE_CURVE ( 'NONE', #2305, #1919, #6014, .T. ) ;
#6287 = PLANE ( 'NONE',  #5583 ) ;
#6288 = EDGE_CURVE ( 'NONE', #7397, #7553, #4884, .T. ) ;
#6289 = DIRECTION ( 'NONE',  ( 0.000000000000000000, -1.733406087350420004E-16, 1.000000000000000000 ) ) ;
#6290 = VECTOR ( 'NONE', #4206, 1000.000000000000000 ) ;
#6291 = LINE ( 'NONE', #1418, #4048 ) ;
#6292 = VERTEX_POINT ( 'NONE', #6056 ) ;
#6293 = ORIENTED_EDGE ( 'NONE', *, *, #3358, .F. ) ;
#6294 = DIRECTION ( 'NONE',  ( -0.7071067811865452413, -0.7071067811865499042, -1.225703198915527072E-16 ) ) ;
#6295 = FACE_OUTER_BOUND ( 'NONE', #3112, .T. ) ;
#6296 = LINE ( 'NONE', #6217, #6031 ) ;
#6297 = LINE ( 'NONE', #6833, #2544 ) ;
#6298 = CARTESIAN_POINT ( 'NONE',  ( 1.734723475976807094E-15, 0.8889999999999989022, -1.984781810244995004 ) ) ;
#6299 = DIRECTION ( 'NONE',  ( -1.000000000000000000, 0.000000000000000000, 0.000000000000000000 ) ) ;
#6300 = ORIENTED_EDGE ( 'NONE', *, *, #5305, .T. ) ;
#6301 = ADVANCED_FACE ( 'NONE', ( #2114 ), #1891, .F. ) ;
#6302 = ORIENTED_EDGE ( 'NONE', *, *, #4671, .F. ) ;
#6303 = DIRECTION ( 'NONE',  ( 0.000000000000000000, -0.000000000000000000, -1.000000000000000000 ) ) ;
#6304 = FACE_OUTER_BOUND ( 'NONE', #603, .T. ) ;
#6305 = DIRECTION ( 'NONE',  ( 1.000000000000000000, 0.000000000000000000, 0.000000000000000000 ) ) ;
#6306 = CARTESIAN_POINT ( 'NONE',  ( -4.635500000000004839, 7.492999999999999439, -2.095500000000001695 ) ) ;
#6307 = ORIENTED_EDGE ( 'NONE', *, *, #4551, .T. ) ;
#6308 = MANIFOLD_SOLID_BREP ( 'Boss-Extrude2', #1897 ) ;
#6309 = VECTOR ( 'NONE', #4380, 1000.000000000000000 ) ;
#6310 = ADVANCED_FACE ( 'NONE', ( #1350 ), #127, .F. ) ;
#6311 = VERTEX_POINT ( 'NONE', #1934 ) ;
#6312 = LINE ( 'NONE', #3956, #7256 ) ;
#6313 = FACE_OUTER_BOUND ( 'NONE', #2293, .T. ) ;
#6314 = DIRECTION ( 'NONE',  ( -0.7071067811865452413, -0.7071067811865499042, -1.225703198915527072E-16 ) ) ;
#6315 = PLANE ( 'NONE',  #3889 ) ;
#6316 = VERTEX_POINT ( 'NONE', #2559 ) ;
#6317 = ADVANCED_FACE ( 'NONE', ( #4925 ), #1984, .F. ) ;
#6318 = ORIENTED_EDGE ( 'NONE', *, *, #604, .T. ) ;
#6319 = DIRECTION ( 'NONE',  ( 0.000000000000000000, -1.733406087350420004E-16, 1.000000000000000000 ) ) ;
#6320 = PLANE ( 'NONE',  #7305 ) ;
#6321 = DIRECTION ( 'NONE',  ( 0.000000000000000000, 0.9659258262890700886, -0.2588190451025143002 ) ) ;
#6322 = VECTOR ( 'NONE', #1569, 1000.000000000000000 ) ;
#6323 = CARTESIAN_POINT ( 'NONE',  ( -10.41399999999999970, 0.3809999999999988396, 2.120899999999999785 ) ) ;
#6324 = EDGE_CURVE ( 'NONE', #5268, #2686, #4847, .T. ) ;
#6325 = EDGE_CURVE ( 'NONE', #6060, #1364, #933, .T. ) ;
#6326 = VERTEX_POINT ( 'NONE', #7209 ) ;
#6327 = ORIENTED_EDGE ( 'NONE', *, *, #5713, .F. ) ;
#6328 = LINE ( 'NONE', #5147, #6741 ) ;
#6329 = CARTESIAN_POINT ( 'NONE',  ( -0.3047999999999999599, 0.6731000000000003647, 1.714499999999999913 ) ) ;
#6330 = CARTESIAN_POINT ( 'NONE',  ( -7.619999999999998330, 7.492999999999999439, -2.501900000000000901 ) ) ;
#6331 = CARTESIAN_POINT ( 'NONE',  ( -5.079999999999997407, 0.3809999999999993947, -2.120900000000001562 ) ) ;
#6332 = FACE_OUTER_BOUND ( 'NONE', #1563, .T. ) ;
#6333 = FACE_OUTER_BOUND ( 'NONE', #2716, .T. ) ;
#6334 = EDGE_CURVE ( 'NONE', #356, #937, #6719, .T. ) ;
#6335 = ORIENTED_EDGE ( 'NONE', *, *, #886, .F. ) ;
#6336 = VERTEX_POINT ( 'NONE', #5068 ) ;
#6337 = ORIENTED_EDGE ( 'NONE', *, *, #2127, .T. ) ;
#6338 = VECTOR ( 'NONE', #6149, 1000.000000000000000 ) ;
#6339 = FACE_OUTER_BOUND ( 'NONE', #1814, .T. ) ;
#6340 = CARTESIAN_POINT ( 'NONE',  ( -0.3047999999999999599, 1.275347176632054726E-16, 2.387599999999999945 ) ) ;
#6341 = DIRECTION ( 'NONE',  ( 0.000000000000000000, 1.000000000000000000, 1.733406087350420004E-16 ) ) ;
#6342 = CARTESIAN_POINT ( 'NONE',  ( 5.968999999999998529, 7.048499999999997989, -0.8889999999999986802 ) ) ;
#6343 = ORIENTED_EDGE ( 'NONE', *, *, #6590, .F. ) ;
#6344 = ORIENTED_EDGE ( 'NONE', *, *, #3487, .F. ) ;
#6345 = DIRECTION ( 'NONE',  ( 1.000000000000000000, 0.000000000000000000, 0.000000000000000000 ) ) ;
#6346 = DIRECTION ( 'NONE',  ( 1.000000000000000000, 0.000000000000000000, 0.000000000000000000 ) ) ;
#6347 = EDGE_CURVE ( 'NONE', #1016, #983, #7437, .T. ) ;
#6348 = CARTESIAN_POINT ( 'NONE',  ( -4.191000000000000725, 6.222999999999998977, 1.651000000000001133 ) ) ;
#6349 = EDGE_CURVE ( 'NONE', #3141, #4422, #2735, .T. ) ;
#6350 = ORIENTED_EDGE ( 'NONE', *, *, #5499, .T. ) ;
#6351 = DIRECTION ( 'NONE',  ( 0.000000000000000000, 0.000000000000000000, -1.000000000000000000 ) ) ;
#6352 = ORIENTED_EDGE ( 'NONE', *, *, #7658, .F. ) ;
#6353 = PLANE ( 'NONE',  #4613 ) ;
#6354 = CARTESIAN_POINT ( 'NONE',  ( 7.175500000000001322, 7.492999999999999439, -2.501900000000000901 ) ) ;
#6355 = LINE ( 'NONE', #7623, #6627 ) ;
#6356 = ADVANCED_FACE ( 'NONE', ( #2923 ), #4588, .F. ) ;
#6357 =( NAMED_UNIT ( * ) PLANE_ANGLE_UNIT ( ) SI_UNIT ( $, .RADIAN. ) );
#6358 = ORIENTED_EDGE ( 'NONE', *, *, #6732, .F. ) ;
#6359 = ORIENTED_EDGE ( 'NONE', *, *, #6982, .F. ) ;
#6360 = CARTESIAN_POINT ( 'NONE',  ( -7.619999999999998330, 7.492999999999999439, -0.4444999999999956763 ) ) ;
#6361 =( REPRESENTATION_RELATIONSHIP ('NONE','NONE', #132, #2825 ) REPRESENTATION_RELATIONSHIP_WITH_TRANSFORMATION ( #1571 )SHAPE_REPRESENTATION_RELATIONSHIP( ) );
#6362 = VECTOR ( 'NONE', #6040, 1000.000000000000000 ) ;
#6363 = AXIS2_PLACEMENT_3D ( 'NONE', #5637, #5079, #325 ) ;
#6364 = ADVANCED_FACE ( 'NONE', ( #1684 ), #7584, .F. ) ;
#6365 = ORIENTED_EDGE ( 'NONE', *, *, #2684, .T. ) ;
#6366 = CARTESIAN_POINT ( 'NONE',  ( 15.24000000000000021, 6.222999999999998977, -2.201425730935033664E-16 ) ) ;
#6367 = CARTESIAN_POINT ( 'NONE',  ( 8.508999999999998565, 6.222999999999998977, 1.651000000000001133 ) ) ;
#6368 = DIRECTION ( 'NONE',  ( 0.000000000000000000, 0.000000000000000000, -1.000000000000000000 ) ) ;
#6369 = LINE ( 'NONE', #2314, #1198 ) ;
#6370 = ORIENTED_EDGE ( 'NONE', *, *, #5978, .F. ) ;
#6371 = ORIENTED_EDGE ( 'NONE', *, *, #6017, .F. ) ;
#6372 = EDGE_CURVE ( 'NONE', #6477, #3053, #4665, .T. ) ;
#6373 = ADVANCED_FACE ( 'NONE', ( #4039 ), #2263, .T. ) ;
#6374 = DIRECTION ( 'NONE',  ( 0.000000000000000000, -0.9659258262890699775, -0.2588190451025143002 ) ) ;
#6375 = DIRECTION ( 'NONE',  ( 0.000000000000000000, -1.000000000000000000, 0.000000000000000000 ) ) ;
#6376 = DIRECTION ( 'NONE',  ( -0.000000000000000000, 1.000000000000000000, 1.733406087350420004E-16 ) ) ;
#6377 = ORIENTED_EDGE ( 'NONE', *, *, #3247, .T. ) ;
#6378 = VERTEX_POINT ( 'NONE', #5177 ) ;
#6379 = FACE_OUTER_BOUND ( 'NONE', #77, .T. ) ;
#6380 = PLANE ( 'NONE',  #4395 ) ;
#6381 = CARTESIAN_POINT ( 'NONE',  ( 10.15999999999999837, 0.3809999999999999498, -2.501900000000000901 ) ) ;
#6382 = ORIENTED_EDGE ( 'NONE', *, *, #1899, .F. ) ;
#6383 = AXIS2_PLACEMENT_3D ( 'NONE', #1298, #6594, #664 ) ;
#6384 = CARTESIAN_POINT ( 'NONE',  ( 5.968999999999998529, 6.222999999999998977, -1.650999999999998913 ) ) ;
#6385 = VECTOR ( 'NONE', #4787, 1000.000000000000000 ) ;
#6386 = CARTESIAN_POINT ( 'NONE',  ( 6.730999999999997208, 6.222999999999998977, 1.651000000000001133 ) ) ;
#6387 = ORIENTED_EDGE ( 'NONE', *, *, #7108, .T. ) ;
#6388 = ADVANCED_FACE ( 'NONE', ( #4001 ), #2885, .F. ) ;
#6389 = ADVANCED_FACE ( 'NONE', ( #6437 ), #2809, .F. ) ;
#6390 = DIRECTION ( 'NONE',  ( 0.000000000000000000, 1.000000000000000000, 1.733406087350420004E-16 ) ) ;
#6391 = VECTOR ( 'NONE', #5330, 1000.000000000000000 ) ;
#6392 = VECTOR ( 'NONE', #6777, 1000.000000000000000 ) ;
#6393 = DIRECTION ( 'NONE',  ( 1.000000000000000000, 0.000000000000000000, 0.000000000000000000 ) ) ;
#6394 = LINE ( 'NONE', #4627, #5383 ) ;
#6395 = CARTESIAN_POINT ( 'NONE',  ( 10.41399999999999970, 0.3809999999999992837, 2.501899999999999125 ) ) ;
#6396 = LINE ( 'NONE', #7475, #4721 ) ;
#6397 = AXIS2_PLACEMENT_3D ( 'NONE', #1625, #6345, #6883 ) ;
#6398 = ORIENTED_EDGE ( 'NONE', *, *, #5003, .F. ) ;
#6399 = EDGE_CURVE ( 'NONE', #4006, #2678, #6894, .T. ) ;
#6400 = ORIENTED_EDGE ( 'NONE', *, *, #6519, .F. ) ;
#6401 = LINE ( 'NONE', #4560, #4320 ) ;
#6402 = ORIENTED_EDGE ( 'NONE', *, *, #2023, .T. ) ;
#6403 = DIRECTION ( 'NONE',  ( -0.000000000000000000, 0.000000000000000000, 1.000000000000000000 ) ) ;
#6404 =( LENGTH_UNIT ( ) NAMED_UNIT ( * ) SI_UNIT ( .MILLI., .METRE. ) );
#6405 = CARTESIAN_POINT ( 'NONE',  ( -0.3047999999999999599, 0.6731000000000003647, 2.387599999999999945 ) ) ;
#6406 = CARTESIAN_POINT ( 'NONE',  ( 0.3047999999999999599, 0.2539999999999996150, 3.429000000000000270 ) ) ;
#6407 = ORIENTED_EDGE ( 'NONE', *, *, #2888, .T. ) ;
#6408 = EDGE_CURVE ( 'NONE', #3226, #948, #3934, .T. ) ;
#6409 = EDGE_LOOP ( 'NONE', ( #6978, #75, #3638, #827 ) ) ;
#6410 = LINE ( 'NONE', #6194, #235 ) ;
#6411 = DIRECTION ( 'NONE',  ( 0.000000000000000000, 1.000000000000000000, 1.733406087350420004E-16 ) ) ;
#6412 = VECTOR ( 'NONE', #5260, 1000.000000000000114 ) ;
#6413 = DIRECTION ( 'NONE',  ( -0.000000000000000000, 1.000000000000000000, 1.733406087350420004E-16 ) ) ;
#6414 = DIRECTION ( 'NONE',  ( -0.000000000000000000, 1.000000000000000000, -2.082201214683127315E-16 ) ) ;
#6415 = VECTOR ( 'NONE', #7465, 1000.000000000000000 ) ;
#6416 = FACE_BOUND ( 'NONE', #1497, .T. ) ;
#6417 = VERTEX_POINT ( 'NONE', #1084 ) ;
#6418 = EDGE_CURVE ( 'NONE', #3337, #2836, #4628, .T. ) ;
#6419 = ORIENTED_EDGE ( 'NONE', *, *, #5026, .T. ) ;
#6420 = EDGE_CURVE ( 'NONE', #896, #2473, #7510, .T. ) ;
#6421 = VECTOR ( 'NONE', #4562, 1000.000000000000000 ) ;
#6422 = DIRECTION ( 'NONE',  ( 0.000000000000000000, -1.138269997360111548E-15, -1.000000000000000000 ) ) ;
#6423 = LINE ( 'NONE', #7575, #6391 ) ;
#6424 = FACE_OUTER_BOUND ( 'NONE', #6665, .T. ) ;
#6425 = ORIENTED_EDGE ( 'NONE', *, *, #1603, .F. ) ;
#6426 = DIRECTION ( 'NONE',  ( -1.000000000000000000, 0.000000000000000000, -0.000000000000000000 ) ) ;
#6427 = ORIENTED_EDGE ( 'NONE', *, *, #1711, .F. ) ;
#6428 = VECTOR ( 'NONE', #1857, 1000.000000000000000 ) ;
#6429 = AXIS2_PLACEMENT_3D ( 'NONE', #6406, #5897, #2823 ) ;
#6430 = VECTOR ( 'NONE', #2486, 1000.000000000000000 ) ;
#6431 = CARTESIAN_POINT ( 'NONE',  ( 0.3047999999999999599, 0.6731000000000003647, 2.387599999999999945 ) ) ;
#6432 = ORIENTED_EDGE ( 'NONE', *, *, #1582, .F. ) ;
#6433 = CARTESIAN_POINT ( 'NONE',  ( 0.3047999999999999599, 0.2539999999999996150, 3.429000000000000270 ) ) ;
#6434 = VECTOR ( 'NONE', #1397, 1000.000000000000000 ) ;
#6435 = DIRECTION ( 'NONE',  ( 0.000000000000000000, 0.9659258262890700886, 0.2588190451025143002 ) ) ;
#6436 = FACE_BOUND ( 'NONE', #3752, .T. ) ;
#6437 = FACE_OUTER_BOUND ( 'NONE', #2329, .T. ) ;
#6438 = EDGE_CURVE ( 'NONE', #2168, #1618, #6355, .T. ) ;
#6439 = DIRECTION ( 'NONE',  ( 0.000000000000000000, 0.000000000000000000, 1.000000000000000000 ) ) ;
#6440 = VERTEX_POINT ( 'NONE', #3465 ) ;
#6441 = VERTEX_POINT ( 'NONE', #2300 ) ;
#6442 = CARTESIAN_POINT ( 'NONE',  ( 2.540000000000002256, 0.8889999999999985691, 1.984781810244993228 ) ) ;
#6443 = VECTOR ( 'NONE', #6085, 1000.000000000000000 ) ;
#6444 = ORIENTED_EDGE ( 'NONE', *, *, #5611, .F. ) ;
#6445 = DIRECTION ( 'NONE',  ( -1.000000000000000000, 0.000000000000000000, 0.000000000000000000 ) ) ;
#6446 = ADVANCED_FACE ( 'NONE', ( #1724 ), #6937, .F. ) ;
#6447 = EDGE_CURVE ( 'NONE', #5190, #1589, #1002, .T. ) ;
#6448 = DIRECTION ( 'NONE',  ( 0.000000000000000000, 0.000000000000000000, -1.000000000000000000 ) ) ;
#6449 = PLANE ( 'NONE',  #1190 ) ;
#6450 = ORIENTED_EDGE ( 'NONE', *, *, #5057, .F. ) ;
#6451 = EDGE_LOOP ( 'NONE', ( #2489, #5580, #2667, #7431 ) ) ;
#6452 = ORIENTED_EDGE ( 'NONE', *, *, #204, .F. ) ;
#6453 = CARTESIAN_POINT ( 'NONE',  ( 0.4444999999999952323, 7.492999999999999439, -2.501900000000000901 ) ) ;
#6454 = LINE ( 'NONE', #7136, #2186 ) ;
#6455 = CARTESIAN_POINT ( 'NONE',  ( 4.190999999999998948, 7.048499999999997101, 1.651000000000001355 ) ) ;
#6456 = FACE_OUTER_BOUND ( 'NONE', #4977, .T. ) ;
#6457 = EDGE_CURVE ( 'NONE', #2201, #3504, #424, .T. ) ;
#6458 = LINE ( 'NONE', #2834, #5718 ) ;
#6459 = ORIENTED_EDGE ( 'NONE', *, *, #3457, .F. ) ;
#6460 = ORIENTED_EDGE ( 'NONE', *, *, #3086, .T. ) ;
#6461 = LINE ( 'NONE', #4729, #3780 ) ;
#6462 = CARTESIAN_POINT ( 'NONE',  ( 4.190999999999998948, 7.048499999999997101, 1.651000000000001355 ) ) ;
#6463 = LINE ( 'NONE', #3490, #1954 ) ;
#6464 = EDGE_CURVE ( 'NONE', #3704, #2993, #6972, .T. ) ;
#6465 = FACE_OUTER_BOUND ( 'NONE', #124, .T. ) ;
#6466 = EDGE_LOOP ( 'NONE', ( #6041, #7452, #550, #3125 ) ) ;
#6467 = DIRECTION ( 'NONE',  ( -1.000000000000000000, -0.000000000000000000, 0.000000000000000000 ) ) ;
#6468 = ORIENTED_EDGE ( 'NONE', *, *, #3526, .T. ) ;
#6469 = LINE ( 'NONE', #1722, #97 ) ;
#6470 = LINE ( 'NONE', #3500, #400 ) ;
#6471 = PLANE ( 'NONE',  #1772 ) ;
#6472 = CARTESIAN_POINT ( 'NONE',  ( 1.734723475976807094E-15, 7.492999999999998550, 2.501900000000000901 ) ) ;
#6473 = EDGE_CURVE ( 'NONE', #6483, #6236, #5883, .T. ) ;
#6474 = CARTESIAN_POINT ( 'NONE',  ( -2.539999999999997815, 0.3809999999999999498, -2.501900000000000901 ) ) ;
#6475 = ORIENTED_EDGE ( 'NONE', *, *, #3998, .F. ) ;
#6476 = ORIENTED_EDGE ( 'NONE', *, *, #1840, .F. ) ;
#6477 = VERTEX_POINT ( 'NONE', #1286 ) ;
#6478 = ORIENTED_EDGE ( 'NONE', *, *, #3185, .T. ) ;
#6479 = DIRECTION ( 'NONE',  ( 0.000000000000000000, 1.733406087350420004E-16, -1.000000000000000000 ) ) ;
#6480 = ORIENTED_EDGE ( 'NONE', *, *, #5732, .T. ) ;
#6481 = DIRECTION ( 'NONE',  ( 0.000000000000000000, 1.092515224483717628E-16, -1.000000000000000000 ) ) ;
#6482 = CARTESIAN_POINT ( 'NONE',  ( -1.651000000000001355, 6.222999999999998977, 1.651000000000001133 ) ) ;
#6483 = VERTEX_POINT ( 'NONE', #1206 ) ;
#6484 = LINE ( 'NONE', #1136, #2197 ) ;
#6485 = VECTOR ( 'NONE', #1183, 1000.000000000000000 ) ;
#6486 = ORIENTED_EDGE ( 'NONE', *, *, #5738, .T. ) ;
#6487 = ORIENTED_EDGE ( 'NONE', *, *, #2701, .F. ) ;
#6488 = EDGE_CURVE ( 'NONE', #558, #111, #7193, .T. ) ;
#6489 = DIRECTION ( 'NONE',  ( -0.000000000000000000, 1.000000000000000000, 1.733406087350420004E-16 ) ) ;
#6490 = ADVANCED_FACE ( 'NONE', ( #3666 ), #6587, .F. ) ;
#6491 = VECTOR ( 'NONE', #7135, 1000.000000000000000 ) ;
#6492 = SURFACE_STYLE_FILL_AREA ( #1782 ) ;
#6493 = DIRECTION ( 'NONE',  ( -0.000000000000000000, 0.000000000000000000, 1.000000000000000000 ) ) ;
#6494 = DIRECTION ( 'NONE',  ( 0.000000000000000000, -1.000000000000000000, 0.000000000000000000 ) ) ;
#6495 = LINE ( 'NONE', #2868, #7686 ) ;
#6496 = ORIENTED_EDGE ( 'NONE', *, *, #5283, .T. ) ;
#6497 = VERTEX_POINT ( 'NONE', #4743 ) ;
#6498 = EDGE_CURVE ( 'NONE', #4428, #1749, #3700, .T. ) ;
#6499 = DIRECTION ( 'NONE',  ( 0.000000000000000000, 1.092515224483717628E-16, -1.000000000000000000 ) ) ;
#6500 = DIRECTION ( 'NONE',  ( 0.000000000000000000, 0.000000000000000000, -1.000000000000000000 ) ) ;
#6501 = DIRECTION ( 'NONE',  ( 0.000000000000000000, 1.733406087350420004E-16, -1.000000000000000000 ) ) ;
#6502 = CARTESIAN_POINT ( 'NONE',  ( 5.968999999999998529, 7.048499999999997101, 0.8890000000000012337 ) ) ;
#6503 = DIRECTION ( 'NONE',  ( 0.000000000000000000, 1.422837496700139336E-15, -1.000000000000000000 ) ) ;
#6504 = VERTEX_POINT ( 'NONE', #2455 ) ;
#6505 = AXIS2_PLACEMENT_3D ( 'NONE', #1855, #1265, #6246 ) ;
#6506 = LINE ( 'NONE', #3540, #7239 ) ;
#6507 = ADVANCED_FACE ( 'NONE', ( #1914 ), #2494, .F. ) ;
#6508 = FACE_OUTER_BOUND ( 'NONE', #5560, .T. ) ;
#6509 = AXIS2_PLACEMENT_3D ( 'NONE', #4233, #4322, #2577 ) ;
#6510 = DIRECTION ( 'NONE',  ( 1.000000000000000000, 0.000000000000000000, 0.000000000000000000 ) ) ;
#6511 = FACE_OUTER_BOUND ( 'NONE', #1182, .T. ) ;
#6512 = VECTOR ( 'NONE', #732, 1000.000000000000000 ) ;
#6513 = DIRECTION ( 'NONE',  ( 0.000000000000000000, 0.000000000000000000, -1.000000000000000000 ) ) ;
#6514 = ORIENTED_EDGE ( 'NONE', *, *, #342, .T. ) ;
#6515 = AXIS2_PLACEMENT_3D ( 'NONE', #4367, #1380, #3632 ) ;
#6516 = VERTEX_POINT ( 'NONE', #7159 ) ;
#6517 = VECTOR ( 'NONE', #146, 1000.000000000000000 ) ;
#6518 = ORIENTED_EDGE ( 'NONE', *, *, #1330, .T. ) ;
#6519 = EDGE_CURVE ( 'NONE', #4640, #2985, #6036, .T. ) ;
#6520 = VECTOR ( 'NONE', #771, 1000.000000000000114 ) ;
#6521 = ADVANCED_BREP_SHAPE_REPRESENTATION ( '', ( #6273, #6147, #7126 ), #2153 ) ;
#6522 = LINE ( 'NONE', #2930, #4943 ) ;
#6523 = EDGE_LOOP ( 'NONE', ( #3453, #5315, #1171, #2128 ) ) ;
#6524 = VECTOR ( 'NONE', #5609, 1000.000000000000000 ) ;
#6525 = DIRECTION ( 'NONE',  ( 0.7071067811865452413, -0.7071067811865499042, -1.225703198915527072E-16 ) ) ;
#6526 = FILL_AREA_STYLE_COLOUR ( '', #1413 ) ;
#6527 = LINE ( 'NONE', #2390, #3416 ) ;
#6528 = LINE ( 'NONE', #7062, #5059 ) ;
#6529 = ORIENTED_EDGE ( 'NONE', *, *, #7562, .T. ) ;
#6530 = ORIENTED_EDGE ( 'NONE', *, *, #4821, .T. ) ;
#6531 = CARTESIAN_POINT ( 'NONE',  ( -5.079999999999998295, 0.8889999999999985691, 1.984781810244993228 ) ) ;
#6532 =( NAMED_UNIT ( * ) SI_UNIT ( $, .STERADIAN. ) SOLID_ANGLE_UNIT ( ) );
#6533 = DIRECTION ( 'NONE',  ( -1.000000000000000000, -0.000000000000000000, -0.000000000000000000 ) ) ;
#6534 = DIRECTION ( 'NONE',  ( 1.000000000000000000, 0.000000000000000000, 0.000000000000000000 ) ) ;
#6535 = CARTESIAN_POINT ( 'NONE',  ( 10.16000000000000192, 0.3809999999999992837, 2.501899999999999125 ) ) ;
#6536 = EDGE_CURVE ( 'NONE', #6860, #10, #6075, .T. ) ;
#6537 = ORIENTED_EDGE ( 'NONE', *, *, #4372, .T. ) ;
#6538 = VERTEX_POINT ( 'NONE', #5921 ) ;
#6539 = AXIS2_PLACEMENT_3D ( 'NONE', #3794, #2090, #6832 ) ;
#6540 = CARTESIAN_POINT ( 'NONE',  ( -7.619999999999998330, 7.492999999999998550, 2.501900000000000901 ) ) ;
#6541 = DIRECTION ( 'NONE',  ( 0.000000000000000000, 1.000000000000000000, 1.733406087350420004E-16 ) ) ;
#6542 = LINE ( 'NONE', #2990, #5567 ) ;
#6543 = LINE ( 'NONE', #4696, #6912 ) ;
#6544 = ADVANCED_FACE ( 'NONE', ( #4280 ), #4157, .F. ) ;
#6545 = DIRECTION ( 'NONE',  ( 0.000000000000000000, 0.2588190451025143002, -0.9659258262890700886 ) ) ;
#6546 = ORIENTED_EDGE ( 'NONE', *, *, #4475, .F. ) ;
#6547 = CARTESIAN_POINT ( 'NONE',  ( 8.064499999999995339, 7.492999999999999439, -2.095500000000001695 ) ) ;
#6548 = LINE ( 'NONE', #652, #525 ) ;
#6549 = DIRECTION ( 'NONE',  ( 0.000000000000000000, -1.000000000000000000, 0.000000000000000000 ) ) ;
#6550 = VECTOR ( 'NONE', #4014, 1000.000000000000114 ) ;
#6551 = VECTOR ( 'NONE', #2028, 1000.000000000000000 ) ;
#6552 = ADVANCED_FACE ( 'NONE', ( #6511 ), #7662, .F. ) ;
#6553 = CARTESIAN_POINT ( 'NONE',  ( 2.984499999999995712, 7.492999999999998550, 2.095500000000003915 ) ) ;
#6554 = ORIENTED_EDGE ( 'NONE', *, *, #6420, .F. ) ;
#6555 = VECTOR ( 'NONE', #2392, 1000.000000000000000 ) ;
#6556 = DIRECTION ( 'NONE',  ( -0.000000000000000000, 1.000000000000000000, 1.733406087350420004E-16 ) ) ;
#6557 = PLANE ( 'NONE',  #5933 ) ;
#6558 = CARTESIAN_POINT ( 'NONE',  ( -2.984499999999998376, 7.492999999999999439, -0.4444999999999955653 ) ) ;
#6559 = AXIS2_PLACEMENT_3D ( 'NONE', #3970, #7019, #7630 ) ;
#6560 = ADVANCED_FACE ( 'NONE', ( #7086 ), #7120, .F. ) ;
#6561 = DIRECTION ( 'NONE',  ( 0.000000000000000000, -1.733406087350420251E-16, 1.000000000000000000 ) ) ;
#6562 = PLANE ( 'NONE',  #1337 ) ;
#6563 = ORIENTED_EDGE ( 'NONE', *, *, #886, .T. ) ;
#6564 = ORIENTED_EDGE ( 'NONE', *, *, #2396, .T. ) ;
#6565 = CARTESIAN_POINT ( 'NONE',  ( 5.080000000000002736, 7.492999999999999439, -2.501900000000000901 ) ) ;
#6566 = AXIS2_PLACEMENT_3D ( 'NONE', #3817, #6205, #5626 ) ;
#6567 = DIRECTION ( 'NONE',  ( 0.5773502691896273964, -0.5773502691896236216, -0.5773502691896262862 ) ) ;
#6568 = CARTESIAN_POINT ( 'NONE',  ( -5.969000000000002082, 6.222999999999998977, -1.650999999999998913 ) ) ;
#6569 = LINE ( 'NONE', #7068, #3563 ) ;
#6570 = ADVANCED_FACE ( 'NONE', ( #2341 ), #4195, .F. ) ;
#6571 = LINE ( 'NONE', #4767, #5471 ) ;
#6572 = ORIENTED_EDGE ( 'NONE', *, *, #1349, .F. ) ;
#6573 = ORIENTED_EDGE ( 'NONE', *, *, #7081, .T. ) ;
#6574 = DIRECTION ( 'NONE',  ( -0.5773502691896272854, -0.5773502691896241767, -0.5773502691896257311 ) ) ;
#6575 = CARTESIAN_POINT ( 'NONE',  ( 5.968999999999998529, 6.222999999999998977, -0.8889999999999987912 ) ) ;
#6576 = CARTESIAN_POINT ( 'NONE',  ( 8.064499999999995339, 7.492999999999998550, 2.095500000000003915 ) ) ;
#6577 = CARTESIAN_POINT ( 'NONE',  ( 10.15999999999999837, 0.3809999999999988396, 2.120899999999999785 ) ) ;
#6578 = FACE_OUTER_BOUND ( 'NONE', #7514, .T. ) ;
#6579 = VERTEX_POINT ( 'NONE', #1801 ) ;
#6580 = ORIENTED_EDGE ( 'NONE', *, *, #4745, .T. ) ;
#6581 = DIRECTION ( 'NONE',  ( 0.000000000000000000, -1.000000000000000000, -2.439149994343092652E-16 ) ) ;
#6582 = EDGE_CURVE ( 'NONE', #3094, #3823, #5377, .T. ) ;
#6583 = AXIS2_PLACEMENT_3D ( 'NONE', #650, #5536, #1998 ) ;
#6584 = VECTOR ( 'NONE', #4726, 1000.000000000000000 ) ;
#6585 = DIRECTION ( 'NONE',  ( 0.000000000000000000, 0.2588190451025143002, -0.9659258262890699775 ) ) ;
#6586 = LINE ( 'NONE', #4946, #3650 ) ;
#6587 = PLANE ( 'NONE',  #2156 ) ;
#6588 = PLANE ( 'NONE',  #879 ) ;
#6589 = DIRECTION ( 'NONE',  ( 0.000000000000000000, 0.000000000000000000, -1.000000000000000000 ) ) ;
#6590 = EDGE_CURVE ( 'NONE', #7497, #3452, #5418, .T. ) ;
#6591 = DIRECTION ( 'NONE',  ( -1.000000000000000000, 0.000000000000000000, 0.000000000000000000 ) ) ;
#6592 = UNCERTAINTY_MEASURE_WITH_UNIT (LENGTH_MEASURE( 1.000000000000000082E-05 ), #1177, 'distance_accuracy_value', 'NONE');
#6593 = CARTESIAN_POINT ( 'NONE',  ( 4.190999999999998948, 7.048499999999997989, -0.8889999999999986802 ) ) ;
#6594 = DIRECTION ( 'NONE',  ( 0.000000000000000000, 0.000000000000000000, 1.000000000000000000 ) ) ;
#6595 = LINE ( 'NONE', #1256, #1685 ) ;
#6596 = CARTESIAN_POINT ( 'NONE',  ( -5.079999999999998295, 0.3809999999999993947, -2.120900000000001562 ) ) ;
#6597 = VERTEX_POINT ( 'NONE', #4866 ) ;
#6598 = ORIENTED_EDGE ( 'NONE', *, *, #4839, .F. ) ;
#6599 = DIRECTION ( 'NONE',  ( 0.000000000000000000, -1.000000000000000000, 0.000000000000000000 ) ) ;
#6600 = EDGE_CURVE ( 'NONE', #4533, #2659, #2418, .T. ) ;
#6601 = PRESENTATION_STYLE_ASSIGNMENT (( #7294 ) ) ;
#6602 = FACE_OUTER_BOUND ( 'NONE', #190, .T. ) ;
#6603 = DIRECTION ( 'NONE',  ( 0.000000000000000000, -0.7071067811865492381, 0.7071067811865457964 ) ) ;
#6604 = DIRECTION ( 'NONE',  ( 0.000000000000000000, 1.733406087350420251E-16, -1.000000000000000000 ) ) ;
#6605 = ORIENTED_EDGE ( 'NONE', *, *, #5026, .F. ) ;
#6606 = EDGE_LOOP ( 'NONE', ( #3225, #4199, #2806, #7502 ) ) ;
#6607 = EDGE_CURVE ( 'NONE', #3108, #5090, #5462, .T. ) ;
#6608 = EDGE_CURVE ( 'NONE', #3954, #4511, #6663, .T. ) ;
#6609 = CARTESIAN_POINT ( 'NONE',  ( 9.016999999999997684, 6.794499999999997542, 1.397000000000001130 ) ) ;
#6610 = CARTESIAN_POINT ( 'NONE',  ( 0.000000000000000000, 6.222999999999998977, -2.201425730935033664E-16 ) ) ;
#6611 = FACE_OUTER_BOUND ( 'NONE', #6091, .T. ) ;
#6612 = LINE ( 'NONE', #4777, #450 ) ;
#6613 = DIRECTION ( 'NONE',  ( 0.000000000000000000, 1.092515224483717628E-16, -1.000000000000000000 ) ) ;
#6614 = ORIENTED_EDGE ( 'NONE', *, *, #3998, .T. ) ;
#6615 = ORIENTED_EDGE ( 'NONE', *, *, #2495, .F. ) ;
#6616 = CARTESIAN_POINT ( 'NONE',  ( -0.1777999999999999858, -3.611118645726065035E-32, -3.429000000000000270 ) ) ;
#6617 = DIRECTION ( 'NONE',  ( 0.000000000000000000, -0.9659258262890700886, 0.2588190451025143002 ) ) ;
#6618 = DIRECTION ( 'NONE',  ( -0.000000000000000000, -0.7071067811865491270, -0.7071067811865460184 ) ) ;
#6619 = CARTESIAN_POINT ( 'NONE',  ( 2.540000000000002256, 0.8889999999999985691, 1.984781810244993228 ) ) ;
#6620 = ORIENTED_EDGE ( 'NONE', *, *, #725, .T. ) ;
#6621 = AXIS2_PLACEMENT_3D ( 'NONE', #6818, #887, #1410 ) ;
#6622 = ORIENTED_EDGE ( 'NONE', *, *, #2750, .F. ) ;
#6623 = DIRECTION ( 'NONE',  ( 1.000000000000000000, 0.000000000000000000, 0.000000000000000000 ) ) ;
#6624 = EDGE_CURVE ( 'NONE', #3393, #5045, #7351, .T. ) ;
#6625 = FACE_OUTER_BOUND ( 'NONE', #7263, .T. ) ;
#6626 =( GEOMETRIC_REPRESENTATION_CONTEXT ( 3 ) GLOBAL_UNCERTAINTY_ASSIGNED_CONTEXT ( ( #1215 ) ) GLOBAL_UNIT_ASSIGNED_CONTEXT ( ( #2964, #5340, #1800 ) ) REPRESENTATION_CONTEXT ( 'NONE', 'WORKASPACE' ) );
#6627 = VECTOR ( 'NONE', #2185, 1000.000000000000000 ) ;
#6628 = CARTESIAN_POINT ( 'NONE',  ( 2.540000000000002256, 0.3809999999999988396, 2.120899999999999785 ) ) ;
#6629 = PLANE ( 'NONE',  #7145 ) ;
#6630 = DIRECTION ( 'NONE',  ( 1.000000000000000000, 0.000000000000000000, 0.000000000000000000 ) ) ;
#6631 =( GEOMETRIC_REPRESENTATION_CONTEXT ( 3 ) GLOBAL_UNCERTAINTY_ASSIGNED_CONTEXT ( ( #2536 ) ) GLOBAL_UNIT_ASSIGNED_CONTEXT ( ( #783, #6675, #1255 ) ) REPRESENTATION_CONTEXT ( 'NONE', 'WORKASPACE' ) );
#6632 = FILL_AREA_STYLE ('',( #3131 ) ) ;
#6633 = FACE_OUTER_BOUND ( 'NONE', #1787, .T. ) ;
#6634 = VECTOR ( 'NONE', #4432, 1000.000000000000000 ) ;
#6635 = EDGE_CURVE ( 'NONE', #3226, #5072, #3156, .T. ) ;
#6636 = AXIS2_PLACEMENT_3D ( 'NONE', #3000, #6549, #1245 ) ;
#6637 = ORIENTED_EDGE ( 'NONE', *, *, #573, .T. ) ;
#6638 = ORIENTED_EDGE ( 'NONE', *, *, #2264, .T. ) ;
#6639 = DIRECTION ( 'NONE',  ( 0.000000000000000000, 0.000000000000000000, 1.000000000000000000 ) ) ;
#6640 = AXIS2_PLACEMENT_3D ( 'NONE', #6367, #6865, #942 ) ;
#6641 = VECTOR ( 'NONE', #1274, 1000.000000000000000 ) ;
#6642 = DIRECTION ( 'NONE',  ( 0.000000000000000000, -1.733406087350420004E-16, 1.000000000000000000 ) ) ;
#6643 = FACE_OUTER_BOUND ( 'NONE', #4132, .T. ) ;
#6644 = DIRECTION ( 'NONE',  ( 0.000000000000000000, -1.733406087350420004E-16, 1.000000000000000000 ) ) ;
#6645 = ADVANCED_FACE ( 'NONE', ( #849 ), #5498, .T. ) ;
#6646 = MECHANICAL_DESIGN_GEOMETRIC_PRESENTATION_REPRESENTATION (  '', ( #5531 ), #4883 ) ;
#6647 = ORIENTED_EDGE ( 'NONE', *, *, #6843, .T. ) ;
#6648 = ORIENTED_EDGE ( 'NONE', *, *, #6238, .F. ) ;
#6649 = DIRECTION ( 'NONE',  ( 0.000000000000000000, 1.138269997360111548E-15, 1.000000000000000000 ) ) ;
#6650 = CARTESIAN_POINT ( 'NONE',  ( -8.763000000000003453, 6.794499999999999318, -1.396999999999998243 ) ) ;
#6651 = DIRECTION ( 'NONE',  ( 0.000000000000000000, -1.000000000000000000, -2.439149994343092652E-16 ) ) ;
#6652 = COLOUR_RGB ( '',0.7921568627450980005, 0.8196078431372548767, 0.9333333333333333481 ) ;
#6653 = DIRECTION ( 'NONE',  ( 0.000000000000000000, -1.000000000000000000, 0.000000000000000000 ) ) ;
#6654 = ADVANCED_FACE ( 'NONE', ( #3118 ), #1523, .F. ) ;
#6655 = EDGE_CURVE ( 'NONE', #6326, #4668, #1961, .T. ) ;
#6656 = ORIENTED_EDGE ( 'NONE', *, *, #963, .T. ) ;
#6657 = ORIENTED_EDGE ( 'NONE', *, *, #3121, .F. ) ;
#6658 = VECTOR ( 'NONE', #2116, 1000.000000000000000 ) ;
#6659 = VECTOR ( 'NONE', #6445, 1000.000000000000000 ) ;
#6660 = PLANE ( 'NONE',  #4840 ) ;
#6661 = LINE ( 'NONE', #809, #4891 ) ;
#6662 = DIRECTION ( 'NONE',  ( -1.000000000000000000, 0.000000000000000000, 0.000000000000000000 ) ) ;
#6663 = LINE ( 'NONE', #4982, #7370 ) ;
#6664 = VERTEX_POINT ( 'NONE', #6739 ) ;
#6665 = EDGE_LOOP ( 'NONE', ( #1088, #4518, #3217, #2641 ) ) ;
#6666 = ADVANCED_FACE ( 'NONE', ( #4397 ), #6779, .F. ) ;
#6667 = VECTOR ( 'NONE', #2217, 1000.000000000000000 ) ;
#6668 = CARTESIAN_POINT ( 'NONE',  ( 5.968999999999998529, 6.222999999999998977, -0.8889999999999987912 ) ) ;
#6669 = ORIENTED_EDGE ( 'NONE', *, *, #6895, .T. ) ;
#6670 = LINE ( 'NONE', #2547, #4369 ) ;
#6671 = VECTOR ( 'NONE', #4722, 1000.000000000000000 ) ;
#6672 = LINE ( 'NONE', #1339, #7052 ) ;
#6673 = EDGE_CURVE ( 'NONE', #7647, #668, #1448, .T. ) ;
#6674 = DIRECTION ( 'NONE',  ( 0.000000000000000000, -1.000000000000000000, -1.733406087350420004E-16 ) ) ;
#6675 =( NAMED_UNIT ( * ) PLANE_ANGLE_UNIT ( ) SI_UNIT ( $, .RADIAN. ) );
#6676 = PRESENTATION_STYLE_ASSIGNMENT (( #5472 ) ) ;
#6677 = ORIENTED_EDGE ( 'NONE', *, *, #3566, .T. ) ;
#6678 = AXIS2_PLACEMENT_3D ( 'NONE', #3644, #6016, #712 ) ;
#6679 = CARTESIAN_POINT ( 'NONE',  ( 7.620000000000001883, 7.492999999999998550, 2.501900000000000901 ) ) ;
#6680 = ORIENTED_EDGE ( 'NONE', *, *, #2402, .T. ) ;
#6681 = ORIENTED_EDGE ( 'NONE', *, *, #1680, .T. ) ;
#6682 = CARTESIAN_POINT ( 'NONE',  ( 5.968999999999998529, 7.048499999999997101, 0.8890000000000012337 ) ) ;
#6683 = EDGE_CURVE ( 'NONE', #4422, #3617, #6198, .T. ) ;
#6684 = VECTOR ( 'NONE', #1221, 1000.000000000000114 ) ;
#6685 = ADVANCED_FACE ( 'NONE', ( #3269 ), #5540, .F. ) ;
#6686 = DIRECTION ( 'NONE',  ( 1.000000000000000000, 0.000000000000000000, 0.000000000000000000 ) ) ;
#6687 = DIRECTION ( 'NONE',  ( 0.000000000000000000, 0.000000000000000000, -1.000000000000000000 ) ) ;
#6688 = CARTESIAN_POINT ( 'NONE',  ( 8.508999999999998565, 6.222999999999998977, -0.8889999999999987912 ) ) ;
#6689 = ORIENTED_EDGE ( 'NONE', *, *, #6464, .F. ) ;
#6690 = AXIS2_PLACEMENT_3D ( 'NONE', #5929, #81, #7091 ) ;
#6691 = ORIENTED_EDGE ( 'NONE', *, *, #1659, .T. ) ;
#6692 = ADVANCED_FACE ( 'NONE', ( #5619 ), #7313, .F. ) ;
#6693 = LINE ( 'NONE', #7376, #5270 ) ;
#6694 = CARTESIAN_POINT ( 'NONE',  ( -7.619999999999998330, 7.492999999999999439, -2.095500000000001695 ) ) ;
#6695 = CARTESIAN_POINT ( 'NONE',  ( -9.715500000000005798, 7.492999999999999439, -0.4444999999999955653 ) ) ;
#6696 = AXIS2_PLACEMENT_3D ( 'NONE', #2884, #2808, #5701 ) ;
#6697 = CARTESIAN_POINT ( 'NONE',  ( 7.175500000000001322, 7.492999999999999439, -0.4444999999999955653 ) ) ;
#6698 = ORIENTED_EDGE ( 'NONE', *, *, #7547, .T. ) ;
#6699 = VERTEX_POINT ( 'NONE', #3195 ) ;
#6700 = DIRECTION ( 'NONE',  ( 0.000000000000000000, 0.000000000000000000, 1.000000000000000000 ) ) ;
#6701 = EDGE_CURVE ( 'NONE', #391, #1997, #187, .T. ) ;
#6702 = DIRECTION ( 'NONE',  ( 0.000000000000000000, 0.9659258262890700886, -0.2588190451025143002 ) ) ;
#6703 = DIRECTION ( 'NONE',  ( 0.000000000000000000, -1.733406087350420004E-16, 1.000000000000000000 ) ) ;
#6704 = DIRECTION ( 'NONE',  ( -0.000000000000000000, 1.000000000000000000, 1.422837496700138942E-15 ) ) ;
#6705 = DIRECTION ( 'NONE',  ( 0.000000000000000000, 1.000000000000000000, 1.092515224483717628E-16 ) ) ;
#6706 = VERTEX_POINT ( 'NONE', #6280 ) ;
#6707 = ORIENTED_EDGE ( 'NONE', *, *, #4240, .T. ) ;
#6708 = DIRECTION ( 'NONE',  ( -0.5773502691896273964, 0.5773502691896237327, -0.5773502691896261751 ) ) ;
#6709 = VECTOR ( 'NONE', #6956, 1000.000000000000000 ) ;
#6710 = EDGE_CURVE ( 'NONE', #1488, #5899, #262, .T. ) ;
#6711 = LINE ( 'NONE', #4915, #4951 ) ;
#6712 = CARTESIAN_POINT ( 'NONE',  ( -4.191000000000000725, 7.048499999999997989, -0.8889999999999986802 ) ) ;
#6713 = DIRECTION ( 'NONE',  ( 0.000000000000000000, 0.000000000000000000, 1.000000000000000000 ) ) ;
#6714 = CARTESIAN_POINT ( 'NONE',  ( -2.984499999999998376, 7.492999999999999439, -2.501900000000000901 ) ) ;
#6715 = ORIENTED_EDGE ( 'NONE', *, *, #444, .T. ) ;
#6716 = ORIENTED_EDGE ( 'NONE', *, *, #270, .F. ) ;
#6717 = DIRECTION ( 'NONE',  ( 0.000000000000000000, 1.000000000000000000, 2.439149994343092652E-16 ) ) ;
#6718 = CARTESIAN_POINT ( 'NONE',  ( -2.539999999999997815, 0.8889999999999989022, -1.984781810244995004 ) ) ;
#6719 = LINE ( 'NONE', #1388, #4254 ) ;
#6720 = DIRECTION ( 'NONE',  ( 0.000000000000000000, 1.000000000000000000, -0.000000000000000000 ) ) ;
#6721 = CARTESIAN_POINT ( 'NONE',  ( 1.650999999999998025, 6.222999999999998977, -0.8889999999999987912 ) ) ;
#6722 = ORIENTED_EDGE ( 'NONE', *, *, #1797, .F. ) ;
#6723 = DIRECTION ( 'NONE',  ( 1.000000000000000000, 0.000000000000000000, 0.000000000000000000 ) ) ;
#6724 = VERTEX_POINT ( 'NONE', #5587 ) ;
#6725 = EDGE_CURVE ( 'NONE', #5825, #3108, #2037, .T. ) ;
#6726 = ORIENTED_EDGE ( 'NONE', *, *, #5194, .T. ) ;
#6727 = LINE ( 'NONE', #3689, #5777 ) ;
#6728 = CARTESIAN_POINT ( 'NONE',  ( 0.3047999999999999599, -3.611118645726067224E-32, 3.429000000000000270 ) ) ;
#6729 = CARTESIAN_POINT ( 'NONE',  ( 2.540000000000002256, 0.3809999999999988396, 2.120899999999999785 ) ) ;
#6730 = FACE_BOUND ( 'NONE', #493, .T. ) ;
#6731 = ORIENTED_EDGE ( 'NONE', *, *, #4442, .T. ) ;
#6732 = EDGE_CURVE ( 'NONE', #1076, #7363, #2615, .T. ) ;
#6733 = ORIENTED_EDGE ( 'NONE', *, *, #7549, .F. ) ;
#6734 = CARTESIAN_POINT ( 'NONE',  ( -7.619999999999998330, 7.492999999999998550, 2.501900000000000901 ) ) ;
#6735 = VECTOR ( 'NONE', #1877, 1000.000000000000000 ) ;
#6736 = CARTESIAN_POINT ( 'NONE',  ( -5.969000000000002082, 7.048499999999997989, -0.8889999999999986802 ) ) ;
#6737 = CARTESIAN_POINT ( 'NONE',  ( -3.429000000000002490, 6.222999999999998977, 1.651000000000001133 ) ) ;
#6738 = VECTOR ( 'NONE', #2970, 1000.000000000000000 ) ;
#6739 = CARTESIAN_POINT ( 'NONE',  ( -2.539999999999997815, 0.8889999999999985691, 1.984781810244993228 ) ) ;
#6740 = ORIENTED_EDGE ( 'NONE', *, *, #6958, .T. ) ;
#6741 = VECTOR ( 'NONE', #4448, 1000.000000000000114 ) ;
#6742 = DIRECTION ( 'NONE',  ( -0.000000000000000000, 1.000000000000000000, 1.733406087350420004E-16 ) ) ;
#6743 = VERTEX_POINT ( 'NONE', #6816 ) ;
#6744 = EDGE_CURVE ( 'NONE', #1749, #5762, #3846, .T. ) ;
#6745 = PLANE ( 'NONE',  #1518 ) ;
#6746 = CARTESIAN_POINT ( 'NONE',  ( 3.428999999999999826, 6.222999999999998977, -0.8889999999999987912 ) ) ;
#6747 = LINE ( 'NONE', #4406, #4162 ) ;
#6748 = DIRECTION ( 'NONE',  ( 1.000000000000000000, 0.000000000000000000, 0.000000000000000000 ) ) ;
#6749 = PRODUCT ( 'NPTC082KFMS-RC', 'NPTC082KFMS-RC', '', ( #1926 ) ) ;
#6750 = EDGE_CURVE ( 'NONE', #2241, #618, #300, .T. ) ;
#6751 = ADVANCED_FACE ( 'NONE', ( #4545 ), #925, .F. ) ;
#6752 = VERTEX_POINT ( 'NONE', #3311 ) ;
#6753 = ORIENTED_EDGE ( 'NONE', *, *, #7200, .F. ) ;
#6754 = AXIS2_PLACEMENT_3D ( 'NONE', #4517, #1570, #5734 ) ;
#6755 = CARTESIAN_POINT ( 'NONE',  ( -6.731000000000000760, 7.048499999999997101, 0.8890000000000012337 ) ) ;
#6756 = DIRECTION ( 'NONE',  ( -1.000000000000000000, -0.000000000000000000, -0.000000000000000000 ) ) ;
#6757 = DIRECTION ( 'NONE',  ( -0.000000000000000000, 1.000000000000000000, -0.000000000000000000 ) ) ;
#6758 = CARTESIAN_POINT ( 'NONE',  ( 0.3047999999999999599, -3.611118645726065035E-32, -3.429000000000000270 ) ) ;
#6759 = LINE ( 'NONE', #6868, #7591 ) ;
#6760 = CARTESIAN_POINT ( 'NONE',  ( 2.540000000000002256, 0.3809999999999999498, -2.501900000000000901 ) ) ;
#6761 = ORIENTED_EDGE ( 'NONE', *, *, #2447, .F. ) ;
#6762 =( REPRESENTATION_RELATIONSHIP ('NONE','NONE', #132, #2825 ) REPRESENTATION_RELATIONSHIP_WITH_TRANSFORMATION ( #5179 )SHAPE_REPRESENTATION_RELATIONSHIP( ) );
#6763 = ORIENTED_EDGE ( 'NONE', *, *, #672, .T. ) ;
#6764 = AXIS2_PLACEMENT_3D ( 'NONE', #6431, #4548, #7578 ) ;
#6765 = AXIS2_PLACEMENT_3D ( 'NONE', #4396, #5617, #5727 ) ;
#6766 = AXIS2_PLACEMENT_3D ( 'NONE', #1723, #1406, #6151 ) ;
#6767 = FACE_OUTER_BOUND ( 'NONE', #5288, .T. ) ;
#6768 = LINE ( 'NONE', #872, #6145 ) ;
#6769 = DIRECTION ( 'NONE',  ( -0.000000000000000000, -0.7071067811865491270, -0.7071067811865460184 ) ) ;
#6770 = EDGE_CURVE ( 'NONE', #4867, #2394, #7000, .T. ) ;
#6771 = PLANE ( 'NONE',  #2203 ) ;
#6772 = VECTOR ( 'NONE', #7339, 1000.000000000000000 ) ;
#6773 = VECTOR ( 'NONE', #3571, 1000.000000000000000 ) ;
#6774 = VERTEX_POINT ( 'NONE', #1073 ) ;
#6775 = EDGE_LOOP ( 'NONE', ( #3799, #3149, #6691, #2256 ) ) ;
#6776 = DIRECTION ( 'NONE',  ( 0.000000000000000000, 1.733406087350420004E-16, -1.000000000000000000 ) ) ;
#6777 = DIRECTION ( 'NONE',  ( 0.000000000000000000, 1.422837496700139336E-15, -1.000000000000000000 ) ) ;
#6778 = DIRECTION ( 'NONE',  ( -0.5773502691896270633, 0.5773502691896240657, -0.5773502691896261751 ) ) ;
#6779 = PLANE ( 'NONE',  #904 ) ;
#6780 = ADVANCED_FACE ( 'NONE', ( #4618 ), #5694, .F. ) ;
#6781 = EDGE_LOOP ( 'NONE', ( #1239, #6202, #3788, #19 ) ) ;
#6782 = VECTOR ( 'NONE', #1776, 1000.000000000000000 ) ;
#6783 = CARTESIAN_POINT ( 'NONE',  ( 3.428999999999999826, 7.048499999999997101, 0.8890000000000012337 ) ) ;
#6784 = VECTOR ( 'NONE', #3785, 1000.000000000000114 ) ;
#6785 = ORIENTED_EDGE ( 'NONE', *, *, #5404, .F. ) ;
#6786 = CARTESIAN_POINT ( 'NONE',  ( -5.969000000000002082, 6.222999999999998977, 0.8890000000000011227 ) ) ;
#6787 = CARTESIAN_POINT ( 'NONE',  ( -8.064499999999998892, 7.492999999999998550, 0.4444999999999979523 ) ) ;
#6788 = AXIS2_PLACEMENT_3D ( 'NONE', #5109, #2783, #6403 ) ;
#6789 = EDGE_CURVE ( 'NONE', #3704, #4503, #1032, .T. ) ;
#6790 = DIRECTION ( 'NONE',  ( 0.7071067811865456854, -0.7071067811865494601, -1.225703198915526333E-16 ) ) ;
#6791 = ITEM_DEFINED_TRANSFORMATION ( 'NONE', 'NONE', #6515,  #7126 ) ;
#6792 = DIRECTION ( 'NONE',  ( 0.000000000000000000, -1.733406087350420004E-16, 1.000000000000000000 ) ) ;
#6793 = ORIENTED_EDGE ( 'NONE', *, *, #7586, .F. ) ;
#6794 = ORIENTED_EDGE ( 'NONE', *, *, #5854, .T. ) ;
#6795 = CARTESIAN_POINT ( 'NONE',  ( 5.080000000000002736, 0.3809999999999988396, 2.120899999999999785 ) ) ;
#6796 = LINE ( 'NONE', #3827, #453 ) ;
#6797 = EDGE_CURVE ( 'NONE', #1094, #1852, #3348, .T. ) ;
#6798 = CARTESIAN_POINT ( 'NONE',  ( 0.3047999999999999599, 0.8889999999999995683, -1.968499999999999694 ) ) ;
#6799 = CARTESIAN_POINT ( 'NONE',  ( 5.968999999999998529, 7.048499999999997101, 0.8890000000000012337 ) ) ;
#6800 = LINE ( 'NONE', #7371, #5624 ) ;
#6801 = PLANE ( 'NONE',  #559 ) ;
#6802 = ORIENTED_EDGE ( 'NONE', *, *, #6037, .F. ) ;
#6803 = ORIENTED_EDGE ( 'NONE', *, *, #6038, .F. ) ;
#6804 = VECTOR ( 'NONE', #1302, 1000.000000000000000 ) ;
#6805 = ADVANCED_FACE ( 'NONE', ( #1594 ), #6927, .F. ) ;
#6806 = PLANE ( 'NONE',  #3161 ) ;
#6807 = DIRECTION ( 'NONE',  ( -0.000000000000000000, 0.2588190451025143002, 0.9659258262890700886 ) ) ;
#6808 = CARTESIAN_POINT ( 'NONE',  ( 17.78000000000000114, 6.222999999999998977, -2.201425730935033664E-16 ) ) ;
#6809 = VECTOR ( 'NONE', #1214, 1000.000000000000000 ) ;
#6810 = ORIENTED_EDGE ( 'NONE', *, *, #4196, .T. ) ;
#6811 = ORIENTED_EDGE ( 'NONE', *, *, #204, .T. ) ;
#6812 = DIRECTION ( 'NONE',  ( 0.000000000000000000, 0.000000000000000000, 1.000000000000000000 ) ) ;
#6813 = VECTOR ( 'NONE', #349, 1000.000000000000000 ) ;
#6814 = CARTESIAN_POINT ( 'NONE',  ( -3.429000000000002490, 6.222999999999998977, -1.650999999999998913 ) ) ;
#6815 = CARTESIAN_POINT ( 'NONE',  ( 10.16000000000000192, 0.8889999999999989022, -1.984781810244995004 ) ) ;
#6816 = CARTESIAN_POINT ( 'NONE',  ( 0.3047999999999999599, 0.6731000000000003647, 1.968499999999999694 ) ) ;
#6817 = ORIENTED_EDGE ( 'NONE', *, *, #3728, .F. ) ;
#6818 = CARTESIAN_POINT ( 'NONE',  ( -9.271000000000000796, 7.048499999999997989, -1.650999999999998691 ) ) ;
#6819 = ORIENTED_EDGE ( 'NONE', *, *, #3508, .T. ) ;
#6820 = ADVANCED_FACE ( 'NONE', ( #452 ), #2139, .F. ) ;
#6821 = LINE ( 'NONE', #5731, #889 ) ;
#6822 = CARTESIAN_POINT ( 'NONE',  ( 12.70000000000000107, 6.222999999999998977, -2.201425730935033664E-16 ) ) ;
#6823 = LINE ( 'NONE', #1416, #4670 ) ;
#6824 = CONTEXT_DEPENDENT_SHAPE_REPRESENTATION ( #2639, #2589 ) ;
#6825 = CARTESIAN_POINT ( 'NONE',  ( 10.41399999999999970, 0.3809999999999988396, 2.120899999999999785 ) ) ;
#6826 = VECTOR ( 'NONE', #5826, 1000.000000000000114 ) ;
#6827 = ORIENTED_EDGE ( 'NONE', *, *, #4326, .F. ) ;
#6828 = EDGE_CURVE ( 'NONE', #1480, #6030, #994, .T. ) ;
#6829 = EDGE_LOOP ( 'NONE', ( #5832, #6444, #1693, #1005 ) ) ;
#6830 = SURFACE_STYLE_FILL_AREA ( #3287 ) ;
#6831 = DIRECTION ( 'NONE',  ( -1.000000000000000000, -0.000000000000000000, -0.000000000000000000 ) ) ;
#6832 = DIRECTION ( 'NONE',  ( 0.000000000000000000, 1.000000000000000000, 2.439149994343092652E-16 ) ) ;
#6833 = CARTESIAN_POINT ( 'NONE',  ( 10.41399999999999970, 7.492999999999999439, -2.501900000000000901 ) ) ;
#6834 = CARTESIAN_POINT ( 'NONE',  ( 1.734723475976807094E-15, 0.8889999999999985691, 1.984781810244993228 ) ) ;
#6835 = DIRECTION ( 'NONE',  ( 1.000000000000000000, 0.000000000000000000, 0.000000000000000000 ) ) ;
#6836 = ORIENTED_EDGE ( 'NONE', *, *, #6084, .F. ) ;
#6837 = ADVANCED_FACE ( 'NONE', ( #4508 ), #376, .F. ) ;
#6838 = EDGE_LOOP ( 'NONE', ( #3065, #6182, #1988, #5689 ) ) ;
#6839 = CARTESIAN_POINT ( 'NONE',  ( 1.396999999999997133, 6.794499999999999318, -1.142999999999999572 ) ) ;
#6840 = DIRECTION ( 'NONE',  ( 0.000000000000000000, -1.422837496700138942E-15, 1.000000000000000000 ) ) ;
#6841 = DIRECTION ( 'NONE',  ( 0.000000000000000000, -1.733406087350420251E-16, 1.000000000000000000 ) ) ;
#6842 = ORIENTED_EDGE ( 'NONE', *, *, #2711, .T. ) ;
#6843 = EDGE_CURVE ( 'NONE', #4439, #4496, #3456, .T. ) ;
#6844 = ORIENTED_EDGE ( 'NONE', *, *, #6288, .T. ) ;
#6845 = EDGE_CURVE ( 'NONE', #2393, #2394, #2875, .T. ) ;
#6846 = LINE ( 'NONE', #3878, #7462 ) ;
#6847 = DIRECTION ( 'NONE',  ( 0.000000000000000000, 1.000000000000000000, 1.422837496700139533E-15 ) ) ;
#6848 = CARTESIAN_POINT ( 'NONE',  ( -7.619999999999998330, 0.3809999999999999498, -2.501900000000000901 ) ) ;
#6849 = DIRECTION ( 'NONE',  ( -1.000000000000000000, -0.000000000000000000, -0.000000000000000000 ) ) ;
#6850 = VERTEX_POINT ( 'NONE', #6381 ) ;
#6851 = DIRECTION ( 'NONE',  ( 0.000000000000000000, 1.733406087350420004E-16, -1.000000000000000000 ) ) ;
#6852 = ORIENTED_EDGE ( 'NONE', *, *, #4920, .T. ) ;
#6853 = CARTESIAN_POINT ( 'NONE',  ( -6.731000000000000760, 7.048499999999997101, 1.651000000000001355 ) ) ;
#6854 = VECTOR ( 'NONE', #2422, 1000.000000000000000 ) ;
#6855 = CARTESIAN_POINT ( 'NONE',  ( -3.429000000000002490, 6.222999999999998977, -1.650999999999998913 ) ) ;
#6856 = DIRECTION ( 'NONE',  ( -0.000000000000000000, -1.000000000000000000, -0.000000000000000000 ) ) ;
#6857 = DIRECTION ( 'NONE',  ( 0.000000000000000000, 1.138269997360111548E-15, 1.000000000000000000 ) ) ;
#6858 = EDGE_CURVE ( 'NONE', #7106, #3778, #417, .T. ) ;
#6859 = VECTOR ( 'NONE', #6489, 1000.000000000000000 ) ;
#6860 = VERTEX_POINT ( 'NONE', #7612 ) ;
#6861 = ORIENTED_EDGE ( 'NONE', *, *, #6911, .T. ) ;
#6862 = CARTESIAN_POINT ( 'NONE',  ( -7.175500000000004874, 7.492999999999999439, -0.4444999999999955653 ) ) ;
#6863 = AXIS2_PLACEMENT_3D ( 'NONE', #2338, #5844, #6390 ) ;
#6864 = DIRECTION ( 'NONE',  ( 1.000000000000000000, 0.000000000000000000, -0.000000000000000000 ) ) ;
#6865 = DIRECTION ( 'NONE',  ( 0.000000000000000000, -1.733406087350420004E-16, 1.000000000000000000 ) ) ;
#6866 = VERTEX_POINT ( 'NONE', #5169 ) ;
#6867 = EDGE_CURVE ( 'NONE', #2541, #2862, #4580, .T. ) ;
#6868 = CARTESIAN_POINT ( 'NONE',  ( -7.619999999999998330, 7.492999999999999439, -2.501900000000000901 ) ) ;
#6869 = CARTESIAN_POINT ( 'NONE',  ( 2.540000000000002256, 0.3809999999999992837, 2.501899999999999125 ) ) ;
#6870 = ORIENTED_EDGE ( 'NONE', *, *, #5305, .F. ) ;
#6871 = PRODUCT_DEFINITION_SHAPE ( 'NONE', 'NONE',  #7697 ) ;
#6872 = EDGE_LOOP ( 'NONE', ( #3376, #3314, #649, #7205 ) ) ;
#6873 =( GEOMETRIC_REPRESENTATION_CONTEXT ( 3 ) GLOBAL_UNCERTAINTY_ASSIGNED_CONTEXT ( ( #5735 ) ) GLOBAL_UNIT_ASSIGNED_CONTEXT ( ( #4754, #1218, #4204 ) ) REPRESENTATION_CONTEXT ( 'NONE', 'WORKASPACE' ) );
#6874 = VECTOR ( 'NONE', #2043, 1000.000000000000114 ) ;
#6875 = CARTESIAN_POINT ( 'NONE',  ( -4.191000000000000725, 6.222999999999998977, 1.651000000000001133 ) ) ;
#6876 = CARTESIAN_POINT ( 'NONE',  ( 7.620000000000001883, 0.3809999999999993947, -2.120900000000001562 ) ) ;
#6877 = ADVANCED_FACE ( 'NONE', ( #3993 ), #4030, .F. ) ;
#6878 = DIRECTION ( 'NONE',  ( 0.000000000000000000, 0.000000000000000000, -1.000000000000000000 ) ) ;
#6879 = VECTOR ( 'NONE', #3614, 1000.000000000000000 ) ;
#6880 = ORIENTED_EDGE ( 'NONE', *, *, #4913, .F. ) ;
#6881 = AXIS2_PLACEMENT_3D ( 'NONE', #1244, #7312, #2001 ) ;
#6882 = ORIENTED_EDGE ( 'NONE', *, *, #3247, .F. ) ;
#6883 = DIRECTION ( 'NONE',  ( 0.000000000000000000, 0.000000000000000000, -1.000000000000000000 ) ) ;
#6884 = DIRECTION ( 'NONE',  ( 0.000000000000000000, 1.733406087350420004E-16, -1.000000000000000000 ) ) ;
#6885 = DIRECTION ( 'NONE',  ( 0.000000000000000000, -1.000000000000000000, -1.733406087350420004E-16 ) ) ;
#6886 = VECTOR ( 'NONE', #606, 1000.000000000000000 ) ;
#6887 = ORIENTED_EDGE ( 'NONE', *, *, #7624, .F. ) ;
#6888 = ADVANCED_FACE ( 'NONE', ( #6424 ), #2290, .F. ) ;
#6889 = ADVANCED_FACE ( 'NONE', ( #7185 ), #3028, .F. ) ;
#6890 = CARTESIAN_POINT ( 'NONE',  ( 8.762999999999999901, 6.794499999999998430, 1.143000000000001570 ) ) ;
#6891 = ORIENTED_EDGE ( 'NONE', *, *, #4027, .F. ) ;
#6892 = DIRECTION ( 'NONE',  ( -0.000000000000000000, -0.7071067811865487940, -0.7071067811865462405 ) ) ;
#6893 = CARTESIAN_POINT ( 'NONE',  ( 1.650999999999998025, 6.222999999999998977, -1.650999999999998913 ) ) ;
#6894 = LINE ( 'NONE', #6395, #4630 ) ;
#6895 = EDGE_CURVE ( 'NONE', #2678, #6579, #2405, .T. ) ;
#6896 = VECTOR ( 'NONE', #91, 1000.000000000000000 ) ;
#6897 = LINE ( 'NONE', #4631, #2370 ) ;
#6898 = ORIENTED_EDGE ( 'NONE', *, *, #3151, .T. ) ;
#6899 = ORIENTED_EDGE ( 'NONE', *, *, #5879, .T. ) ;
#6900 = VECTOR ( 'NONE', #7023, 1000.000000000000000 ) ;
#6901 = LINE ( 'NONE', #2739, #7474 ) ;
#6902 = PLANE ( 'NONE',  #1466 ) ;
#6903 = CARTESIAN_POINT ( 'NONE',  ( -4.191000000000000725, 6.222999999999998977, -1.650999999999998913 ) ) ;
#6904 = DIRECTION ( 'NONE',  ( -1.000000000000000000, 0.000000000000000000, 0.000000000000000000 ) ) ;
#6905 = LINE ( 'NONE', #7595, #5557 ) ;
#6906 = DIRECTION ( 'NONE',  ( 0.000000000000000000, 0.000000000000000000, -1.000000000000000000 ) ) ;
#6907 = VECTOR ( 'NONE', #811, 1000.000000000000000 ) ;
#6908 = ORIENTED_EDGE ( 'NONE', *, *, #4938, .T. ) ;
#6909 = EDGE_LOOP ( 'NONE', ( #5481, #1786, #6365, #3842 ) ) ;
#6910 = EDGE_CURVE ( 'NONE', #2593, #7175, #5798, .T. ) ;
#6911 = EDGE_CURVE ( 'NONE', #1336, #2286, #3534, .T. ) ;
#6912 = VECTOR ( 'NONE', #3458, 1000.000000000000114 ) ;
#6913 = AXIS2_PLACEMENT_3D ( 'NONE', #2914, #23, #6501 ) ;
#6914 = SURFACE_STYLE_FILL_AREA ( #4498 ) ;
#6915 = DIRECTION ( 'NONE',  ( -1.000000000000000000, 0.000000000000000000, 0.000000000000000000 ) ) ;
#6916 = CARTESIAN_POINT ( 'NONE',  ( -5.079999999999998295, 0.8889999999999989022, -1.984781810244995004 ) ) ;
#6917 = DIRECTION ( 'NONE',  ( 1.000000000000000000, 0.000000000000000000, -0.000000000000000000 ) ) ;
#6918 = AXIS2_PLACEMENT_3D ( 'NONE', #4032, #6426, #7112 ) ;
#6919 = ORIENTED_EDGE ( 'NONE', *, *, #4619, .F. ) ;
#6920 = VECTOR ( 'NONE', #5273, 1000.000000000000000 ) ;
#6921 = VECTOR ( 'NONE', #6254, 1000.000000000000000 ) ;
#6922 = ORIENTED_EDGE ( 'NONE', *, *, #5116, .T. ) ;
#6923 = EDGE_CURVE ( 'NONE', #884, #5090, #1235, .T. ) ;
#6924 = DIRECTION ( 'NONE',  ( 1.000000000000000000, -0.000000000000000000, -0.000000000000000000 ) ) ;
#6925 = VECTOR ( 'NONE', #842, 1000.000000000000000 ) ;
#6926 = CARTESIAN_POINT ( 'NONE',  ( 5.968999999999998529, 6.222999999999998977, 0.8890000000000011227 ) ) ;
#6927 = PLANE ( 'NONE',  #5677 ) ;
#6928 = ORIENTED_EDGE ( 'NONE', *, *, #3415, .F. ) ;
#6929 = ORIENTED_EDGE ( 'NONE', *, *, #3898, .F. ) ;
#6930 = CARTESIAN_POINT ( 'NONE',  ( -5.079999999999997407, 0.3809999999999992837, 2.501899999999999125 ) ) ;
#6931 = ORIENTED_EDGE ( 'NONE', *, *, #4526, .F. ) ;
#6932 = AXIS2_PLACEMENT_3D ( 'NONE', #1457, #3238, #5067 ) ;
#6933 = CARTESIAN_POINT ( 'NONE',  ( -10.41399999999999970, 0.000000000000000000, 0.000000000000000000 ) ) ;
#6934 = ADVANCED_FACE ( 'NONE', ( #5983, #608, #6611 ), #5949, .F. ) ;
#6935 = ORIENTED_EDGE ( 'NONE', *, *, #2661, .F. ) ;
#6936 = LINE ( 'NONE', #1600, #4330 ) ;
#6937 = PLANE ( 'NONE',  #3271 ) ;
#6938 = VECTOR ( 'NONE', #4954, 1000.000000000000114 ) ;
#6939 = CARTESIAN_POINT ( 'NONE',  ( 7.620000000000000107, 6.222999999999998977, -2.201425730935033664E-16 ) ) ;
#6940 = ORIENTED_EDGE ( 'NONE', *, *, #5515, .F. ) ;
#6941 = ORIENTED_EDGE ( 'NONE', *, *, #585, .F. ) ;
#6942 = ADVANCED_FACE ( 'NONE', ( #4775 ), #1195, .F. ) ;
#6943 = EDGE_CURVE ( 'NONE', #139, #1528, #5331, .T. ) ;
#6944 = FACE_OUTER_BOUND ( 'NONE', #3569, .T. ) ;
#6945 = DIRECTION ( 'NONE',  ( 0.000000000000000000, 0.000000000000000000, -1.000000000000000000 ) ) ;
#6946 = FACE_OUTER_BOUND ( 'NONE', #1440, .T. ) ;
#6947 = CARTESIAN_POINT ( 'NONE',  ( 5.080000000000002736, 0.3809999999999988396, 2.120899999999999785 ) ) ;
#6948 = AXIS2_PLACEMENT_3D ( 'NONE', #4077, #1116, #7659 ) ;
#6949 = PLANE ( 'NONE',  #5797 ) ;
#6950 = LINE ( 'NONE', #1614, #4808 ) ;
#6951 = ORIENTED_EDGE ( 'NONE', *, *, #2546, .T. ) ;
#6952 = ORIENTED_EDGE ( 'NONE', *, *, #2565, .F. ) ;
#6953 = VECTOR ( 'NONE', #6018, 1000.000000000000000 ) ;
#6954 = CARTESIAN_POINT ( 'NONE',  ( -6.731000000000000760, 7.048499999999997989, -0.8889999999999986802 ) ) ;
#6955 = CARTESIAN_POINT ( 'NONE',  ( 1.396999999999997133, 6.794499999999998430, 1.143000000000001570 ) ) ;
#6956 = DIRECTION ( 'NONE',  ( 0.000000000000000000, -1.733406087350420004E-16, 1.000000000000000000 ) ) ;
#6957 = PRODUCT_RELATED_PRODUCT_CATEGORY ( 'part', '', ( #339 ) ) ;
#6958 = EDGE_CURVE ( 'NONE', #2032, #6850, #563, .T. ) ;
#6959 = ORIENTED_EDGE ( 'NONE', *, *, #2223, .T. ) ;
#6960 = ORIENTED_EDGE ( 'NONE', *, *, #715, .F. ) ;
#6961 = DIRECTION ( 'NONE',  ( -0.000000000000000000, 1.000000000000000000, 1.733406087350420004E-16 ) ) ;
#6962 = LINE ( 'NONE', #3991, #4900 ) ;
#6963 = CARTESIAN_POINT ( 'NONE',  ( -4.191000000000000725, 7.048499999999997989, -0.8889999999999986802 ) ) ;
#6964 = ORIENTED_EDGE ( 'NONE', *, *, #5725, .F. ) ;
#6965 = ADVANCED_FACE ( 'NONE', ( #1791 ), #7690, .F. ) ;
#6966 = CARTESIAN_POINT ( 'NONE',  ( 1.734723475976807094E-15, 0.8889999999999989022, -1.984781810244995004 ) ) ;
#6967 = ORIENTED_EDGE ( 'NONE', *, *, #892, .F. ) ;
#6968 = DIRECTION ( 'NONE',  ( 0.000000000000000000, 1.733406087350420004E-16, -1.000000000000000000 ) ) ;
#6969 =( GEOMETRIC_REPRESENTATION_CONTEXT ( 3 ) GLOBAL_UNCERTAINTY_ASSIGNED_CONTEXT ( ( #2625 ) ) GLOBAL_UNIT_ASSIGNED_CONTEXT ( ( #239, #1495, #1460 ) ) REPRESENTATION_CONTEXT ( 'NONE', 'WORKASPACE' ) );
#6970 = DIRECTION ( 'NONE',  ( 0.000000000000000000, 0.2588190451025143002, -0.9659258262890700886 ) ) ;
#6971 = LINE ( 'NONE', #4000, #5008 ) ;
#6972 = LINE ( 'NONE', #3502, #518 ) ;
#6973 = EDGE_CURVE ( 'NONE', #5640, #4921, #2368, .T. ) ;
#6974 = PRESENTATION_STYLE_ASSIGNMENT (( #1602 ) ) ;
#6975 = VERTEX_POINT ( 'NONE', #4732 ) ;
#6976 = ORIENTED_EDGE ( 'NONE', *, *, #5571, .T. ) ;
#6977 = CARTESIAN_POINT ( 'NONE',  ( 10.16000000000000192, 7.492999999999998550, 2.501900000000000901 ) ) ;
#6978 = ORIENTED_EDGE ( 'NONE', *, *, #1311, .T. ) ;
#6979 = DIRECTION ( 'NONE',  ( 0.000000000000000000, 0.2588190451025143002, -0.9659258262890699775 ) ) ;
#6980 = CLOSED_SHELL ( 'NONE', ( #2863, #177, #6063, #6356, #2514, #314, #2067, #66, #5385, #2839, #4783, #2545, #826, #6301, #6133, #3748, #4389, #1158, #344, #930, #7402, #231, #5395, #284, #885, #1754, #1918, #103 ) ) ;
#6981 = DIRECTION ( 'NONE',  ( 0.000000000000000000, -0.9659258262890700886, 0.2588190451025143002 ) ) ;
#6982 = EDGE_CURVE ( 'NONE', #4651, #7561, #6542, .T. ) ;
#6983 = AXIS2_PLACEMENT_3D ( 'NONE', #3135, #3753, #6639 ) ;
#6984 = DIRECTION ( 'NONE',  ( -1.000000000000000000, 0.000000000000000000, 0.000000000000000000 ) ) ;
#6985 = EDGE_CURVE ( 'NONE', #896, #4421, #2442, .T. ) ;
#6986 = PLANE ( 'NONE',  #4802 ) ;
#6987 = EDGE_LOOP ( 'NONE', ( #7383, #2847, #6827, #7638 ) ) ;
#6988 = ORIENTED_EDGE ( 'NONE', *, *, #7208, .F. ) ;
#6989 = CARTESIAN_POINT ( 'NONE',  ( -5.079999999999997407, 7.492999999999999439, -2.095500000000001695 ) ) ;
#6990 = PLANE ( 'NONE',  #54 ) ;
#6991 = CARTESIAN_POINT ( 'NONE',  ( -1.651000000000001355, 7.048499999999997101, 1.651000000000001355 ) ) ;
#6992 = CARTESIAN_POINT ( 'NONE',  ( 6.730999999999997208, 7.048499999999997101, 1.651000000000001355 ) ) ;
#6993 = ORIENTED_EDGE ( 'NONE', *, *, #4325, .T. ) ;
#6994 = ORIENTED_EDGE ( 'NONE', *, *, #2134, .T. ) ;
#6995 = STYLED_ITEM ( 'NONE', ( #1683 ), #1155 ) ;
#6996 = AXIS2_PLACEMENT_3D ( 'NONE', #2853, #1043, #3357 ) ;
#6997 = EDGE_CURVE ( 'NONE', #6579, #5773, #3612, .T. ) ;
#6998 = DIRECTION ( 'NONE',  ( 0.000000000000000000, 1.000000000000000000, -1.138269997360111548E-15 ) ) ;
#6999 = PLANE ( 'NONE',  #3406 ) ;
#7000 = LINE ( 'NONE', #3420, #5561 ) ;
#7001 = ORIENTED_EDGE ( 'NONE', *, *, #6105, .F. ) ;
#7002 = DIRECTION ( 'NONE',  ( 0.000000000000000000, 1.092515224483717628E-16, -1.000000000000000000 ) ) ;
#7003 = FACE_OUTER_BOUND ( 'NONE', #2987, .T. ) ;
#7004 = VERTEX_POINT ( 'NONE', #6576 ) ;
#7005 = DIRECTION ( 'NONE',  ( -0.000000000000000000, -0.7071067811865487940, -0.7071067811865462405 ) ) ;
#7006 = VECTOR ( 'NONE', #4817, 1000.000000000000114 ) ;
#7007 = EDGE_CURVE ( 'NONE', #241, #2876, #1275, .T. ) ;
#7008 = VECTOR ( 'NONE', #4908, 1000.000000000000000 ) ;
#7009 = EDGE_CURVE ( 'NONE', #5607, #4496, #5454, .T. ) ;
#7010 = CARTESIAN_POINT ( 'NONE',  ( -10.41399999999999970, 0.3809999999999993947, -2.120900000000001562 ) ) ;
#7011 = SURFACE_SIDE_STYLE ('',( #1042 ) ) ;
#7012 = DIRECTION ( 'NONE',  ( 0.000000000000000000, -0.7071067811865485719, 0.7071067811865465735 ) ) ;
#7013 = DIRECTION ( 'NONE',  ( 1.000000000000000000, 0.000000000000000000, 0.000000000000000000 ) ) ;
#7014 = VECTOR ( 'NONE', #5187, 1000.000000000000000 ) ;
#7015 = VERTEX_POINT ( 'NONE', #1903 ) ;
#7016 = ORIENTED_EDGE ( 'NONE', *, *, #2231, .F. ) ;
#7017 = EDGE_CURVE ( 'NONE', #3790, #1373, #6463, .T. ) ;
#7018 = VECTOR ( 'NONE', #6984, 1000.000000000000000 ) ;
#7019 = DIRECTION ( 'NONE',  ( -0.7071067811865452413, -0.7071067811865499042, -1.225703198915527072E-16 ) ) ;
#7020 = STYLED_ITEM ( 'NONE', ( #2208 ), #6162 ) ;
#7021 = ORIENTED_EDGE ( 'NONE', *, *, #1929, .F. ) ;
#7022 = CARTESIAN_POINT ( 'NONE',  ( -4.191000000000000725, 6.222999999999998977, -1.650999999999998913 ) ) ;
#7023 = DIRECTION ( 'NONE',  ( 0.000000000000000000, 0.000000000000000000, -1.000000000000000000 ) ) ;
#7024 = FACE_OUTER_BOUND ( 'NONE', #2052, .T. ) ;
#7025 = ORIENTED_EDGE ( 'NONE', *, *, #1508, .T. ) ;
#7026 = CIRCLE ( 'NONE', #4916, 0.1269999999999999463 ) ;
#7027 = ORIENTED_EDGE ( 'NONE', *, *, #3546, .T. ) ;
#7028 = CARTESIAN_POINT ( 'NONE',  ( 0.3047999999999999599, 0.8889999999999995683, -1.714499999999999913 ) ) ;
#7029 = EDGE_CURVE ( 'NONE', #3504, #3074, #5610, .T. ) ;
#7030 = PLANE ( 'NONE',  #1679 ) ;
#7031 = LINE ( 'NONE', #7604, #4427 ) ;
#7032 = DIRECTION ( 'NONE',  ( -1.000000000000000000, -0.000000000000000000, -0.000000000000000000 ) ) ;
#7033 = ORIENTED_EDGE ( 'NONE', *, *, #1196, .T. ) ;
#7034 = VERTEX_POINT ( 'NONE', #1437 ) ;
#7035 = VECTOR ( 'NONE', #5802, 1000.000000000000000 ) ;
#7036 = ADVANCED_FACE ( 'NONE', ( #7266 ), #4935, .F. ) ;
#7037 = AXIS2_PLACEMENT_3D ( 'NONE', #1319, #3145, #6103 ) ;
#7038 = CARTESIAN_POINT ( 'NONE',  ( 7.620000000000001883, 0.8889999999999985691, 1.984781810244993228 ) ) ;
#7039 = CARTESIAN_POINT ( 'NONE',  ( 3.428999999999999826, 7.048499999999997101, 1.651000000000001355 ) ) ;
#7040 = DIRECTION ( 'NONE',  ( 0.000000000000000000, -1.733406087350420004E-16, 1.000000000000000000 ) ) ;
#7041 = CARTESIAN_POINT ( 'NONE',  ( -2.095500000000005247, 7.492999999999999439, -2.501900000000000901 ) ) ;
#7042 = AXIS2_PLACEMENT_3D ( 'NONE', #4927, #4377, #3829 ) ;
#7043 = LINE ( 'NONE', #647, #5922 ) ;
#7044 = ORIENTED_EDGE ( 'NONE', *, *, #6683, .T. ) ;
#7045 = FACE_OUTER_BOUND ( 'NONE', #5103, .T. ) ;
#7046 = VECTOR ( 'NONE', #6008, 1000.000000000000000 ) ;
#7047 = LINE ( 'NONE', #7472, #1980 ) ;
#7048 = DIRECTION ( 'NONE',  ( 0.000000000000000000, 0.000000000000000000, 1.000000000000000000 ) ) ;
#7049 = DIRECTION ( 'NONE',  ( 0.000000000000000000, -1.733406087350420004E-16, 1.000000000000000000 ) ) ;
#7050 =( NAMED_UNIT ( * ) SI_UNIT ( $, .STERADIAN. ) SOLID_ANGLE_UNIT ( ) );
#7051 = ORIENTED_EDGE ( 'NONE', *, *, #858, .T. ) ;
#7052 = VECTOR ( 'NONE', #542, 1000.000000000000000 ) ;
#7053 = ADVANCED_FACE ( 'NONE', ( #873 ), #3764, .F. ) ;
#7054 = ORIENTED_EDGE ( 'NONE', *, *, #3121, .T. ) ;
#7055 = ORIENTED_EDGE ( 'NONE', *, *, #2460, .F. ) ;
#7056 = ORIENTED_EDGE ( 'NONE', *, *, #621, .F. ) ;
#7057 = CARTESIAN_POINT ( 'NONE',  ( -5.079999999999998295, 0.3809999999999992837, 2.501899999999999125 ) ) ;
#7058 = VECTOR ( 'NONE', #4332, 1000.000000000000000 ) ;
#7059 = ORIENTED_EDGE ( 'NONE', *, *, #5360, .T. ) ;
#7060 = CARTESIAN_POINT ( 'NONE',  ( -1.651000000000001355, 6.222999999999998977, 1.651000000000001133 ) ) ;
#7061 = DIRECTION ( 'NONE',  ( -0.000000000000000000, 1.000000000000000000, 1.733406087350420004E-16 ) ) ;
#7062 = CARTESIAN_POINT ( 'NONE',  ( -4.635500000000004839, 7.492999999999999439, -2.501900000000000901 ) ) ;
#7063 = EDGE_CURVE ( 'NONE', #3022, #6070, #3188, .T. ) ;
#7064 = ORIENTED_EDGE ( 'NONE', *, *, #3800, .F. ) ;
#7065 = ORIENTED_EDGE ( 'NONE', *, *, #6895, .F. ) ;
#7066 = PLANE ( 'NONE',  #5987 ) ;
#7067 = PLANE ( 'NONE',  #296 ) ;
#7068 = CARTESIAN_POINT ( 'NONE',  ( -4.191000000000000725, 7.048499999999997101, 1.651000000000001355 ) ) ;
#7069 = CARTESIAN_POINT ( 'NONE',  ( 0.3047999999999999599, 0.8890000000000000124, 1.714499999999999913 ) ) ;
#7070 = EDGE_LOOP ( 'NONE', ( #6496, #908, #7627, #2094 ) ) ;
#7071 = EDGE_CURVE ( 'NONE', #1977, #4624, #3259, .T. ) ;
#7072 = ORIENTED_EDGE ( 'NONE', *, *, #367, .F. ) ;
#7073 = ORIENTED_EDGE ( 'NONE', *, *, #5003, .T. ) ;
#7074 = CARTESIAN_POINT ( 'NONE',  ( 0.3047999999999999599, 0.8890000000000000124, 1.968499999999999694 ) ) ;
#7075 = CARTESIAN_POINT ( 'NONE',  ( 5.080000000000002736, 0.3809999999999992837, 2.501899999999999125 ) ) ;
#7076 = CARTESIAN_POINT ( 'NONE',  ( -7.619999999999998330, 0.8889999999999985691, 1.984781810244993228 ) ) ;
#7077 = CARTESIAN_POINT ( 'NONE',  ( 0.3047999999999999599, 1.275347176632054726E-16, 2.387599999999999945 ) ) ;
#7078 = EDGE_LOOP ( 'NONE', ( #5862, #3270, #5906, #4788 ) ) ;
#7079 = ADVANCED_FACE ( 'NONE', ( #5529 ), #4312, .F. ) ;
#7080 = CARTESIAN_POINT ( 'NONE',  ( -7.619999999999998330, 0.8889999999999985691, 1.984781810244993228 ) ) ;
#7081 = EDGE_CURVE ( 'NONE', #3485, #3254, #3837, .T. ) ;
#7082 = VERTEX_POINT ( 'NONE', #4387 ) ;
#7083 = FACE_OUTER_BOUND ( 'NONE', #594, .T. ) ;
#7084 = DIRECTION ( 'NONE',  ( 0.000000000000000000, -1.733406087350420004E-16, 1.000000000000000000 ) ) ;
#7085 = LINE ( 'NONE', #2922, #2038 ) ;
#7086 = FACE_OUTER_BOUND ( 'NONE', #3946, .T. ) ;
#7087 = LINE ( 'NONE', #1290, #998 ) ;
#7088 = ORIENTED_EDGE ( 'NONE', *, *, #7315, .F. ) ;
#7089 = ORIENTED_EDGE ( 'NONE', *, *, #1898, .F. ) ;
#7090 = ORIENTED_EDGE ( 'NONE', *, *, #2264, .F. ) ;
#7091 = DIRECTION ( 'NONE',  ( 0.000000000000000000, -1.733406087350420004E-16, 1.000000000000000000 ) ) ;
#7092 = ADVANCED_FACE ( 'NONE', ( #5645 ), #841, .F. ) ;
#7093 = ORIENTED_EDGE ( 'NONE', *, *, #2684, .F. ) ;
#7094 = CARTESIAN_POINT ( 'NONE',  ( 9.715500000000002245, 7.492999999999998550, 2.095500000000003915 ) ) ;
#7095 =( NAMED_UNIT ( * ) SI_UNIT ( $, .STERADIAN. ) SOLID_ANGLE_UNIT ( ) );
#7096 = CARTESIAN_POINT ( 'NONE',  ( -5.079999999999998295, 0.3809999999999999498, -2.501900000000000901 ) ) ;
#7097 = LINE ( 'NONE', #4053, #6550 ) ;
#7098 = VERTEX_POINT ( 'NONE', #6695 ) ;
#7099 = ORIENTED_EDGE ( 'NONE', *, *, #4087, .T. ) ;
#7100 = DIRECTION ( 'NONE',  ( -0.000000000000000000, 1.000000000000000000, 1.733406087350420004E-16 ) ) ;
#7101 = ADVANCED_FACE ( 'NONE', ( #7420 ), #4268, .F. ) ;
#7102 =( LENGTH_UNIT ( ) NAMED_UNIT ( * ) SI_UNIT ( .MILLI., .METRE. ) );
#7103 = DIRECTION ( 'NONE',  ( 1.000000000000000000, 0.000000000000000000, 0.000000000000000000 ) ) ;
#7104 = LINE ( 'NONE', #2398, #70 ) ;
#7105 = CARTESIAN_POINT ( 'NONE',  ( 8.508999999999998565, 7.048499999999997989, -0.8889999999999986802 ) ) ;
#7106 = VERTEX_POINT ( 'NONE', #5576 ) ;
#7107 = ORIENTED_EDGE ( 'NONE', *, *, #4313, .T. ) ;
#7108 = EDGE_CURVE ( 'NONE', #5090, #4533, #3691, .T. ) ;
#7109 = CARTESIAN_POINT ( 'NONE',  ( -3.683000000000002938, 6.794499999999998430, 1.143000000000001570 ) ) ;
#7110 = FACE_OUTER_BOUND ( 'NONE', #5164, .T. ) ;
#7111 = DIRECTION ( 'NONE',  ( -0.000000000000000000, 1.000000000000000000, -2.082201214683127315E-16 ) ) ;
#7112 = DIRECTION ( 'NONE',  ( -0.000000000000000000, 0.000000000000000000, 1.000000000000000000 ) ) ;
#7113 = FACE_OUTER_BOUND ( 'NONE', #122, .T. ) ;
#7114 = VECTOR ( 'NONE', #324, 1000.000000000000000 ) ;
#7115 = VERTEX_POINT ( 'NONE', #6067 ) ;
#7116 = ORIENTED_EDGE ( 'NONE', *, *, #414, .F. ) ;
#7117 = LINE ( 'NONE', #6433, #5004 ) ;
#7118 = EDGE_CURVE ( 'NONE', #543, #7279, #803, .T. ) ;
#7119 = DIRECTION ( 'NONE',  ( -1.000000000000000000, -0.000000000000000000, -0.000000000000000000 ) ) ;
#7120 = PLANE ( 'NONE',  #4758 ) ;
#7121 = PLANE ( 'NONE',  #7590 ) ;
#7122 = PRODUCT_DEFINITION_FORMATION_WITH_SPECIFIED_SOURCE ( 'ANY', '', #6749, .NOT_KNOWN. ) ;
#7123 = ORIENTED_EDGE ( 'NONE', *, *, #5466, .F. ) ;
#7124 = EDGE_CURVE ( 'NONE', #6070, #6440, #180, .T. ) ;
#7125 = PLANE ( 'NONE',  #6690 ) ;
#7126 = AXIS2_PLACEMENT_3D ( 'NONE', #4676, #1054, #5965 ) ;
#7127 = CARTESIAN_POINT ( 'NONE',  ( 8.508999999999998565, 7.048499999999997101, 1.651000000000001355 ) ) ;
#7128 =( NAMED_UNIT ( * ) SI_UNIT ( $, .STERADIAN. ) SOLID_ANGLE_UNIT ( ) );
#7129 = VECTOR ( 'NONE', #3488, 1000.000000000000000 ) ;
#7130 = FILL_AREA_STYLE ('',( #4755 ) ) ;
#7131 = LINE ( 'NONE', #667, #574 ) ;
#7132 = ORIENTED_EDGE ( 'NONE', *, *, #7571, .F. ) ;
#7133 = ORIENTED_EDGE ( 'NONE', *, *, #6473, .F. ) ;
#7134 = VECTOR ( 'NONE', #2793, 1000.000000000000114 ) ;
#7135 = DIRECTION ( 'NONE',  ( 0.000000000000000000, 1.733406087350420004E-16, -1.000000000000000000 ) ) ;
#7136 = CARTESIAN_POINT ( 'NONE',  ( 3.428999999999999826, 7.048499999999997989, -0.8889999999999986802 ) ) ;
#7137 = FACE_OUTER_BOUND ( 'NONE', #5708, .T. ) ;
#7138 = CARTESIAN_POINT ( 'NONE',  ( 10.41399999999999970, 0.3809999999999988396, 2.120899999999999785 ) ) ;
#7139 = MECHANICAL_DESIGN_GEOMETRIC_PRESENTATION_REPRESENTATION (  '', ( #4154 ), #3048 ) ;
#7140 = LINE ( 'NONE', #601, #3594 ) ;
#7141 = VERTEX_POINT ( 'NONE', #253 ) ;
#7142 = EDGE_CURVE ( 'NONE', #3761, #6292, #2606, .T. ) ;
#7143 = ADVANCED_FACE ( 'NONE', ( #4424, #4348, #3221 ), #6189, .F. ) ;
#7144 = ORIENTED_EDGE ( 'NONE', *, *, #3184, .F. ) ;
#7145 = AXIS2_PLACEMENT_3D ( 'NONE', #4128, #6525, #704 ) ;
#7146 = DIRECTION ( 'NONE',  ( 0.000000000000000000, 1.092515224483717628E-16, -1.000000000000000000 ) ) ;
#7147 = PLANE ( 'NONE',  #5259 ) ;
#7148 = CARTESIAN_POINT ( 'NONE',  ( 10.41399999999999970, 0.3809999999999999498, -2.501900000000000901 ) ) ;
#7149 = VERTEX_POINT ( 'NONE', #7378 ) ;
#7150 = PLANE ( 'NONE',  #4314 ) ;
#7151 = DIRECTION ( 'NONE',  ( 0.000000000000000000, 0.000000000000000000, -1.000000000000000000 ) ) ;
#7152 = EDGE_LOOP ( 'NONE', ( #4317, #5053, #2190, #1344 ) ) ;
#7153 = ADVANCED_FACE ( 'NONE', ( #481 ), #5160, .F. ) ;
#7154 = DIRECTION ( 'NONE',  ( 1.000000000000000000, 0.000000000000000000, 0.000000000000000000 ) ) ;
#7155 = EDGE_LOOP ( 'NONE', ( #1145, #3312, #1220, #2616, #3045, #6836, #7393, #45 ) ) ;
#7156 = LINE ( 'NONE', #3583, #6195 ) ;
#7157 = CARTESIAN_POINT ( 'NONE',  ( 2.540000000000002256, 0.8889999999999989022, -1.984781810244995004 ) ) ;
#7158 = VECTOR ( 'NONE', #1621, 1000.000000000000000 ) ;
#7159 = CARTESIAN_POINT ( 'NONE',  ( -5.079999999999998295, 0.3809999999999992837, 2.501899999999999125 ) ) ;
#7160 = VECTOR ( 'NONE', #2020, 1000.000000000000000 ) ;
#7161 = LINE ( 'NONE', #4790, #6362 ) ;
#7162 = EDGE_LOOP ( 'NONE', ( #5723, #4263, #458, #6275 ) ) ;
#7163 = ADVANCED_FACE ( 'NONE', ( #4537 ), #3448, .F. ) ;
#7164 = ORIENTED_EDGE ( 'NONE', *, *, #4509, .T. ) ;
#7165 = VECTOR ( 'NONE', #3597, 1000.000000000000000 ) ;
#7166 = DIRECTION ( 'NONE',  ( 0.000000000000000000, 0.000000000000000000, 1.000000000000000000 ) ) ;
#7167 = DIRECTION ( 'NONE',  ( -1.000000000000000000, -0.000000000000000000, -0.000000000000000000 ) ) ;
#7168 = VECTOR ( 'NONE', #4899, 1000.000000000000000 ) ;
#7169 = DIRECTION ( 'NONE',  ( 0.000000000000000000, -0.000000000000000000, -1.000000000000000000 ) ) ;
#7170 = SURFACE_SIDE_STYLE ('',( #5388 ) ) ;
#7171 = LINE ( 'NONE', #6596, #6555 ) ;
#7172 = EDGE_CURVE ( 'NONE', #2685, #4640, #6270, .T. ) ;
#7173 = EDGE_CURVE ( 'NONE', #7115, #7309, #1066, .T. ) ;
#7174 = ORIENTED_EDGE ( 'NONE', *, *, #3111, .F. ) ;
#7175 = VERTEX_POINT ( 'NONE', #7457 ) ;
#7176 = DIRECTION ( 'NONE',  ( -0.000000000000000000, 0.000000000000000000, 1.000000000000000000 ) ) ;
#7177 = DIRECTION ( 'NONE',  ( 0.000000000000000000, -0.9659258262890699775, -0.2588190451025143002 ) ) ;
#7178 = PLANE ( 'NONE',  #3539 ) ;
#7179 = PLANE ( 'NONE',  #3932 ) ;
#7180 = FACE_OUTER_BOUND ( 'NONE', #276, .T. ) ;
#7181 = ORIENTED_EDGE ( 'NONE', *, *, #2050, .F. ) ;
#7182 = ORIENTED_EDGE ( 'NONE', *, *, #5687, .F. ) ;
#7183 = LINE ( 'NONE', #6609, #4901 ) ;
#7184 = FACE_OUTER_BOUND ( 'NONE', #1547, .T. ) ;
#7185 = FACE_OUTER_BOUND ( 'NONE', #516, .T. ) ;
#7186 = ADVANCED_FACE ( 'NONE', ( #3917 ), #2210, .F. ) ;
#7187 = CARTESIAN_POINT ( 'NONE',  ( -2.984499999999998376, 7.492999999999998550, 0.4444999999999979523 ) ) ;
#7188 = DIRECTION ( 'NONE',  ( 0.000000000000000000, -1.000000000000000000, -2.439149994343092652E-16 ) ) ;
#7189 = ORIENTED_EDGE ( 'NONE', *, *, #4097, .T. ) ;
#7190 = LINE ( 'NONE', #3616, #5083 ) ;
#7191 = CARTESIAN_POINT ( 'NONE',  ( 5.080000000000002736, 0.3809999999999993947, -2.120900000000001562 ) ) ;
#7192 = FACE_OUTER_BOUND ( 'NONE', #3751, .T. ) ;
#7193 = LINE ( 'NONE', #1328, #2531 ) ;
#7194 = ADVANCED_FACE ( 'NONE', ( #953 ), #987, .F. ) ;
#7195 = ORIENTED_EDGE ( 'NONE', *, *, #316, .F. ) ;
#7196 = FACE_OUTER_BOUND ( 'NONE', #1271, .T. ) ;
#7197 = ORIENTED_EDGE ( 'NONE', *, *, #5404, .T. ) ;
#7198 = CARTESIAN_POINT ( 'NONE',  ( -0.3047999999999999599, 0.6731000000000003647, 2.387599999999999945 ) ) ;
#7199 = CARTESIAN_POINT ( 'NONE',  ( 0.3047999999999999599, 0.2539999999999991709, -2.387599999999999945 ) ) ;
#7200 = EDGE_CURVE ( 'NONE', #5868, #2756, #5721, .T. ) ;
#7201 = LINE ( 'NONE', #1130, #5784 ) ;
#7202 = DIRECTION ( 'NONE',  ( 1.000000000000000000, 0.000000000000000000, 0.000000000000000000 ) ) ;
#7203 = ORIENTED_EDGE ( 'NONE', *, *, #5320, .F. ) ;
#7204 = LINE ( 'NONE', #6679, #6804 ) ;
#7205 = ORIENTED_EDGE ( 'NONE', *, *, #7390, .T. ) ;
#7206 = ORIENTED_EDGE ( 'NONE', *, *, #7243, .T. ) ;
#7207 = CARTESIAN_POINT ( 'NONE',  ( -5.969000000000002082, 7.048499999999997989, -0.8889999999999986802 ) ) ;
#7208 = EDGE_CURVE ( 'NONE', #5045, #3477, #4552, .T. ) ;
#7209 = CARTESIAN_POINT ( 'NONE',  ( -7.619999999999998330, 0.8889999999999989022, -1.984781810244995004 ) ) ;
#7210 = EDGE_CURVE ( 'NONE', #6039, #5157, #370, .T. ) ;
#7211 = DIRECTION ( 'NONE',  ( -0.000000000000000000, 1.000000000000000000, 1.733406087350420004E-16 ) ) ;
#7212 = LINE ( 'NONE', #4259, #7655 ) ;
#7213 = DIRECTION ( 'NONE',  ( 0.000000000000000000, -1.000000000000000000, 0.000000000000000000 ) ) ;
#7214 = ORIENTED_EDGE ( 'NONE', *, *, #3256, .F. ) ;
#7215 = ORIENTED_EDGE ( 'NONE', *, *, #6958, .F. ) ;
#7216 = ADVANCED_FACE ( 'NONE', ( #2867 ), #5121, .F. ) ;
#7217 = DIRECTION ( 'NONE',  ( 0.000000000000000000, -1.733406087350420004E-16, 1.000000000000000000 ) ) ;
#7218 = DIRECTION ( 'NONE',  ( -1.000000000000000000, -0.000000000000000000, -0.000000000000000000 ) ) ;
#7219 = VECTOR ( 'NONE', #6851, 1000.000000000000000 ) ;
#7220 = DIRECTION ( 'NONE',  ( 0.000000000000000000, -1.733406087350420004E-16, 1.000000000000000000 ) ) ;
#7221 = ORIENTED_EDGE ( 'NONE', *, *, #6750, .F. ) ;
#7222 = CARTESIAN_POINT ( 'NONE',  ( 8.508999999999998565, 6.222999999999998977, -0.8889999999999987912 ) ) ;
#7223 = VECTOR ( 'NONE', #267, 1000.000000000000000 ) ;
#7224 = EDGE_LOOP ( 'NONE', ( #4306, #6960, #2276, #61 ) ) ;
#7225 = ORIENTED_EDGE ( 'NONE', *, *, #1680, .F. ) ;
#7226 = VECTOR ( 'NONE', #304, 1000.000000000000000 ) ;
#7227 = VERTEX_POINT ( 'NONE', #6916 ) ;
#7228 = ADVANCED_FACE ( 'NONE', ( #2099 ), #3950, .F. ) ;
#7229 = DIRECTION ( 'NONE',  ( -0.000000000000000000, 0.000000000000000000, 1.000000000000000000 ) ) ;
#7230 = AXIS2_PLACEMENT_3D ( 'NONE', #6853, #307, #6319 ) ;
#7231 = CLOSED_SHELL ( 'NONE', ( #7503, #2555, #1489, #7666, #5604, #2271, #2297, #2041, #3637, #7194, #2870, #2344, #2740, #4409, #5217, #5016, #5293, #1940, #6209, #4431, #1444, #3276, #403, #6203, #1807, #4590, #1384, #4989 ) ) ;
#7232 = DIRECTION ( 'NONE',  ( 0.000000000000000000, -1.138269997360111548E-15, -1.000000000000000000 ) ) ;
#7233 = FACE_OUTER_BOUND ( 'NONE', #483, .T. ) ;
#7234 = DIRECTION ( 'NONE',  ( 0.000000000000000000, -1.138269997360111548E-15, -1.000000000000000000 ) ) ;
#7235 = ORIENTED_EDGE ( 'NONE', *, *, #7613, .T. ) ;
#7236 = MECHANICAL_DESIGN_GEOMETRIC_PRESENTATION_REPRESENTATION (  '', ( #6169 ), #2772 ) ;
#7237 = CARTESIAN_POINT ( 'NONE',  ( 7.620000000000001883, 0.3809999999999993947, -2.120900000000001562 ) ) ;
#7238 = EDGE_LOOP ( 'NONE', ( #2173, #2480, #6638, #2346 ) ) ;
#7239 = VECTOR ( 'NONE', #459, 1000.000000000000000 ) ;
#7240 = ORIENTED_EDGE ( 'NONE', *, *, #4962, .F. ) ;
#7241 = ORIENTED_EDGE ( 'NONE', *, *, #6005, .T. ) ;
#7242 = EDGE_CURVE ( 'NONE', #870, #1517, #3872, .T. ) ;
#7243 = EDGE_CURVE ( 'NONE', #6251, #1394, #4572, .T. ) ;
#7244 = CARTESIAN_POINT ( 'NONE',  ( 0.3047999999999999599, 0.6731000000000003647, 1.968499999999999694 ) ) ;
#7245 = VECTOR ( 'NONE', #5765, 1000.000000000000000 ) ;
#7246 = DIRECTION ( 'NONE',  ( 0.000000000000000000, -1.000000000000000000, 0.000000000000000000 ) ) ;
#7247 = CARTESIAN_POINT ( 'NONE',  ( 9.270999999999997243, 7.048499999999997101, 0.8890000000000012337 ) ) ;
#7248 = AXIS2_PLACEMENT_3D ( 'NONE', #694, #6152, #653 ) ;
#7249 = DIRECTION ( 'NONE',  ( -1.000000000000000000, 0.000000000000000000, 0.000000000000000000 ) ) ;
#7250 = VECTOR ( 'NONE', #6961, 1000.000000000000000 ) ;
#7251 = VECTOR ( 'NONE', #7234, 1000.000000000000000 ) ;
#7252 = ORIENTED_EDGE ( 'NONE', *, *, #3364, .T. ) ;
#7253 = EDGE_CURVE ( 'NONE', #5896, #5115, #3983, .T. ) ;
#7254 = ORIENTED_EDGE ( 'NONE', *, *, #495, .F. ) ;
#7255 = FACE_OUTER_BOUND ( 'NONE', #3472, .T. ) ;
#7256 = VECTOR ( 'NONE', #5836, 1000.000000000000000 ) ;
#7257 = DIRECTION ( 'NONE',  ( 0.5773502691896273964, 0.5773502691896237327, -0.5773502691896261751 ) ) ;
#7258 = DIRECTION ( 'NONE',  ( 1.000000000000000000, 0.000000000000000000, -0.000000000000000000 ) ) ;
#7259 = DIRECTION ( 'NONE',  ( -0.000000000000000000, 1.000000000000000000, 1.733406087350420004E-16 ) ) ;
#7260 = CARTESIAN_POINT ( 'NONE',  ( -1.651000000000001355, 6.222999999999998977, 1.651000000000001133 ) ) ;
#7261 = ORIENTED_EDGE ( 'NONE', *, *, #3824, .F. ) ;
#7262 = EDGE_CURVE ( 'NONE', #4207, #5412, #3410, .T. ) ;
#7263 = EDGE_LOOP ( 'NONE', ( #6861, #4879, #2628, #7107 ) ) ;
#7264 = CARTESIAN_POINT ( 'NONE',  ( -6.731000000000000760, 7.048499999999997101, 1.651000000000001355 ) ) ;
#7265 = LINE ( 'NONE', #6694, #3656 ) ;
#7266 = FACE_OUTER_BOUND ( 'NONE', #3157, .T. ) ;
#7267 = FACE_BOUND ( 'NONE', #5017, .T. ) ;
#7268 = ORIENTED_EDGE ( 'NONE', *, *, #3775, .F. ) ;
#7269 = EDGE_CURVE ( 'NONE', #2862, #3895, #5197, .T. ) ;
#7270 = EDGE_LOOP ( 'NONE', ( #3586, #2729, #2976, #2938 ) ) ;
#7271 = VECTOR ( 'NONE', #2464, 1000.000000000000000 ) ;
#7272 = VECTOR ( 'NONE', #3436, 1000.000000000000114 ) ;
#7273 = DIRECTION ( 'NONE',  ( 0.000000000000000000, -1.000000000000000000, -1.224646799147354686E-16 ) ) ;
#7274 = VERTEX_POINT ( 'NONE', #4610 ) ;
#7275 = CARTESIAN_POINT ( 'NONE',  ( 3.428999999999999826, 7.048499999999997101, 1.651000000000001355 ) ) ;
#7276 = CARTESIAN_POINT ( 'NONE',  ( -6.731000000000000760, 6.222999999999998977, -0.8889999999999987912 ) ) ;
#7277 = DIRECTION ( 'NONE',  ( -0.000000000000000000, 1.000000000000000000, 1.092515224483717382E-16 ) ) ;
#7278 = ORIENTED_EDGE ( 'NONE', *, *, #978, .T. ) ;
#7279 = VERTEX_POINT ( 'NONE', #6991 ) ;
#7280 = DIRECTION ( 'NONE',  ( 0.000000000000000000, 1.092515224483717628E-16, -1.000000000000000000 ) ) ;
#7281 = VERTEX_POINT ( 'NONE', #3604 ) ;
#7282 = ORIENTED_EDGE ( 'NONE', *, *, #3304, .F. ) ;
#7283 = DIRECTION ( 'NONE',  ( -0.000000000000000000, 1.000000000000000000, 1.733406087350420004E-16 ) ) ;
#7284 = AXIS2_PLACEMENT_3D ( 'NONE', #7076, #3071, #683 ) ;
#7285 = LINE ( 'NONE', #236, #5705 ) ;
#7286 = DIRECTION ( 'NONE',  ( 0.000000000000000000, 2.439149994343092652E-16, -1.000000000000000000 ) ) ;
#7287 = CARTESIAN_POINT ( 'NONE',  ( -8.890000000000009450, -4.814824860968089633E-32, 0.000000000000000000 ) ) ;
#7288 = ADVANCED_FACE ( 'NONE', ( #6456 ), #7179, .F. ) ;
#7289 = ORIENTED_EDGE ( 'NONE', *, *, #3765, .T. ) ;
#7290 = ORIENTED_EDGE ( 'NONE', *, *, #7063, .T. ) ;
#7291 = DIRECTION ( 'NONE',  ( 0.000000000000000000, -1.138269997360111548E-15, -1.000000000000000000 ) ) ;
#7292 = DIRECTION ( 'NONE',  ( -1.000000000000000000, 0.000000000000000000, 0.000000000000000000 ) ) ;
#7293 = AXIS2_PLACEMENT_3D ( 'NONE', #5075, #1981, #4996 ) ;
#7294 = SURFACE_STYLE_USAGE ( .BOTH. , #171 ) ;
#7295 = DIRECTION ( 'NONE',  ( -1.000000000000000000, -0.000000000000000000, -0.000000000000000000 ) ) ;
#7296 = LINE ( 'NONE', #865, #2146 ) ;
#7297 = EDGE_CURVE ( 'NONE', #4181, #7497, #4177, .T. ) ;
#7298 = LINE ( 'NONE', #7260, #479 ) ;
#7299 = ORIENTED_EDGE ( 'NONE', *, *, #7461, .T. ) ;
#7300 = AXIS2_PLACEMENT_3D ( 'NONE', #2121, #6174, #4414 ) ;
#7301 = ORIENTED_EDGE ( 'NONE', *, *, #6325, .T. ) ;
#7302 = PRESENTATION_STYLE_ASSIGNMENT (( #760 ) ) ;
#7303 = LINE ( 'NONE', #3916, #5532 ) ;
#7304 = DIRECTION ( 'NONE',  ( 0.000000000000000000, -1.138269997360111548E-15, -1.000000000000000000 ) ) ;
#7305 = AXIS2_PLACEMENT_3D ( 'NONE', #3356, #5733, #386 ) ;
#7306 = ADVANCED_FACE ( 'NONE', ( #3565 ), #1707, .F. ) ;
#7307 = DIRECTION ( 'NONE',  ( 0.000000000000000000, -1.000000000000000000, 0.000000000000000000 ) ) ;
#7308 = ORIENTED_EDGE ( 'NONE', *, *, #2750, .T. ) ;
#7309 = VERTEX_POINT ( 'NONE', #5943 ) ;
#7310 = PLANE ( 'NONE',  #6583 ) ;
#7311 = DIRECTION ( 'NONE',  ( 0.5773502691896272854, -0.5773502691896241767, -0.5773502691896257311 ) ) ;
#7312 = DIRECTION ( 'NONE',  ( 0.000000000000000000, 1.733406087350420004E-16, -1.000000000000000000 ) ) ;
#7313 = PLANE ( 'NONE',  #4795 ) ;
#7314 = ADVANCED_FACE ( 'NONE', ( #4646 ), #600, .F. ) ;
#7315 = EDGE_CURVE ( 'NONE', #2356, #5045, #1104, .T. ) ;
#7316 = FACE_OUTER_BOUND ( 'NONE', #2174, .T. ) ;
#7317 = ORIENTED_EDGE ( 'NONE', *, *, #6607, .T. ) ;
#7318 = LINE ( 'NONE', #2007, #2025 ) ;
#7319 = AXIS2_PLACEMENT_3D ( 'NONE', #3579, #3036, #5413 ) ;
#7320 = CARTESIAN_POINT ( 'NONE',  ( -9.017000000000001236, 6.794499999999999318, -1.396999999999998243 ) ) ;
#7321 = DIRECTION ( 'NONE',  ( -0.000000000000000000, 1.000000000000000000, 1.733406087350420004E-16 ) ) ;
#7322 = CARTESIAN_POINT ( 'NONE',  ( 1.269999999999991580, -4.814824860968089633E-32, 0.000000000000000000 ) ) ;
#7323 = ORIENTED_EDGE ( 'NONE', *, *, #2502, .T. ) ;
#7324 = ORIENTED_EDGE ( 'NONE', *, *, #746, .T. ) ;
#7325 = VERTEX_POINT ( 'NONE', #2947 ) ;
#7326 = PLANE ( 'NONE',  #6250 ) ;
#7327 = EDGE_CURVE ( 'NONE', #2574, #3108, #7104, .T. ) ;
#7328 = LINE ( 'NONE', #3792, #2452 ) ;
#7329 = DIRECTION ( 'NONE',  ( -0.000000000000000000, 1.000000000000000000, 1.733406087350420004E-16 ) ) ;
#7330 = DIRECTION ( 'NONE',  ( 0.000000000000000000, -1.138269997360111548E-15, -1.000000000000000000 ) ) ;
#7331 = FACE_OUTER_BOUND ( 'NONE', #3113, .T. ) ;
#7332 = DIRECTION ( 'NONE',  ( 0.000000000000000000, -1.000000000000000000, 0.000000000000000000 ) ) ;
#7333 = ORIENTED_EDGE ( 'NONE', *, *, #3507, .T. ) ;
#7334 = VERTEX_POINT ( 'NONE', #7644 ) ;
#7335 = VECTOR ( 'NONE', #6742, 1000.000000000000000 ) ;
#7336 = EDGE_CURVE ( 'NONE', #6077, #4422, #7031, .T. ) ;
#7337 = VECTOR ( 'NONE', #7100, 1000.000000000000000 ) ;
#7338 = LINE ( 'NONE', #1357, #3407 ) ;
#7339 = DIRECTION ( 'NONE',  ( -1.000000000000000000, -0.000000000000000000, -0.000000000000000000 ) ) ;
#7340 = CARTESIAN_POINT ( 'NONE',  ( -7.619999999999998330, 7.492999999999999439, -2.501900000000000901 ) ) ;
#7341 = CARTESIAN_POINT ( 'NONE',  ( -6.731000000000000760, 6.222999999999998977, -1.650999999999998913 ) ) ;
#7342 = ORIENTED_EDGE ( 'NONE', *, *, #737, .F. ) ;
#7343 = ORIENTED_EDGE ( 'NONE', *, *, #6600, .T. ) ;
#7344 = VECTOR ( 'NONE', #1139, 1000.000000000000000 ) ;
#7345 = CARTESIAN_POINT ( 'NONE',  ( 10.41399999999999970, 0.3809999999999993947, -2.120900000000001562 ) ) ;
#7346 = EDGE_CURVE ( 'NONE', #2248, #2757, #3019, .T. ) ;
#7347 = AXIS2_PLACEMENT_3D ( 'NONE', #5465, #113, #4869 ) ;
#7348 = LINE ( 'NONE', #6736, #3521 ) ;
#7349 = DIRECTION ( 'NONE',  ( 1.000000000000000000, 0.000000000000000000, 0.000000000000000000 ) ) ;
#7350 = CLOSED_SHELL ( 'NONE', ( #4213, #3059, #4714, #5770, #4242, #3974, #5231, #3688, #6373, #938 ) ) ;
#7351 = LINE ( 'NONE', #4356, #4137 ) ;
#7352 = CARTESIAN_POINT ( 'NONE',  ( 1.734723475976807094E-15, 0.3809999999999999498, -2.501900000000000901 ) ) ;
#7353 = ORIENTED_EDGE ( 'NONE', *, *, #3110, .T. ) ;
#7354 = VECTOR ( 'NONE', #7508, 1000.000000000000000 ) ;
#7355 = DIRECTION ( 'NONE',  ( 0.000000000000000000, -1.138269997360111548E-15, -1.000000000000000000 ) ) ;
#7356 = EDGE_CURVE ( 'NONE', #1017, #7175, #4687, .T. ) ;
#7357 = ORIENTED_EDGE ( 'NONE', *, *, #2701, .T. ) ;
#7358 = DIRECTION ( 'NONE',  ( -0.000000000000000000, 1.000000000000000000, 1.733406087350420004E-16 ) ) ;
#7359 = UNCERTAINTY_MEASURE_WITH_UNIT (LENGTH_MEASURE( 1.000000000000000082E-05 ), #4040, 'distance_accuracy_value', 'NONE');
#7360 = LINE ( 'NONE', #1973, #6784 ) ;
#7361 = SURFACE_SIDE_STYLE ('',( #5555 ) ) ;
#7362 = ORIENTED_EDGE ( 'NONE', *, *, #5697, .F. ) ;
#7363 = VERTEX_POINT ( 'NONE', #675 ) ;
#7364 = EDGE_CURVE ( 'NONE', #3528, #1372, #2983, .T. ) ;
#7365 = CARTESIAN_POINT ( 'NONE',  ( 0.3047999999999999599, 0.6730999999999999206, -1.714499999999999913 ) ) ;
#7366 = DIRECTION ( 'NONE',  ( 0.000000000000000000, -0.9659258262890699775, -0.2588190451025143002 ) ) ;
#7367 = AXIS2_PLACEMENT_3D ( 'NONE', #742, #5509, #4838 ) ;
#7368 = FACE_OUTER_BOUND ( 'NONE', #6606, .T. ) ;
#7369 = CARTESIAN_POINT ( 'NONE',  ( -2.539999999999997815, 0.000000000000000000, 0.000000000000000000 ) ) ;
#7370 = VECTOR ( 'NONE', #2578, 1000.000000000000000 ) ;
#7371 = CARTESIAN_POINT ( 'NONE',  ( 6.730999999999997208, 7.048499999999997101, 1.651000000000001355 ) ) ;
#7372 = CARTESIAN_POINT ( 'NONE',  ( -2.984499999999998376, 7.492999999999998550, 2.095500000000003915 ) ) ;
#7373 = ORIENTED_EDGE ( 'NONE', *, *, #2881, .F. ) ;
#7374 = ORIENTED_EDGE ( 'NONE', *, *, #5344, .T. ) ;
#7375 = VECTOR ( 'NONE', #492, 1000.000000000000000 ) ;
#7376 = CARTESIAN_POINT ( 'NONE',  ( 1.734723475976807094E-15, 0.3809999999999988396, 2.120899999999999785 ) ) ;
#7377 = CYLINDRICAL_SURFACE ( 'NONE', #5401, 0.1269999999999999463 ) ;
#7378 = CARTESIAN_POINT ( 'NONE',  ( -10.41399999999999970, 0.3809999999999993947, -2.120900000000001562 ) ) ;
#7379 = FACE_OUTER_BOUND ( 'NONE', #5631, .T. ) ;
#7380 = AXIS2_PLACEMENT_3D ( 'NONE', #6947, #1612, #6981 ) ;
#7381 = AXIS2_PLACEMENT_3D ( 'NONE', #6540, #561, #1192 ) ;
#7382 = EDGE_CURVE ( 'NONE', #5125, #1749, #6569, .T. ) ;
#7383 = ORIENTED_EDGE ( 'NONE', *, *, #5686, .T. ) ;
#7384 = ORIENTED_EDGE ( 'NONE', *, *, #7444, .T. ) ;
#7385 = CARTESIAN_POINT ( 'NONE',  ( 6.730999999999997208, 6.222999999999998977, 0.8890000000000011227 ) ) ;
#7386 = FACE_OUTER_BOUND ( 'NONE', #2240, .T. ) ;
#7387 = FACE_OUTER_BOUND ( 'NONE', #7466, .T. ) ;
#7388 = DIRECTION ( 'NONE',  ( 0.000000000000000000, -1.092515224483717382E-16, 1.000000000000000000 ) ) ;
#7389 = ORIENTED_EDGE ( 'NONE', *, *, #4196, .F. ) ;
#7390 = EDGE_CURVE ( 'NONE', #1362, #1868, #5866, .T. ) ;
#7391 = VECTOR ( 'NONE', #3011, 1000.000000000000000 ) ;
#7392 = DIRECTION ( 'NONE',  ( -1.000000000000000000, 0.000000000000000000, 0.000000000000000000 ) ) ;
#7393 = ORIENTED_EDGE ( 'NONE', *, *, #5327, .F. ) ;
#7394 = VECTOR ( 'NONE', #7103, 1000.000000000000000 ) ;
#7395 = ORIENTED_EDGE ( 'NONE', *, *, #5670, .F. ) ;
#7396 = DIRECTION ( 'NONE',  ( -1.000000000000000000, -0.000000000000000000, -0.000000000000000000 ) ) ;
#7397 = VERTEX_POINT ( 'NONE', #1185 ) ;
#7398 = AXIS2_PLACEMENT_3D ( 'NONE', #822, #895, #5595 ) ;
#7399 = DIRECTION ( 'NONE',  ( 0.000000000000000000, -1.000000000000000000, 0.000000000000000000 ) ) ;
#7400 = VECTOR ( 'NONE', #1732, 1000.000000000000000 ) ;
#7401 = LINE ( 'NONE', #2083, #1817 ) ;
#7402 = ADVANCED_FACE ( 'NONE', ( #5398 ), #16, .F. ) ;
#7403 = CARTESIAN_POINT ( 'NONE',  ( -8.509000000000002117, 7.048499999999997989, -0.8889999999999986802 ) ) ;
#7404 = ORIENTED_EDGE ( 'NONE', *, *, #3315, .T. ) ;
#7405 = ORIENTED_EDGE ( 'NONE', *, *, #746, .F. ) ;
#7406 = CARTESIAN_POINT ( 'NONE',  ( 0.3047999999999999599, 0.2539999999999996705, 2.387599999999999945 ) ) ;
#7407 = CARTESIAN_POINT ( 'NONE',  ( 8.508999999999998565, 7.048499999999997101, 1.651000000000001355 ) ) ;
#7408 = VECTOR ( 'NONE', #4071, 1000.000000000000000 ) ;
#7409 = DIRECTION ( 'NONE',  ( -0.000000000000000000, 1.000000000000000000, 1.733406087350420004E-16 ) ) ;
#7410 = FACE_OUTER_BOUND ( 'NONE', #4238, .T. ) ;
#7411 = AXIS2_PLACEMENT_3D ( 'NONE', #636, #2361, #513 ) ;
#7412 = EDGE_CURVE ( 'NONE', #4832, #7227, #2279, .T. ) ;
#7413 = AXIS2_PLACEMENT_3D ( 'NONE', #7340, #2647, #5011 ) ;
#7414 = DIRECTION ( 'NONE',  ( 0.000000000000000000, 1.733406087350420004E-16, -1.000000000000000000 ) ) ;
#7415 = CARTESIAN_POINT ( 'NONE',  ( 7.620000000000001883, 0.3809999999999992837, 2.501899999999999125 ) ) ;
#7416 = ORIENTED_EDGE ( 'NONE', *, *, #4186, .T. ) ;
#7417 = ORIENTED_EDGE ( 'NONE', *, *, #4115, .T. ) ;
#7418 = CARTESIAN_POINT ( 'NONE',  ( 2.540000000000000036, 6.222999999999998977, -2.201425730935033664E-16 ) ) ;
#7419 = CARTESIAN_POINT ( 'NONE',  ( 7.620000000000001883, 0.3809999999999992837, 2.501899999999999125 ) ) ;
#7420 = FACE_OUTER_BOUND ( 'NONE', #3848, .T. ) ;
#7421 = CARTESIAN_POINT ( 'NONE',  ( 0.3047999999999999599, 0.6730999999999999206, -1.968499999999999694 ) ) ;
#7422 = EDGE_LOOP ( 'NONE', ( #1098, #6293, #7133, #3516 ) ) ;
#7423 = VERTEX_POINT ( 'NONE', #4100 ) ;
#7424 = CARTESIAN_POINT ( 'NONE',  ( 5.968999999999998529, 7.048499999999997989, -0.8889999999999986802 ) ) ;
#7425 = VECTOR ( 'NONE', #1514, 1000.000000000000000 ) ;
#7426 = EDGE_CURVE ( 'NONE', #2328, #6316, #4217, .T. ) ;
#7427 = CARTESIAN_POINT ( 'NONE',  ( 10.15999999999999837, 7.492999999999999439, -2.501900000000000901 ) ) ;
#7428 = CARTESIAN_POINT ( 'NONE',  ( -10.41399999999999970, 0.3809999999999993947, -2.120900000000001562 ) ) ;
#7429 = CARTESIAN_POINT ( 'NONE',  ( -4.191000000000000725, 7.048499999999997989, -0.8889999999999986802 ) ) ;
#7430 = ORIENTED_EDGE ( 'NONE', *, *, #3085, .T. ) ;
#7431 = ORIENTED_EDGE ( 'NONE', *, *, #2587, .F. ) ;
#7432 = FACE_OUTER_BOUND ( 'NONE', #4015, .T. ) ;
#7433 = ORIENTED_EDGE ( 'NONE', *, *, #7454, .F. ) ;
#7434 = DIRECTION ( 'NONE',  ( -0.7071067811865452413, -0.7071067811865499042, -1.225703198915527072E-16 ) ) ;
#7435 = ADVANCED_FACE ( 'NONE', ( #3524 ), #7681, .F. ) ;
#7436 = CARTESIAN_POINT ( 'NONE',  ( 5.968999999999998529, 6.222999999999998977, -1.650999999999998913 ) ) ;
#7437 = LINE ( 'NONE', #4479, #3265 ) ;
#7438 = UNCERTAINTY_MEASURE_WITH_UNIT (LENGTH_MEASURE( 1.000000000000000082E-05 ), #5940, 'distance_accuracy_value', 'NONE');
#7439 = FACE_OUTER_BOUND ( 'NONE', #4581, .T. ) ;
#7440 = PLANE ( 'NONE',  #7398 ) ;
#7441 = ORIENTED_EDGE ( 'NONE', *, *, #4700, .F. ) ;
#7442 = ORIENTED_EDGE ( 'NONE', *, *, #5651, .T. ) ;
#7443 = FILL_AREA_STYLE_COLOUR ( '', #3496 ) ;
#7444 = EDGE_CURVE ( 'NONE', #869, #1906, #1390, .T. ) ;
#7445 = LINE ( 'NONE', #4489, #4059 ) ;
#7446 = VECTOR ( 'NONE', #4305, 1000.000000000000000 ) ;
#7447 = DIRECTION ( 'NONE',  ( 0.000000000000000000, -1.422837496700139336E-15, 1.000000000000000000 ) ) ;
#7448 = LINE ( 'NONE', #2091, #5653 ) ;
#7449 = DIRECTION ( 'NONE',  ( 0.000000000000000000, -1.733406087350420004E-16, 1.000000000000000000 ) ) ;
#7450 = DIRECTION ( 'NONE',  ( -0.5773502691896273964, -0.5773502691896236216, -0.5773502691896262862 ) ) ;
#7451 = ORIENTED_EDGE ( 'NONE', *, *, #5910, .F. ) ;
#7452 = ORIENTED_EDGE ( 'NONE', *, *, #5725, .T. ) ;
#7453 = ORIENTED_EDGE ( 'NONE', *, *, #2587, .T. ) ;
#7454 = EDGE_CURVE ( 'NONE', #5378, #5268, #246, .T. ) ;
#7455 = EDGE_CURVE ( 'NONE', #4860, #6866, #7212, .T. ) ;
#7456 = DIRECTION ( 'NONE',  ( -1.000000000000000000, 0.000000000000000000, 0.000000000000000000 ) ) ;
#7457 = CARTESIAN_POINT ( 'NONE',  ( 0.3047999999999999599, 0.2539999999999996150, 3.302000000000000046 ) ) ;
#7458 = DIRECTION ( 'NONE',  ( 0.000000000000000000, -0.000000000000000000, -1.000000000000000000 ) ) ;
#7459 = ORIENTED_EDGE ( 'NONE', *, *, #4274, .T. ) ;
#7460 = ORIENTED_EDGE ( 'NONE', *, *, #596, .T. ) ;
#7461 = EDGE_CURVE ( 'NONE', #7561, #5185, #3682, .T. ) ;
#7462 = VECTOR ( 'NONE', #6276, 1000.000000000000000 ) ;
#7463 = LINE ( 'NONE', #2800, #903 ) ;
#7464 = CARTESIAN_POINT ( 'NONE',  ( 9.270999999999997243, 7.048499999999997101, 1.651000000000001355 ) ) ;
#7465 = DIRECTION ( 'NONE',  ( -0.000000000000000000, 1.000000000000000000, 1.733406087350420004E-16 ) ) ;
#7466 = EDGE_LOOP ( 'NONE', ( #7451, #571, #658, #6761 ) ) ;
#7467 = FACE_OUTER_BOUND ( 'NONE', #4889, .T. ) ;
#7468 = ORIENTED_EDGE ( 'NONE', *, *, #5085, .T. ) ;
#7469 = DIRECTION ( 'NONE',  ( 0.000000000000000000, -1.733406087350420251E-16, 1.000000000000000000 ) ) ;
#7470 = EDGE_LOOP ( 'NONE', ( #845, #2696, #3694, #3035 ) ) ;
#7471 = CIRCLE ( 'NONE', #6983, 0.6731000000000000316 ) ;
#7472 = CARTESIAN_POINT ( 'NONE',  ( -2.539999999999997815, 7.492999999999998550, 2.095500000000003915 ) ) ;
#7473 = DIRECTION ( 'NONE',  ( -0.5773502691896270633, 0.5773502691896240657, -0.5773502691896261751 ) ) ;
#7474 = VECTOR ( 'NONE', #4488, 1000.000000000000000 ) ;
#7475 = CARTESIAN_POINT ( 'NONE',  ( 3.428999999999999826, 6.222999999999998977, 1.651000000000001133 ) ) ;
#7476 = ADVANCED_FACE ( 'NONE', ( #6643 ), #3757, .F. ) ;
#7477 = AXIS2_PLACEMENT_3D ( 'NONE', #6933, #5700, #2622 ) ;
#7478 = EDGE_CURVE ( 'NONE', #5824, #2951, #4416, .T. ) ;
#7479 = ORIENTED_EDGE ( 'NONE', *, *, #1117, .F. ) ;
#7480 = ORIENTED_EDGE ( 'NONE', *, *, #5507, .T. ) ;
#7481 = LINE ( 'NONE', #3858, #6115 ) ;
#7482 = DIRECTION ( 'NONE',  ( 0.000000000000000000, 0.2588190451025143002, -0.9659258262890699775 ) ) ;
#7483 = CARTESIAN_POINT ( 'NONE',  ( 5.080000000000002736, 0.3809999999999993947, -2.120900000000001562 ) ) ;
#7484 = DIRECTION ( 'NONE',  ( 0.000000000000000000, 1.000000000000000000, 2.439149994343092652E-16 ) ) ;
#7485 = CARTESIAN_POINT ( 'NONE',  ( 0.8889999999999991243, 7.048499999999997101, 1.651000000000001355 ) ) ;
#7486 = CARTESIAN_POINT ( 'NONE',  ( 2.540000000000002256, 0.000000000000000000, 0.000000000000000000 ) ) ;
#7487 = ADVANCED_FACE ( 'NONE', ( #2635 ), #6058, .T. ) ;
#7488 = VECTOR ( 'NONE', #4340, 1000.000000000000000 ) ;
#7489 = ORIENTED_EDGE ( 'NONE', *, *, #6334, .T. ) ;
#7490 = EDGE_LOOP ( 'NONE', ( #3961, #7495, #7064, #3759 ) ) ;
#7491 = DIRECTION ( 'NONE',  ( -0.000000000000000000, 1.000000000000000000, 0.000000000000000000 ) ) ;
#7492 = CARTESIAN_POINT ( 'NONE',  ( -7.619999999999998330, 0.3809999999999992837, 2.501899999999999125 ) ) ;
#7493 = LINE ( 'NONE', #2172, #5703 ) ;
#7494 = ADVANCED_FACE ( 'NONE', ( #3100 ), #5479, .F. ) ;
#7495 = ORIENTED_EDGE ( 'NONE', *, *, #3333, .F. ) ;
#7496 = VECTOR ( 'NONE', #4193, 1000.000000000000114 ) ;
#7497 = VERTEX_POINT ( 'NONE', #2516 ) ;
#7498 = PLANE ( 'NONE',  #5533 ) ;
#7499 = AXIS2_PLACEMENT_3D ( 'NONE', #5486, #22, #5406 ) ;
#7500 = DIRECTION ( 'NONE',  ( 0.000000000000000000, -0.7071067811865492381, 0.7071067811865457964 ) ) ;
#7501 = DIRECTION ( 'NONE',  ( 0.000000000000000000, -1.733406087350420004E-16, 1.000000000000000000 ) ) ;
#7502 = ORIENTED_EDGE ( 'NONE', *, *, #4692, .T. ) ;
#7503 = ADVANCED_FACE ( 'NONE', ( #6132, #173, #793 ), #1468, .F. ) ;
#7504 = CARTESIAN_POINT ( 'NONE',  ( 1.650999999999998025, 6.222999999999998977, 1.651000000000001133 ) ) ;
#7505 = EDGE_CURVE ( 'NONE', #7423, #522, #5565, .T. ) ;
#7506 = ORIENTED_EDGE ( 'NONE', *, *, #412, .F. ) ;
#7507 = VECTOR ( 'NONE', #6915, 1000.000000000000000 ) ;
#7508 = DIRECTION ( 'NONE',  ( 0.000000000000000000, 0.9659258262890700886, -0.2588190451025143002 ) ) ;
#7509 = DIRECTION ( 'NONE',  ( 0.000000000000000000, 0.9659258262890700886, -0.2588190451025143002 ) ) ;
#7510 = LINE ( 'NONE', #1120, #1281 ) ;
#7511 = DIRECTION ( 'NONE',  ( -1.000000000000000000, 0.000000000000000000, 0.000000000000000000 ) ) ;
#7512 = ORIENTED_EDGE ( 'NONE', *, *, #816, .T. ) ;
#7513 = AXIS2_PLACEMENT_3D ( 'NONE', #5707, #3204, #3821 ) ;
#7514 = EDGE_LOOP ( 'NONE', ( #3624, #5795, #1011, #4540 ) ) ;
#7515 = VECTOR ( 'NONE', #4, 1000.000000000000000 ) ;
#7516 = CARTESIAN_POINT ( 'NONE',  ( 0.8889999999999991243, 7.048499999999997101, 1.651000000000001355 ) ) ;
#7517 = LINE ( 'NONE', #6442, #1342 ) ;
#7518 = PRODUCT_DEFINITION ( 'UNKNOWN', '', #3153, #1207 ) ;
#7519 = EDGE_CURVE ( 'NONE', #5524, #3254, #7296, .T. ) ;
#7520 = DIRECTION ( 'NONE',  ( 0.000000000000000000, 1.733406087350420004E-16, -1.000000000000000000 ) ) ;
#7521 = PLANE ( 'NONE',  #2408 ) ;
#7522 = CARTESIAN_POINT ( 'NONE',  ( 0.8889999999999991243, 7.048499999999997101, 0.8890000000000012337 ) ) ;
#7523 = VECTOR ( 'NONE', #3440, 1000.000000000000000 ) ;
#7524 = DIRECTION ( 'NONE',  ( -0.5773502691896273964, -0.5773502691896236216, -0.5773502691896262862 ) ) ;
#7525 = ORIENTED_EDGE ( 'NONE', *, *, #2565, .T. ) ;
#7526 = ORIENTED_EDGE ( 'NONE', *, *, #3102, .T. ) ;
#7527 = ORIENTED_EDGE ( 'NONE', *, *, #3952, .F. ) ;
#7528 = AXIS2_PLACEMENT_3D ( 'NONE', #3630, #2387, #2426 ) ;
#7529 = EDGE_CURVE ( 'NONE', #3353, #2473, #3717, .T. ) ;
#7530 = VECTOR ( 'NONE', #4223, 1000.000000000000000 ) ;
#7531 = CARTESIAN_POINT ( 'NONE',  ( 3.936999999999997613, 6.794499999999998430, 1.143000000000001570 ) ) ;
#7532 = CARTESIAN_POINT ( 'NONE',  ( 0.8889999999999991243, 7.048499999999997101, 0.8890000000000012337 ) ) ;
#7533 = CARTESIAN_POINT ( 'NONE',  ( 2.540000000000002256, 7.492999999999999439, -2.095500000000001695 ) ) ;
#7534 = LINE ( 'NONE', #6535, #3208 ) ;
#7535 = ORIENTED_EDGE ( 'NONE', *, *, #475, .T. ) ;
#7536 = VECTOR ( 'NONE', #121, 1000.000000000000000 ) ;
#7537 = ORIENTED_EDGE ( 'NONE', *, *, #1401, .F. ) ;
#7538 = EDGE_CURVE ( 'NONE', #1017, #3393, #4966, .T. ) ;
#7539 = PLANE ( 'NONE',  #6274 ) ;
#7540 = FACE_OUTER_BOUND ( 'NONE', #6838, .T. ) ;
#7541 = DIRECTION ( 'NONE',  ( 0.000000000000000000, 0.9659258262890700886, -0.2588190451025143002 ) ) ;
#7542 = ORIENTED_EDGE ( 'NONE', *, *, #648, .F. ) ;
#7543 = DIRECTION ( 'NONE',  ( 0.000000000000000000, 0.000000000000000000, -1.000000000000000000 ) ) ;
#7544 = EDGE_LOOP ( 'NONE', ( #6260, #3171, #7240, #5440 ) ) ;
#7545 = VECTOR ( 'NONE', #4702, 1000.000000000000000 ) ;
#7546 = PLANE ( 'NONE',  #5333 ) ;
#7547 = EDGE_CURVE ( 'NONE', #6200, #7106, #3137, .T. ) ;
#7548 = CARTESIAN_POINT ( 'NONE',  ( 7.620000000000001883, 0.3809999999999988396, 2.120899999999999785 ) ) ;
#7549 = EDGE_CURVE ( 'NONE', #4026, #356, #2478, .T. ) ;
#7550 = LINE ( 'NONE', #533, #1003 ) ;
#7551 = DIRECTION ( 'NONE',  ( -1.000000000000000000, -0.000000000000000000, -0.000000000000000000 ) ) ;
#7552 = FACE_OUTER_BOUND ( 'NONE', #1303, .T. ) ;
#7553 = VERTEX_POINT ( 'NONE', #2018 ) ;
#7554 = ORIENTED_EDGE ( 'NONE', *, *, #1508, .F. ) ;
#7555 = DIRECTION ( 'NONE',  ( 0.000000000000000000, 0.000000000000000000, -1.000000000000000000 ) ) ;
#7556 = ORIENTED_EDGE ( 'NONE', *, *, #4007, .F. ) ;
#7557 = CARTESIAN_POINT ( 'NONE',  ( -9.271000000000000796, 6.222999999999998977, 1.651000000000001133 ) ) ;
#7558 = LINE ( 'NONE', #6331, #5144 ) ;
#7559 = CARTESIAN_POINT ( 'NONE',  ( 7.620000000000001883, 7.492999999999999439, -0.4444999999999956763 ) ) ;
#7560 = DIRECTION ( 'NONE',  ( 0.000000000000000000, 1.733406087350420004E-16, -1.000000000000000000 ) ) ;
#7561 = VERTEX_POINT ( 'NONE', #1427 ) ;
#7562 = EDGE_CURVE ( 'NONE', #4921, #7397, #2561, .T. ) ;
#7563 = ORIENTED_EDGE ( 'NONE', *, *, #4929, .T. ) ;
#7564 = CARTESIAN_POINT ( 'NONE',  ( 1.734723475976807094E-15, 0.3809999999999999498, -2.501900000000000901 ) ) ;
#7565 = AXIS2_PLACEMENT_3D ( 'NONE', #5019, #2242, #6776 ) ;
#7566 = SURFACE_SIDE_STYLE ('',( #4570 ) ) ;
#7567 = CARTESIAN_POINT ( 'NONE',  ( -5.969000000000002082, 6.222999999999998977, -0.8889999999999987912 ) ) ;
#7568 = DIRECTION ( 'NONE',  ( 0.000000000000000000, 1.138269997360111548E-15, 1.000000000000000000 ) ) ;
#7569 = CARTESIAN_POINT ( 'NONE',  ( -2.539999999999997815, 7.492999999999999439, -2.501900000000000901 ) ) ;
#7570 = ORIENTED_EDGE ( 'NONE', *, *, #4449, .T. ) ;
#7571 = EDGE_CURVE ( 'NONE', #2966, #4368, #3213, .T. ) ;
#7572 = ADVANCED_FACE ( 'NONE', ( #2710 ), #902, .F. ) ;
#7573 = ORIENTED_EDGE ( 'NONE', *, *, #4979, .T. ) ;
#7574 = CARTESIAN_POINT ( 'NONE',  ( 7.620000000000001883, 0.3809999999999993947, -2.120900000000001562 ) ) ;
#7575 = CARTESIAN_POINT ( 'NONE',  ( 9.270999999999997243, 7.048499999999997989, -0.8889999999999986802 ) ) ;
#7576 = DIRECTION ( 'NONE',  ( 0.000000000000000000, 2.439149994343092652E-16, -1.000000000000000000 ) ) ;
#7577 = CARTESIAN_POINT ( 'NONE',  ( -4.191000000000000725, 6.222999999999998977, 1.651000000000001133 ) ) ;
#7578 = DIRECTION ( 'NONE',  ( 0.000000000000000000, 0.000000000000000000, -1.000000000000000000 ) ) ;
#7579 = ORIENTED_EDGE ( 'NONE', *, *, #3590, .F. ) ;
#7580 = ADVANCED_FACE ( 'NONE', ( #3291 ), #1577, .F. ) ;
#7581 = DIRECTION ( 'NONE',  ( -0.000000000000000000, 1.000000000000000000, 1.733406087350420004E-16 ) ) ;
#7582 = LINE ( 'NONE', #496, #6813 ) ;
#7583 = DIRECTION ( 'NONE',  ( -1.000000000000000000, -0.000000000000000000, -0.000000000000000000 ) ) ;
#7584 = PLANE ( 'NONE',  #5249 ) ;
#7585 = FILL_AREA_STYLE_COLOUR ( '', #3480 ) ;
#7586 = EDGE_CURVE ( 'NONE', #255, #1201, #1541, .T. ) ;
#7587 = VERTEX_POINT ( 'NONE', #3943 ) ;
#7588 = VERTEX_POINT ( 'NONE', #5674 ) ;
#7589 = DIRECTION ( 'NONE',  ( 1.000000000000000000, 0.000000000000000000, 0.000000000000000000 ) ) ;
#7590 = AXIS2_PLACEMENT_3D ( 'NONE', #6668, #74, #3547 ) ;
#7591 = VECTOR ( 'NONE', #6134, 1000.000000000000000 ) ;
#7592 = VERTEX_POINT ( 'NONE', #2821 ) ;
#7593 = DIRECTION ( 'NONE',  ( -0.000000000000000000, 0.000000000000000000, 1.000000000000000000 ) ) ;
#7594 = CARTESIAN_POINT ( 'NONE',  ( 0.000000000000000000, 0.000000000000000000, 0.000000000000000000 ) ) ;
#7595 = CARTESIAN_POINT ( 'NONE',  ( -5.969000000000002082, 7.048499999999997101, 1.651000000000001355 ) ) ;
#7596 = LINE ( 'NONE', #4717, #2439 ) ;
#7597 = ADVANCED_FACE ( 'NONE', ( #3249 ), #7521, .F. ) ;
#7598 = ORIENTED_EDGE ( 'NONE', *, *, #6608, .T. ) ;
#7599 = ORIENTED_EDGE ( 'NONE', *, *, #5746, .F. ) ;
#7600 = CARTESIAN_POINT ( 'NONE',  ( -4.191000000000000725, 6.222999999999998977, -0.8889999999999987912 ) ) ;
#7601 = VECTOR ( 'NONE', #7469, 1000.000000000000000 ) ;
#7602 = LINE ( 'NONE', #1705, #3385 ) ;
#7603 = DIRECTION ( 'NONE',  ( 1.000000000000000000, 0.000000000000000000, 0.000000000000000000 ) ) ;
#7604 = CARTESIAN_POINT ( 'NONE',  ( -8.509000000000002117, 6.222999999999998977, -0.8889999999999987912 ) ) ;
#7605 = CARTESIAN_POINT ( 'NONE',  ( 5.968999999999998529, 7.048499999999997101, 1.651000000000001355 ) ) ;
#7606 = ORIENTED_EDGE ( 'NONE', *, *, #454, .T. ) ;
#7607 = ORIENTED_EDGE ( 'NONE', *, *, #4169, .T. ) ;
#7608 = AXIS2_PLACEMENT_3D ( 'NONE', #7276, #3039, #731 ) ;
#7609 = VECTOR ( 'NONE', #7551, 1000.000000000000000 ) ;
#7610 = CARTESIAN_POINT ( 'NONE',  ( 7.175500000000001322, 7.492999999999999439, -2.095500000000001695 ) ) ;
#7611 = LINE ( 'NONE', #5873, #2048 ) ;
#7612 = CARTESIAN_POINT ( 'NONE',  ( -0.8890000000000026770, 7.048499999999997989, -1.650999999999998691 ) ) ;
#7613 = EDGE_CURVE ( 'NONE', #2899, #5825, #280, .T. ) ;
#7614 = DIRECTION ( 'NONE',  ( -0.000000000000000000, 1.000000000000000000, 1.733406087350420004E-16 ) ) ;
#7615 = EDGE_LOOP ( 'NONE', ( #7384, #6099, #4605, #4522 ) ) ;
#7616 = VECTOR ( 'NONE', #374, 1000.000000000000000 ) ;
#7617 = AXIS2_PLACEMENT_3D ( 'NONE', #3734, #6113, #148 ) ;
#7618 = CARTESIAN_POINT ( 'NONE',  ( -0.4444999999999987295, 7.492999999999999439, -0.4444999999999955653 ) ) ;
#7619 = ORIENTED_EDGE ( 'NONE', *, *, #2546, .F. ) ;
#7620 = FACE_OUTER_BOUND ( 'NONE', #4336, .T. ) ;
#7621 = VECTOR ( 'NONE', #2292, 1000.000000000000000 ) ;
#7622 = CARTESIAN_POINT ( 'NONE',  ( 1.650999999999998025, 7.048499999999997101, 1.651000000000001355 ) ) ;
#7623 = CARTESIAN_POINT ( 'NONE',  ( -6.477000000000000313, 6.794499999999998430, 1.143000000000001570 ) ) ;
#7624 = EDGE_CURVE ( 'NONE', #7115, #4533, #2673, .T. ) ;
#7625 = VECTOR ( 'NONE', #5047, 1000.000000000000000 ) ;
#7626 = ORIENTED_EDGE ( 'NONE', *, *, #3010, .F. ) ;
#7627 = ORIENTED_EDGE ( 'NONE', *, *, #1983, .F. ) ;
#7628 = ORIENTED_EDGE ( 'NONE', *, *, #4772, .F. ) ;
#7629 = COLOUR_RGB ( '',0.2509803921568627416, 0.2509803921568627416, 0.2509803921568627416 ) ;
#7630 = DIRECTION ( 'NONE',  ( 0.000000000000000000, -1.733406087350420004E-16, 1.000000000000000000 ) ) ;
#7631 = EDGE_CURVE ( 'NONE', #4497, #3504, #5741, .T. ) ;
#7632 = EDGE_LOOP ( 'NONE', ( #4141, #1844, #6563, #6656, #6109, #5730, #1524, #3005 ) ) ;
#7633 = PLANE ( 'NONE',  #3061 ) ;
#7634 = CARTESIAN_POINT ( 'NONE',  ( -0.3047999999999999599, 0.8889999999999995683, -1.714499999999999913 ) ) ;
#7635 = CARTESIAN_POINT ( 'NONE',  ( -2.539999999999997815, 0.3809999999999992837, 2.501899999999999125 ) ) ;
#7636 = VECTOR ( 'NONE', #4493, 1000.000000000000000 ) ;
#7637 = VERTEX_POINT ( 'NONE', #2784 ) ;
#7638 = ORIENTED_EDGE ( 'NONE', *, *, #3892, .T. ) ;
#7639 = DIRECTION ( 'NONE',  ( 1.000000000000000000, 0.000000000000000000, 0.000000000000000000 ) ) ;
#7640 = EDGE_CURVE ( 'NONE', #4859, #3877, #7558, .T. ) ;
#7641 = CARTESIAN_POINT ( 'NONE',  ( -9.271000000000000796, 6.222999999999998977, -0.8889999999999987912 ) ) ;
#7642 = VECTOR ( 'NONE', #199, 1000.000000000000000 ) ;
#7643 = LINE ( 'NONE', #7532, #7507 ) ;
#7644 = CARTESIAN_POINT ( 'NONE',  ( 7.620000000000001883, 0.3809999999999988396, 2.120899999999999785 ) ) ;
#7645 = LINE ( 'NONE', #1353, #3224 ) ;
#7646 = EDGE_LOOP ( 'NONE', ( #6637, #6715, #6252, #7197, #5492, #5678, #4004, #1332 ) ) ;
#7647 = VERTEX_POINT ( 'NONE', #2236 ) ;
#7648 = VECTOR ( 'NONE', #5309, 1000.000000000000000 ) ;
#7649 = PRESENTATION_LAYER_ASSIGNMENT (  '', '', ( #6169 ) ) ;
#7650 = CARTESIAN_POINT ( 'NONE',  ( -9.271000000000000796, 6.222999999999998977, -0.8889999999999987912 ) ) ;
#7651 = PLANE ( 'NONE',  #1160 ) ;
#7652 = DIRECTION ( 'NONE',  ( 0.000000000000000000, -1.000000000000000000, -1.733406087350420004E-16 ) ) ;
#7653 = DIRECTION ( 'NONE',  ( -0.000000000000000000, 1.000000000000000000, 1.733406087350420004E-16 ) ) ;
#7654 = ORIENTED_EDGE ( 'NONE', *, *, #2573, .F. ) ;
#7655 = VECTOR ( 'NONE', #3795, 1000.000000000000000 ) ;
#7656 = CARTESIAN_POINT ( 'NONE',  ( -7.619999999999998330, 0.8889999999999989022, -1.984781810244995004 ) ) ;
#7657 = ORIENTED_EDGE ( 'NONE', *, *, #3372, .T. ) ;
#7658 = EDGE_CURVE ( 'NONE', #2181, #5483, #2196, .T. ) ;
#7659 = DIRECTION ( 'NONE',  ( 1.000000000000000000, 0.000000000000000000, 0.000000000000000000 ) ) ;
#7660 = LINE ( 'NONE', #1283, #7545 ) ;
#7661 = FACE_OUTER_BOUND ( 'NONE', #5969, .T. ) ;
#7662 = PLANE ( 'NONE',  #6636 ) ;
#7663 = DIRECTION ( 'NONE',  ( -1.000000000000000000, -0.000000000000000000, -0.000000000000000000 ) ) ;
#7664 = ORIENTED_EDGE ( 'NONE', *, *, #3555, .F. ) ;
#7665 = EDGE_LOOP ( 'NONE', ( #666, #7373, #6810, #5438 ) ) ;
#7666 = ADVANCED_FACE ( 'NONE', ( #7410 ), #5078, .F. ) ;
#7667 = ORIENTED_EDGE ( 'NONE', *, *, #6420, .T. ) ;
#7668 = VECTOR ( 'NONE', #4023, 1000.000000000000114 ) ;
#7669 = CARTESIAN_POINT ( 'NONE',  ( 5.968999999999998529, 7.048499999999997101, 1.651000000000001355 ) ) ;
#7670 = ORIENTED_EDGE ( 'NONE', *, *, #6117, .F. ) ;
#7671 = DIRECTION ( 'NONE',  ( 0.5773502691896272854, -0.5773502691896241767, -0.5773502691896257311 ) ) ;
#7672 = LINE ( 'NONE', #2352, #5783 ) ;
#7673 = EDGE_LOOP ( 'NONE', ( #1180, #4426, #5355, #5534 ) ) ;
#7674 = CARTESIAN_POINT ( 'NONE',  ( 0.8889999999999991243, 6.222999999999998977, -1.650999999999998913 ) ) ;
#7675 = ORIENTED_EDGE ( 'NONE', *, *, #4820, .F. ) ;
#7676 = EDGE_CURVE ( 'NONE', #1756, #5896, #7448, .T. ) ;
#7677 = VERTEX_POINT ( 'NONE', #4452 ) ;
#7678 = DIRECTION ( 'NONE',  ( -1.000000000000000000, -0.000000000000000000, -0.000000000000000000 ) ) ;
#7679 = LINE ( 'NONE', #7641, #1186 ) ;
#7680 = LINE ( 'NONE', #1818, #5786 ) ;
#7681 = PLANE ( 'NONE',  #6678 ) ;
#7682 = DIRECTION ( 'NONE',  ( 0.000000000000000000, 1.733406087350420004E-16, -1.000000000000000000 ) ) ;
#7683 = EDGE_LOOP ( 'NONE', ( #1099, #591, #7089, #4124 ) ) ;
#7684 = EDGE_CURVE ( 'NONE', #3091, #2032, #6297, .T. ) ;
#7685 = ORIENTED_EDGE ( 'NONE', *, *, #662, .F. ) ;
#7686 = VECTOR ( 'NONE', #6376, 1000.000000000000000 ) ;
#7687 = ADVANCED_FACE ( 'NONE', ( #1651 ), #3863, .F. ) ;
#7688 = CARTESIAN_POINT ( 'NONE',  ( 2.540000000000002256, 7.492999999999999439, -2.501900000000000901 ) ) ;
#7689 = CARTESIAN_POINT ( 'NONE',  ( 2.095500000000001695, 7.492999999999999439, -2.095500000000001695 ) ) ;
#7690 = PLANE ( 'NONE',  #1825 ) ;
#7691 = CARTESIAN_POINT ( 'NONE',  ( 1.734723475976807094E-15, 0.8889999999999985691, 1.984781810244993228 ) ) ;
#7692 = ORIENTED_EDGE ( 'NONE', *, *, #1880, .T. ) ;
#7693 = NEXT_ASSEMBLY_USAGE_OCCURRENCE ( 'NAUO1', ' ', ' ', #6255, #7518, $ ) ;
#7694 = NEXT_ASSEMBLY_USAGE_OCCURRENCE ( 'NAUO2', ' ', ' ', #6255, #5593, $ ) ;
#7695 = NEXT_ASSEMBLY_USAGE_OCCURRENCE ( 'NAUO3', ' ', ' ', #6255, #5593, $ ) ;
#7696 = NEXT_ASSEMBLY_USAGE_OCCURRENCE ( 'NAUO4', ' ', ' ', #6255, #5593, $ ) ;
#7697 = NEXT_ASSEMBLY_USAGE_OCCURRENCE ( 'NAUO5', ' ', ' ', #6255, #5593, $ ) ;
#7698 = NEXT_ASSEMBLY_USAGE_OCCURRENCE ( 'NAUO6', ' ', ' ', #6255, #5593, $ ) ;
#7699 = NEXT_ASSEMBLY_USAGE_OCCURRENCE ( 'NAUO7', ' ', ' ', #6255, #5593, $ ) ;
#7700 = NEXT_ASSEMBLY_USAGE_OCCURRENCE ( 'NAUO8', ' ', ' ', #6255, #5593, $ ) ;
#7701 = NEXT_ASSEMBLY_USAGE_OCCURRENCE ( 'NAUO9', ' ', ' ', #6255, #5593, $ ) ;
ENDSEC;
END-ISO-10303-21;
