ISO-10303-21;
HEADER;
FILE_DESCRIPTION (( 'STEP AP214' ),
    '1' );
FILE_NAME ('NPTC021KFXC-RC.STEP',
    '2025-01-10T14:37:03',
    ( '' ),
    ( '' ),
    'SwSTEP 2.0',
    'SolidWorks 2021',
    '' );
FILE_SCHEMA (( 'AUTOMOTIVE_DESIGN' ));
ENDSEC;

DATA;
#1 = CARTESIAN_POINT ( 'NONE',  ( 0.01200000000000000025, 0.03500000000000000333, 0.01750000000000000860 ) ) ;
#2 = DIRECTION ( 'NONE',  ( 0.000000000000000000, 0.000000000000000000, 1.000000000000000000 ) ) ;
#3 = ORIENTED_EDGE ( 'NONE', *, *, #1520, .F. ) ;
#4 = CARTESIAN_POINT ( 'NONE',  ( 0.1000000000000000056, 0.01499999999999997689, 0.04999999999999996808 ) ) ;
#5 = CARTESIAN_POINT ( 'NONE',  ( -0.01200000000000000025, 0.03500000000000000333, 0.01750000000000000860 ) ) ;
#6 = DIRECTION ( 'NONE',  ( -0.000000000000000000, -0.7071067811865489050, -0.7071067811865461294 ) ) ;
#7 = ORIENTED_EDGE ( 'NONE', *, *, #924, .T. ) ;
#8 = DIRECTION ( 'NONE',  ( 0.000000000000000000, 0.9659258262890699775, 0.2588190451025145777 ) ) ;
#9 = CARTESIAN_POINT ( 'NONE',  ( 0.01200000000000000025, 0.03200000000000000761, 0.04950000000000000233 ) ) ;
#10 =( NAMED_UNIT ( * ) SI_UNIT ( $, .STERADIAN. ) SOLID_ANGLE_UNIT ( ) );
#11 = VERTEX_POINT ( 'NONE', #1077 ) ;
#12 = ORIENTED_EDGE ( 'NONE', *, *, #76, .T. ) ;
#13 = DIRECTION ( 'NONE',  ( 0.000000000000000000, -1.370704305007583992E-16, 1.000000000000000000 ) ) ;
#14 = PLANE ( 'NONE',  #720 ) ;
#15 = MECHANICAL_DESIGN_GEOMETRIC_PRESENTATION_REPRESENTATION (  '', ( #462 ), #1201 ) ;
#16 = CARTESIAN_POINT ( 'NONE',  ( -0.01200000000000000025, 3.584066994260018590E-33, 0.07950000000000001510 ) ) ;
#17 = CARTESIAN_POINT ( 'NONE',  ( 0.000000000000000000, 0.01499999999999997689, 0.04999999999999996808 ) ) ;
#18 = ORIENTED_EDGE ( 'NONE', *, *, #211, .F. ) ;
#19 = VECTOR ( 'NONE', #1094, 39.37007874015748143 ) ;
#20 = EDGE_CURVE ( 'NONE', #476, #519, #1216, .T. ) ;
#21 = DIRECTION ( 'NONE',  ( 0.000000000000000000, -0.000000000000000000, -1.000000000000000000 ) ) ;
#22 = EDGE_CURVE ( 'NONE', #1191, #1272, #833, .T. ) ;
#23 = PRODUCT_CONTEXT ( 'NONE', #608, 'mechanical' ) ;
#24 = ORIENTED_EDGE ( 'NONE', *, *, #281, .F. ) ;
#25 = LINE ( 'NONE', #1262, #963 ) ;
#26 = ORIENTED_EDGE ( 'NONE', *, *, #834, .F. ) ;
#27 = LINE ( 'NONE', #647, #1521 ) ;
#28 = LINE ( 'NONE', #5, #384 ) ;
#29 = ADVANCED_FACE ( 'NONE', ( #341 ), #361, .F. ) ;
#30 = CARTESIAN_POINT ( 'NONE',  ( 0.03500000000000001721, 0.2449999999999999400, -0.01500000000000020067 ) ) ;
#31 = VERTEX_POINT ( 'NONE', #227 ) ;
#32 = CARTESIAN_POINT ( 'NONE',  ( 0.000000000000000000, 0.01499999999999997689, 0.04999999999999996808 ) ) ;
#33 =( REPRESENTATION_RELATIONSHIP ('NONE','NONE', #1280, #889 ) REPRESENTATION_RELATIONSHIP_WITH_TRANSFORMATION ( #1215 )SHAPE_REPRESENTATION_RELATIONSHIP( ) );
#34 = VECTOR ( 'NONE', #1587, 39.37007874015748143 ) ;
#35 = ORIENTED_EDGE ( 'NONE', *, *, #990, .F. ) ;
#36 = CARTESIAN_POINT ( 'NONE',  ( -0.01750000000000001901, 0.2949999999999999845, 0.03249999999999979294 ) ) ;
#37 = ORIENTED_EDGE ( 'NONE', *, *, #1168, .F. ) ;
#38 = DIRECTION ( 'NONE',  ( 0.000000000000000000, -2.529488883022466337E-15, 1.000000000000000000 ) ) ;
#39 = ORIENTED_EDGE ( 'NONE', *, *, #714, .T. ) ;
#40 = EDGE_CURVE ( 'NONE', #935, #989, #1349, .T. ) ;
#41 = DIRECTION ( 'NONE',  ( -1.000000000000000000, -0.000000000000000000, -0.000000000000000000 ) ) ;
#42 = VECTOR ( 'NONE', #1178, 39.37007874015748143 ) ;
#43 = LINE ( 'NONE', #547, #248 ) ;
#44 = DIRECTION ( 'NONE',  ( -0.000000000000000000, -1.000000000000000000, 4.142673673352225737E-32 ) ) ;
#45 = ORIENTED_EDGE ( 'NONE', *, *, #1195, .T. ) ;
#46 = PRESENTATION_LAYER_ASSIGNMENT (  '', '', ( #462 ) ) ;
#47 = DIRECTION ( 'NONE',  ( 0.000000000000000000, -1.000000000000000000, 0.000000000000000000 ) ) ;
#48 = PRODUCT_DEFINITION ( 'UNKNOWN', '', #1339, #177 ) ;
#49 = PLANE ( 'NONE',  #681 ) ;
#50 = FACE_OUTER_BOUND ( 'NONE', #311, .T. ) ;
#51 = FILL_AREA_STYLE ('',( #1162 ) ) ;
#52 = DIRECTION ( 'NONE',  ( -0.000000000000000000, 1.000000000000000000, -0.000000000000000000 ) ) ;
#53 = EDGE_CURVE ( 'NONE', #1582, #275, #1326, .T. ) ;
#54 = CARTESIAN_POINT ( 'NONE',  ( -0.006999999999999999278, 0.01000000000000000194, 0.08450000000000001954 ) ) ;
#55 = AXIS2_PLACEMENT_3D ( 'NONE', #1464, #961, #124 ) ;
#56 = ORIENTED_EDGE ( 'NONE', *, *, #602, .F. ) ;
#57 = CLOSED_SHELL ( 'NONE', ( #186, #632, #1286, #432, #1501, #974, #599, #763, #142, #430, #1111, #1577 ) ) ;
#58 = ORIENTED_EDGE ( 'NONE', *, *, #313, .F. ) ;
#59 = CARTESIAN_POINT ( 'NONE',  ( 0.01200000000000000025, 0.03500000000000000333, 0.01750000000000000860 ) ) ;
#60 = CARTESIAN_POINT ( 'NONE',  ( 0.06499999999999997446, 0.2449999999999999400, -0.01500000000000020067 ) ) ;
#61 = CARTESIAN_POINT ( 'NONE',  ( 0.01200000000000000025, 0.01000000000000000194, 0.08450000000000001954 ) ) ;
#62 = DIRECTION ( 'NONE',  ( 0.000000000000000000, 0.000000000000000000, -1.000000000000000000 ) ) ;
#63 = ORIENTED_EDGE ( 'NONE', *, *, #1316, .F. ) ;
#64 = ORIENTED_EDGE ( 'NONE', *, *, #541, .T. ) ;
#65 = FACE_OUTER_BOUND ( 'NONE', #734, .T. ) ;
#66 = PRODUCT_DEFINITION_CONTEXT ( 'detailed design', #357, 'design' ) ;
#67 = VECTOR ( 'NONE', #409, 39.37007874015748143 ) ;
#68 = AXIS2_PLACEMENT_3D ( 'NONE', #1538, #298, #1276 ) ;
#69 = PLANE ( 'NONE',  #1536 ) ;
#70 = VECTOR ( 'NONE', #1456, 39.37007874015748143 ) ;
#71 = VECTOR ( 'NONE', #774, 39.37007874015748143 ) ;
#72 = CARTESIAN_POINT ( 'NONE',  ( 0.000000000000000000, 0.01500000000000001159, 0.03649999999999996997 ) ) ;
#73 = ORIENTED_EDGE ( 'NONE', *, *, #1458, .F. ) ;
#74 = EDGE_CURVE ( 'NONE', #775, #1139, #852, .T. ) ;
#75 = ORIENTED_EDGE ( 'NONE', *, *, #289, .T. ) ;
#76 = EDGE_CURVE ( 'NONE', #524, #1191, #221, .T. ) ;
#77 = PLANE ( 'NONE',  #1069 ) ;
#78 = VERTEX_POINT ( 'NONE', #960 ) ;
#79 = LINE ( 'NONE', #283, #1387 ) ;
#80 = EDGE_CURVE ( 'NONE', #321, #957, #1578, .T. ) ;
#81 = STYLED_ITEM ( 'NONE', ( #707 ), #1152 ) ;
#82 = CARTESIAN_POINT ( 'NONE',  ( -0.08250000000000000389, 0.2949999999999999845, -0.05000000000000003053 ) ) ;
#83 = ORIENTED_EDGE ( 'NONE', *, *, #924, .F. ) ;
#84 = ORIENTED_EDGE ( 'NONE', *, *, #207, .T. ) ;
#85 = CARTESIAN_POINT ( 'NONE',  ( 0.01200000000000000025, 0.03200000000000000761, 0.04950000000000000233 ) ) ;
#86 = CARTESIAN_POINT ( 'NONE',  ( 0.01750000000000000167, 0.2949999999999999845, 0.03249999999999979294 ) ) ;
#87 = ORIENTED_EDGE ( 'NONE', *, *, #385, .F. ) ;
#88 = EDGE_LOOP ( 'NONE', ( #903, #429, #1416, #1559 ) ) ;
#89 = LENGTH_MEASURE_WITH_UNIT ( LENGTH_MEASURE( 0.02539999999999999897 ), #206 );
#90 = EDGE_CURVE ( 'NONE', #1045, #451, #236, .T. ) ;
#91 = LINE ( 'NONE', #933, #1005 ) ;
#92 = EDGE_CURVE ( 'NONE', #418, #11, #496, .T. ) ;
#93 = DIRECTION ( 'NONE',  ( -0.000000000000000000, 1.000000000000000000, 1.733406087350420004E-16 ) ) ;
#94 = VERTEX_POINT ( 'NONE', #1265 ) ;
#95 = AXIS2_PLACEMENT_3D ( 'NONE', #287, #1490, #1364 ) ;
#96 = VECTOR ( 'NONE', #1557, 39.37007874015748143 ) ;
#97 = EDGE_CURVE ( 'NONE', #1256, #1020, #660, .T. ) ;
#98 = ORIENTED_EDGE ( 'NONE', *, *, #887, .T. ) ;
#99 = DIRECTION ( 'NONE',  ( -1.000000000000000000, -0.000000000000000000, -0.000000000000000000 ) ) ;
#100 = DIRECTION ( 'NONE',  ( 0.7071067811865461294, -0.7071067811865489050, 0.000000000000000000 ) ) ;
#101 =( LENGTH_UNIT ( ) NAMED_UNIT ( * ) SI_UNIT ( $, .METRE. ) );
#102 = VERTEX_POINT ( 'NONE', #911 ) ;
#103 = CARTESIAN_POINT ( 'NONE',  ( 0.000000000000000000, 0.2949999999999999845, 0.05000000000000003053 ) ) ;
#104 = CARTESIAN_POINT ( 'NONE',  ( 0.04999999999999999584, 3.595840748469733670E-32, -3.662221838447149437E-16 ) ) ;
#105 = PLANE ( 'NONE',  #359 ) ;
#106 = CARTESIAN_POINT ( 'NONE',  ( 0.1000000000000000056, 0.01500000000000001853, -0.03650000000000003936 ) ) ;
#107 = ORIENTED_EDGE ( 'NONE', *, *, #721, .F. ) ;
#108 = DIRECTION ( 'NONE',  ( 0.000000000000000000, -0.9659258262890699775, 0.2588190451025140781 ) ) ;
#109 = CARTESIAN_POINT ( 'NONE',  ( -0.06499999999999998834, 0.2449999999999999400, -0.01500000000000020067 ) ) ;
#110 = CARTESIAN_POINT ( 'NONE',  ( 0.1000000000000000056, 0.03500000000000001027, 0.03114101615137766441 ) ) ;
#111 = DIRECTION ( 'NONE',  ( 1.000000000000000000, 0.000000000000000000, -0.000000000000000000 ) ) ;
#112 = DIRECTION ( 'NONE',  ( 0.000000000000000000, 6.097874985857729166E-17, 1.000000000000000000 ) ) ;
#113 = VERTEX_POINT ( 'NONE', #1405 ) ;
#114 = AXIS2_PLACEMENT_3D ( 'NONE', #606, #1051, #1337 ) ;
#115 = DIRECTION ( 'NONE',  ( 0.000000000000000000, -1.000000000000000000, -1.733406087350420004E-16 ) ) ;
#116 = VECTOR ( 'NONE', #1228, 39.37007874015748143 ) ;
#117 = CARTESIAN_POINT ( 'NONE',  ( 0.000000000000000000, 0.000000000000000000, 0.000000000000000000 ) ) ;
#118 = EDGE_CURVE ( 'NONE', #1142, #594, #149, .T. ) ;
#119 = LINE ( 'NONE', #245, #1007 ) ;
#120 = CARTESIAN_POINT ( 'NONE',  ( -0.03500000000000003803, 0.2449999999999999400, 0.01499999999999975311 ) ) ;
#121 = CARTESIAN_POINT ( 'NONE',  ( -0.006999999999999999278, 0.000000000000000000, 0.07950000000000001510 ) ) ;
#122 = ORIENTED_EDGE ( 'NONE', *, *, #714, .F. ) ;
#123 = PLANE ( 'NONE',  #1118 ) ;
#124 = DIRECTION ( 'NONE',  ( 0.000000000000000000, 0.000000000000000000, -1.000000000000000000 ) ) ;
#125 = LINE ( 'NONE', #631, #797 ) ;
#126 = VECTOR ( 'NONE', #337, 39.37007874015748143 ) ;
#127 = DIRECTION ( 'NONE',  ( -0.7071067811865461294, -0.7071067811865489050, 0.000000000000000000 ) ) ;
#128 = EDGE_LOOP ( 'NONE', ( #655, #1198, #754, #1071 ) ) ;
#129 = DIRECTION ( 'NONE',  ( 0.000000000000000000, 0.2588190451025145777, -0.9659258262890699775 ) ) ;
#130 = VECTOR ( 'NONE', #238, 39.37007874015748143 ) ;
#131 = ITEM_DEFINED_TRANSFORMATION ( 'NONE', 'NONE', #1469,  #279 ) ;
#132 = ORIENTED_EDGE ( 'NONE', *, *, #351, .T. ) ;
#133 = VERTEX_POINT ( 'NONE', #1499 ) ;
#134 = CARTESIAN_POINT ( 'NONE',  ( 0.1000000000000000056, 0.01500000000000001159, 0.03649999999999996997 ) ) ;
#135 = CARTESIAN_POINT ( 'NONE',  ( 0.01200000000000000025, 0.03500000000000000333, 0.01750000000000000860 ) ) ;
#136 = ADVANCED_FACE ( 'NONE', ( #401 ), #1021, .F. ) ;
#137 = FACE_OUTER_BOUND ( 'NONE', #696, .T. ) ;
#138 = ORIENTED_EDGE ( 'NONE', *, *, #1172, .F. ) ;
#139 = EDGE_CURVE ( 'NONE', #519, #1008, #1273, .T. ) ;
#140 = DIRECTION ( 'NONE',  ( 0.000000000000000000, 0.000000000000000000, 1.000000000000000000 ) ) ;
#141 = VERTEX_POINT ( 'NONE', #1039 ) ;
#142 = ADVANCED_FACE ( 'NONE', ( #301 ), #801, .T. ) ;
#143 = ORIENTED_EDGE ( 'NONE', *, *, #948, .T. ) ;
#144 = SURFACE_STYLE_FILL_AREA ( #1252 ) ;
#145 = DIRECTION ( 'NONE',  ( -0.7071067811865461294, -0.7071067811865489050, 0.000000000000000000 ) ) ;
#146 = AXIS2_PLACEMENT_3D ( 'NONE', #121, #373, #398 ) ;
#147 = DIRECTION ( 'NONE',  ( 0.000000000000000000, 2.529488883022466337E-15, -1.000000000000000000 ) ) ;
#148 = EDGE_LOOP ( 'NONE', ( #1199, #241, #408, #659 ) ) ;
#149 = LINE ( 'NONE', #162, #1323 ) ;
#150 = FACE_OUTER_BOUND ( 'NONE', #128, .T. ) ;
#151 = EDGE_LOOP ( 'NONE', ( #1212, #633, #946, #917, #680, #45 ) ) ;
#152 = CARTESIAN_POINT ( 'NONE',  ( -0.01200000000000000025, 0.03500000000000000333, 0.02749999999999999667 ) ) ;
#153 = DIRECTION ( 'NONE',  ( -1.000000000000000000, -0.000000000000000000, -0.000000000000000000 ) ) ;
#154 = VERTEX_POINT ( 'NONE', #16 ) ;
#155 = CARTESIAN_POINT ( 'NONE',  ( -0.03500000000000003803, 0.2775000000000000244, 0.01499999999999975311 ) ) ;
#156 = FILL_AREA_STYLE ('',( #1026 ) ) ;
#157 = DIRECTION ( 'NONE',  ( 1.000000000000000000, 0.000000000000000000, 0.000000000000000000 ) ) ;
#158 = UNCERTAINTY_MEASURE_WITH_UNIT (LENGTH_MEASURE( 1.000000000000000082E-05 ), #469, 'distance_accuracy_value', 'NONE');
#159 = CYLINDRICAL_SURFACE ( 'NONE', #823, 0.004999999999999997502 ) ;
#160 = EDGE_LOOP ( 'NONE', ( #305, #296, #770, #994 ) ) ;
#161 = EDGE_CURVE ( 'NONE', #810, #1256, #499, .T. ) ;
#162 = CARTESIAN_POINT ( 'NONE',  ( 0.1000000000000000056, 0.2949999999999999845, 0.05000000000000003053 ) ) ;
#163 = FACE_OUTER_BOUND ( 'NONE', #1353, .T. ) ;
#164 = CARTESIAN_POINT ( 'NONE',  ( -0.1000000000000000056, 0.2949999999999999845, -0.05000000000000003053 ) ) ;
#165 = ADVANCED_FACE ( 'NONE', ( #277 ), #49, .F. ) ;
#166 =( NAMED_UNIT ( * ) PLANE_ANGLE_UNIT ( ) SI_UNIT ( $, .RADIAN. ) );
#167 = VECTOR ( 'NONE', #688, 39.37007874015748143 ) ;
#168 = PLANE ( 'NONE',  #272 ) ;
#169 = ORIENTED_EDGE ( 'NONE', *, *, #697, .T. ) ;
#170 = DIRECTION ( 'NONE',  ( -0.000000000000000000, 1.000000000000000000, 1.370704305007583992E-16 ) ) ;
#171 = CARTESIAN_POINT ( 'NONE',  ( 0.000000000000000000, 0.01500000000000001159, 0.03649999999999996997 ) ) ;
#172 = ORIENTED_EDGE ( 'NONE', *, *, #1217, .F. ) ;
#173 = AXIS2_PLACEMENT_3D ( 'NONE', #135, #638, #518 ) ;
#174 = ORIENTED_EDGE ( 'NONE', *, *, #1240, .F. ) ;
#175 = CARTESIAN_POINT ( 'NONE',  ( 0.1000000000000000056, 0.01499999999999997689, 0.04999999999999996808 ) ) ;
#176 = CARTESIAN_POINT ( 'NONE',  ( 0.006999999999999999278, 0.01000000000000000021, 0.07950000000000001510 ) ) ;
#177 = PRODUCT_DEFINITION_CONTEXT ( 'detailed design', #777, 'design' ) ;
#178 = DIRECTION ( 'NONE',  ( 0.000000000000000000, 0.000000000000000000, -1.000000000000000000 ) ) ;
#179 = LINE ( 'NONE', #1062, #167 ) ;
#180 = ORIENTED_EDGE ( 'NONE', *, *, #404, .F. ) ;
#181 = AXIS2_PLACEMENT_3D ( 'NONE', #870, #978, #892 ) ;
#182 = EDGE_LOOP ( 'NONE', ( #1293, #705, #1479, #64, #1375, #1496, #217, #832 ) ) ;
#183 = CARTESIAN_POINT ( 'NONE',  ( 0.01200000000000000025, 0.03200000000000000761, 0.01750000000000000167 ) ) ;
#184 = LINE ( 'NONE', #295, #644 ) ;
#185 = VERTEX_POINT ( 'NONE', #290 ) ;
#186 = ADVANCED_FACE ( 'NONE', ( #50 ), #532, .F. ) ;
#187 = ORIENTED_EDGE ( 'NONE', *, *, #1292, .F. ) ;
#188 = LINE ( 'NONE', #1576, #1224 ) ;
#189 = ADVANCED_FACE ( 'NONE', ( #268 ), #1389, .F. ) ;
#190 = DIRECTION ( 'NONE',  ( 1.000000000000000000, 0.000000000000000000, 0.000000000000000000 ) ) ;
#191 = APPLICATION_CONTEXT ( 'automotive_design' ) ;
#192 = LINE ( 'NONE', #1296, #304 ) ;
#193 = VECTOR ( 'NONE', #751, 39.37007874015748854 ) ;
#194 = DIRECTION ( 'NONE',  ( -1.000000000000000000, 0.000000000000000000, -0.000000000000000000 ) ) ;
#195 = ORIENTED_EDGE ( 'NONE', *, *, #1507, .F. ) ;
#196 = LINE ( 'NONE', #698, #434 ) ;
#197 = ORIENTED_EDGE ( 'NONE', *, *, #859, .T. ) ;
#198 = MECHANICAL_DESIGN_GEOMETRIC_PRESENTATION_REPRESENTATION (  '', ( #81 ), #443 ) ;
#199 = FACE_OUTER_BOUND ( 'NONE', #710, .T. ) ;
#200 = LINE ( 'NONE', #584, #545 ) ;
#201 = VERTEX_POINT ( 'NONE', #703 ) ;
#202 = AXIS2_PLACEMENT_3D ( 'NONE', #708, #100, #732 ) ;
#203 = VECTOR ( 'NONE', #1569, 39.37007874015748143 ) ;
#204 = VECTOR ( 'NONE', #353, 39.37007874015748143 ) ;
#205 = ORIENTED_EDGE ( 'NONE', *, *, #669, .F. ) ;
#206 =( LENGTH_UNIT ( ) NAMED_UNIT ( * ) SI_UNIT ( $, .METRE. ) );
#207 = EDGE_CURVE ( 'NONE', #78, #898, #568, .T. ) ;
#208 = CARTESIAN_POINT ( 'NONE',  ( 0.01200000000000000025, 0.01000000000000000368, 0.04950000000000000233 ) ) ;
#209 = LINE ( 'NONE', #475, #271 ) ;
#210 = ORIENTED_EDGE ( 'NONE', *, *, #1240, .T. ) ;
#211 = EDGE_CURVE ( 'NONE', #565, #484, #1540, .T. ) ;
#212 = ORIENTED_EDGE ( 'NONE', *, *, #237, .T. ) ;
#213 = CARTESIAN_POINT ( 'NONE',  ( 0.000000000000000000, 0.03500000000000001721, -0.03114101615137772686 ) ) ;
#214 = DIRECTION ( 'NONE',  ( 0.000000000000000000, 0.9659258262890699775, -0.2588190451025140781 ) ) ;
#215 = DIRECTION ( 'NONE',  ( 0.000000000000000000, 0.000000000000000000, -1.000000000000000000 ) ) ;
#216 = SURFACE_STYLE_FILL_AREA ( #1328 ) ;
#217 = ORIENTED_EDGE ( 'NONE', *, *, #1031, .T. ) ;
#218 = VECTOR ( 'NONE', #965, 39.37007874015748143 ) ;
#219 = VECTOR ( 'NONE', #1570, 39.37007874015748143 ) ;
#220 = DIRECTION ( 'NONE',  ( -1.000000000000000000, 0.000000000000000000, 0.000000000000000000 ) ) ;
#221 = LINE ( 'NONE', #724, #424 ) ;
#222 = DIRECTION ( 'NONE',  ( 0.000000000000000000, 0.000000000000000000, -1.000000000000000000 ) ) ;
#223 = LINE ( 'NONE', #339, #96 ) ;
#224 = VERTEX_POINT ( 'NONE', #1493 ) ;
#225 = AXIS2_PLACEMENT_3D ( 'NONE', #473, #954, #190 ) ;
#226 = PLANE ( 'NONE',  #114 ) ;
#227 = CARTESIAN_POINT ( 'NONE',  ( 0.01200000000000000025, 0.03500000000000000333, 0.01750000000000000860 ) ) ;
#228 = PLANE ( 'NONE',  #683 ) ;
#229 = CARTESIAN_POINT ( 'NONE',  ( 0.1000000000000000056, 0.01499999999999998904, -0.05000000000000003747 ) ) ;
#230 = AXIS2_PLACEMENT_3D ( 'NONE', #1448, #815, #808 ) ;
#231 = EDGE_CURVE ( 'NONE', #297, #868, #1476, .T. ) ;
#232 = DIRECTION ( 'NONE',  ( 0.000000000000000000, 0.000000000000000000, 1.000000000000000000 ) ) ;
#233 = ORIENTED_EDGE ( 'NONE', *, *, #913, .T. ) ;
#234 = EDGE_CURVE ( 'NONE', #11, #1191, #1244, .T. ) ;
#235 = PLANE ( 'NONE',  #1281 ) ;
#236 = LINE ( 'NONE', #737, #34 ) ;
#237 = EDGE_CURVE ( 'NONE', #1096, #935, #620, .T. ) ;
#238 = DIRECTION ( 'NONE',  ( 0.000000000000000000, -1.000000000000000000, -2.134256245050206194E-16 ) ) ;
#239 = DIRECTION ( 'NONE',  ( 0.000000000000000000, -1.000000000000000000, -3.048937492928865815E-17 ) ) ;
#240 = LINE ( 'NONE', #742, #116 ) ;
#241 = ORIENTED_EDGE ( 'NONE', *, *, #97, .F. ) ;
#242 = AXIS2_PLACEMENT_3D ( 'NONE', #1537, #442, #851 ) ;
#243 = PLANE ( 'NONE',  #410 ) ;
#244 = EDGE_CURVE ( 'NONE', #278, #113, #27, .T. ) ;
#245 = CARTESIAN_POINT ( 'NONE',  ( 0.1000000000000000056, 0.2949999999999999845, 0.05000000000000003053 ) ) ;
#246 = DIRECTION ( 'NONE',  ( -0.000000000000000000, 0.000000000000000000, 1.000000000000000000 ) ) ;
#247 = AXIS2_PLACEMENT_3D ( 'NONE', #1036, #676, #1417 ) ;
#248 = VECTOR ( 'NONE', #1524, 39.37007874015748143 ) ;
#249 = LINE ( 'NONE', #1378, #769 ) ;
#250 = ORIENTED_EDGE ( 'NONE', *, *, #1236, .T. ) ;
#251 = DIRECTION ( 'NONE',  ( -0.000000000000000000, 1.000000000000000000, 2.529488883022466337E-15 ) ) ;
#252 = MECHANICAL_DESIGN_GEOMETRIC_PRESENTATION_REPRESENTATION (  '', ( #1542 ), #1078 ) ;
#253 = VERTEX_POINT ( 'NONE', #1099 ) ;
#254 = DIRECTION ( 'NONE',  ( -0.000000000000000000, 1.000000000000000000, 1.733406087350420004E-16 ) ) ;
#255 = EDGE_CURVE ( 'NONE', #803, #458, #731, .T. ) ;
#256 = PLANE ( 'NONE',  #548 ) ;
#257 = LINE ( 'NONE', #1472, #1122 ) ;
#258 = ORIENTED_EDGE ( 'NONE', *, *, #1114, .T. ) ;
#259 = AXIS2_PLACEMENT_3D ( 'NONE', #886, #170, #1132 ) ;
#260 = EDGE_CURVE ( 'NONE', #1142, #297, #119, .T. ) ;
#261 = DIRECTION ( 'NONE',  ( 0.000000000000000000, 2.134256245050206194E-16, -1.000000000000000000 ) ) ;
#262 =( CONVERSION_BASED_UNIT ( 'INCH', #1125 ) LENGTH_UNIT ( ) NAMED_UNIT ( #1251 ) );
#263 = ORIENTED_EDGE ( 'NONE', *, *, #231, .F. ) ;
#264 = FILL_AREA_STYLE_COLOUR ( '', #625 ) ;
#265 = LINE ( 'NONE', #610, #19 ) ;
#266 = DIRECTION ( 'NONE',  ( 0.000000000000000000, -1.000000000000000000, 0.000000000000000000 ) ) ;
#267 = VERTEX_POINT ( 'NONE', #761 ) ;
#268 = FACE_OUTER_BOUND ( 'NONE', #1279, .T. ) ;
#269 = FACE_OUTER_BOUND ( 'NONE', #1249, .T. ) ;
#270 = PRODUCT ( 'NPPC021KFXC-RC_C02', 'NPPC021KFXC-RC_C02', '', ( #1586 ) ) ;
#271 = VECTOR ( 'NONE', #326, 39.37007874015748143 ) ;
#272 = AXIS2_PLACEMENT_3D ( 'NONE', #678, #293, #412 ) ;
#273 =( CONVERSION_BASED_UNIT ( 'INCH', #1409 ) LENGTH_UNIT ( ) NAMED_UNIT ( #1002 ) );
#274 = CARTESIAN_POINT ( 'NONE',  ( -0.06499999999999998834, 0.2449999999999999400, 0.01499999999999975311 ) ) ;
#275 = VERTEX_POINT ( 'NONE', #977 ) ;
#276 = CARTESIAN_POINT ( 'NONE',  ( -0.03500000000000003803, 0.2449999999999999400, 0.01499999999999975311 ) ) ;
#277 = FACE_OUTER_BOUND ( 'NONE', #327, .T. ) ;
#278 = VERTEX_POINT ( 'NONE', #371 ) ;
#279 = AXIS2_PLACEMENT_3D ( 'NONE', #426, #914, #157 ) ;
#280 = DIRECTION ( 'NONE',  ( 0.000000000000000000, 1.370704305007583992E-16, -1.000000000000000000 ) ) ;
#281 = EDGE_CURVE ( 'NONE', #201, #278, #1035, .T. ) ;
#282 = LINE ( 'NONE', #307, #722 ) ;
#283 = CARTESIAN_POINT ( 'NONE',  ( 0.03500000000000001721, 0.2775000000000000244, -0.01500000000000019373 ) ) ;
#284 = ORIENTED_EDGE ( 'NONE', *, *, #1334, .F. ) ;
#285 = DIRECTION ( 'NONE',  ( -1.000000000000000000, -0.000000000000000000, -0.000000000000000000 ) ) ;
#286 = ADVANCED_BREP_SHAPE_REPRESENTATION ( '', ( #389, #369, #279 ), #1420 ) ;
#287 = CARTESIAN_POINT ( 'NONE',  ( 0.01200000000000000025, 3.791200677927629740E-33, 0.08450000000000001954 ) ) ;
#288 = VECTOR ( 'NONE', #1453, 39.37007874015748143 ) ;
#289 = EDGE_CURVE ( 'NONE', #133, #989, #395, .T. ) ;
#290 = CARTESIAN_POINT ( 'NONE',  ( 0.000000000000000000, 0.2949999999999999845, -0.05000000000000003053 ) ) ;
#291 = DIRECTION ( 'NONE',  ( -1.000000000000000000, -0.000000000000000000, -0.000000000000000000 ) ) ;
#292 = UNCERTAINTY_MEASURE_WITH_UNIT (LENGTH_MEASURE( 1.000000000000000082E-05 ), #780, 'distance_accuracy_value', 'NONE');
#293 = DIRECTION ( 'NONE',  ( 1.000000000000000000, 0.000000000000000000, -0.000000000000000000 ) ) ;
#294 = ORIENTED_EDGE ( 'NONE', *, *, #740, .F. ) ;
#295 = CARTESIAN_POINT ( 'NONE',  ( 0.000000000000000000, 0.03500000000000001721, -0.03114101615137772686 ) ) ;
#296 = ORIENTED_EDGE ( 'NONE', *, *, #1548, .F. ) ;
#297 = VERTEX_POINT ( 'NONE', #855 ) ;
#298 = DIRECTION ( 'NONE',  ( -0.000000000000000000, 1.000000000000000000, 0.000000000000000000 ) ) ;
#299 = VECTOR ( 'NONE', #471, 39.37007874015748143 ) ;
#300 = CARTESIAN_POINT ( 'NONE',  ( 0.03500000000000001721, 0.2449999999999999400, -0.01500000000000020067 ) ) ;
#301 = FACE_OUTER_BOUND ( 'NONE', #182, .T. ) ;
#302 = CARTESIAN_POINT ( 'NONE',  ( 0.000000000000000000, 0.01499999999999998904, -0.05000000000000003747 ) ) ;
#303 = ORIENTED_EDGE ( 'NONE', *, *, #766, .T. ) ;
#304 = VECTOR ( 'NONE', #1411, 39.37007874015748143 ) ;
#305 = ORIENTED_EDGE ( 'NONE', *, *, #244, .T. ) ;
#306 = FACE_OUTER_BOUND ( 'NONE', #160, .T. ) ;
#307 = CARTESIAN_POINT ( 'NONE',  ( 0.04500000000000003303, 0.2675000000000000711, -0.005000000000000183985 ) ) ;
#308 = EDGE_CURVE ( 'NONE', #458, #94, #352, .T. ) ;
#309 = CARTESIAN_POINT ( 'NONE',  ( 0.1000000000000000056, 0.2949999999999999845, -0.05000000000000003053 ) ) ;
#310 = PLANE ( 'NONE',  #1330 ) ;
#311 = EDGE_LOOP ( 'NONE', ( #132, #650, #864, #1087 ) ) ;
#312 = VECTOR ( 'NONE', #1093, 39.37007874015748143 ) ;
#313 = EDGE_CURVE ( 'NONE', #102, #185, #1358, .T. ) ;
#314 = ORIENTED_EDGE ( 'NONE', *, *, #697, .F. ) ;
#315 = AXIS2_PLACEMENT_3D ( 'NONE', #9, #1124, #1006 ) ;
#316 = CARTESIAN_POINT ( 'NONE',  ( 0.03500000000000001721, 0.2775000000000000244, 0.01499999999999975832 ) ) ;
#317 = DIRECTION ( 'NONE',  ( -0.5773502691896265082, 0.5773502691896241767, -0.5773502691896265082 ) ) ;
#318 = PLANE ( 'NONE',  #349 ) ;
#319 = PLANE ( 'NONE',  #842 ) ;
#320 = CARTESIAN_POINT ( 'NONE',  ( 0.01200000000000000025, 0.03200000000000000761, 0.01749999999999999820 ) ) ;
#321 = VERTEX_POINT ( 'NONE', #997 ) ;
#322 = SHAPE_REPRESENTATION_RELATIONSHIP ( 'NONE' , 'NONE' ,  #889, #1152 ) ;
#323 = UNCERTAINTY_MEASURE_WITH_UNIT (LENGTH_MEASURE( 1.000000000000000082E-05 ), #677, 'distance_accuracy_value', 'NONE');
#324 = CARTESIAN_POINT ( 'NONE',  ( -0.1000000000000000056, 0.01500000000000001159, 0.03649999999999996997 ) ) ;
#325 = AXIS2_PLACEMENT_3D ( 'NONE', #666, #1150, #1283 ) ;
#326 = DIRECTION ( 'NONE',  ( -1.000000000000000000, -0.000000000000000000, -0.000000000000000000 ) ) ;
#327 = EDGE_LOOP ( 'NONE', ( #983, #1113, #544, #1545 ) ) ;
#328 = ORIENTED_EDGE ( 'NONE', *, *, #927, .F. ) ;
#329 = PRODUCT_RELATED_PRODUCT_CATEGORY ( 'part', '', ( #1414 ) ) ;
#330 = CARTESIAN_POINT ( 'NONE',  ( 0.06499999999999997446, 0.2775000000000000244, 0.01499999999999975311 ) ) ;
#331 = LINE ( 'NONE', #1440, #692 ) ;
#332 = ORIENTED_EDGE ( 'NONE', *, *, #1552, .T. ) ;
#333 = EDGE_CURVE ( 'NONE', #1135, #94, #755, .T. ) ;
#334 = ORIENTED_EDGE ( 'NONE', *, *, #1535, .F. ) ;
#335 =( NAMED_UNIT ( * ) PLANE_ANGLE_UNIT ( ) SI_UNIT ( $, .RADIAN. ) );
#336 = CLOSED_SHELL ( 'NONE', ( #1310, #457, #582, #478, #136, #657, #820, #1480, #1089, #1408, #687, #1451, #814, #29, #571, #617, #491, #746, #1544 ) ) ;
#337 = DIRECTION ( 'NONE',  ( -0.000000000000000000, 1.000000000000000000, 1.733406087350420004E-16 ) ) ;
#338 = ADVANCED_FACE ( 'NONE', ( #1342 ), #1235, .F. ) ;
#339 = CARTESIAN_POINT ( 'NONE',  ( 0.01200000000000000025, 0.03500000000000000333, 0.02749999999999999667 ) ) ;
#340 = EDGE_LOOP ( 'NONE', ( #867, #560, #87, #345 ) ) ;
#341 = FACE_OUTER_BOUND ( 'NONE', #785, .T. ) ;
#342 = CARTESIAN_POINT ( 'NONE',  ( 0.000000000000000000, 0.2949999999999999845, 0.05000000000000003053 ) ) ;
#343 = VECTOR ( 'NONE', #1058, 39.37007874015748143 ) ;
#344 = CARTESIAN_POINT ( 'NONE',  ( 0.000000000000000000, 0.2949999999999999845, -0.05000000000000003053 ) ) ;
#345 = ORIENTED_EDGE ( 'NONE', *, *, #887, .F. ) ;
#346 = VECTOR ( 'NONE', #1133, 39.37007874015748143 ) ;
#347 = VECTOR ( 'NONE', #1362, 39.37007874015748143 ) ;
#348 = LINE ( 'NONE', #320, #343 ) ;
#349 = AXIS2_PLACEMENT_3D ( 'NONE', #309, #813, #1164 ) ;
#350 = VECTOR ( 'NONE', #383, 39.37007874015748143 ) ;
#351 = EDGE_CURVE ( 'NONE', #224, #403, #630, .T. ) ;
#352 = LINE ( 'NONE', #637, #312 ) ;
#353 = DIRECTION ( 'NONE',  ( 1.000000000000000000, 0.000000000000000000, 0.000000000000000000 ) ) ;
#354 = ADVANCED_FACE ( 'NONE', ( #382 ), #228, .F. ) ;
#355 =( CONVERSION_BASED_UNIT ( 'INCH', #1466 ) LENGTH_UNIT ( ) NAMED_UNIT ( #543 ) );
#356 = ORIENTED_EDGE ( 'NONE', *, *, #415, .T. ) ;
#357 = APPLICATION_CONTEXT ( 'automotive_design' ) ;
#358 = DIRECTION ( 'NONE',  ( -1.000000000000000000, -0.000000000000000000, -0.000000000000000000 ) ) ;
#359 = AXIS2_PLACEMENT_3D ( 'NONE', #1439, #1219, #222 ) ;
#360 = EDGE_CURVE ( 'NONE', #923, #586, #967, .T. ) ;
#361 = PLANE ( 'NONE',  #1187 ) ;
#362 = CIRCLE ( 'NONE', #1294, 0.004999999999999997502 ) ;
#363 = PRESENTATION_STYLE_ASSIGNMENT (( #1470 ) ) ;
#364 = DIRECTION ( 'NONE',  ( -1.000000000000000000, 0.000000000000000000, 0.000000000000000000 ) ) ;
#365 = VECTOR ( 'NONE', #619, 39.37007874015748143 ) ;
#366 = DIRECTION ( 'NONE',  ( -1.000000000000000000, 0.000000000000000000, -0.000000000000000000 ) ) ;
#367 = ORIENTED_EDGE ( 'NONE', *, *, #244, .F. ) ;
#368 = DIRECTION ( 'NONE',  ( -0.000000000000000000, 0.2588190451025141336, 0.9659258262890700886 ) ) ;
#369 = MANIFOLD_SOLID_BREP ( 'LPattern1', #781 ) ;
#370 = CONTEXT_DEPENDENT_SHAPE_REPRESENTATION ( #33, #1163 ) ;
#371 = CARTESIAN_POINT ( 'NONE',  ( -0.01200000000000000025, 0.03200000000000000761, 0.01749999999999999820 ) ) ;
#372 = PLANE ( 'NONE',  #173 ) ;
#373 = DIRECTION ( 'NONE',  ( -0.000000000000000000, -1.000000000000000000, 4.142673673352225737E-32 ) ) ;
#374 = ORIENTED_EDGE ( 'NONE', *, *, #740, .T. ) ;
#375 = CARTESIAN_POINT ( 'NONE',  ( -0.05499999999999997946, 0.2675000000000000711, -0.005000000000000183985 ) ) ;
#376 = VECTOR ( 'NONE', #62, 39.37007874015748143 ) ;
#377 = EDGE_CURVE ( 'NONE', #78, #811, #1376, .T. ) ;
#378 = VECTOR ( 'NONE', #147, 39.37007874015748143 ) ;
#379 = APPLICATION_PROTOCOL_DEFINITION ( 'draft international standard', 'automotive_design', 1998, #777 ) ;
#380 = EDGE_LOOP ( 'NONE', ( #1170, #187, #1514, #1102 ) ) ;
#381 = ORIENTED_EDGE ( 'NONE', *, *, #789, .F. ) ;
#382 = FACE_OUTER_BOUND ( 'NONE', #1492, .T. ) ;
#383 = DIRECTION ( 'NONE',  ( -1.000000000000000000, -0.000000000000000000, -0.000000000000000000 ) ) ;
#384 = VECTOR ( 'NONE', #1377, 39.37007874015748143 ) ;
#385 = EDGE_CURVE ( 'NONE', #1457, #758, #786, .T. ) ;
#386 = VECTOR ( 'NONE', #1107, 39.37007874015748143 ) ;
#387 = DIRECTION ( 'NONE',  ( 1.000000000000000000, 0.000000000000000000, 0.000000000000000000 ) ) ;
#388 = VERTEX_POINT ( 'NONE', #152 ) ;
#389 = MANIFOLD_SOLID_BREP ( 'Chamfer1', #336 ) ;
#390 = PRODUCT_DEFINITION_FORMATION_WITH_SPECIFIED_SOURCE ( 'ANY', '', #879, .NOT_KNOWN. ) ;
#391 = CARTESIAN_POINT ( 'NONE',  ( 0.000000000000000000, 0.03500000000000001721, -0.03114101615137772686 ) ) ;
#392 = DIRECTION ( 'NONE',  ( 1.000000000000000000, 0.000000000000000000, 0.000000000000000000 ) ) ;
#393 = EDGE_LOOP ( 'NONE', ( #411, #1450, #1059, #719 ) ) ;
#394 = VERTEX_POINT ( 'NONE', #405 ) ;
#395 = LINE ( 'NONE', #609, #875 ) ;
#396 = CARTESIAN_POINT ( 'NONE',  ( 0.03500000000000001721, 0.2449999999999999400, 0.01499999999999975311 ) ) ;
#397 = VECTOR ( 'NONE', #454, 39.37007874015748143 ) ;
#398 = DIRECTION ( 'NONE',  ( 0.000000000000000000, 4.142673673352227379E-32, 1.000000000000000000 ) ) ;
#399 = ORIENTED_EDGE ( 'NONE', *, *, #701, .F. ) ;
#400 = VECTOR ( 'NONE', #985, 39.37007874015748143 ) ;
#401 = FACE_OUTER_BOUND ( 'NONE', #778, .T. ) ;
#402 = CARTESIAN_POINT ( 'NONE',  ( 0.000000000000000000, 0.2949999999999999845, 0.05000000000000003053 ) ) ;
#403 = VERTEX_POINT ( 'NONE', #419 ) ;
#404 = EDGE_CURVE ( 'NONE', #102, #253, #899, .T. ) ;
#405 = CARTESIAN_POINT ( 'NONE',  ( 0.01750000000000000167, 0.2949999999999999845, -0.03250000000000020928 ) ) ;
#406 = DIRECTION ( 'NONE',  ( 0.000000000000000000, -0.9659258262890699775, -0.2588190451025145222 ) ) ;
#407 = CARTESIAN_POINT ( 'NONE',  ( 0.01200000000000000025, 0.01000000000000000021, 0.04950000000000000233 ) ) ;
#408 = ORIENTED_EDGE ( 'NONE', *, *, #161, .F. ) ;
#409 = DIRECTION ( 'NONE',  ( 0.000000000000000000, -0.9659258262890699775, -0.2588190451025145222 ) ) ;
#410 = AXIS2_PLACEMENT_3D ( 'NONE', #860, #368, #108 ) ;
#411 = ORIENTED_EDGE ( 'NONE', *, *, #735, .T. ) ;
#412 = DIRECTION ( 'NONE',  ( -0.000000000000000000, 0.000000000000000000, -1.000000000000000000 ) ) ;
#413 = ORIENTED_EDGE ( 'NONE', *, *, #716, .F. ) ;
#414 = DIMENSIONAL_EXPONENTS ( 1.000000000000000000, 0.000000000000000000, 0.000000000000000000, 0.000000000000000000, 0.000000000000000000, 0.000000000000000000, 0.000000000000000000 ) ;
#415 = EDGE_CURVE ( 'NONE', #297, #1551, #779, .T. ) ;
#416 = DIRECTION ( 'NONE',  ( 0.000000000000000000, 0.000000000000000000, -1.000000000000000000 ) ) ;
#417 = CARTESIAN_POINT ( 'NONE',  ( 0.000000000000000000, 0.01500000000000001853, -0.03650000000000003936 ) ) ;
#418 = VERTEX_POINT ( 'NONE', #164 ) ;
#419 = CARTESIAN_POINT ( 'NONE',  ( -0.006999999999999999278, 0.01000000000000000194, 0.08450000000000001954 ) ) ;
#420 = LINE ( 'NONE', #59, #920 ) ;
#421 = LINE ( 'NONE', #1053, #1398 ) ;
#422 = ORIENTED_EDGE ( 'NONE', *, *, #20, .T. ) ;
#423 = PLANE ( 'NONE',  #1022 ) ;
#424 = VECTOR ( 'NONE', #1209, 39.37007874015748143 ) ;
#425 = VECTOR ( 'NONE', #1588, 39.37007874015748854 ) ;
#426 = CARTESIAN_POINT ( 'NONE',  ( 0.000000000000000000, 0.000000000000000000, 0.000000000000000000 ) ) ;
#427 = CARTESIAN_POINT ( 'NONE',  ( 0.06499999999999997446, 0.2449999999999999400, 0.01499999999999975311 ) ) ;
#428 = DIRECTION ( 'NONE',  ( 0.000000000000000000, 0.000000000000000000, -1.000000000000000000 ) ) ;
#429 = ORIENTED_EDGE ( 'NONE', *, *, #308, .F. ) ;
#430 = ADVANCED_FACE ( 'NONE', ( #433 ), #918, .F. ) ;
#431 = ORIENTED_EDGE ( 'NONE', *, *, #1255, .T. ) ;
#432 = ADVANCED_FACE ( 'NONE', ( #306 ), #684, .F. ) ;
#433 = FACE_OUTER_BOUND ( 'NONE', #1547, .T. ) ;
#434 = VECTOR ( 'NONE', #513, 39.37007874015748143 ) ;
#435 = PRODUCT_DEFINITION_SHAPE ( 'NONE', 'NONE',  #1591 ) ;
#436 = LINE ( 'NONE', #183, #448 ) ;
#437 = CIRCLE ( 'NONE', #146, 0.004999999999999997502 ) ;
#438 = ADVANCED_FACE ( 'NONE', ( #1515 ), #616, .F. ) ;
#439 = CARTESIAN_POINT ( 'NONE',  ( 0.06499999999999997446, 0.2449999999999999400, -0.01500000000000020067 ) ) ;
#440 = ORIENTED_EDGE ( 'NONE', *, *, #1114, .F. ) ;
#441 = ORIENTED_EDGE ( 'NONE', *, *, #385, .T. ) ;
#442 = DIRECTION ( 'NONE',  ( 1.000000000000000000, 0.000000000000000000, 0.000000000000000000 ) ) ;
#443 =( GEOMETRIC_REPRESENTATION_CONTEXT ( 3 ) GLOBAL_UNCERTAINTY_ASSIGNED_CONTEXT ( ( #158 ) ) GLOBAL_UNIT_ASSIGNED_CONTEXT ( ( #469, #335, #1318 ) ) REPRESENTATION_CONTEXT ( 'NONE', 'WORKASPACE' ) );
#444 = CYLINDRICAL_SURFACE ( 'NONE', #68, 0.004999999999999997502 ) ;
#445 = PRESENTATION_LAYER_ASSIGNMENT (  '', '', ( #1542 ) ) ;
#446 = CARTESIAN_POINT ( 'NONE',  ( -0.006999999999999999278, 0.01000000000000000194, 0.07950000000000001510 ) ) ;
#447 = FACE_OUTER_BOUND ( 'NONE', #468, .T. ) ;
#448 = VECTOR ( 'NONE', #1516, 39.37007874015748143 ) ;
#449 = EDGE_LOOP ( 'NONE', ( #1399, #880, #464, #1063 ) ) ;
#450 = CARTESIAN_POINT ( 'NONE',  ( 0.000000000000000000, 0.01499999999999997689, 0.04999999999999996808 ) ) ;
#451 = VERTEX_POINT ( 'NONE', #1355 ) ;
#452 =( NAMED_UNIT ( * ) PLANE_ANGLE_UNIT ( ) SI_UNIT ( $, .RADIAN. ) );
#453 = EDGE_CURVE ( 'NONE', #752, #141, #487, .T. ) ;
#454 = DIRECTION ( 'NONE',  ( -0.000000000000000000, -0.000000000000000000, 1.000000000000000000 ) ) ;
#455 = CARTESIAN_POINT ( 'NONE',  ( -0.1000000000000000056, 0.03500000000000001027, 0.03114101615137766441 ) ) ;
#456 = ORIENTED_EDGE ( 'NONE', *, *, #377, .F. ) ;
#457 = ADVANCED_FACE ( 'NONE', ( #65 ), #77, .F. ) ;
#458 = VERTEX_POINT ( 'NONE', #316 ) ;
#459 = AXIS2_PLACEMENT_3D ( 'NONE', #521, #776, #634 ) ;
#460 = LINE ( 'NONE', #342, #1341 ) ;
#461 = VECTOR ( 'NONE', #1519, 39.37007874015748143 ) ;
#462 = STYLED_ITEM ( 'NONE', ( #613 ), #939 ) ;
#463 = CARTESIAN_POINT ( 'NONE',  ( 0.03500000000000001721, 0.2449999999999999400, 0.01499999999999975311 ) ) ;
#464 = ORIENTED_EDGE ( 'NONE', *, *, #333, .F. ) ;
#465 = EDGE_CURVE ( 'NONE', #253, #418, #958, .T. ) ;
#466 = AXIS2_PLACEMENT_3D ( 'NONE', #1100, #498, #239 ) ;
#467 = AXIS2_PLACEMENT_3D ( 'NONE', #1474, #745, #925 ) ;
#468 = EDGE_LOOP ( 'NONE', ( #804, #1115, #1372, #1072, #932, #1367 ) ) ;
#469 =( CONVERSION_BASED_UNIT ( 'INCH', #587 ) LENGTH_UNIT ( ) NAMED_UNIT ( #531 ) );
#470 = CYLINDRICAL_SURFACE ( 'NONE', #528, 0.03200000000000000067 ) ;
#471 = DIRECTION ( 'NONE',  ( -1.000000000000000000, -0.000000000000000000, -0.000000000000000000 ) ) ;
#472 = ORIENTED_EDGE ( 'NONE', *, *, #853, .F. ) ;
#473 = CARTESIAN_POINT ( 'NONE',  ( 0.000000000000000000, 0.000000000000000000, 0.000000000000000000 ) ) ;
#474 = LINE ( 'NONE', #1327, #1295 ) ;
#475 = CARTESIAN_POINT ( 'NONE',  ( 0.000000000000000000, 0.01500000000000001853, -0.03650000000000003936 ) ) ;
#476 = VERTEX_POINT ( 'NONE', #691 ) ;
#477 = DIRECTION ( 'NONE',  ( 0.000000000000000000, 2.134256245050206194E-16, -1.000000000000000000 ) ) ;
#478 = ADVANCED_FACE ( 'NONE', ( #600 ), #243, .F. ) ;
#479 = DIRECTION ( 'NONE',  ( 1.000000000000000000, 0.000000000000000000, 0.000000000000000000 ) ) ;
#480 = DIRECTION ( 'NONE',  ( 0.000000000000000000, 1.000000000000000000, 1.733406087350420004E-16 ) ) ;
#481 = EDGE_CURVE ( 'NONE', #1041, #1229, #1082, .T. ) ;
#482 = LINE ( 'NONE', #835, #577 ) ;
#483 = AXIS2_PLACEMENT_3D ( 'NONE', #661, #1500, #21 ) ;
#484 = VERTEX_POINT ( 'NONE', #1425 ) ;
#485 = EDGE_CURVE ( 'NONE', #868, #830, #1459, .T. ) ;
#486 = COLOUR_RGB ( '',0.7921568627450980005, 0.8196078431372548767, 0.9333333333333333481 ) ;
#487 = LINE ( 'NONE', #729, #800 ) ;
#488 = DIRECTION ( 'NONE',  ( 0.000000000000000000, -4.142673673352226284E-32, -1.000000000000000000 ) ) ;
#489 = SURFACE_SIDE_STYLE ('',( #144 ) ) ;
#490 = CARTESIAN_POINT ( 'NONE',  ( 0.01200000000000000025, 0.03200000000000000761, 0.01749999999999999820 ) ) ;
#491 = ADVANCED_FACE ( 'NONE', ( #493 ), #573, .F. ) ;
#492 = ORIENTED_EDGE ( 'NONE', *, *, #721, .T. ) ;
#493 = FACE_OUTER_BOUND ( 'NONE', #1467, .T. ) ;
#494 = CIRCLE ( 'NONE', #702, 0.02200000000000000566 ) ;
#495 = CONTEXT_DEPENDENT_SHAPE_REPRESENTATION ( #1203, #527 ) ;
#496 = LINE ( 'NONE', #790, #580 ) ;
#497 = CARTESIAN_POINT ( 'NONE',  ( -0.06499999999999998834, 0.2449999999999999400, -0.01500000000000020067 ) ) ;
#498 = DIRECTION ( 'NONE',  ( 0.000000000000000000, -3.048937492928865815E-17, 1.000000000000000000 ) ) ;
#499 = CIRCLE ( 'NONE', #315, 0.02200000000000000566 ) ;
#500 = ORIENTED_EDGE ( 'NONE', *, *, #40, .T. ) ;
#501 = LINE ( 'NONE', #1371, #347 ) ;
#502 = ORIENTED_EDGE ( 'NONE', *, *, #669, .T. ) ;
#503 = EDGE_CURVE ( 'NONE', #850, #102, #1302, .T. ) ;
#504 = DIRECTION ( 'NONE',  ( -0.000000000000000000, 1.000000000000000000, -6.097874985857729166E-17 ) ) ;
#505 = ORIENTED_EDGE ( 'NONE', *, *, #1031, .F. ) ;
#506 = EDGE_CURVE ( 'NONE', #1430, #278, #348, .T. ) ;
#507 = DIRECTION ( 'NONE',  ( 0.000000000000000000, 1.000000000000000000, 3.048937492928865815E-17 ) ) ;
#508 = DIRECTION ( 'NONE',  ( -0.000000000000000000, 0.000000000000000000, -1.000000000000000000 ) ) ;
#509 = DIRECTION ( 'NONE',  ( 1.000000000000000000, 0.000000000000000000, 0.000000000000000000 ) ) ;
#510 = LINE ( 'NONE', #988, #668 ) ;
#511 = ORIENTED_EDGE ( 'NONE', *, *, #465, .F. ) ;
#512 = AXIS2_PLACEMENT_3D ( 'NONE', #1572, #1206, #973 ) ;
#513 = DIRECTION ( 'NONE',  ( 1.000000000000000000, 0.000000000000000000, 0.000000000000000000 ) ) ;
#514 = AXIS2_PLACEMENT_3D ( 'NONE', #539, #127, #1138 ) ;
#515 = ORIENTED_EDGE ( 'NONE', *, *, #1267, .T. ) ;
#516 = EDGE_LOOP ( 'NONE', ( #593, #1108, #1517, #873 ) ) ;
#517 = DIRECTION ( 'NONE',  ( -1.000000000000000000, -0.000000000000000000, -0.000000000000000000 ) ) ;
#518 = DIRECTION ( 'NONE',  ( 0.000000000000000000, -0.000000000000000000, -1.000000000000000000 ) ) ;
#519 = VERTEX_POINT ( 'NONE', #1546 ) ;
#520 = EDGE_CURVE ( 'NONE', #224, #984, #1365, .T. ) ;
#521 = CARTESIAN_POINT ( 'NONE',  ( 0.01200000000000000025, 0.03200000000000000761, 0.04950000000000000233 ) ) ;
#522 = EDGE_CURVE ( 'NONE', #989, #758, #845, .T. ) ;
#523 = VECTOR ( 'NONE', #517, 39.37007874015748143 ) ;
#524 = VERTEX_POINT ( 'NONE', #450 ) ;
#525 = CARTESIAN_POINT ( 'NONE',  ( 0.01200000000000000025, 0.03200000000000000761, 0.01750000000000000167 ) ) ;
#526 = DIRECTION ( 'NONE',  ( 0.000000000000000000, -1.000000000000000000, -1.733406087350420004E-16 ) ) ;
#527 = PRODUCT_DEFINITION_SHAPE ( 'NONE', 'NONE',  #1590 ) ;
#528 = AXIS2_PLACEMENT_3D ( 'NONE', #85, #1085, #583 ) ;
#529 = LINE ( 'NONE', #407, #71 ) ;
#530 = ORIENTED_EDGE ( 'NONE', *, *, #260, .T. ) ;
#531 = DIMENSIONAL_EXPONENTS ( 1.000000000000000000, 0.000000000000000000, 0.000000000000000000, 0.000000000000000000, 0.000000000000000000, 0.000000000000000000, 0.000000000000000000 ) ;
#532 = PLANE ( 'NONE',  #1137 ) ;
#533 = FACE_OUTER_BOUND ( 'NONE', #151, .T. ) ;
#534 = ADVANCED_FACE ( 'NONE', ( #1098 ), #226, .F. ) ;
#535 = ORIENTED_EDGE ( 'NONE', *, *, #838, .F. ) ;
#536 = PRESENTATION_STYLE_ASSIGNMENT (( #891 ) ) ;
#537 = EDGE_CURVE ( 'NONE', #1381, #752, #188, .T. ) ;
#538 =( NAMED_UNIT ( * ) SI_UNIT ( $, .STERADIAN. ) SOLID_ANGLE_UNIT ( ) );
#539 = CARTESIAN_POINT ( 'NONE',  ( 0.03500000000000001721, 0.2775000000000000244, 0.01499999999999975311 ) ) ;
#540 = ORIENTED_EDGE ( 'NONE', *, *, #506, .F. ) ;
#541 = EDGE_CURVE ( 'NONE', #957, #1430, #741, .T. ) ;
#542 = LINE ( 'NONE', #1373, #1147 ) ;
#543 = DIMENSIONAL_EXPONENTS ( 1.000000000000000000, 0.000000000000000000, 0.000000000000000000, 0.000000000000000000, 0.000000000000000000, 0.000000000000000000, 0.000000000000000000 ) ;
#544 = ORIENTED_EDGE ( 'NONE', *, *, #1236, .F. ) ;
#545 = VECTOR ( 'NONE', #93, 39.37007874015748143 ) ;
#546 =( NAMED_UNIT ( * ) PLANE_ANGLE_UNIT ( ) SI_UNIT ( $, .RADIAN. ) );
#547 = CARTESIAN_POINT ( 'NONE',  ( -0.06499999999999998834, 0.2775000000000000244, 0.01499999999999975832 ) ) ;
#548 = AXIS2_PLACEMENT_3D ( 'NONE', #756, #111, #508 ) ;
#549 = CARTESIAN_POINT ( 'NONE',  ( -0.006999999999999999278, 3.791200677927629740E-33, 0.08450000000000001954 ) ) ;
#550 = ORIENTED_EDGE ( 'NONE', *, *, #876, .F. ) ;
#551 =( GEOMETRIC_REPRESENTATION_CONTEXT ( 3 ) GLOBAL_UNCERTAINTY_ASSIGNED_CONTEXT ( ( #1018 ) ) GLOBAL_UNIT_ASSIGNED_CONTEXT ( ( #1402, #546, #1009 ) ) REPRESENTATION_CONTEXT ( 'NONE', 'WORKASPACE' ) );
#552 = DIRECTION ( 'NONE',  ( 0.000000000000000000, 0.000000000000000000, -1.000000000000000000 ) ) ;
#553 = CARTESIAN_POINT ( 'NONE',  ( 0.1000000000000000056, 0.01500000000000001853, -0.03650000000000003936 ) ) ;
#554 =( NAMED_UNIT ( * ) SI_UNIT ( $, .STERADIAN. ) SOLID_ANGLE_UNIT ( ) );
#555 = PRESENTATION_STYLE_ASSIGNMENT (( #1410 ) ) ;
#556 = DIRECTION ( 'NONE',  ( 0.000000000000000000, 1.370704305007583992E-16, -1.000000000000000000 ) ) ;
#557 = VECTOR ( 'NONE', #1531, 39.37007874015748143 ) ;
#558 = LINE ( 'NONE', #1550, #896 ) ;
#559 = ADVANCED_FACE ( 'NONE', ( #1347 ), #235, .F. ) ;
#560 = ORIENTED_EDGE ( 'NONE', *, *, #1567, .F. ) ;
#561 = EDGE_CURVE ( 'NONE', #803, #1135, #196, .T. ) ;
#562 = DIRECTION ( 'NONE',  ( 0.000000000000000000, 4.142673673352227379E-32, 1.000000000000000000 ) ) ;
#563 = CARTESIAN_POINT ( 'NONE',  ( 0.000000000000000000, 0.2949999999999999845, 0.05000000000000003053 ) ) ;
#564 = ORIENTED_EDGE ( 'NONE', *, *, #537, .T. ) ;
#565 = VERTEX_POINT ( 'NONE', #1112 ) ;
#566 = CARTESIAN_POINT ( 'NONE',  ( 0.1000000000000000056, 0.01500000000000001159, 0.03649999999999996997 ) ) ;
#567 = DIRECTION ( 'NONE',  ( 0.000000000000000000, 0.000000000000000000, -1.000000000000000000 ) ) ;
#568 = LINE ( 'NONE', #1061, #1105 ) ;
#569 = CARTESIAN_POINT ( 'NONE',  ( 0.000000000000000000, 0.2949999999999999845, -0.05000000000000003053 ) ) ;
#570 = EDGE_LOOP ( 'NONE', ( #1488, #598, #3, #1553 ) ) ;
#571 = ADVANCED_FACE ( 'NONE', ( #874 ), #1266, .F. ) ;
#572 = EDGE_LOOP ( 'NONE', ( #1560, #284, #1404, #12 ) ) ;
#573 = PLANE ( 'NONE',  #512 ) ;
#574 = ORIENTED_EDGE ( 'NONE', *, *, #930, .T. ) ;
#575 = UNCERTAINTY_MEASURE_WITH_UNIT (LENGTH_MEASURE( 1.000000000000000082E-05 ), #601, 'distance_accuracy_value', 'NONE');
#576 = FACE_OUTER_BOUND ( 'NONE', #1161, .T. ) ;
#577 = VECTOR ( 'NONE', #715, 39.37007874015748143 ) ;
#578 = LINE ( 'NONE', #54, #1460 ) ;
#579 = EDGE_CURVE ( 'NONE', #1438, #586, #1380, .T. ) ;
#580 = VECTOR ( 'NONE', #1518, 39.37007874015748143 ) ;
#581 = ORIENTED_EDGE ( 'NONE', *, *, #53, .T. ) ;
#582 = ADVANCED_FACE ( 'NONE', ( #1141 ), #123, .F. ) ;
#583 = DIRECTION ( 'NONE',  ( 0.000000000000000000, 0.000000000000000000, 1.000000000000000000 ) ) ;
#584 = CARTESIAN_POINT ( 'NONE',  ( -0.03500000000000003803, 0.2449999999999999400, 0.01499999999999975311 ) ) ;
#585 = EDGE_LOOP ( 'NONE', ( #98, #39, #422, #837 ) ) ;
#586 = VERTEX_POINT ( 'NONE', #417 ) ;
#587 = LENGTH_MEASURE_WITH_UNIT ( LENGTH_MEASURE( 0.02539999999999999897 ), #1331 );
#588 = PRODUCT_DEFINITION_CONTEXT ( 'detailed design', #1300, 'design' ) ;
#589 = VECTOR ( 'NONE', #358, 39.37007874015748143 ) ;
#590 = CARTESIAN_POINT ( 'NONE',  ( 0.1000000000000000056, 0.2449999999999999400, -8.667030436752101562E-18 ) ) ;
#591 = CARTESIAN_POINT ( 'NONE',  ( 0.01200000000000000025, 0.03200000000000000761, 0.04950000000000000233 ) ) ;
#592 = LINE ( 'NONE', #463, #1461 ) ;
#593 = ORIENTED_EDGE ( 'NONE', *, *, #520, .F. ) ;
#594 = VERTEX_POINT ( 'NONE', #402 ) ;
#595 = DIRECTION ( 'NONE',  ( 0.000000000000000000, 0.9659258262890699775, -0.2588190451025140781 ) ) ;
#596 = CARTESIAN_POINT ( 'NONE',  ( -0.03500000000000003803, 0.2449999999999999400, -0.01500000000000020067 ) ) ;
#597 = LINE ( 'NONE', #733, #1048 ) ;
#598 = ORIENTED_EDGE ( 'NONE', *, *, #360, .F. ) ;
#599 = ADVANCED_FACE ( 'NONE', ( #865 ), #1248, .F. ) ;
#600 = FACE_OUTER_BOUND ( 'NONE', #380, .T. ) ;
#601 =( CONVERSION_BASED_UNIT ( 'INCH', #89 ) LENGTH_UNIT ( ) NAMED_UNIT ( #906 ) );
#602 = EDGE_CURVE ( 'NONE', #451, #458, #542, .T. ) ;
#603 = PLANE ( 'NONE',  #202 ) ;
#604 = DIRECTION ( 'NONE',  ( -0.000000000000000000, 1.000000000000000000, 2.529488883022466337E-15 ) ) ;
#605 = ORIENTED_EDGE ( 'NONE', *, *, #831, .F. ) ;
#606 = CARTESIAN_POINT ( 'NONE',  ( 0.1000000000000000056, 0.03500000000000001721, -0.03114101615137772686 ) ) ;
#607 = CARTESIAN_POINT ( 'NONE',  ( 0.01200000000000000025, 3.791200677927629740E-33, 0.08450000000000001954 ) ) ;
#608 = APPLICATION_CONTEXT ( 'automotive_design' ) ;
#609 = CARTESIAN_POINT ( 'NONE',  ( -0.06499999999999998834, 0.2775000000000000244, -0.01500000000000019373 ) ) ;
#610 = CARTESIAN_POINT ( 'NONE',  ( 0.03500000000000001721, 0.2449999999999999400, -0.01500000000000020067 ) ) ;
#611 = PRODUCT_RELATED_PRODUCT_CATEGORY ( 'part', '', ( #270 ) ) ;
#612 = VECTOR ( 'NONE', #1468, 39.37007874015748143 ) ;
#613 = PRESENTATION_STYLE_ASSIGNMENT (( #1581 ) ) ;
#614 = ORIENTED_EDGE ( 'NONE', *, *, #453, .F. ) ;
#615 = VECTOR ( 'NONE', #970, 39.37007874015748143 ) ;
#616 = PLANE ( 'NONE',  #467 ) ;
#617 = ADVANCED_FACE ( 'NONE', ( #888 ), #991, .F. ) ;
#618 = APPLICATION_PROTOCOL_DEFINITION ( 'draft international standard', 'automotive_design', 1998, #1234 ) ;
#619 = DIRECTION ( 'NONE',  ( 1.000000000000000000, 0.000000000000000000, 0.000000000000000000 ) ) ;
#620 = LINE ( 'NONE', #497, #1239 ) ;
#621 = FACE_OUTER_BOUND ( 'NONE', #1575, .T. ) ;
#622 = ORIENTED_EDGE ( 'NONE', *, *, #1213, .F. ) ;
#623 = DIRECTION ( 'NONE',  ( 0.000000000000000000, 2.529488883022466337E-15, -1.000000000000000000 ) ) ;
#624 = ORIENTED_EDGE ( 'NONE', *, *, #766, .F. ) ;
#625 = COLOUR_RGB ( '',0.2509803921568627416, 0.2509803921568627416, 0.2509803921568627416 ) ;
#626 = ADVANCED_FACE ( 'NONE', ( #150 ), #1103, .F. ) ;
#627 = PLANE ( 'NONE',  #95 ) ;
#628 = ORIENTED_EDGE ( 'NONE', *, *, #1292, .T. ) ;
#629 =( NAMED_UNIT ( * ) PLANE_ANGLE_UNIT ( ) SI_UNIT ( $, .RADIAN. ) );
#630 = LINE ( 'NONE', #1218, #656 ) ;
#631 = CARTESIAN_POINT ( 'NONE',  ( 0.1000000000000000056, 0.03500000000000001721, -0.03114101615137772686 ) ) ;
#632 = ADVANCED_FACE ( 'NONE', ( #533 ), #627, .F. ) ;
#633 = ORIENTED_EDGE ( 'NONE', *, *, #992, .T. ) ;
#634 = DIRECTION ( 'NONE',  ( 0.000000000000000000, 0.000000000000000000, 1.000000000000000000 ) ) ;
#635 = EDGE_CURVE ( 'NONE', #31, #1484, #1513, .T. ) ;
#636 = EDGE_LOOP ( 'NONE', ( #500, #662, #1528, #1533 ) ) ;
#637 = CARTESIAN_POINT ( 'NONE',  ( 0.03500000000000001721, 0.2775000000000000244, 0.01499999999999975832 ) ) ;
#638 = DIRECTION ( 'NONE',  ( 0.000000000000000000, -1.000000000000000000, 0.000000000000000000 ) ) ;
#639 = CARTESIAN_POINT ( 'NONE',  ( 0.01200000000000000025, 0.01000000000000000194, 0.07950000000000000122 ) ) ;
#640 = ORIENTED_EDGE ( 'NONE', *, *, #999, .T. ) ;
#641 = AXIS2_PLACEMENT_3D ( 'NONE', #1023, #261, #1241 ) ;
#642 = PRODUCT_DEFINITION_SHAPE ( 'NONE', 'NONE',  #48 ) ;
#643 = LINE ( 'NONE', #1123, #936 ) ;
#644 = VECTOR ( 'NONE', #1290, 39.37007874015748143 ) ;
#645 = VERTEX_POINT ( 'NONE', #1230 ) ;
#646 = ORIENTED_EDGE ( 'NONE', *, *, #1091, .F. ) ;
#647 = CARTESIAN_POINT ( 'NONE',  ( -0.01200000000000000025, 0.03200000000000000761, 0.01750000000000000167 ) ) ;
#648 = PLANE ( 'NONE',  #181 ) ;
#649 = CARTESIAN_POINT ( 'NONE',  ( 0.006999999999999999278, 3.791200677927629740E-33, 0.08450000000000001954 ) ) ;
#650 = ORIENTED_EDGE ( 'NONE', *, *, #716, .T. ) ;
#651 = EDGE_CURVE ( 'NONE', #1057, #403, #1485, .T. ) ;
#652 = AXIS2_PLACEMENT_3D ( 'NONE', #104, #1084, #479 ) ;
#653 = CARTESIAN_POINT ( 'NONE',  ( -0.01200000000000000025, 3.791200677927629740E-33, 0.08450000000000001954 ) ) ;
#654 = EDGE_CURVE ( 'NONE', #989, #476, #1481, .T. ) ;
#655 = ORIENTED_EDGE ( 'NONE', *, *, #701, .T. ) ;
#656 = VECTOR ( 'NONE', #1486, 39.37007874015748143 ) ;
#657 = ADVANCED_FACE ( 'NONE', ( #269 ), #768, .F. ) ;
#658 =( NAMED_UNIT ( * ) SI_UNIT ( $, .STERADIAN. ) SOLID_ANGLE_UNIT ( ) );
#659 = ORIENTED_EDGE ( 'NONE', *, *, #771, .T. ) ;
#660 = LINE ( 'NONE', #1003, #1083 ) ;
#661 = CARTESIAN_POINT ( 'NONE',  ( 0.000000000000000000, 0.2449999999999999400, -8.667030436752101562E-18 ) ) ;
#662 = ORIENTED_EDGE ( 'NONE', *, *, #522, .T. ) ;
#663 = DIRECTION ( 'NONE',  ( 0.000000000000000000, -2.845674993400278278E-15, 1.000000000000000000 ) ) ;
#664 = CARTESIAN_POINT ( 'NONE',  ( -0.01200000000000000025, 0.03200000000000000761, 0.02749999999999999667 ) ) ;
#665 = EDGE_LOOP ( 'NONE', ( #894, #971, #728, #711 ) ) ;
#666 = CARTESIAN_POINT ( 'NONE',  ( 0.000000000000000000, 0.01500000000000001853, -0.03650000000000003936 ) ) ;
#667 = EDGE_LOOP ( 'NONE', ( #1317, #826, #505, #233 ) ) ;
#668 = VECTOR ( 'NONE', #1505, 39.37007874015748143 ) ;
#669 = EDGE_CURVE ( 'NONE', #910, #394, #643, .T. ) ;
#670 = DIRECTION ( 'NONE',  ( 0.000000000000000000, 1.000000000000000000, 1.733406087350420004E-16 ) ) ;
#671 = ORIENTED_EDGE ( 'NONE', *, *, #1316, .T. ) ;
#672 = CARTESIAN_POINT ( 'NONE',  ( 0.03500000000000001721, 0.2449999999999999400, 0.01499999999999975311 ) ) ;
#673 = ORIENTED_EDGE ( 'NONE', *, *, #838, .T. ) ;
#674 = EDGE_CURVE ( 'NONE', #154, #201, #1258, .T. ) ;
#675 = ORIENTED_EDGE ( 'NONE', *, *, #1523, .T. ) ;
#676 = DIRECTION ( 'NONE',  ( 1.000000000000000000, 0.000000000000000000, 0.000000000000000000 ) ) ;
#677 =( CONVERSION_BASED_UNIT ( 'INCH', #1037 ) LENGTH_UNIT ( ) NAMED_UNIT ( #895 ) );
#678 = CARTESIAN_POINT ( 'NONE',  ( 0.000000000000000000, 0.000000000000000000, 0.000000000000000000 ) ) ;
#679 = CARTESIAN_POINT ( 'NONE',  ( -0.03500000000000003803, 0.2449999999999999400, 0.01499999999999975311 ) ) ;
#680 = ORIENTED_EDGE ( 'NONE', *, *, #80, .F. ) ;
#681 = AXIS2_PLACEMENT_3D ( 'NONE', #553, #1034, #1392 ) ;
#682 = ORIENTED_EDGE ( 'NONE', *, *, #1255, .F. ) ;
#683 = AXIS2_PLACEMENT_3D ( 'NONE', #110, #1116, #13 ) ;
#684 = PLANE ( 'NONE',  #1155 ) ;
#685 = SURFACE_STYLE_FILL_AREA ( #51 ) ;
#686 = FACE_OUTER_BOUND ( 'NONE', #1179, .T. ) ;
#687 = ADVANCED_FACE ( 'NONE', ( #1508 ), #1390, .F. ) ;
#688 = DIRECTION ( 'NONE',  ( -1.000000000000000000, -0.000000000000000000, -0.000000000000000000 ) ) ;
#689 = ORIENTED_EDGE ( 'NONE', *, *, #927, .T. ) ;
#690 = ORIENTED_EDGE ( 'NONE', *, *, #1458, .T. ) ;
#691 = CARTESIAN_POINT ( 'NONE',  ( -0.08250000000000000389, 0.2949999999999999845, -0.03250000000000020928 ) ) ;
#692 = VECTOR ( 'NONE', #1080, 39.37007874015748143 ) ;
#693 = VECTOR ( 'NONE', #567, 39.37007874015748143 ) ;
#694 = FACE_OUTER_BOUND ( 'NONE', #393, .T. ) ;
#695 = LINE ( 'NONE', #934, #821 ) ;
#696 = EDGE_LOOP ( 'NONE', ( #1298, #1571, #1169, #1305 ) ) ;
#697 = EDGE_CURVE ( 'NONE', #1423, #1096, #1532, .T. ) ;
#698 = CARTESIAN_POINT ( 'NONE',  ( 0.03500000000000001721, 0.2449999999999999400, 0.01499999999999975311 ) ) ;
#699 = ORIENTED_EDGE ( 'NONE', *, *, #1015, .F. ) ;
#700 = LINE ( 'NONE', #1333, #204 ) ;
#701 = EDGE_CURVE ( 'NONE', #594, #1551, #558, .T. ) ;
#702 = AXIS2_PLACEMENT_3D ( 'NONE', #828, #1210, #1343 ) ;
#703 = CARTESIAN_POINT ( 'NONE',  ( -0.01200000000000000025, 2.341264892254350321E-33, 0.04950000000000000233 ) ) ;
#704 = PLANE ( 'NONE',  #1282 ) ;
#705 = ORIENTED_EDGE ( 'NONE', *, *, #1354, .T. ) ;
#706 = VERTEX_POINT ( 'NONE', #563 ) ;
#707 = PRESENTATION_STYLE_ASSIGNMENT (( #1309 ) ) ;
#708 = CARTESIAN_POINT ( 'NONE',  ( 0.06499999999999997446, 0.2775000000000000244, 0.01499999999999975311 ) ) ;
#709 = LINE ( 'NONE', #825, #1177 ) ;
#710 = EDGE_LOOP ( 'NONE', ( #1444, #540, #1285, #1324 ) ) ;
#711 = ORIENTED_EDGE ( 'NONE', *, *, #1548, .T. ) ;
#712 = ORIENTED_EDGE ( 'NONE', *, *, #930, .F. ) ;
#713 = DIRECTION ( 'NONE',  ( 0.000000000000000000, 0.000000000000000000, 1.000000000000000000 ) ) ;
#714 = EDGE_CURVE ( 'NONE', #1457, #476, #916, .T. ) ;
#715 = DIRECTION ( 'NONE',  ( 0.000000000000000000, -1.000000000000000000, 0.000000000000000000 ) ) ;
#716 = EDGE_CURVE ( 'NONE', #403, #1229, #578, .T. ) ;
#717 = AXIS2_PLACEMENT_3D ( 'NONE', #1119, #6, #857 ) ;
#718 = LINE ( 'NONE', #1197, #70 ) ;
#719 = ORIENTED_EDGE ( 'NONE', *, *, #1523, .F. ) ;
#720 = AXIS2_PLACEMENT_3D ( 'NONE', #396, #862, #246 ) ;
#721 = EDGE_CURVE ( 'NONE', #645, #133, #1406, .T. ) ;
#722 = VECTOR ( 'NONE', #317, 39.37007874015748854 ) ;
#723 = DIRECTION ( 'NONE',  ( 1.000000000000000000, 0.000000000000000000, 0.000000000000000000 ) ) ;
#724 = CARTESIAN_POINT ( 'NONE',  ( 0.000000000000000000, 0.01499999999999997689, 0.04999999999999996808 ) ) ;
#725 = AXIS2_PLACEMENT_3D ( 'NONE', #176, #1269, #926 ) ;
#726 = LINE ( 'NONE', #949, #1264 ) ;
#727 = LINE ( 'NONE', #344, #1225 ) ;
#728 = ORIENTED_EDGE ( 'NONE', *, *, #635, .F. ) ;
#729 = CARTESIAN_POINT ( 'NONE',  ( 0.000000000000000000, 0.01499999999999998904, -0.05000000000000003747 ) ) ;
#730 = DIRECTION ( 'NONE',  ( -0.000000000000000000, 1.000000000000000000, 1.733406087350420004E-16 ) ) ;
#731 = LINE ( 'NONE', #1579, #1134 ) ;
#732 = DIRECTION ( 'NONE',  ( 0.000000000000000000, 0.000000000000000000, -1.000000000000000000 ) ) ;
#733 = CARTESIAN_POINT ( 'NONE',  ( -0.04500000000000003997, 0.2675000000000000711, 0.004999999999999744232 ) ) ;
#734 = EDGE_LOOP ( 'NONE', ( #1001, #817, #63, #885 ) ) ;
#735 = EDGE_CURVE ( 'NONE', #1081, #565, #1182, .T. ) ;
#736 = CARTESIAN_POINT ( 'NONE',  ( 0.03500000000000001721, 0.2449999999999999400, 0.01499999999999975311 ) ) ;
#737 = CARTESIAN_POINT ( 'NONE',  ( 0.03500000000000001721, 0.2449999999999999400, -0.01500000000000020067 ) ) ;
#738 = DIRECTION ( 'NONE',  ( -1.000000000000000000, -0.000000000000000000, -0.000000000000000000 ) ) ;
#739 = PLANE ( 'NONE',  #466 ) ;
#740 = EDGE_CURVE ( 'NONE', #1056, #275, #1040, .T. ) ;
#741 = CIRCLE ( 'NONE', #242, 0.03200000000000000761 ) ;
#742 = CARTESIAN_POINT ( 'NONE',  ( -0.06499999999999998834, 0.2449999999999999400, 0.01499999999999975311 ) ) ;
#743 = ORIENTED_EDGE ( 'NONE', *, *, #40, .F. ) ;
#744 = AXIS2_PLACEMENT_3D ( 'NONE', #1013, #504, #759 ) ;
#745 = DIRECTION ( 'NONE',  ( 0.000000000000000000, -0.7071067811865492381, 0.7071067811865459074 ) ) ;
#746 = ADVANCED_FACE ( 'NONE', ( #1159 ), #310, .F. ) ;
#747 = DIRECTION ( 'NONE',  ( 0.000000000000000000, -1.000000000000000000, -2.134256245050206194E-16 ) ) ;
#748 = DIRECTION ( 'NONE',  ( -0.000000000000000000, 0.000000000000000000, -1.000000000000000000 ) ) ;
#749 = MECHANICAL_DESIGN_GEOMETRIC_PRESENTATION_REPRESENTATION (  '', ( #1233 ), #1584 ) ;
#750 = ORIENTED_EDGE ( 'NONE', *, *, #22, .F. ) ;
#751 = DIRECTION ( 'NONE',  ( -0.5773502691896265082, 0.5773502691896241767, -0.5773502691896265082 ) ) ;
#752 = VERTEX_POINT ( 'NONE', #302 ) ;
#753 = ORIENTED_EDGE ( 'NONE', *, *, #1567, .T. ) ;
#754 = ORIENTED_EDGE ( 'NONE', *, *, #260, .F. ) ;
#755 = LINE ( 'NONE', #1350, #1498 ) ;
#756 = CARTESIAN_POINT ( 'NONE',  ( 0.1000000000000000056, 0.000000000000000000, 0.000000000000000000 ) ) ;
#757 = VECTOR ( 'NONE', #595, 39.37007874015748854 ) ;
#758 = VERTEX_POINT ( 'NONE', #922 ) ;
#759 = DIRECTION ( 'NONE',  ( 0.000000000000000000, 0.000000000000000000, -1.000000000000000000 ) ) ;
#760 = VERTEX_POINT ( 'NONE', #784 ) ;
#761 = CARTESIAN_POINT ( 'NONE',  ( 0.08249999999999999001, 0.2949999999999999845, 0.03249999999999979294 ) ) ;
#762 = PLANE ( 'NONE',  #995 ) ;
#763 = ADVANCED_FACE ( 'NONE', ( #447 ), #423, .F. ) ;
#764 =( NAMED_UNIT ( * ) PLANE_ANGLE_UNIT ( ) SI_UNIT ( $, .RADIAN. ) );
#765 = ORIENTED_EDGE ( 'NONE', *, *, #377, .T. ) ;
#766 = EDGE_CURVE ( 'NONE', #1582, #850, #184, .T. ) ;
#767 = VECTOR ( 'NONE', #1541, 39.37007874015748143 ) ;
#768 = PLANE ( 'NONE',  #1437 ) ;
#769 = VECTOR ( 'NONE', #266, 39.37007874015748143 ) ;
#770 = ORIENTED_EDGE ( 'NONE', *, *, #1232, .F. ) ;
#771 = EDGE_CURVE ( 'NONE', #810, #1167, #179, .T. ) ;
#772 = CARTESIAN_POINT ( 'NONE',  ( 0.1000000000000000056, 0.03500000000000001027, 0.03114101615137766441 ) ) ;
#773 = FACE_OUTER_BOUND ( 'NONE', #1259, .T. ) ;
#774 = DIRECTION ( 'NONE',  ( 0.000000000000000000, 6.097874985857729166E-17, 1.000000000000000000 ) ) ;
#775 = VERTEX_POINT ( 'NONE', #72 ) ;
#776 = DIRECTION ( 'NONE',  ( -1.000000000000000000, -0.000000000000000000, -0.000000000000000000 ) ) ;
#777 = APPLICATION_CONTEXT ( 'automotive_design' ) ;
#778 = EDGE_LOOP ( 'NONE', ( #374, #1250, #172, #628 ) ) ;
#779 = LINE ( 'NONE', #175, #1491 ) ;
#780 =( CONVERSION_BASED_UNIT ( 'INCH', #1017 ) LENGTH_UNIT ( ) NAMED_UNIT ( #1401 ) );
#781 = CLOSED_SHELL ( 'NONE', ( #1140, #626, #902, #338, #354, #534, #165, #189, #1436, #1412, #1332, #559, #1503, #1144, #1288, #1384, #959, #438, #944 ) ) ;
#782 = CARTESIAN_POINT ( 'NONE',  ( 0.000000000000000000, 0.03500000000000001027, 0.03114101615137766441 ) ) ;
#783 = ORIENTED_EDGE ( 'NONE', *, *, #522, .F. ) ;
#784 = CARTESIAN_POINT ( 'NONE',  ( -0.1000000000000000056, 0.01500000000000001853, -0.03650000000000003936 ) ) ;
#785 = EDGE_LOOP ( 'NONE', ( #1534, #75, #743, #1014 ) ) ;
#786 = LINE ( 'NONE', #1171, #1033 ) ;
#787 = DIRECTION ( 'NONE',  ( 0.000000000000000000, -2.213302772644657947E-15, -1.000000000000000000 ) ) ;
#788 = EDGE_LOOP ( 'NONE', ( #1445, #1527, #58, #1047 ) ) ;
#789 = EDGE_CURVE ( 'NONE', #185, #706, #1032, .T. ) ;
#790 = CARTESIAN_POINT ( 'NONE',  ( -0.1000000000000000056, 0.2949999999999999845, -0.05000000000000003053 ) ) ;
#791 = DIRECTION ( 'NONE',  ( -0.000000000000000000, 0.000000000000000000, 1.000000000000000000 ) ) ;
#792 = ORIENTED_EDGE ( 'NONE', *, *, #1565, .T. ) ;
#793 = ORIENTED_EDGE ( 'NONE', *, *, #231, .T. ) ;
#794 = PRODUCT_DEFINITION_SHAPE ( 'NONE', 'NONE',  #1190 ) ;
#795 = LENGTH_MEASURE_WITH_UNIT ( LENGTH_MEASURE( 0.02539999999999999897 ), #1016 );
#796 = FACE_OUTER_BOUND ( 'NONE', #516, .T. ) ;
#797 = VECTOR ( 'NONE', #406, 39.37007874015748143 ) ;
#798 = VECTOR ( 'NONE', #1303, 39.37007874015748143 ) ;
#799 = CARTESIAN_POINT ( 'NONE',  ( -0.1000000000000000056, 0.01499999999999997689, 0.04999999999999996808 ) ) ;
#800 = VECTOR ( 'NONE', #1585, 39.37007874015748143 ) ;
#801 = PLANE ( 'NONE',  #854 ) ;
#802 = CARTESIAN_POINT ( 'NONE',  ( -0.03500000000000003803, 0.2775000000000000244, 0.01499999999999975311 ) ) ;
#803 = VERTEX_POINT ( 'NONE', #672 ) ;
#804 = ORIENTED_EDGE ( 'NONE', *, *, #876, .T. ) ;
#805 = DIRECTION ( 'NONE',  ( -1.000000000000000000, -0.000000000000000000, -0.000000000000000000 ) ) ;
#806 = DIRECTION ( 'NONE',  ( 0.000000000000000000, 0.9659258262890699775, -0.2588190451025140781 ) ) ;
#807 = VECTOR ( 'NONE', #556, 39.37007874015748143 ) ;
#808 = DIRECTION ( 'NONE',  ( 0.000000000000000000, -1.000000000000000000, -3.048937492928865815E-17 ) ) ;
#809 = DIRECTION ( 'NONE',  ( 0.000000000000000000, -1.000000000000000000, 6.097874985857729166E-17 ) ) ;
#810 = VERTEX_POINT ( 'NONE', #929 ) ;
#811 = VERTEX_POINT ( 'NONE', #1429 ) ;
#812 = CARTESIAN_POINT ( 'NONE',  ( 0.01200000000000000025, 3.791200677927629740E-33, 0.08450000000000001954 ) ) ;
#813 = DIRECTION ( 'NONE',  ( 0.000000000000000000, -1.000000000000000000, 0.000000000000000000 ) ) ;
#814 = ADVANCED_FACE ( 'NONE', ( #1274 ), #319, .F. ) ;
#815 = DIRECTION ( 'NONE',  ( 0.000000000000000000, -3.048937492928865815E-17, 1.000000000000000000 ) ) ;
#816 = DIRECTION ( 'NONE',  ( 1.000000000000000000, 0.000000000000000000, 0.000000000000000000 ) ) ;
#817 = ORIENTED_EDGE ( 'NONE', *, *, #76, .F. ) ;
#818 = EDGE_CURVE ( 'NONE', #1041, #224, #695, .T. ) ;
#819 = CARTESIAN_POINT ( 'NONE',  ( -0.06499999999999998834, 0.2775000000000000244, 0.01499999999999975311 ) ) ;
#820 = ADVANCED_FACE ( 'NONE', ( #163 ), #912, .F. ) ;
#821 = VECTOR ( 'NONE', #1434, 39.37007874015748143 ) ;
#822 = EDGE_LOOP ( 'NONE', ( #937, #440, #1422, #413 ) ) ;
#823 = AXIS2_PLACEMENT_3D ( 'NONE', #446, #1271, #178 ) ;
#824 = CARTESIAN_POINT ( 'NONE',  ( 0.08249999999999999001, 0.2949999999999999845, -0.05000000000000003053 ) ) ;
#825 = CARTESIAN_POINT ( 'NONE',  ( -0.01200000000000000025, 0.01000000000000000021, 0.04950000000000000233 ) ) ;
#826 = ORIENTED_EDGE ( 'NONE', *, *, #771, .F. ) ;
#827 = ORIENTED_EDGE ( 'NONE', *, *, #1024, .T. ) ;
#828 = CARTESIAN_POINT ( 'NONE',  ( -0.01200000000000000025, 0.03200000000000000761, 0.04950000000000000233 ) ) ;
#829 = LINE ( 'NONE', #1335, #299 ) ;
#830 = VERTEX_POINT ( 'NONE', #171 ) ;
#831 = EDGE_CURVE ( 'NONE', #1008, #645, #597, .T. ) ;
#832 = ORIENTED_EDGE ( 'NONE', *, *, #161, .T. ) ;
#833 = LINE ( 'NONE', #1463, #288 ) ;
#834 = EDGE_CURVE ( 'NONE', #811, #1438, #718, .T. ) ;
#835 = CARTESIAN_POINT ( 'NONE',  ( 0.01200000000000000025, 0.000000000000000000, 0.07950000000000001510 ) ) ;
#836 = FILL_AREA_STYLE_COLOUR ( '', #486 ) ;
#837 = ORIENTED_EDGE ( 'NONE', *, *, #139, .T. ) ;
#838 = EDGE_CURVE ( 'NONE', #850, #760, #209, .T. ) ;
#839 = DIRECTION ( 'NONE',  ( 0.000000000000000000, 0.000000000000000000, -1.000000000000000000 ) ) ;
#840 = CARTESIAN_POINT ( 'NONE',  ( -0.06499999999999998834, 0.2449999999999999400, -0.01500000000000020067 ) ) ;
#841 = DIRECTION ( 'NONE',  ( 0.000000000000000000, -1.000000000000000000, -2.134256245050206194E-16 ) ) ;
#842 = AXIS2_PLACEMENT_3D ( 'NONE', #1304, #194, #791 ) ;
#843 = CARTESIAN_POINT ( 'NONE',  ( 0.1000000000000000056, 0.01500000000000001159, 0.03649999999999996997 ) ) ;
#844 = ORIENTED_EDGE ( 'NONE', *, *, #234, .F. ) ;
#845 = LINE ( 'NONE', #819, #612 ) ;
#846 = COLOUR_RGB ( '',0.7921568627450980005, 0.8196078431372548767, 0.9333333333333333481 ) ;
#847 = DIRECTION ( 'NONE',  ( -0.000000000000000000, 0.2588190451025141336, 0.9659258262890700886 ) ) ;
#848 = DIRECTION ( 'NONE',  ( 0.000000000000000000, -0.000000000000000000, -1.000000000000000000 ) ) ;
#849 = LINE ( 'NONE', #1220, #615 ) ;
#850 = VERTEX_POINT ( 'NONE', #956 ) ;
#851 = DIRECTION ( 'NONE',  ( 0.000000000000000000, 0.000000000000000000, -1.000000000000000000 ) ) ;
#852 = LINE ( 'NONE', #1090, #757 ) ;
#853 = EDGE_CURVE ( 'NONE', #1284, #1142, #849, .T. ) ;
#854 = AXIS2_PLACEMENT_3D ( 'NONE', #591, #509, #215 ) ;
#855 = CARTESIAN_POINT ( 'NONE',  ( 0.1000000000000000056, 0.01499999999999997689, 0.04999999999999996808 ) ) ;
#856 = CARTESIAN_POINT ( 'NONE',  ( 0.000000000000000000, 0.03500000000000001721, -0.03114101615137772686 ) ) ;
#857 = DIRECTION ( 'NONE',  ( -1.000000000000000000, 0.000000000000000000, 0.000000000000000000 ) ) ;
#858 = ORIENTED_EDGE ( 'NONE', *, *, #735, .F. ) ;
#859 = EDGE_CURVE ( 'NONE', #141, #594, #727, .T. ) ;
#860 = CARTESIAN_POINT ( 'NONE',  ( 0.000000000000000000, 0.01500000000000001159, 0.03649999999999996997 ) ) ;
#861 = DIRECTION ( 'NONE',  ( -0.000000000000000000, 1.000000000000000000, 1.733406087350420004E-16 ) ) ;
#862 = DIRECTION ( 'NONE',  ( -1.000000000000000000, 0.000000000000000000, -0.000000000000000000 ) ) ;
#863 = DIRECTION ( 'NONE',  ( -0.5773502691896262862, -0.5773502691896240657, -0.5773502691896267303 ) ) ;
#864 = ORIENTED_EDGE ( 'NONE', *, *, #481, .F. ) ;
#865 = FACE_OUTER_BOUND ( 'NONE', #148, .T. ) ;
#866 = APPLICATION_PROTOCOL_DEFINITION ( 'draft international standard', 'automotive_design', 1998, #191 ) ;
#867 = ORIENTED_EDGE ( 'NONE', *, *, #831, .T. ) ;
#868 = VERTEX_POINT ( 'NONE', #843 ) ;
#869 = CARTESIAN_POINT ( 'NONE',  ( 0.1000000000000000056, 0.01500000000000001853, -0.03650000000000003936 ) ) ;
#870 = CARTESIAN_POINT ( 'NONE',  ( -0.1000000000000000056, 0.000000000000000000, 0.000000000000000000 ) ) ;
#871 = PRESENTATION_LAYER_ASSIGNMENT (  '', '', ( #1233 ) ) ;
#872 = CARTESIAN_POINT ( 'NONE',  ( 0.01200000000000000025, 2.341264892254350321E-33, 0.04950000000000000233 ) ) ;
#873 = ORIENTED_EDGE ( 'NONE', *, *, #1354, .F. ) ;
#874 = FACE_OUTER_BOUND ( 'NONE', #1238, .T. ) ;
#875 = VECTOR ( 'NONE', #881, 39.37007874015748143 ) ;
#876 = EDGE_CURVE ( 'NONE', #1020, #1057, #709, .T. ) ;
#877 = APPLICATION_PROTOCOL_DEFINITION ( 'draft international standard', 'automotive_design', 1998, #1300 ) ;
#878 = ORIENTED_EDGE ( 'NONE', *, *, #92, .F. ) ;
#879 = PRODUCT ( 'NPTC021KFXC-RC', 'NPTC021KFXC-RC', '', ( #1482 ) ) ;
#880 = ORIENTED_EDGE ( 'NONE', *, *, #308, .T. ) ;
#881 = DIRECTION ( 'NONE',  ( -1.000000000000000000, 0.000000000000000000, 0.000000000000000000 ) ) ;
#882 = EDGE_CURVE ( 'NONE', #1423, #645, #200, .T. ) ;
#883 = PLANE ( 'NONE',  #1489 ) ;
#884 = PLANE ( 'NONE',  #1360 ) ;
#885 = ORIENTED_EDGE ( 'NONE', *, *, #1213, .T. ) ;
#886 = CARTESIAN_POINT ( 'NONE',  ( 0.000000000000000000, 0.03500000000000001027, 0.03114101615137766441 ) ) ;
#887 = EDGE_CURVE ( 'NONE', #1008, #1457, #331, .T. ) ;
#888 = FACE_OUTER_BOUND ( 'NONE', #1407, .T. ) ;
#889 = SHAPE_REPRESENTATION ( 'Pin - Tin', ( #279 ), #1157 ) ;
#890 = ORIENTED_EDGE ( 'NONE', *, *, #1054, .T. ) ;
#891 = SURFACE_STYLE_USAGE ( .BOTH. , #1382 ) ;
#892 = DIRECTION ( 'NONE',  ( -0.000000000000000000, 0.000000000000000000, -1.000000000000000000 ) ) ;
#893 = DIRECTION ( 'NONE',  ( 0.000000000000000000, 0.000000000000000000, -1.000000000000000000 ) ) ;
#894 = ORIENTED_EDGE ( 'NONE', *, *, #1507, .T. ) ;
#895 = DIMENSIONAL_EXPONENTS ( 1.000000000000000000, 0.000000000000000000, 0.000000000000000000, 0.000000000000000000, 0.000000000000000000, 0.000000000000000000, 0.000000000000000000 ) ;
#896 = VECTOR ( 'NONE', #1166, 39.37007874015748143 ) ;
#897 = DIRECTION ( 'NONE',  ( 0.000000000000000000, 0.000000000000000000, -1.000000000000000000 ) ) ;
#898 = VERTEX_POINT ( 'NONE', #1066 ) ;
#899 = LINE ( 'NONE', #1393, #942 ) ;
#900 = DIRECTION ( 'NONE',  ( 0.000000000000000000, 0.000000000000000000, 1.000000000000000000 ) ) ;
#901 = LINE ( 'NONE', #1539, #1095 ) ;
#902 = ADVANCED_FACE ( 'NONE', ( #1562 ), #704, .F. ) ;
#903 = ORIENTED_EDGE ( 'NONE', *, *, #969, .T. ) ;
#904 = CARTESIAN_POINT ( 'NONE',  ( -0.01750000000000001901, 0.2949999999999999845, -0.05000000000000003053 ) ) ;
#905 = DIRECTION ( 'NONE',  ( 0.000000000000000000, 0.000000000000000000, 1.000000000000000000 ) ) ;
#906 = DIMENSIONAL_EXPONENTS ( 1.000000000000000000, 0.000000000000000000, 0.000000000000000000, 0.000000000000000000, 0.000000000000000000, 0.000000000000000000, 0.000000000000000000 ) ;
#907 = EDGE_CURVE ( 'NONE', #1284, #141, #829, .T. ) ;
#908 = CARTESIAN_POINT ( 'NONE',  ( 0.000000000000000000, 0.03500000000000001721, -0.03114101615137772686 ) ) ;
#909 = DIRECTION ( 'NONE',  ( 0.000000000000000000, 1.733406087350420004E-16, -1.000000000000000000 ) ) ;
#910 = VERTEX_POINT ( 'NONE', #86 ) ;
#911 = CARTESIAN_POINT ( 'NONE',  ( 0.000000000000000000, 0.01499999999999998904, -0.05000000000000003747 ) ) ;
#912 = PLANE ( 'NONE',  #325 ) ;
#913 = EDGE_CURVE ( 'NONE', #1484, #388, #223, .T. ) ;
#914 = DIRECTION ( 'NONE',  ( 0.000000000000000000, 0.000000000000000000, 1.000000000000000000 ) ) ;
#915 = CARTESIAN_POINT ( 'NONE',  ( 0.06499999999999997446, 0.2449999999999999400, 0.01499999999999975311 ) ) ;
#916 = LINE ( 'NONE', #82, #376 ) ;
#917 = ORIENTED_EDGE ( 'NONE', *, *, #1454, .F. ) ;
#918 = PLANE ( 'NONE',  #247 ) ;
#919 = FACE_OUTER_BOUND ( 'NONE', #822, .T. ) ;
#920 = VECTOR ( 'NONE', #805, 39.37007874015748143 ) ;
#921 = MECHANICAL_DESIGN_GEOMETRIC_PRESENTATION_REPRESENTATION (  '', ( #1028 ), #551 ) ;
#922 = CARTESIAN_POINT ( 'NONE',  ( -0.06499999999999998834, 0.2775000000000000244, 0.01499999999999975832 ) ) ;
#923 = VERTEX_POINT ( 'NONE', #106 ) ;
#924 = EDGE_CURVE ( 'NONE', #830, #898, #951, .T. ) ;
#925 = DIRECTION ( 'NONE',  ( 1.000000000000000000, 0.000000000000000000, 0.000000000000000000 ) ) ;
#926 = DIRECTION ( 'NONE',  ( 0.000000000000000000, 0.000000000000000000, -1.000000000000000000 ) ) ;
#927 = EDGE_CURVE ( 'NONE', #1045, #803, #592, .T. ) ;
#928 = DIRECTION ( 'NONE',  ( -1.000000000000000000, 0.000000000000000000, 0.000000000000000000 ) ) ;
#929 = CARTESIAN_POINT ( 'NONE',  ( 0.01200000000000000025, 0.03200000000000000761, 0.02749999999999999667 ) ) ;
#930 = EDGE_CURVE ( 'NONE', #898, #1438, #1574, .T. ) ;
#931 = DIRECTION ( 'NONE',  ( -1.000000000000000000, -0.000000000000000000, -0.000000000000000000 ) ) ;
#932 = ORIENTED_EDGE ( 'NONE', *, *, #1046, .F. ) ;
#933 = CARTESIAN_POINT ( 'NONE',  ( 0.1000000000000000056, 0.2949999999999999845, 0.03249999999999979294 ) ) ;
#934 = CARTESIAN_POINT ( 'NONE',  ( 0.006999999999999999278, 0.01000000000000000368, 0.08450000000000001954 ) ) ;
#935 = VERTEX_POINT ( 'NONE', #1074 ) ;
#936 = VECTOR ( 'NONE', #1004, 39.37007874015748143 ) ;
#937 = ORIENTED_EDGE ( 'NONE', *, *, #651, .F. ) ;
#938 = FACE_OUTER_BOUND ( 'NONE', #1589, .T. ) ;
#939 = MANIFOLD_SOLID_BREP ( 'Fillet1', #57 ) ;
#940 = DIRECTION ( 'NONE',  ( -0.000000000000000000, -0.000000000000000000, 1.000000000000000000 ) ) ;
#941 = ORIENTED_EDGE ( 'NONE', *, *, #90, .T. ) ;
#942 = VECTOR ( 'NONE', #291, 39.37007874015748143 ) ;
#943 = VECTOR ( 'NONE', #1027, 39.37007874015748854 ) ;
#944 = ADVANCED_FACE ( 'NONE', ( #980 ), #1449, .F. ) ;
#945 = COLOUR_RGB ( '',0.2509803921568627416, 0.2509803921568627416, 0.2509803921568627416 ) ;
#946 = ORIENTED_EDGE ( 'NONE', *, *, #674, .T. ) ;
#947 = EDGE_LOOP ( 'NONE', ( #1502, #492, #1396, #314 ) ) ;
#948 = EDGE_CURVE ( 'NONE', #1473, #1423, #1385, .T. ) ;
#949 = CARTESIAN_POINT ( 'NONE',  ( -0.1000000000000000056, 0.01500000000000001159, 0.03649999999999996997 ) ) ;
#950 = VECTOR ( 'NONE', #1465, 39.37007874015748143 ) ;
#951 = LINE ( 'NONE', #1086, #1512 ) ;
#952 = ORIENTED_EDGE ( 'NONE', *, *, #579, .F. ) ;
#953 = ORIENTED_EDGE ( 'NONE', *, *, #503, .T. ) ;
#954 = DIRECTION ( 'NONE',  ( 0.000000000000000000, 0.000000000000000000, 1.000000000000000000 ) ) ;
#955 = FACE_BOUND ( 'NONE', #585, .T. ) ;
#956 = CARTESIAN_POINT ( 'NONE',  ( 0.000000000000000000, 0.01500000000000001853, -0.03650000000000003936 ) ) ;
#957 = VERTEX_POINT ( 'NONE', #872 ) ;
#958 = LINE ( 'NONE', #1214, #218 ) ;
#959 = ADVANCED_FACE ( 'NONE', ( #137 ), #1109, .F. ) ;
#960 = CARTESIAN_POINT ( 'NONE',  ( 0.1000000000000000056, 0.03500000000000001027, 0.03114101615137766441 ) ) ;
#961 = DIRECTION ( 'NONE',  ( 1.000000000000000000, 0.000000000000000000, 0.000000000000000000 ) ) ;
#962 = DIRECTION ( 'NONE',  ( 0.000000000000000000, -0.000000000000000000, -1.000000000000000000 ) ) ;
#963 = VECTOR ( 'NONE', #153, 39.37007874015748143 ) ;
#964 = EDGE_LOOP ( 'NONE', ( #1110, #122, #441, #783 ) ) ;
#965 = DIRECTION ( 'NONE',  ( 0.000000000000000000, 1.000000000000000000, 3.048937492928865815E-17 ) ) ;
#966 = CARTESIAN_POINT ( 'NONE',  ( 0.000000000000000000, 0.000000000000000000, 0.000000000000000000 ) ) ;
#967 = LINE ( 'NONE', #869, #523 ) ;
#968 = FACE_OUTER_BOUND ( 'NONE', #964, .T. ) ;
#969 = EDGE_CURVE ( 'NONE', #267, #94, #257, .T. ) ;
#970 = DIRECTION ( 'NONE',  ( 0.000000000000000000, 0.000000000000000000, 1.000000000000000000 ) ) ;
#971 = ORIENTED_EDGE ( 'NONE', *, *, #913, .F. ) ;
#972 = VECTOR ( 'NONE', #1186, 39.37007874015748143 ) ;
#973 = DIRECTION ( 'NONE',  ( -1.000000000000000000, 0.000000000000000000, 0.000000000000000000 ) ) ;
#974 = ADVANCED_FACE ( 'NONE', ( #1246 ), #884, .F. ) ;
#975 = SHAPE_DEFINITION_REPRESENTATION ( #642, #1568 ) ;
#976 = VECTOR ( 'NONE', #1158, 39.37007874015748143 ) ;
#977 = CARTESIAN_POINT ( 'NONE',  ( -0.1000000000000000056, 0.03500000000000001721, -0.03114101615137772686 ) ) ;
#978 = DIRECTION ( 'NONE',  ( 1.000000000000000000, 0.000000000000000000, -0.000000000000000000 ) ) ;
#979 = EDGE_LOOP ( 'NONE', ( #827, #1314, #263, #356 ) ) ;
#980 = FACE_OUTER_BOUND ( 'NONE', #1243, .T. ) ;
#981 = ORIENTED_EDGE ( 'NONE', *, *, #907, .F. ) ;
#982 = CARTESIAN_POINT ( 'NONE',  ( 0.000000000000000000, 0.03500000000000001721, -0.03114101615137772686 ) ) ;
#983 = ORIENTED_EDGE ( 'NONE', *, *, #1168, .T. ) ;
#984 = VERTEX_POINT ( 'NONE', #639 ) ;
#985 = DIRECTION ( 'NONE',  ( 0.000000000000000000, 2.529488883022466337E-15, -1.000000000000000000 ) ) ;
#986 = PLANE ( 'NONE',  #1497 ) ;
#987 = VECTOR ( 'NONE', #905, 39.37007874015748143 ) ;
#988 = CARTESIAN_POINT ( 'NONE',  ( -0.01200000000000000025, 0.03500000000000000333, 0.02749999999999999667 ) ) ;
#989 = VERTEX_POINT ( 'NONE', #1130 ) ;
#990 = EDGE_CURVE ( 'NONE', #388, #1167, #510, .T. ) ;
#991 = PLANE ( 'NONE',  #1357 ) ;
#992 = EDGE_CURVE ( 'NONE', #1229, #154, #437, .T. ) ;
#993 = APPLICATION_PROTOCOL_DEFINITION ( 'draft international standard', 'automotive_design', 1998, #357 ) ;
#994 = ORIENTED_EDGE ( 'NONE', *, *, #506, .T. ) ;
#995 = AXIS2_PLACEMENT_3D ( 'NONE', #1471, #145, #900 ) ;
#996 = EDGE_LOOP ( 'NONE', ( #1483, #671, #640, #1301, #1189, #303, #953, #1075 ) ) ;
#997 = CARTESIAN_POINT ( 'NONE',  ( 0.01200000000000000025, 3.584066994260018590E-33, 0.07950000000000001510 ) ) ;
#998 = LINE ( 'NONE', #1487, #350 ) ;
#999 = EDGE_CURVE ( 'NONE', #524, #775, #1011, .T. ) ;
#1000 = LINE ( 'NONE', #1254, #1049 ) ;
#1001 = ORIENTED_EDGE ( 'NONE', *, *, #234, .T. ) ;
#1002 = DIMENSIONAL_EXPONENTS ( 1.000000000000000000, 0.000000000000000000, 0.000000000000000000, 0.000000000000000000, 0.000000000000000000, 0.000000000000000000, 0.000000000000000000 ) ;
#1003 = CARTESIAN_POINT ( 'NONE',  ( 0.01200000000000000025, 0.01000000000000000368, 0.04950000000000000233 ) ) ;
#1004 = DIRECTION ( 'NONE',  ( 0.000000000000000000, 0.000000000000000000, -1.000000000000000000 ) ) ;
#1005 = VECTOR ( 'NONE', #364, 39.37007874015748143 ) ;
#1006 = DIRECTION ( 'NONE',  ( 0.000000000000000000, 0.000000000000000000, 1.000000000000000000 ) ) ;
#1007 = VECTOR ( 'NONE', #747, 39.37007874015748143 ) ;
#1008 = VERTEX_POINT ( 'NONE', #36 ) ;
#1009 =( NAMED_UNIT ( * ) SI_UNIT ( $, .STERADIAN. ) SOLID_ANGLE_UNIT ( ) );
#1010 = LINE ( 'NONE', #1504, #386 ) ;
#1011 = LINE ( 'NONE', #17, #378 ) ;
#1012 = ORIENTED_EDGE ( 'NONE', *, *, #1024, .F. ) ;
#1013 = CARTESIAN_POINT ( 'NONE',  ( -0.006999999999999999278, 0.01000000000000000194, 0.07950000000000001510 ) ) ;
#1014 = ORIENTED_EDGE ( 'NONE', *, *, #237, .F. ) ;
#1015 = EDGE_CURVE ( 'NONE', #1381, #1284, #501, .T. ) ;
#1016 =( LENGTH_UNIT ( ) NAMED_UNIT ( * ) SI_UNIT ( $, .METRE. ) );
#1017 = LENGTH_MEASURE_WITH_UNIT ( LENGTH_MEASURE( 0.02539999999999999897 ), #1426 );
#1018 = UNCERTAINTY_MEASURE_WITH_UNIT (LENGTH_MEASURE( 1.000000000000000082E-05 ), #1402, 'distance_accuracy_value', 'NONE');
#1019 = LINE ( 'NONE', #1181, #1306 ) ;
#1020 = VERTEX_POINT ( 'NONE', #1352 ) ;
#1021 = PLANE ( 'NONE',  #259 ) ;
#1022 = AXIS2_PLACEMENT_3D ( 'NONE', #1421, #809, #1174 ) ;
#1023 = CARTESIAN_POINT ( 'NONE',  ( 0.1000000000000000056, 0.2949999999999999845, 0.05000000000000003053 ) ) ;
#1024 = EDGE_CURVE ( 'NONE', #1551, #830, #1000, .T. ) ;
#1025 = ORIENTED_EDGE ( 'NONE', *, *, #853, .T. ) ;
#1026 = FILL_AREA_STYLE_COLOUR ( '', #1311 ) ;
#1027 = DIRECTION ( 'NONE',  ( 0.5773502691896263972, -0.5773502691896239547, -0.5773502691896267303 ) ) ;
#1028 = STYLED_ITEM ( 'NONE', ( #536 ), #389 ) ;
#1029 = LINE ( 'NONE', #782, #807 ) ;
#1030 = ORIENTED_EDGE ( 'NONE', *, *, #654, .F. ) ;
#1031 = EDGE_CURVE ( 'NONE', #1484, #810, #249, .T. ) ;
#1032 = LINE ( 'NONE', #569, #1558 ) ;
#1033 = VECTOR ( 'NONE', #1275, 39.37007874015748854 ) ;
#1034 = DIRECTION ( 'NONE',  ( 0.000000000000000000, 1.000000000000000000, -2.213302772644657947E-15 ) ) ;
#1035 = CIRCLE ( 'NONE', #55, 0.03200000000000000761 ) ;
#1036 = CARTESIAN_POINT ( 'NONE',  ( -0.01200000000000000025, 0.03200000000000000761, 0.04950000000000000233 ) ) ;
#1037 = LENGTH_MEASURE_WITH_UNIT ( LENGTH_MEASURE( 0.02539999999999999897 ), #1136 );
#1038 = CARTESIAN_POINT ( 'NONE',  ( -0.01200000000000000025, 0.01000000000000000194, 0.07950000000000000122 ) ) ;
#1039 = CARTESIAN_POINT ( 'NONE',  ( 0.000000000000000000, 0.2949999999999999845, -0.05000000000000003053 ) ) ;
#1040 = LINE ( 'NONE', #455, #1092 ) ;
#1041 = VERTEX_POINT ( 'NONE', #649 ) ;
#1042 = ORIENTED_EDGE ( 'NONE', *, *, #859, .F. ) ;
#1043 = LINE ( 'NONE', #1510, #557 ) ;
#1044 = DIRECTION ( 'NONE',  ( 0.000000000000000000, 1.370704305007583992E-16, -1.000000000000000000 ) ) ;
#1045 = VERTEX_POINT ( 'NONE', #30 ) ;
#1046 = EDGE_CURVE ( 'NONE', #1256, #984, #529, .T. ) ;
#1047 = ORIENTED_EDGE ( 'NONE', *, *, #404, .T. ) ;
#1048 = VECTOR ( 'NONE', #1313, 39.37007874015748854 ) ;
#1049 = VECTOR ( 'NONE', #623, 39.37007874015748143 ) ;
#1050 = EDGE_CURVE ( 'NONE', #185, #418, #25, .T. ) ;
#1051 = DIRECTION ( 'NONE',  ( 0.000000000000000000, 0.2588190451025145777, -0.9659258262890699775 ) ) ;
#1052 = CARTESIAN_POINT ( 'NONE',  ( 0.000000000000000000, 0.01499999999999997689, 0.04999999999999996808 ) ) ;
#1053 = CARTESIAN_POINT ( 'NONE',  ( 0.1000000000000000056, 0.01500000000000001853, -0.03650000000000003936 ) ) ;
#1054 = EDGE_CURVE ( 'NONE', #1473, #758, #240, .T. ) ;
#1055 = DIRECTION ( 'NONE',  ( 0.000000000000000000, 0.000000000000000000, 1.000000000000000000 ) ) ;
#1056 = VERTEX_POINT ( 'NONE', #1101 ) ;
#1057 = VERTEX_POINT ( 'NONE', #1038 ) ;
#1058 = DIRECTION ( 'NONE',  ( -1.000000000000000000, -0.000000000000000000, -0.000000000000000000 ) ) ;
#1059 = ORIENTED_EDGE ( 'NONE', *, *, #90, .F. ) ;
#1060 = LINE ( 'NONE', #1196, #397 ) ;
#1061 = CARTESIAN_POINT ( 'NONE',  ( 0.1000000000000000056, 0.03500000000000001027, 0.03114101615137766441 ) ) ;
#1062 = CARTESIAN_POINT ( 'NONE',  ( 0.01200000000000000025, 0.03200000000000000761, 0.02749999999999999667 ) ) ;
#1063 = ORIENTED_EDGE ( 'NONE', *, *, #561, .F. ) ;
#1064 = EDGE_LOOP ( 'NONE', ( #1025, #530, #793, #1126, #765, #1185, #250, #1432 ) ) ;
#1065 = PLANE ( 'NONE',  #1446 ) ;
#1066 = CARTESIAN_POINT ( 'NONE',  ( 0.000000000000000000, 0.03500000000000001027, 0.03114101615137766441 ) ) ;
#1067 = EDGE_LOOP ( 'NONE', ( #1192, #502, #515, #210 ) ) ;
#1068 = ORIENTED_EDGE ( 'NONE', *, *, #1535, .T. ) ;
#1069 = AXIS2_PLACEMENT_3D ( 'NONE', #103, #477, #1222 ) ;
#1070 = EDGE_CURVE ( 'NONE', #565, #451, #79, .T. ) ;
#1071 = ORIENTED_EDGE ( 'NONE', *, *, #118, .T. ) ;
#1072 = ORIENTED_EDGE ( 'NONE', *, *, #520, .T. ) ;
#1073 = PLANE ( 'NONE',  #1443 ) ;
#1074 = CARTESIAN_POINT ( 'NONE',  ( -0.06499999999999998834, 0.2449999999999999400, -0.01500000000000020067 ) ) ;
#1075 = ORIENTED_EDGE ( 'NONE', *, *, #313, .T. ) ;
#1076 = FILL_AREA_STYLE ('',( #1208 ) ) ;
#1077 = CARTESIAN_POINT ( 'NONE',  ( -0.1000000000000000056, 0.2949999999999999845, 0.05000000000000003053 ) ) ;
#1078 =( GEOMETRIC_REPRESENTATION_CONTEXT ( 3 ) GLOBAL_UNCERTAINTY_ASSIGNED_CONTEXT ( ( #1194 ) ) GLOBAL_UNIT_ASSIGNED_CONTEXT ( ( #273, #1529, #554 ) ) REPRESENTATION_CONTEXT ( 'NONE', 'WORKASPACE' ) );
#1079 = DIRECTION ( 'NONE',  ( 0.000000000000000000, -1.000000000000000000, 0.000000000000000000 ) ) ;
#1080 = DIRECTION ( 'NONE',  ( -1.000000000000000000, 0.000000000000000000, 0.000000000000000000 ) ) ;
#1081 = VERTEX_POINT ( 'NONE', #60 ) ;
#1082 = LINE ( 'NONE', #812, #42 ) ;
#1083 = VECTOR ( 'NONE', #1257, 39.37007874015748143 ) ;
#1084 = DIRECTION ( 'NONE',  ( 0.000000000000000000, 0.000000000000000000, 1.000000000000000000 ) ) ;
#1085 = DIRECTION ( 'NONE',  ( -1.000000000000000000, -0.000000000000000000, -0.000000000000000000 ) ) ;
#1086 = CARTESIAN_POINT ( 'NONE',  ( 0.000000000000000000, 0.01500000000000001159, 0.03649999999999996997 ) ) ;
#1087 = ORIENTED_EDGE ( 'NONE', *, *, #818, .T. ) ;
#1088 = DIRECTION ( 'NONE',  ( 0.000000000000000000, -2.213302772644657947E-15, -1.000000000000000000 ) ) ;
#1089 = ADVANCED_FACE ( 'NONE', ( #1289 ), #168, .T. ) ;
#1090 = CARTESIAN_POINT ( 'NONE',  ( 0.000000000000000000, 0.01500000000000001159, 0.03649999999999996997 ) ) ;
#1091 = EDGE_CURVE ( 'NONE', #1135, #1081, #1525, .T. ) ;
#1092 = VECTOR ( 'NONE', #1044, 39.37007874015748143 ) ;
#1093 = DIRECTION ( 'NONE',  ( 1.000000000000000000, 0.000000000000000000, 0.000000000000000000 ) ) ;
#1094 = DIRECTION ( 'NONE',  ( -1.000000000000000000, -0.000000000000000000, -0.000000000000000000 ) ) ;
#1095 = VECTOR ( 'NONE', #52, 39.37007874015748143 ) ;
#1096 = VERTEX_POINT ( 'NONE', #1427 ) ;
#1097 = EDGE_CURVE ( 'NONE', #868, #78, #1019, .T. ) ;
#1098 = FACE_OUTER_BOUND ( 'NONE', #570, .T. ) ;
#1099 = CARTESIAN_POINT ( 'NONE',  ( -0.1000000000000000056, 0.01499999999999998904, -0.05000000000000003747 ) ) ;
#1100 = CARTESIAN_POINT ( 'NONE',  ( 0.000000000000000000, 0.01499999999999998904, -0.05000000000000003747 ) ) ;
#1101 = CARTESIAN_POINT ( 'NONE',  ( -0.1000000000000000056, 0.03500000000000001027, 0.03114101615137766441 ) ) ;
#1102 = ORIENTED_EDGE ( 'NONE', *, *, #1334, .T. ) ;
#1103 = PLANE ( 'NONE',  #641 ) ;
#1104 = VECTOR ( 'NONE', #99, 39.37007874015748143 ) ;
#1105 = VECTOR ( 'NONE', #1320, 39.37007874015748143 ) ;
#1106 = DIRECTION ( 'NONE',  ( 0.000000000000000000, -0.9659258262890699775, 0.2588190451025140781 ) ) ;
#1107 = DIRECTION ( 'NONE',  ( 0.000000000000000000, -2.213302772644657947E-15, -1.000000000000000000 ) ) ;
#1108 = ORIENTED_EDGE ( 'NONE', *, *, #818, .F. ) ;
#1109 = PLANE ( 'NONE',  #717 ) ;
#1110 = ORIENTED_EDGE ( 'NONE', *, *, #654, .T. ) ;
#1111 = ADVANCED_FACE ( 'NONE', ( #919 ), #159, .T. ) ;
#1112 = CARTESIAN_POINT ( 'NONE',  ( 0.06499999999999997446, 0.2775000000000000244, -0.01500000000000019373 ) ) ;
#1113 = ORIENTED_EDGE ( 'NONE', *, *, #537, .F. ) ;
#1114 = EDGE_CURVE ( 'NONE', #154, #1057, #901, .T. ) ;
#1115 = ORIENTED_EDGE ( 'NONE', *, *, #651, .T. ) ;
#1116 = DIRECTION ( 'NONE',  ( -0.000000000000000000, 1.000000000000000000, 1.370704305007583992E-16 ) ) ;
#1117 = DIRECTION ( 'NONE',  ( 0.5773502691896265082, 0.5773502691896241767, -0.5773502691896265082 ) ) ;
#1118 = AXIS2_PLACEMENT_3D ( 'NONE', #32, #251, #38 ) ;
#1119 = CARTESIAN_POINT ( 'NONE',  ( 0.03500000000000001721, 0.2775000000000000244, -0.01500000000000019373 ) ) ;
#1120 = ORIENTED_EDGE ( 'NONE', *, *, #948, .F. ) ;
#1121 = AXIS2_PLACEMENT_3D ( 'NONE', #276, #1297, #428 ) ;
#1122 = VECTOR ( 'NONE', #863, 39.37007874015748854 ) ;
#1123 = CARTESIAN_POINT ( 'NONE',  ( 0.01750000000000000167, 0.2949999999999999845, -0.05000000000000003053 ) ) ;
#1124 = DIRECTION ( 'NONE',  ( -1.000000000000000000, -0.000000000000000000, 0.000000000000000000 ) ) ;
#1125 = LENGTH_MEASURE_WITH_UNIT ( LENGTH_MEASURE( 0.02539999999999999897 ), #1180 );
#1126 = ORIENTED_EDGE ( 'NONE', *, *, #1097, .T. ) ;
#1127 = EDGE_LOOP ( 'NONE', ( #1175, #174, #18, #682 ) ) ;
#1128 = DIRECTION ( 'NONE',  ( 0.000000000000000000, 1.000000000000000000, 2.845674993400277884E-15 ) ) ;
#1129 = FACE_OUTER_BOUND ( 'NONE', #1064, .T. ) ;
#1130 = CARTESIAN_POINT ( 'NONE',  ( -0.06499999999999998834, 0.2775000000000000244, -0.01500000000000019373 ) ) ;
#1131 = ORIENTED_EDGE ( 'NONE', *, *, #1050, .T. ) ;
#1132 = DIRECTION ( 'NONE',  ( 0.000000000000000000, -1.370704305007583992E-16, 1.000000000000000000 ) ) ;
#1133 = DIRECTION ( 'NONE',  ( 0.000000000000000000, -4.142673673352226284E-32, -1.000000000000000000 ) ) ;
#1134 = VECTOR ( 'NONE', #254, 39.37007874015748143 ) ;
#1135 = VERTEX_POINT ( 'NONE', #915 ) ;
#1136 =( LENGTH_UNIT ( ) NAMED_UNIT ( * ) SI_UNIT ( $, .METRE. ) );
#1137 = AXIS2_PLACEMENT_3D ( 'NONE', #61, #416, #1165 ) ;
#1138 = DIRECTION ( 'NONE',  ( 0.000000000000000000, 0.000000000000000000, 1.000000000000000000 ) ) ;
#1139 = VERTEX_POINT ( 'NONE', #1419 ) ;
#1140 = ADVANCED_FACE ( 'NONE', ( #1395, #686 ), #318, .F. ) ;
#1141 = FACE_OUTER_BOUND ( 'NONE', #572, .T. ) ;
#1142 = VERTEX_POINT ( 'NONE', #1173 ) ;
#1143 = DIRECTION ( 'NONE',  ( 0.000000000000000000, -1.000000000000000000, -2.845674993400278278E-15 ) ) ;
#1144 = ADVANCED_FACE ( 'NONE', ( #694 ), #69, .F. ) ;
#1145 = CARTESIAN_POINT ( 'NONE',  ( 0.000000000000000000, 0.01500000000000001853, -0.03650000000000003936 ) ) ;
#1146 = ORIENTED_EDGE ( 'NONE', *, *, #1361, .F. ) ;
#1147 = VECTOR ( 'NONE', #140, 39.37007874015748143 ) ;
#1148 = PRODUCT_DEFINITION_SHAPE ( 'NONE', 'NONE',  #1583 ) ;
#1149 = VECTOR ( 'NONE', #552, 39.37007874015748143 ) ;
#1150 = DIRECTION ( 'NONE',  ( 0.000000000000000000, 1.000000000000000000, -2.213302772644657947E-15 ) ) ;
#1151 = VECTOR ( 'NONE', #387, 39.37007874015748143 ) ;
#1152 = ADVANCED_BREP_SHAPE_REPRESENTATION ( '', ( #939, #279 ), #1157 ) ;
#1153 = VECTOR ( 'NONE', #1117, 39.37007874015748854 ) ;
#1154 =( LENGTH_UNIT ( ) NAMED_UNIT ( * ) SI_UNIT ( $, .METRE. ) );
#1155 = AXIS2_PLACEMENT_3D ( 'NONE', #525, #663, #1143 ) ;
#1156 = CARTESIAN_POINT ( 'NONE',  ( 0.006999999999999999278, 0.000000000000000000, 0.07950000000000001510 ) ) ;
#1157 =( GEOMETRIC_REPRESENTATION_CONTEXT ( 3 ) GLOBAL_UNCERTAINTY_ASSIGNED_CONTEXT ( ( #575 ) ) GLOBAL_UNIT_ASSIGNED_CONTEXT ( ( #601, #452, #1193 ) ) REPRESENTATION_CONTEXT ( 'NONE', 'WORKASPACE' ) );
#1158 = DIRECTION ( 'NONE',  ( 0.000000000000000000, 0.000000000000000000, 1.000000000000000000 ) ) ;
#1159 = FACE_OUTER_BOUND ( 'NONE', #340, .T. ) ;
#1160 = ORIENTED_EDGE ( 'NONE', *, *, #20, .F. ) ;
#1161 = EDGE_LOOP ( 'NONE', ( #1506, #675, #689, #1563 ) ) ;
#1162 = FILL_AREA_STYLE_COLOUR ( '', #945 ) ;
#1163 = PRODUCT_DEFINITION_SHAPE ( 'NONE', 'NONE',  #1592 ) ;
#1164 = DIRECTION ( 'NONE',  ( 0.000000000000000000, -0.000000000000000000, -1.000000000000000000 ) ) ;
#1165 = DIRECTION ( 'NONE',  ( -1.000000000000000000, 0.000000000000000000, -0.000000000000000000 ) ) ;
#1166 = DIRECTION ( 'NONE',  ( 0.000000000000000000, -1.000000000000000000, -2.134256245050206194E-16 ) ) ;
#1167 = VERTEX_POINT ( 'NONE', #664 ) ;
#1168 = EDGE_CURVE ( 'NONE', #586, #752, #1403, .T. ) ;
#1169 = ORIENTED_EDGE ( 'NONE', *, *, #1552, .F. ) ;
#1170 = ORIENTED_EDGE ( 'NONE', *, *, #1338, .T. ) ;
#1171 = CARTESIAN_POINT ( 'NONE',  ( -0.06499999999999998834, 0.2775000000000000244, 0.01499999999999975311 ) ) ;
#1172 = EDGE_CURVE ( 'NONE', #275, #760, #192, .T. ) ;
#1173 = CARTESIAN_POINT ( 'NONE',  ( 0.1000000000000000056, 0.2949999999999999845, 0.05000000000000003053 ) ) ;
#1174 = DIRECTION ( 'NONE',  ( 0.000000000000000000, -6.097874985857729166E-17, -1.000000000000000000 ) ) ;
#1175 = ORIENTED_EDGE ( 'NONE', *, *, #969, .F. ) ;
#1176 = ORIENTED_EDGE ( 'NONE', *, *, #602, .T. ) ;
#1177 = VECTOR ( 'NONE', #112, 39.37007874015748143 ) ;
#1178 = DIRECTION ( 'NONE',  ( -1.000000000000000000, -0.000000000000000000, -0.000000000000000000 ) ) ;
#1179 = EDGE_LOOP ( 'NONE', ( #197, #1424, #472, #1379 ) ) ;
#1180 =( LENGTH_UNIT ( ) NAMED_UNIT ( * ) SI_UNIT ( $, .METRE. ) );
#1181 = CARTESIAN_POINT ( 'NONE',  ( 0.1000000000000000056, 0.01500000000000001159, 0.03649999999999996997 ) ) ;
#1182 = LINE ( 'NONE', #439, #461 ) ;
#1183 = ORIENTED_EDGE ( 'NONE', *, *, #674, .F. ) ;
#1184 = VECTOR ( 'NONE', #280, 39.37007874015748143 ) ;
#1185 = ORIENTED_EDGE ( 'NONE', *, *, #1520, .T. ) ;
#1186 = DIRECTION ( 'NONE',  ( 0.000000000000000000, 0.000000000000000000, 1.000000000000000000 ) ) ;
#1187 = AXIS2_PLACEMENT_3D ( 'NONE', #109, #1200, #480 ) ;
#1188 = CARTESIAN_POINT ( 'NONE',  ( 0.1000000000000000056, 0.01499999999999997689, 0.04999999999999996808 ) ) ;
#1189 = ORIENTED_EDGE ( 'NONE', *, *, #1217, .T. ) ;
#1190 = PRODUCT_DEFINITION ( 'UNKNOWN', '', #1564, #588 ) ;
#1191 = VERTEX_POINT ( 'NONE', #799 ) ;
#1192 = ORIENTED_EDGE ( 'NONE', *, *, #1391, .T. ) ;
#1193 =( NAMED_UNIT ( * ) SI_UNIT ( $, .STERADIAN. ) SOLID_ANGLE_UNIT ( ) );
#1194 = UNCERTAINTY_MEASURE_WITH_UNIT (LENGTH_MEASURE( 1.000000000000000082E-05 ), #273, 'distance_accuracy_value', 'NONE');
#1195 = EDGE_CURVE ( 'NONE', #321, #1041, #362, .T. ) ;
#1196 = CARTESIAN_POINT ( 'NONE',  ( -0.06499999999999998834, 0.2449999999999999400, 0.01499999999999975311 ) ) ;
#1197 = CARTESIAN_POINT ( 'NONE',  ( 0.1000000000000000056, 0.03500000000000001721, -0.03114101615137772686 ) ) ;
#1198 = ORIENTED_EDGE ( 'NONE', *, *, #415, .F. ) ;
#1199 = ORIENTED_EDGE ( 'NONE', *, *, #1361, .T. ) ;
#1200 = DIRECTION ( 'NONE',  ( 0.000000000000000000, 1.733406087350420004E-16, -1.000000000000000000 ) ) ;
#1201 =( GEOMETRIC_REPRESENTATION_CONTEXT ( 3 ) GLOBAL_UNCERTAINTY_ASSIGNED_CONTEXT ( ( #1394 ) ) GLOBAL_UNIT_ASSIGNED_CONTEXT ( ( #355, #764, #658 ) ) REPRESENTATION_CONTEXT ( 'NONE', 'WORKASPACE' ) );
#1202 = DIRECTION ( 'NONE',  ( 0.000000000000000000, -1.000000000000000000, 0.000000000000000000 ) ) ;
#1203 =( REPRESENTATION_RELATIONSHIP ('NONE','NONE', #1280, #1568 ) REPRESENTATION_RELATIONSHIP_WITH_TRANSFORMATION ( #1366 )SHAPE_REPRESENTATION_RELATIONSHIP( ) );
#1204 = SURFACE_SIDE_STYLE ('',( #216 ) ) ;
#1205 = ORIENTED_EDGE ( 'NONE', *, *, #207, .F. ) ;
#1206 = DIRECTION ( 'NONE',  ( -0.000000000000000000, -0.7071067811865489050, -0.7071067811865461294 ) ) ;
#1207 = AXIS2_PLACEMENT_3D ( 'NONE', #117, #2, #392 ) ;
#1208 = FILL_AREA_STYLE_COLOUR ( '', #846 ) ;
#1209 = DIRECTION ( 'NONE',  ( -1.000000000000000000, -0.000000000000000000, -0.000000000000000000 ) ) ;
#1210 = DIRECTION ( 'NONE',  ( -1.000000000000000000, -0.000000000000000000, 0.000000000000000000 ) ) ;
#1211 = DIRECTION ( 'NONE',  ( 0.000000000000000000, -2.529488883022466337E-15, 1.000000000000000000 ) ) ;
#1212 = ORIENTED_EDGE ( 'NONE', *, *, #481, .T. ) ;
#1213 = EDGE_CURVE ( 'NONE', #706, #11, #1043, .T. ) ;
#1214 = CARTESIAN_POINT ( 'NONE',  ( -0.1000000000000000056, 0.01499999999999998904, -0.05000000000000003747 ) ) ;
#1215 = ITEM_DEFINED_TRANSFORMATION ( 'NONE', 'NONE', #652,  #279 ) ;
#1216 = LINE ( 'NONE', #1340, #365 ) ;
#1217 = EDGE_CURVE ( 'NONE', #1139, #1582, #1029, .T. ) ;
#1218 = CARTESIAN_POINT ( 'NONE',  ( 0.01200000000000000025, 0.01000000000000000194, 0.08450000000000001954 ) ) ;
#1219 = DIRECTION ( 'NONE',  ( 1.000000000000000000, 0.000000000000000000, 0.000000000000000000 ) ) ;
#1220 = CARTESIAN_POINT ( 'NONE',  ( 0.1000000000000000056, 0.2949999999999999845, -0.05000000000000003053 ) ) ;
#1221 = ORIENTED_EDGE ( 'NONE', *, *, #453, .T. ) ;
#1222 = DIRECTION ( 'NONE',  ( 0.000000000000000000, 1.000000000000000000, 2.134256245050206194E-16 ) ) ;
#1223 = CONTEXT_DEPENDENT_SHAPE_REPRESENTATION ( #1374, #435 ) ;
#1224 = VECTOR ( 'NONE', #931, 39.37007874015748143 ) ;
#1225 = VECTOR ( 'NONE', #232, 39.37007874015748143 ) ;
#1226 = CARTESIAN_POINT ( 'NONE',  ( 0.000000000000000000, 0.01499999999999998904, -0.05000000000000003747 ) ) ;
#1227 = LINE ( 'NONE', #1370, #1153 ) ;
#1228 = DIRECTION ( 'NONE',  ( -0.000000000000000000, 1.000000000000000000, 1.733406087350420004E-16 ) ) ;
#1229 = VERTEX_POINT ( 'NONE', #549 ) ;
#1230 = CARTESIAN_POINT ( 'NONE',  ( -0.03500000000000003803, 0.2775000000000000244, 0.01499999999999975832 ) ) ;
#1231 = PRESENTATION_LAYER_ASSIGNMENT (  '', '', ( #1028 ) ) ;
#1232 = EDGE_CURVE ( 'NONE', #1430, #31, #436, .T. ) ;
#1233 = STYLED_ITEM ( 'NONE', ( #555 ), #286 ) ;
#1234 = APPLICATION_CONTEXT ( 'automotive_design' ) ;
#1235 = PLANE ( 'NONE',  #1344 ) ;
#1236 = EDGE_CURVE ( 'NONE', #923, #1381, #421, .T. ) ;
#1237 = FACE_OUTER_BOUND ( 'NONE', #1336, .T. ) ;
#1238 = EDGE_LOOP ( 'NONE', ( #169, #212, #1386, #143 ) ) ;
#1239 = VECTOR ( 'NONE', #738, 39.37007874015748143 ) ;
#1240 = EDGE_CURVE ( 'NONE', #484, #267, #1278, .T. ) ;
#1241 = DIRECTION ( 'NONE',  ( 0.000000000000000000, 1.000000000000000000, 2.134256245050206194E-16 ) ) ;
#1242 = SHAPE_DEFINITION_REPRESENTATION ( #1148, #1280 ) ;
#1243 = EDGE_LOOP ( 'NONE', ( #332, #205, #792, #56 ) ) ;
#1244 = LINE ( 'NONE', #1369, #130 ) ;
#1245 = FACE_OUTER_BOUND ( 'NONE', #1329, .T. ) ;
#1246 = FACE_OUTER_BOUND ( 'NONE', #667, .T. ) ;
#1247 = EDGE_LOOP ( 'NONE', ( #7, #1205, #1441, #1308 ) ) ;
#1248 = CYLINDRICAL_SURFACE ( 'NONE', #459, 0.02200000000000000566 ) ;
#1249 = EDGE_LOOP ( 'NONE', ( #1511, #535, #624, #581 ) ) ;
#1250 = ORIENTED_EDGE ( 'NONE', *, *, #53, .F. ) ;
#1251 = DIMENSIONAL_EXPONENTS ( 1.000000000000000000, 0.000000000000000000, 0.000000000000000000, 0.000000000000000000, 0.000000000000000000, 0.000000000000000000, 0.000000000000000000 ) ;
#1252 = FILL_AREA_STYLE ('',( #264 ) ) ;
#1253 = FACE_OUTER_BOUND ( 'NONE', #665, .T. ) ;
#1254 = CARTESIAN_POINT ( 'NONE',  ( 0.000000000000000000, 0.01499999999999997689, 0.04999999999999996808 ) ) ;
#1255 = EDGE_CURVE ( 'NONE', #94, #565, #1433, .T. ) ;
#1256 = VERTEX_POINT ( 'NONE', #208 ) ;
#1257 = DIRECTION ( 'NONE',  ( -1.000000000000000000, -0.000000000000000000, -0.000000000000000000 ) ) ;
#1258 = LINE ( 'NONE', #653, #346 ) ;
#1259 = EDGE_LOOP ( 'NONE', ( #1042, #614, #37, #952, #712, #83, #1012, #399 ) ) ;
#1260 = LINE ( 'NONE', #1509, #943 ) ;
#1261 = PRESENTATION_LAYER_ASSIGNMENT (  '', '', ( #81 ) ) ;
#1262 = CARTESIAN_POINT ( 'NONE',  ( 0.000000000000000000, 0.2949999999999999845, -0.05000000000000003053 ) ) ;
#1263 = ORIENTED_EDGE ( 'NONE', *, *, #503, .F. ) ;
#1264 = VECTOR ( 'NONE', #214, 39.37007874015748854 ) ;
#1265 = CARTESIAN_POINT ( 'NONE',  ( 0.06499999999999997446, 0.2775000000000000244, 0.01499999999999975832 ) ) ;
#1266 = PLANE ( 'NONE',  #483 ) ;
#1267 = EDGE_CURVE ( 'NONE', #394, #484, #700, .T. ) ;
#1268 = SURFACE_STYLE_FILL_AREA ( #156 ) ;
#1269 = DIRECTION ( 'NONE',  ( -0.000000000000000000, 1.000000000000000000, -6.097874985857729166E-17 ) ) ;
#1270 = EDGE_CURVE ( 'NONE', #1096, #133, #1549, .T. ) ;
#1271 = DIRECTION ( 'NONE',  ( 0.000000000000000000, -1.000000000000000000, 0.000000000000000000 ) ) ;
#1272 = VERTEX_POINT ( 'NONE', #324 ) ;
#1273 = LINE ( 'NONE', #904, #976 ) ;
#1274 = FACE_OUTER_BOUND ( 'NONE', #636, .T. ) ;
#1275 = DIRECTION ( 'NONE',  ( 0.5773502691896263972, -0.5773502691896239547, -0.5773502691896267303 ) ) ;
#1276 = DIRECTION ( 'NONE',  ( 0.000000000000000000, 0.000000000000000000, 1.000000000000000000 ) ) ;
#1277 = UNCERTAINTY_MEASURE_WITH_UNIT (LENGTH_MEASURE( 1.000000000000000082E-05 ), #262, 'distance_accuracy_value', 'NONE');
#1278 = LINE ( 'NONE', #824, #972 ) ;
#1279 = EDGE_LOOP ( 'NONE', ( #1221, #981, #699, #564 ) ) ;
#1280 = SHAPE_REPRESENTATION ( 'NPTC021KFXC-RC', ( #1207, #225, #1469, #652 ), #1315 ) ;
#1281 = AXIS2_PLACEMENT_3D ( 'NONE', #736, #1307, #115 ) ;
#1282 = AXIS2_PLACEMENT_3D ( 'NONE', #1188, #604, #1211 ) ;
#1283 = DIRECTION ( 'NONE',  ( 0.000000000000000000, 2.213302772644657947E-15, 1.000000000000000000 ) ) ;
#1284 = VERTEX_POINT ( 'NONE', #1312 ) ;
#1285 = ORIENTED_EDGE ( 'NONE', *, *, #541, .F. ) ;
#1286 = ADVANCED_FACE ( 'NONE', ( #199 ), #470, .T. ) ;
#1287 = SURFACE_SIDE_STYLE ('',( #685 ) ) ;
#1288 = ADVANCED_FACE ( 'NONE', ( #576 ), #1065, .F. ) ;
#1289 = FACE_OUTER_BOUND ( 'NONE', #996, .T. ) ;
#1290 = DIRECTION ( 'NONE',  ( 0.000000000000000000, -0.9659258262890699775, -0.2588190451025145222 ) ) ;
#1291 = ORIENTED_EDGE ( 'NONE', *, *, #92, .T. ) ;
#1292 = EDGE_CURVE ( 'NONE', #1139, #1056, #474, .T. ) ;
#1293 = ORIENTED_EDGE ( 'NONE', *, *, #1046, .T. ) ;
#1294 = AXIS2_PLACEMENT_3D ( 'NONE', #1156, #44, #562 ) ;
#1295 = VECTOR ( 'NONE', #1573, 39.37007874015748143 ) ;
#1296 = CARTESIAN_POINT ( 'NONE',  ( -0.1000000000000000056, 0.03500000000000001721, -0.03114101615137772686 ) ) ;
#1297 = DIRECTION ( 'NONE',  ( 1.000000000000000000, 0.000000000000000000, 0.000000000000000000 ) ) ;
#1298 = ORIENTED_EDGE ( 'NONE', *, *, #211, .T. ) ;
#1299 = ORIENTED_EDGE ( 'NONE', *, *, #289, .F. ) ;
#1300 = APPLICATION_CONTEXT ( 'automotive_design' ) ;
#1301 = ORIENTED_EDGE ( 'NONE', *, *, #74, .T. ) ;
#1302 = LINE ( 'NONE', #1431, #1413 ) ;
#1303 = DIRECTION ( 'NONE',  ( 0.000000000000000000, -2.213302772644657947E-15, -1.000000000000000000 ) ) ;
#1304 = CARTESIAN_POINT ( 'NONE',  ( -0.06499999999999998834, 0.2449999999999999400, 0.01499999999999975311 ) ) ;
#1305 = ORIENTED_EDGE ( 'NONE', *, *, #1070, .F. ) ;
#1306 = VECTOR ( 'NONE', #806, 39.37007874015748854 ) ;
#1307 = DIRECTION ( 'NONE',  ( 0.000000000000000000, -1.733406087350420004E-16, 1.000000000000000000 ) ) ;
#1308 = ORIENTED_EDGE ( 'NONE', *, *, #485, .T. ) ;
#1309 = SURFACE_STYLE_USAGE ( .BOTH. , #1566 ) ;
#1310 = ADVANCED_FACE ( 'NONE', ( #955, #1556 ), #1073, .F. ) ;
#1311 = COLOUR_RGB ( '',0.2509803921568627416, 0.2509803921568627416, 0.2509803921568627416 ) ;
#1312 = CARTESIAN_POINT ( 'NONE',  ( 0.1000000000000000056, 0.2949999999999999845, -0.05000000000000003053 ) ) ;
#1313 = DIRECTION ( 'NONE',  ( -0.5773502691896262862, -0.5773502691896240657, -0.5773502691896267303 ) ) ;
#1314 = ORIENTED_EDGE ( 'NONE', *, *, #485, .F. ) ;
#1315 =( GEOMETRIC_REPRESENTATION_CONTEXT ( 3 ) GLOBAL_UNCERTAINTY_ASSIGNED_CONTEXT ( ( #1277 ) ) GLOBAL_UNIT_ASSIGNED_CONTEXT ( ( #262, #629, #10 ) ) REPRESENTATION_CONTEXT ( 'NONE', 'WORKASPACE' ) );
#1316 = EDGE_CURVE ( 'NONE', #706, #524, #460, .T. ) ;
#1317 = ORIENTED_EDGE ( 'NONE', *, *, #990, .T. ) ;
#1318 =( NAMED_UNIT ( * ) SI_UNIT ( $, .STERADIAN. ) SOLID_ANGLE_UNIT ( ) );
#1319 = FACE_OUTER_BOUND ( 'NONE', #1127, .T. ) ;
#1320 = DIRECTION ( 'NONE',  ( -1.000000000000000000, -0.000000000000000000, -0.000000000000000000 ) ) ;
#1321 = CARTESIAN_POINT ( 'NONE',  ( 0.000000000000000000, 0.03500000000000001027, 0.03114101615137766441 ) ) ;
#1322 = ORIENTED_EDGE ( 'NONE', *, *, #139, .F. ) ;
#1323 = VECTOR ( 'NONE', #285, 39.37007874015748143 ) ;
#1324 = ORIENTED_EDGE ( 'NONE', *, *, #1454, .T. ) ;
#1325 = SURFACE_STYLE_FILL_AREA ( #1076 ) ;
#1326 = LINE ( 'NONE', #213, #1104 ) ;
#1327 = CARTESIAN_POINT ( 'NONE',  ( 0.000000000000000000, 0.03500000000000001027, 0.03114101615137766441 ) ) ;
#1328 = FILL_AREA_STYLE ('',( #836 ) ) ;
#1329 = EDGE_LOOP ( 'NONE', ( #890, #753, #1346, #1120 ) ) ;
#1330 = AXIS2_PLACEMENT_3D ( 'NONE', #1526, #1415, #816 ) ;
#1331 =( LENGTH_UNIT ( ) NAMED_UNIT ( * ) SI_UNIT ( $, .METRE. ) );
#1332 = ADVANCED_FACE ( 'NONE', ( #938 ), #105, .F. ) ;
#1333 = CARTESIAN_POINT ( 'NONE',  ( 0.1000000000000000056, 0.2949999999999999845, -0.03250000000000020928 ) ) ;
#1334 = EDGE_CURVE ( 'NONE', #775, #1272, #1561, .T. ) ;
#1335 = CARTESIAN_POINT ( 'NONE',  ( 0.1000000000000000056, 0.2949999999999999845, -0.05000000000000003053 ) ) ;
#1336 = EDGE_LOOP ( 'NONE', ( #941, #1176, #1435, #328 ) ) ;
#1337 = DIRECTION ( 'NONE',  ( 0.000000000000000000, 0.9659258262890699775, 0.2588190451025145777 ) ) ;
#1338 = EDGE_CURVE ( 'NONE', #1272, #1056, #726, .T. ) ;
#1339 = PRODUCT_DEFINITION_FORMATION_WITH_SPECIFIED_SOURCE ( 'ANY', '', #270, .NOT_KNOWN. ) ;
#1340 = CARTESIAN_POINT ( 'NONE',  ( 0.000000000000000000, 0.2949999999999999845, -0.03250000000000020928 ) ) ;
#1341 = VECTOR ( 'NONE', #841, 39.37007874015748143 ) ;
#1342 = FACE_OUTER_BOUND ( 'NONE', #1247, .T. ) ;
#1343 = DIRECTION ( 'NONE',  ( 0.000000000000000000, 0.000000000000000000, 1.000000000000000000 ) ) ;
#1344 = AXIS2_PLACEMENT_3D ( 'NONE', #134, #847, #1106 ) ;
#1345 = DIRECTION ( 'NONE',  ( 0.000000000000000000, 0.9659258262890699775, -0.2588190451025140781 ) ) ;
#1346 = ORIENTED_EDGE ( 'NONE', *, *, #882, .F. ) ;
#1347 = FACE_OUTER_BOUND ( 'NONE', #449, .T. ) ;
#1348 = SHAPE_DEFINITION_REPRESENTATION ( #794, #889 ) ;
#1349 = LINE ( 'NONE', #840, #1400 ) ;
#1350 = CARTESIAN_POINT ( 'NONE',  ( 0.06499999999999997446, 0.2449999999999999400, 0.01499999999999975311 ) ) ;
#1351 = CARTESIAN_POINT ( 'NONE',  ( -0.06499999999999998834, 0.2449999999999999400, 0.01499999999999975311 ) ) ;
#1352 = CARTESIAN_POINT ( 'NONE',  ( -0.01200000000000000025, 0.01000000000000000368, 0.04950000000000000233 ) ) ;
#1353 = EDGE_LOOP ( 'NONE', ( #1068, #180, #1263, #673 ) ) ;
#1354 = EDGE_CURVE ( 'NONE', #984, #321, #482, .T. ) ;
#1355 = CARTESIAN_POINT ( 'NONE',  ( 0.03500000000000001721, 0.2775000000000000244, -0.01500000000000019373 ) ) ;
#1356 = APPLICATION_PROTOCOL_DEFINITION ( 'draft international standard', 'automotive_design', 1998, #608 ) ;
#1357 = AXIS2_PLACEMENT_3D ( 'NONE', #155, #1397, #897 ) ;
#1358 = LINE ( 'NONE', #1226, #1543 ) ;
#1359 = DIRECTION ( 'NONE',  ( 1.000000000000000000, 0.000000000000000000, -0.000000000000000000 ) ) ;
#1360 = AXIS2_PLACEMENT_3D ( 'NONE', #1478, #893, #366 ) ;
#1361 = EDGE_CURVE ( 'NONE', #1167, #1020, #494, .T. ) ;
#1362 = DIRECTION ( 'NONE',  ( 0.000000000000000000, 1.000000000000000000, 3.048937492928865815E-17 ) ) ;
#1363 = ORIENTED_EDGE ( 'NONE', *, *, #333, .T. ) ;
#1364 = DIRECTION ( 'NONE',  ( 0.000000000000000000, 4.142673673352226284E-32, 1.000000000000000000 ) ) ;
#1365 = CIRCLE ( 'NONE', #725, 0.004999999999999997502 ) ;
#1366 = ITEM_DEFINED_TRANSFORMATION ( 'NONE', 'NONE', #225,  #279 ) ;
#1367 = ORIENTED_EDGE ( 'NONE', *, *, #97, .T. ) ;
#1368 = EDGE_LOOP ( 'NONE', ( #1291, #622, #381, #1131 ) ) ;
#1369 = CARTESIAN_POINT ( 'NONE',  ( -0.1000000000000000056, 0.2949999999999999845, 0.05000000000000003053 ) ) ;
#1370 = CARTESIAN_POINT ( 'NONE',  ( -0.04500000000000004691, 0.2675000000000000711, -0.005000000000000183985 ) ) ;
#1371 = CARTESIAN_POINT ( 'NONE',  ( 0.1000000000000000056, 0.01499999999999998904, -0.05000000000000003747 ) ) ;
#1372 = ORIENTED_EDGE ( 'NONE', *, *, #351, .F. ) ;
#1373 = CARTESIAN_POINT ( 'NONE',  ( 0.03500000000000001721, 0.2775000000000000244, 0.01499999999999975311 ) ) ;
#1374 =( REPRESENTATION_RELATIONSHIP ('NONE','NONE', #1280, #889 ) REPRESENTATION_RELATIONSHIP_WITH_TRANSFORMATION ( #131 )SHAPE_REPRESENTATION_RELATIONSHIP( ) );
#1375 = ORIENTED_EDGE ( 'NONE', *, *, #1232, .T. ) ;
#1376 = LINE ( 'NONE', #772, #1184 ) ;
#1377 = DIRECTION ( 'NONE',  ( 0.000000000000000000, 0.000000000000000000, 1.000000000000000000 ) ) ;
#1378 = CARTESIAN_POINT ( 'NONE',  ( 0.01200000000000000025, 0.03500000000000000333, 0.02749999999999999667 ) ) ;
#1379 = ORIENTED_EDGE ( 'NONE', *, *, #907, .T. ) ;
#1380 = LINE ( 'NONE', #982, #67 ) ;
#1381 = VERTEX_POINT ( 'NONE', #229 ) ;
#1382 = SURFACE_SIDE_STYLE ('',( #1268 ) ) ;
#1383 = FACE_OUTER_BOUND ( 'NONE', #788, .T. ) ;
#1384 = ADVANCED_FACE ( 'NONE', ( #1319 ), #603, .F. ) ;
#1385 = LINE ( 'NONE', #1495, #1151 ) ;
#1386 = ORIENTED_EDGE ( 'NONE', *, *, #1388, .T. ) ;
#1387 = VECTOR ( 'NONE', #928, 39.37007874015748143 ) ;
#1388 = EDGE_CURVE ( 'NONE', #935, #1473, #1060, .T. ) ;
#1389 = PLANE ( 'NONE',  #230 ) ;
#1390 = PLANE ( 'NONE',  #1121 ) ;
#1391 = EDGE_CURVE ( 'NONE', #267, #910, #91, .T. ) ;
#1392 = DIRECTION ( 'NONE',  ( 0.000000000000000000, 2.213302772644657947E-15, 1.000000000000000000 ) ) ;
#1393 = CARTESIAN_POINT ( 'NONE',  ( 0.000000000000000000, 0.01499999999999998904, -0.05000000000000003747 ) ) ;
#1394 = UNCERTAINTY_MEASURE_WITH_UNIT (LENGTH_MEASURE( 1.000000000000000082E-05 ), #355, 'distance_accuracy_value', 'NONE');
#1395 = FACE_BOUND ( 'NONE', #1067, .T. ) ;
#1396 = ORIENTED_EDGE ( 'NONE', *, *, #1270, .F. ) ;
#1397 = DIRECTION ( 'NONE',  ( 0.7071067811865461294, -0.7071067811865489050, 0.000000000000000000 ) ) ;
#1398 = VECTOR ( 'NONE', #787, 39.37007874015748143 ) ;
#1399 = ORIENTED_EDGE ( 'NONE', *, *, #255, .T. ) ;
#1400 = VECTOR ( 'NONE', #730, 39.37007874015748143 ) ;
#1401 = DIMENSIONAL_EXPONENTS ( 1.000000000000000000, 0.000000000000000000, 0.000000000000000000, 0.000000000000000000, 0.000000000000000000, 0.000000000000000000, 0.000000000000000000 ) ;
#1402 =( CONVERSION_BASED_UNIT ( 'INCH', #795 ) LENGTH_UNIT ( ) NAMED_UNIT ( #414 ) );
#1403 = LINE ( 'NONE', #1145, #798 ) ;
#1404 = ORIENTED_EDGE ( 'NONE', *, *, #999, .F. ) ;
#1405 = CARTESIAN_POINT ( 'NONE',  ( -0.01200000000000000025, 0.03500000000000000333, 0.01750000000000000860 ) ) ;
#1406 = LINE ( 'NONE', #802, #1149 ) ;
#1407 = EDGE_LOOP ( 'NONE', ( #605, #1322, #73, #107 ) ) ;
#1408 = ADVANCED_FACE ( 'NONE', ( #621 ), #648, .F. ) ;
#1409 = LENGTH_MEASURE_WITH_UNIT ( LENGTH_MEASURE( 0.02539999999999999897 ), #1154 );
#1410 = SURFACE_STYLE_USAGE ( .BOTH. , #1287 ) ;
#1411 = DIRECTION ( 'NONE',  ( 0.000000000000000000, -0.9659258262890699775, -0.2588190451025145222 ) ) ;
#1412 = ADVANCED_FACE ( 'NONE', ( #773 ), #986, .F. ) ;
#1413 = VECTOR ( 'NONE', #1088, 39.37007874015748143 ) ;
#1414 = PRODUCT ( 'Pin - Tin', 'Pin - Tin', '', ( #23 ) ) ;
#1415 = DIRECTION ( 'NONE',  ( 0.000000000000000000, -0.7071067811865492381, 0.7071067811865459074 ) ) ;
#1416 = ORIENTED_EDGE ( 'NONE', *, *, #1565, .F. ) ;
#1417 = DIRECTION ( 'NONE',  ( 0.000000000000000000, 0.000000000000000000, -1.000000000000000000 ) ) ;
#1418 =( NAMED_UNIT ( * ) SI_UNIT ( $, .STERADIAN. ) SOLID_ANGLE_UNIT ( ) );
#1419 = CARTESIAN_POINT ( 'NONE',  ( 0.000000000000000000, 0.03500000000000001027, 0.03114101615137766441 ) ) ;
#1420 =( GEOMETRIC_REPRESENTATION_CONTEXT ( 3 ) GLOBAL_UNCERTAINTY_ASSIGNED_CONTEXT ( ( #292 ) ) GLOBAL_UNIT_ASSIGNED_CONTEXT ( ( #780, #166, #538 ) ) REPRESENTATION_CONTEXT ( 'NONE', 'WORKASPACE' ) );
#1421 = CARTESIAN_POINT ( 'NONE',  ( 0.01200000000000000025, 0.01000000000000000021, 0.04950000000000000233 ) ) ;
#1422 = ORIENTED_EDGE ( 'NONE', *, *, #992, .F. ) ;
#1423 = VERTEX_POINT ( 'NONE', #120 ) ;
#1424 = ORIENTED_EDGE ( 'NONE', *, *, #118, .F. ) ;
#1425 = CARTESIAN_POINT ( 'NONE',  ( 0.08249999999999999001, 0.2949999999999999845, -0.03250000000000020928 ) ) ;
#1426 =( LENGTH_UNIT ( ) NAMED_UNIT ( * ) SI_UNIT ( $, .METRE. ) );
#1427 = CARTESIAN_POINT ( 'NONE',  ( -0.03500000000000003803, 0.2449999999999999400, -0.01500000000000020067 ) ) ;
#1428 = CARTESIAN_POINT ( 'NONE',  ( 0.05499999999999995864, 0.2675000000000000711, -0.005000000000000183985 ) ) ;
#1429 = CARTESIAN_POINT ( 'NONE',  ( 0.1000000000000000056, 0.03500000000000001721, -0.03114101615137772686 ) ) ;
#1430 = VERTEX_POINT ( 'NONE', #490 ) ;
#1431 = CARTESIAN_POINT ( 'NONE',  ( 0.000000000000000000, 0.01500000000000001853, -0.03650000000000003936 ) ) ;
#1432 = ORIENTED_EDGE ( 'NONE', *, *, #1015, .T. ) ;
#1433 = LINE ( 'NONE', #330, #203 ) ;
#1434 = DIRECTION ( 'NONE',  ( -0.000000000000000000, 1.000000000000000000, -0.000000000000000000 ) ) ;
#1435 = ORIENTED_EDGE ( 'NONE', *, *, #255, .F. ) ;
#1436 = ADVANCED_FACE ( 'NONE', ( #1129 ), #256, .T. ) ;
#1437 = AXIS2_PLACEMENT_3D ( 'NONE', #391, #129, #8 ) ;
#1438 = VERTEX_POINT ( 'NONE', #856 ) ;
#1439 = CARTESIAN_POINT ( 'NONE',  ( 0.06499999999999997446, 0.2449999999999999400, 0.01499999999999975311 ) ) ;
#1440 = CARTESIAN_POINT ( 'NONE',  ( 0.000000000000000000, 0.2949999999999999845, 0.03249999999999979294 ) ) ;
#1441 = ORIENTED_EDGE ( 'NONE', *, *, #1097, .F. ) ;
#1442 = AXIS2_PLACEMENT_3D ( 'NONE', #1462, #713, #723 ) ;
#1443 = AXIS2_PLACEMENT_3D ( 'NONE', #1455, #1079, #848 ) ;
#1444 = ORIENTED_EDGE ( 'NONE', *, *, #281, .T. ) ;
#1445 = ORIENTED_EDGE ( 'NONE', *, *, #465, .T. ) ;
#1446 = AXIS2_PLACEMENT_3D ( 'NONE', #590, #1202, #962 ) ;
#1447 = CARTESIAN_POINT ( 'NONE',  ( 0.000000000000000000, 0.01500000000000001159, 0.03649999999999996997 ) ) ;
#1448 = CARTESIAN_POINT ( 'NONE',  ( 0.1000000000000000056, 0.01499999999999998904, -0.05000000000000003747 ) ) ;
#1449 = PLANE ( 'NONE',  #514 ) ;
#1450 = ORIENTED_EDGE ( 'NONE', *, *, #1070, .T. ) ;
#1451 = ADVANCED_FACE ( 'NONE', ( #1245 ), #883, .F. ) ;
#1452 = CARTESIAN_POINT ( 'NONE',  ( -0.04999999999999999584, 3.595840748469733670E-32, 1.707404996040164512E-17 ) ) ;
#1453 = DIRECTION ( 'NONE',  ( 0.000000000000000000, 2.529488883022466337E-15, -1.000000000000000000 ) ) ;
#1454 = EDGE_CURVE ( 'NONE', #957, #201, #998, .T. ) ;
#1455 = CARTESIAN_POINT ( 'NONE',  ( 0.000000000000000000, 0.2949999999999999845, -0.05000000000000003053 ) ) ;
#1456 = DIRECTION ( 'NONE',  ( -1.000000000000000000, -0.000000000000000000, -0.000000000000000000 ) ) ;
#1457 = VERTEX_POINT ( 'NONE', #1494 ) ;
#1458 = EDGE_CURVE ( 'NONE', #133, #519, #1227, .T. ) ;
#1459 = LINE ( 'NONE', #566, #589 ) ;
#1460 = VECTOR ( 'NONE', #47, 39.37007874015748143 ) ;
#1461 = VECTOR ( 'NONE', #940, 39.37007874015748143 ) ;
#1462 = CARTESIAN_POINT ( 'NONE',  ( 0.000000000000000000, 0.000000000000000000, 0.000000000000000000 ) ) ;
#1463 = CARTESIAN_POINT ( 'NONE',  ( -0.1000000000000000056, 0.01499999999999997689, 0.04999999999999996808 ) ) ;
#1464 = CARTESIAN_POINT ( 'NONE',  ( -0.01200000000000000025, 0.03200000000000000761, 0.04950000000000000233 ) ) ;
#1465 = DIRECTION ( 'NONE',  ( -1.000000000000000000, -0.000000000000000000, -0.000000000000000000 ) ) ;
#1466 = LENGTH_MEASURE_WITH_UNIT ( LENGTH_MEASURE( 0.02539999999999999897 ), #101 );
#1467 = EDGE_LOOP ( 'NONE', ( #690, #1160, #1030, #1299 ) ) ;
#1468 = DIRECTION ( 'NONE',  ( 0.000000000000000000, 0.000000000000000000, 1.000000000000000000 ) ) ;
#1469 = AXIS2_PLACEMENT_3D ( 'NONE', #1452, #839, #220 ) ;
#1470 = SURFACE_STYLE_USAGE ( .BOTH. , #489 ) ;
#1471 = CARTESIAN_POINT ( 'NONE',  ( -0.06499999999999998834, 0.2775000000000000244, 0.01499999999999975311 ) ) ;
#1472 = CARTESIAN_POINT ( 'NONE',  ( 0.05499999999999996558, 0.2675000000000000711, 0.004999999999999744232 ) ) ;
#1473 = VERTEX_POINT ( 'NONE', #274 ) ;
#1474 = CARTESIAN_POINT ( 'NONE',  ( 0.03500000000000001721, 0.2775000000000000244, 0.01499999999999975832 ) ) ;
#1475 = PRODUCT_RELATED_PRODUCT_CATEGORY ( 'part', '', ( #879 ) ) ;
#1476 = LINE ( 'NONE', #4, #400 ) ;
#1477 = CARTESIAN_POINT ( 'NONE',  ( 0.01200000000000000025, 0.03500000000000000333, 0.02749999999999999667 ) ) ;
#1478 = CARTESIAN_POINT ( 'NONE',  ( 0.01200000000000000025, 0.03500000000000000333, 0.02749999999999999667 ) ) ;
#1479 = ORIENTED_EDGE ( 'NONE', *, *, #80, .T. ) ;
#1480 = ADVANCED_FACE ( 'NONE', ( #1383 ), #739, .F. ) ;
#1481 = LINE ( 'NONE', #375, #193 ) ;
#1482 = PRODUCT_CONTEXT ( 'NONE', #191, 'mechanical' ) ;
#1483 = ORIENTED_EDGE ( 'NONE', *, *, #789, .T. ) ;
#1484 = VERTEX_POINT ( 'NONE', #1477 ) ;
#1485 = CIRCLE ( 'NONE', #744, 0.004999999999999997502 ) ;
#1486 = DIRECTION ( 'NONE',  ( -1.000000000000000000, -0.000000000000000000, -0.000000000000000000 ) ) ;
#1487 = CARTESIAN_POINT ( 'NONE',  ( 0.01200000000000000025, 2.341264892254350321E-33, 0.04950000000000000233 ) ) ;
#1488 = ORIENTED_EDGE ( 'NONE', *, *, #579, .T. ) ;
#1489 = AXIS2_PLACEMENT_3D ( 'NONE', #1351, #1580, #526 ) ;
#1490 = DIRECTION ( 'NONE',  ( 0.000000000000000000, 1.000000000000000000, -4.142673673352226284E-32 ) ) ;
#1491 = VECTOR ( 'NONE', #41, 39.37007874015748143 ) ;
#1492 = EDGE_LOOP ( 'NONE', ( #574, #26, #456, #84 ) ) ;
#1493 = CARTESIAN_POINT ( 'NONE',  ( 0.006999999999999999278, 0.01000000000000000194, 0.08450000000000001954 ) ) ;
#1494 = CARTESIAN_POINT ( 'NONE',  ( -0.08250000000000000389, 0.2949999999999999845, 0.03249999999999979294 ) ) ;
#1495 = CARTESIAN_POINT ( 'NONE',  ( -0.06499999999999998834, 0.2449999999999999400, 0.01499999999999975311 ) ) ;
#1496 = ORIENTED_EDGE ( 'NONE', *, *, #635, .T. ) ;
#1497 = AXIS2_PLACEMENT_3D ( 'NONE', #966, #1359, #748 ) ;
#1498 = VECTOR ( 'NONE', #861, 39.37007874015748143 ) ;
#1499 = CARTESIAN_POINT ( 'NONE',  ( -0.03500000000000003803, 0.2775000000000000244, -0.01500000000000019373 ) ) ;
#1500 = DIRECTION ( 'NONE',  ( 0.000000000000000000, -1.000000000000000000, 0.000000000000000000 ) ) ;
#1501 = ADVANCED_FACE ( 'NONE', ( #1253 ), #372, .F. ) ;
#1502 = ORIENTED_EDGE ( 'NONE', *, *, #882, .T. ) ;
#1503 = ADVANCED_FACE ( 'NONE', ( #1237 ), #14, .F. ) ;
#1504 = CARTESIAN_POINT ( 'NONE',  ( -0.1000000000000000056, 0.01500000000000001853, -0.03650000000000003936 ) ) ;
#1505 = DIRECTION ( 'NONE',  ( 0.000000000000000000, -1.000000000000000000, 0.000000000000000000 ) ) ;
#1506 = ORIENTED_EDGE ( 'NONE', *, *, #1091, .T. ) ;
#1507 = EDGE_CURVE ( 'NONE', #113, #388, #28, .T. ) ;
#1508 = FACE_OUTER_BOUND ( 'NONE', #947, .T. ) ;
#1509 = CARTESIAN_POINT ( 'NONE',  ( 0.03500000000000001721, 0.2775000000000000244, 0.01499999999999975311 ) ) ;
#1510 = CARTESIAN_POINT ( 'NONE',  ( 0.000000000000000000, 0.2949999999999999845, 0.05000000000000003053 ) ) ;
#1511 = ORIENTED_EDGE ( 'NONE', *, *, #1172, .T. ) ;
#1512 = VECTOR ( 'NONE', #1345, 39.37007874015748854 ) ;
#1513 = LINE ( 'NONE', #1, #987 ) ;
#1514 = ORIENTED_EDGE ( 'NONE', *, *, #74, .F. ) ;
#1515 = FACE_OUTER_BOUND ( 'NONE', #88, .T. ) ;
#1516 = DIRECTION ( 'NONE',  ( 0.000000000000000000, 1.000000000000000000, 2.845674993400277884E-15 ) ) ;
#1517 = ORIENTED_EDGE ( 'NONE', *, *, #1195, .F. ) ;
#1518 = DIRECTION ( 'NONE',  ( 0.000000000000000000, 0.000000000000000000, 1.000000000000000000 ) ) ;
#1519 = DIRECTION ( 'NONE',  ( -0.000000000000000000, 1.000000000000000000, 1.733406087350420004E-16 ) ) ;
#1520 = EDGE_CURVE ( 'NONE', #811, #923, #125, .T. ) ;
#1521 = VECTOR ( 'NONE', #1128, 39.37007874015748143 ) ;
#1522 = VECTOR ( 'NONE', #488, 39.37007874015748143 ) ;
#1523 = EDGE_CURVE ( 'NONE', #1081, #1045, #265, .T. ) ;
#1524 = DIRECTION ( 'NONE',  ( 1.000000000000000000, 0.000000000000000000, 0.000000000000000000 ) ) ;
#1525 = LINE ( 'NONE', #427, #693 ) ;
#1526 = CARTESIAN_POINT ( 'NONE',  ( -0.06499999999999998834, 0.2775000000000000244, 0.01499999999999975832 ) ) ;
#1527 = ORIENTED_EDGE ( 'NONE', *, *, #1050, .F. ) ;
#1528 = ORIENTED_EDGE ( 'NONE', *, *, #1054, .F. ) ;
#1529 =( NAMED_UNIT ( * ) PLANE_ANGLE_UNIT ( ) SI_UNIT ( $, .RADIAN. ) );
#1530 =( NAMED_UNIT ( * ) PLANE_ANGLE_UNIT ( ) SI_UNIT ( $, .RADIAN. ) );
#1531 = DIRECTION ( 'NONE',  ( -1.000000000000000000, -0.000000000000000000, -0.000000000000000000 ) ) ;
#1532 = LINE ( 'NONE', #679, #767 ) ;
#1533 = ORIENTED_EDGE ( 'NONE', *, *, #1388, .F. ) ;
#1534 = ORIENTED_EDGE ( 'NONE', *, *, #1270, .T. ) ;
#1535 = EDGE_CURVE ( 'NONE', #760, #253, #1010, .T. ) ;
#1536 = AXIS2_PLACEMENT_3D ( 'NONE', #300, #909, #670 ) ;
#1537 = CARTESIAN_POINT ( 'NONE',  ( 0.01200000000000000025, 0.03200000000000000761, 0.04950000000000000233 ) ) ;
#1538 = CARTESIAN_POINT ( 'NONE',  ( 0.006999999999999999278, 0.03200000000000000761, 0.07950000000000001510 ) ) ;
#1539 = CARTESIAN_POINT ( 'NONE',  ( -0.01200000000000000025, 0.03200000000000000761, 0.07950000000000001510 ) ) ;
#1540 = LINE ( 'NONE', #1428, #425 ) ;
#1541 = DIRECTION ( 'NONE',  ( 0.000000000000000000, 0.000000000000000000, -1.000000000000000000 ) ) ;
#1542 = STYLED_ITEM ( 'NONE', ( #363 ), #369 ) ;
#1543 = VECTOR ( 'NONE', #507, 39.37007874015748143 ) ;
#1544 = ADVANCED_FACE ( 'NONE', ( #968 ), #762, .F. ) ;
#1545 = ORIENTED_EDGE ( 'NONE', *, *, #360, .T. ) ;
#1546 = CARTESIAN_POINT ( 'NONE',  ( -0.01750000000000001901, 0.2949999999999999845, -0.03250000000000020928 ) ) ;
#1547 = EDGE_LOOP ( 'NONE', ( #1183, #258, #550, #1146, #35, #195, #367, #24 ) ) ;
#1548 = EDGE_CURVE ( 'NONE', #31, #113, #420, .T. ) ;
#1549 = LINE ( 'NONE', #596, #126 ) ;
#1550 = CARTESIAN_POINT ( 'NONE',  ( 0.000000000000000000, 0.2949999999999999845, 0.05000000000000003053 ) ) ;
#1551 = VERTEX_POINT ( 'NONE', #1052 ) ;
#1552 = EDGE_CURVE ( 'NONE', #451, #394, #282, .T. ) ;
#1553 = ORIENTED_EDGE ( 'NONE', *, *, #834, .T. ) ;
#1554 = ORIENTED_EDGE ( 'NONE', *, *, #1338, .F. ) ;
#1555 = SHAPE_REPRESENTATION_RELATIONSHIP ( 'NONE' , 'NONE' ,  #1568, #286 ) ;
#1556 = FACE_OUTER_BOUND ( 'NONE', #1368, .T. ) ;
#1557 = DIRECTION ( 'NONE',  ( -1.000000000000000000, -0.000000000000000000, -0.000000000000000000 ) ) ;
#1558 = VECTOR ( 'NONE', #1055, 39.37007874015748143 ) ;
#1559 = ORIENTED_EDGE ( 'NONE', *, *, #1391, .F. ) ;
#1560 = ORIENTED_EDGE ( 'NONE', *, *, #22, .T. ) ;
#1561 = LINE ( 'NONE', #1447, #950 ) ;
#1562 = FACE_OUTER_BOUND ( 'NONE', #979, .T. ) ;
#1563 = ORIENTED_EDGE ( 'NONE', *, *, #561, .T. ) ;
#1564 = PRODUCT_DEFINITION_FORMATION_WITH_SPECIFIED_SOURCE ( 'ANY', '', #1414, .NOT_KNOWN. ) ;
#1565 = EDGE_CURVE ( 'NONE', #910, #458, #1260, .T. ) ;
#1566 = SURFACE_SIDE_STYLE ('',( #1325 ) ) ;
#1567 = EDGE_CURVE ( 'NONE', #758, #645, #43, .T. ) ;
#1568 = SHAPE_REPRESENTATION ( 'NPPC021KFXC-RC_C02', ( #279 ), #1420 ) ;
#1569 = DIRECTION ( 'NONE',  ( 0.000000000000000000, 0.000000000000000000, -1.000000000000000000 ) ) ;
#1570 = DIRECTION ( 'NONE',  ( 0.000000000000000000, 1.370704305007583992E-16, -1.000000000000000000 ) ) ;
#1571 = ORIENTED_EDGE ( 'NONE', *, *, #1267, .F. ) ;
#1572 = CARTESIAN_POINT ( 'NONE',  ( -0.06499999999999998834, 0.2775000000000000244, -0.01500000000000019373 ) ) ;
#1573 = DIRECTION ( 'NONE',  ( -1.000000000000000000, -0.000000000000000000, -0.000000000000000000 ) ) ;
#1574 = LINE ( 'NONE', #1321, #219 ) ;
#1575 = EDGE_LOOP ( 'NONE', ( #878, #511, #334, #138, #294, #1554, #750, #844 ) ) ;
#1576 = CARTESIAN_POINT ( 'NONE',  ( 0.1000000000000000056, 0.01499999999999998904, -0.05000000000000003747 ) ) ;
#1577 = ADVANCED_FACE ( 'NONE', ( #796 ), #444, .T. ) ;
#1578 = LINE ( 'NONE', #607, #1522 ) ;
#1579 = CARTESIAN_POINT ( 'NONE',  ( 0.03500000000000001721, 0.2449999999999999400, 0.01499999999999975311 ) ) ;
#1580 = DIRECTION ( 'NONE',  ( 0.000000000000000000, -1.733406087350420004E-16, 1.000000000000000000 ) ) ;
#1581 = SURFACE_STYLE_USAGE ( .BOTH. , #1204 ) ;
#1582 = VERTEX_POINT ( 'NONE', #908 ) ;
#1583 = PRODUCT_DEFINITION ( 'UNKNOWN', '', #390, #66 ) ;
#1584 =( GEOMETRIC_REPRESENTATION_CONTEXT ( 3 ) GLOBAL_UNCERTAINTY_ASSIGNED_CONTEXT ( ( #323 ) ) GLOBAL_UNIT_ASSIGNED_CONTEXT ( ( #677, #1530, #1418 ) ) REPRESENTATION_CONTEXT ( 'NONE', 'WORKASPACE' ) );
#1585 = DIRECTION ( 'NONE',  ( 0.000000000000000000, 1.000000000000000000, 3.048937492928865815E-17 ) ) ;
#1586 = PRODUCT_CONTEXT ( 'NONE', #1234, 'mechanical' ) ;
#1587 = DIRECTION ( 'NONE',  ( -0.000000000000000000, 1.000000000000000000, 1.733406087350420004E-16 ) ) ;
#1588 = DIRECTION ( 'NONE',  ( 0.5773502691896265082, 0.5773502691896241767, -0.5773502691896265082 ) ) ;
#1589 = EDGE_LOOP ( 'NONE', ( #1363, #431, #858, #646 ) ) ;
#1590 = NEXT_ASSEMBLY_USAGE_OCCURRENCE ( 'NAUO1', ' ', ' ', #1583, #48, $ ) ;
#1591 = NEXT_ASSEMBLY_USAGE_OCCURRENCE ( 'NAUO2', ' ', ' ', #1583, #1190, $ ) ;
#1592 = NEXT_ASSEMBLY_USAGE_OCCURRENCE ( 'NAUO3', ' ', ' ', #1583, #1190, $ ) ;
ENDSEC;
END-ISO-10303-21;
