ISO-10303-21;
HEADER;
FILE_DESCRIPTION (( 'STEP AP214' ),
    '1' );
FILE_NAME ('3.21.61.80.55.STEP',
    '2025-05-18T14:19:44',
    ( 'LENOVO' ),
    ( '' ),
    'SwSTEP 2.0',
    'SolidWorks 2021',
    '' );
FILE_SCHEMA (( 'AUTOMOTIVE_DESIGN' ));
ENDSEC;

DATA;
#1 = CARTESIAN_POINT ( 'NONE',  ( 1.600000000000000089, 0.07999999999999998779, -0.7999999999999998224 ) ) ;
#2 = ORIENTED_EDGE ( 'NONE', *, *, #306, .T. ) ;
#3 = EDGE_CURVE ( 'NONE', #866, #1179, #299, .T. ) ;
#4 = DIRECTION ( 'NONE',  ( 0.000000000000000000, 1.000000000000000000, 0.000000000000000000 ) ) ;
#5 = SURFACE_STYLE_USAGE ( .BOTH. , #1232 ) ;
#6 = CARTESIAN_POINT ( 'NONE',  ( 1.519999999999999574, 1.719999999999999973, 0.7199999999999999734 ) ) ;
#7 = DIRECTION ( 'NONE',  ( 0.000000000000000000, 0.000000000000000000, 1.000000000000000000 ) ) ;
#8 = SURFACE_SIDE_STYLE ('',( #556 ) ) ;
#9 = CARTESIAN_POINT ( 'NONE',  ( 500000.0000000000582, 1.773333333333333428, 0.7199999999566316644 ) ) ;
#10 = UNCERTAINTY_MEASURE_WITH_UNIT (LENGTH_MEASURE( 1.000000000000000082E-05 ), #1299, 'distance_accuracy_value', 'NONE');
#11 = DIRECTION ( 'NONE',  ( 0.000000000000000000, -1.000000000000000000, 0.000000000000000000 ) ) ;
#12 = EDGE_CURVE ( 'NONE', #853, #1268, #297, .T. ) ;
#13 = CARTESIAN_POINT ( 'NONE',  ( 1.050000000020645530, 0.07999999999999998779, 0.7199999999999996403 ) ) ;
#14 = EDGE_CURVE ( 'NONE', #1391, #1044, #332, .T. ) ;
#15 = EDGE_CURVE ( 'NONE', #326, #227, #757, .T. ) ;
#16 = CARTESIAN_POINT ( 'NONE',  ( -1.519999999999999574, 0.000000000000000000, 0.7199999999999999734 ) ) ;
#17 =( LENGTH_UNIT ( ) NAMED_UNIT ( * ) SI_UNIT ( .MILLI., .METRE. ) );
#18 = AXIS2_PLACEMENT_3D ( 'NONE', #58, #1417, #1077 ) ;
#19 = ADVANCED_FACE ( 'NONE', ( #1244 ), #631, .T. ) ;
#20 = AXIS2_PLACEMENT_3D ( 'NONE', #146, #258, #1365 ) ;
#21 = AXIS2_PLACEMENT_3D ( 'NONE', #253, #1204, #1212 ) ;
#22 = FILL_AREA_STYLE_COLOUR ( '', #229 ) ;
#23 =( LENGTH_UNIT ( ) NAMED_UNIT ( * ) SI_UNIT ( .MILLI., .METRE. ) );
#24 = FILL_AREA_STYLE ('',( #899 ) ) ;
#25 = CARTESIAN_POINT ( 'NONE',  ( -1.049999999999999822, 1.800000000000000044, 0.7199999999999998623 ) ) ;
#26 = AXIS2_PLACEMENT_3D ( 'NONE', #966, #1322, #520 ) ;
#27 = CARTESIAN_POINT ( 'NONE',  ( -1.050000000000000044, 0.07999999999999998779, -0.7199999999999998623 ) ) ;
#28 = EDGE_CURVE ( 'NONE', #866, #858, #1136, .T. ) ;
#29 = ADVANCED_FACE ( 'NONE', ( #635 ), #623, .T. ) ;
#30 = DIRECTION ( 'NONE',  ( 1.000000000000000000, 0.000000000000000000, -1.971276677246372012E-16 ) ) ;
#31 = SURFACE_SIDE_STYLE ('',( #35 ) ) ;
#32 =( LENGTH_UNIT ( ) NAMED_UNIT ( * ) SI_UNIT ( .MILLI., .METRE. ) );
#33 = VECTOR ( 'NONE', #712, 1000.000000000000000 ) ;
#34 = DIRECTION ( 'NONE',  ( 1.000000000000000000, 0.000000000000000000, 1.355252715606880789E-16 ) ) ;
#35 = SURFACE_STYLE_FILL_AREA ( #834 ) ;
#36 = STYLED_ITEM ( 'NONE', ( #710 ), #1297 ) ;
#37 = AXIS2_PLACEMENT_3D ( 'NONE', #1381, #766, #233 ) ;
#38 = VECTOR ( 'NONE', #1364, 1000.000000000000000 ) ;
#39 =( NAMED_UNIT ( * ) PLANE_ANGLE_UNIT ( ) SI_UNIT ( $, .RADIAN. ) );
#40 = CARTESIAN_POINT ( 'NONE',  ( 1.519999999999999574, 0.000000000000000000, 0.7199999999999999734 ) ) ;
#41 = DIRECTION ( 'NONE',  ( 0.000000000000000000, -0.000000000000000000, 1.000000000000000000 ) ) ;
#42 = ADVANCED_FACE ( 'NONE', ( #167 ), #209, .F. ) ;
#43 = EDGE_CURVE ( 'NONE', #319, #207, #627, .T. ) ;
#44 = SURFACE_STYLE_USAGE ( .BOTH. , #1377 ) ;
#45 =( NAMED_UNIT ( * ) PLANE_ANGLE_UNIT ( ) SI_UNIT ( $, .RADIAN. ) );
#46 = DIRECTION ( 'NONE',  ( -1.971276677246372505E-16, 0.000000000000000000, 1.000000000000000000 ) ) ;
#47 = CARTESIAN_POINT ( 'NONE',  ( -1.519999999999999574, 0.08000000000000000167, 0.7199999999999999734 ) ) ;
#48 = DIRECTION ( 'NONE',  ( -1.000000000000000000, -0.000000000000000000, -0.000000000000000000 ) ) ;
#49 = LINE ( 'NONE', #977, #1018 ) ;
#50 = AXIS2_PLACEMENT_3D ( 'NONE', #221, #1306, #336 ) ;
#51 = LINE ( 'NONE', #1132, #526 ) ;
#52 = DIRECTION ( 'NONE',  ( 0.000000000000000000, -1.000000000000000000, 0.000000000000000000 ) ) ;
#53 = DIRECTION ( 'NONE',  ( 0.000000000000000000, 0.000000000000000000, 1.000000000000000000 ) ) ;
#54 = EDGE_CURVE ( 'NONE', #393, #1236, #175, .T. ) ;
#55 = ORIENTED_EDGE ( 'NONE', *, *, #846, .T. ) ;
#56 = CARTESIAN_POINT ( 'NONE',  ( 1.050000000000000044, 0.000000000000000000, -0.7999999999999998224 ) ) ;
#57 = ORIENTED_EDGE ( 'NONE', *, *, #961, .T. ) ;
#58 = CARTESIAN_POINT ( 'NONE',  ( 1.050000000000000044, 0.07999999999999998779, -0.7199999999999998623 ) ) ;
#59 = CARTESIAN_POINT ( 'NONE',  ( -0.000000000000000000, 0.000000000000000000, -0.7199999999999998623 ) ) ;
#60 = COLOUR_RGB ( '',0.4862745098039215619, 0.2352941176470588203, 0.01568627450980392135 ) ;
#61 = DIRECTION ( 'NONE',  ( -1.000000000000000000, 0.000000000000000000, 0.000000000000000000 ) ) ;
#62 = ORIENTED_EDGE ( 'NONE', *, *, #1383, .F. ) ;
#63 = VECTOR ( 'NONE', #1115, 1000.000000000000000 ) ;
#64 = CARTESIAN_POINT ( 'NONE',  ( 1.519999999999999574, 0.07999999999999998779, 0.7199999999999999734 ) ) ;
#65 = DIRECTION ( 'NONE',  ( -1.000000000000000000, -0.000000000000000000, -0.000000000000000000 ) ) ;
#66 = ADVANCED_BREP_SHAPE_REPRESENTATION ( '3.21.61.80.55', ( #1267, #780, #1131, #820 ), #1273 ) ;
#67 = EDGE_CURVE ( 'NONE', #396, #768, #135, .T. ) ;
#68 = CARTESIAN_POINT ( 'NONE',  ( -1.049999999999999822, 1.719999999999999973, -0.7199999999999998623 ) ) ;
#69 = FACE_OUTER_BOUND ( 'NONE', #1332, .T. ) ;
#70 = DIRECTION ( 'NONE',  ( 0.000000000000000000, 0.000000000000000000, -1.000000000000000000 ) ) ;
#71 = MECHANICAL_DESIGN_GEOMETRIC_PRESENTATION_REPRESENTATION (  '', ( #1052 ), #856 ) ;
#72 =( GEOMETRIC_REPRESENTATION_CONTEXT ( 3 ) GLOBAL_UNCERTAINTY_ASSIGNED_CONTEXT ( ( #689 ) ) GLOBAL_UNIT_ASSIGNED_CONTEXT ( ( #23, #1248, #974 ) ) REPRESENTATION_CONTEXT ( 'NONE', 'WORKASPACE' ) );
#73 = AXIS2_PLACEMENT_3D ( 'NONE', #1331, #81, #887 ) ;
#74 = CARTESIAN_POINT ( 'NONE',  ( 1.050000000000000044, 1.800000000000000044, -0.7999999999999998224 ) ) ;
#75 = DIRECTION ( 'NONE',  ( 0.000000000000000000, 0.000000000000000000, 1.000000000000000000 ) ) ;
#76 = DIRECTION ( 'NONE',  ( -1.000000000000000000, -0.000000000000000000, 1.971276677246372012E-16 ) ) ;
#77 = EDGE_CURVE ( 'NONE', #103, #283, #1042, .T. ) ;
#78 = EDGE_LOOP ( 'NONE', ( #1081, #1256, #1032, #935 ) ) ;
#79 = VECTOR ( 'NONE', #384, 1000.000000000000000 ) ;
#80 = CARTESIAN_POINT ( 'NONE',  ( 1.599999999999999645, 0.07999999999999998779, 0.7999999999999999334 ) ) ;
#81 = DIRECTION ( 'NONE',  ( 0.000000000000000000, -1.000000000000000000, -0.000000000000000000 ) ) ;
#82 = DIRECTION ( 'NONE',  ( 0.000000000000000000, 0.000000000000000000, -1.000000000000000000 ) ) ;
#83 = CYLINDRICAL_SURFACE ( 'NONE', #26, 0.07999999999999998779 ) ;
#84 = DIRECTION ( 'NONE',  ( -1.000000000000000000, -0.000000000000000000, 8.673617379884036705E-17 ) ) ;
#85 = VECTOR ( 'NONE', #726, 1000.000000000000000 ) ;
#86 = ORIENTED_EDGE ( 'NONE', *, *, #232, .F. ) ;
#87 = AXIS2_PLACEMENT_3D ( 'NONE', #1241, #1274, #1230 ) ;
#88 = DIRECTION ( 'NONE',  ( -1.000000000000000000, -0.000000000000000000, 8.673617379884036705E-17 ) ) ;
#89 =( GEOMETRIC_REPRESENTATION_CONTEXT ( 3 ) GLOBAL_UNCERTAINTY_ASSIGNED_CONTEXT ( ( #10 ) ) GLOBAL_UNIT_ASSIGNED_CONTEXT ( ( #1299, #392, #745 ) ) REPRESENTATION_CONTEXT ( 'NONE', 'WORKASPACE' ) );
#90 = ORIENTED_EDGE ( 'NONE', *, *, #695, .T. ) ;
#91 = DIRECTION ( 'NONE',  ( 2.710505431213761578E-16, 0.000000000000000000, 1.000000000000000000 ) ) ;
#92 = DIRECTION ( 'NONE',  ( 0.000000000000000000, 0.000000000000000000, 1.000000000000000000 ) ) ;
#93 = CARTESIAN_POINT ( 'NONE',  ( 1.050000000020645530, 0.07999999999999998779, -0.7200000000000000844 ) ) ;
#94 = ORIENTED_EDGE ( 'NONE', *, *, #598, .T. ) ;
#95 = ORIENTED_EDGE ( 'NONE', *, *, #715, .F. ) ;
#96 = PRODUCT ( '3.21.61.80.55', '3.21.61.80.55', '', ( #522 ) ) ;
#97 = CARTESIAN_POINT ( 'NONE',  ( -1.599999999999999645, 1.719999999999999973, 0.7199999999999999734 ) ) ;
#98 = VERTEX_POINT ( 'NONE', #416 ) ;
#99 = APPLICATION_PROTOCOL_DEFINITION ( 'draft international standard', 'automotive_design', 1998, #982 ) ;
#100 = EDGE_CURVE ( 'NONE', #227, #769, #552, .T. ) ;
#101 = VECTOR ( 'NONE', #602, 1000.000000000000000 ) ;
#102 = PLANE ( 'NONE',  #20 ) ;
#103 = VERTEX_POINT ( 'NONE', #1068 ) ;
#104 = FACE_OUTER_BOUND ( 'NONE', #223, .T. ) ;
#105 = ORIENTED_EDGE ( 'NONE', *, *, #1262, .T. ) ;
#106 = DIRECTION ( 'NONE',  ( -1.000000000000000000, -0.000000000000000000, 8.673617379884036705E-17 ) ) ;
#107 = CARTESIAN_POINT ( 'NONE',  ( 1.050000000000000044, 0.07999999999999998779, -0.7999999999999998224 ) ) ;
#108 = VECTOR ( 'NONE', #193, 1000.000000000000000 ) ;
#109 = ORIENTED_EDGE ( 'NONE', *, *, #157, .T. ) ;
#110 = CARTESIAN_POINT ( 'NONE',  ( 1.050000000020645530, 1.719999999999999973, 0.7733333333333328730 ) ) ;
#111 = VECTOR ( 'NONE', #989, 1000.000000000000000 ) ;
#112 = COLOUR_RGB ( '',0.4862745098039215619, 0.2352941176470588203, 0.01568627450980392135 ) ;
#113 = AXIS2_PLACEMENT_3D ( 'NONE', #115, #106, #445 ) ;
#114 = ORIENTED_EDGE ( 'NONE', *, *, #882, .T. ) ;
#115 = CARTESIAN_POINT ( 'NONE',  ( 500000.0000000000582, 0.07999999999999998779, 0.7199999999566316644 ) ) ;
#116 = CARTESIAN_POINT ( 'NONE',  ( -1.520000000000000018, 1.719999999999999973, -0.7199999999999998623 ) ) ;
#117 = ORIENTED_EDGE ( 'NONE', *, *, #54, .F. ) ;
#118 = EDGE_CURVE ( 'NONE', #1391, #236, #1092, .T. ) ;
#119 = LINE ( 'NONE', #1392, #1074 ) ;
#120 = DIRECTION ( 'NONE',  ( -2.710505431213761578E-16, 0.000000000000000000, -1.000000000000000000 ) ) ;
#121 = EDGE_CURVE ( 'NONE', #1336, #1349, #574, .T. ) ;
#122 = EDGE_CURVE ( 'NONE', #444, #1336, #119, .T. ) ;
#123 = FILL_AREA_STYLE_COLOUR ( '', #1223 ) ;
#124 = ORIENTED_EDGE ( 'NONE', *, *, #1263, .T. ) ;
#125 = CIRCLE ( 'NONE', #1415, 0.05333333333333329512 ) ;
#126 = ADVANCED_FACE ( 'NONE', ( #1050 ), #1079, .T. ) ;
#127 = FILL_AREA_STYLE ('',( #22 ) ) ;
#128 = ORIENTED_EDGE ( 'NONE', *, *, #1302, .T. ) ;
#129 = ORIENTED_EDGE ( 'NONE', *, *, #1367, .F. ) ;
#130 = VECTOR ( 'NONE', #287, 1000.000000000000000 ) ;
#131 = DIRECTION ( 'NONE',  ( -1.355252715606880789E-16, -0.000000000000000000, -1.000000000000000000 ) ) ;
#132 = ORIENTED_EDGE ( 'NONE', *, *, #624, .F. ) ;
#133 = CIRCLE ( 'NONE', #432, 0.07999999999999998779 ) ;
#134 = VECTOR ( 'NONE', #431, 1000.000000000000000 ) ;
#135 = CIRCLE ( 'NONE', #939, 0.07999999999999998779 ) ;
#136 =( NAMED_UNIT ( * ) PLANE_ANGLE_UNIT ( ) SI_UNIT ( $, .RADIAN. ) );
#137 = ORIENTED_EDGE ( 'NONE', *, *, #1226, .T. ) ;
#138 = MECHANICAL_DESIGN_GEOMETRIC_PRESENTATION_REPRESENTATION (  '', ( #218 ), #819 ) ;
#139 = VECTOR ( 'NONE', #956, 1000.000000000000000 ) ;
#140 = APPLICATION_CONTEXT ( 'automotive_design' ) ;
#141 = ORIENTED_EDGE ( 'NONE', *, *, #121, .T. ) ;
#142 = CIRCLE ( 'NONE', #987, 0.07999999999999998779 ) ;
#143 = LINE ( 'NONE', #56, #108 ) ;
#144 = SURFACE_STYLE_USAGE ( .BOTH. , #270 ) ;
#145 =( LENGTH_UNIT ( ) NAMED_UNIT ( * ) SI_UNIT ( .MILLI., .METRE. ) );
#146 = CARTESIAN_POINT ( 'NONE',  ( -1.049999999999999822, 1.719999999999999973, -0.7199999999999998623 ) ) ;
#147 = LINE ( 'NONE', #80, #151 ) ;
#148 = ORIENTED_EDGE ( 'NONE', *, *, #624, .T. ) ;
#149 = VECTOR ( 'NONE', #30, 1000.000000000000000 ) ;
#150 = SURFACE_STYLE_FILL_AREA ( #423 ) ;
#151 = VECTOR ( 'NONE', #615, 1000.000000000000000 ) ;
#152 = DIRECTION ( 'NONE',  ( 0.000000000000000000, 1.000000000000000000, 0.000000000000000000 ) ) ;
#153 = AXIS2_PLACEMENT_3D ( 'NONE', #1328, #84, #890 ) ;
#154 = ORIENTED_EDGE ( 'NONE', *, *, #1126, .F. ) ;
#155 = VECTOR ( 'NONE', #771, 1000.000000000000000 ) ;
#156 = LINE ( 'NONE', #940, #566 ) ;
#157 = EDGE_CURVE ( 'NONE', #457, #239, #1037, .T. ) ;
#158 = EDGE_LOOP ( 'NONE', ( #475, #90, #1130 ) ) ;
#159 = VECTOR ( 'NONE', #711, 1000.000000000000000 ) ;
#160 = VECTOR ( 'NONE', #765, 1000.000000000000000 ) ;
#161 = FACE_OUTER_BOUND ( 'NONE', #1187, .T. ) ;
#162 = LINE ( 'NONE', #596, #1127 ) ;
#163 = ORIENTED_EDGE ( 'NONE', *, *, #851, .T. ) ;
#164 = DIRECTION ( 'NONE',  ( -1.000000000000000000, 0.000000000000000000, 1.355252715606880789E-16 ) ) ;
#165 = CARTESIAN_POINT ( 'NONE',  ( 1.600000000000000089, 0.07999999999999998779, -0.7999999999999998224 ) ) ;
#166 = ORIENTED_EDGE ( 'NONE', *, *, #976, .T. ) ;
#167 = FACE_OUTER_BOUND ( 'NONE', #1064, .T. ) ;
#168 = AXIS2_PLACEMENT_3D ( 'NONE', #401, #517, #436 ) ;
#169 = VECTOR ( 'NONE', #200, 1000.000000000000000 ) ;
#170 = LINE ( 'NONE', #355, #608 ) ;
#171 = CIRCLE ( 'NONE', #761, 0.07999999999999998779 ) ;
#172 = AXIS2_PLACEMENT_3D ( 'NONE', #1310, #525, #242 ) ;
#173 = ORIENTED_EDGE ( 'NONE', *, *, #1207, .T. ) ;
#174 = CYLINDRICAL_SURFACE ( 'NONE', #172, 0.07999999999999998779 ) ;
#175 = LINE ( 'NONE', #394, #1082 ) ;
#176 = ORIENTED_EDGE ( 'NONE', *, *, #800, .F. ) ;
#177 = COLOUR_RGB ( '',0.4862745098039215619, 0.2352941176470588203, 0.01568627450980392135 ) ;
#178 = VECTOR ( 'NONE', #183, 1000.000000000000000 ) ;
#179 = PLANE ( 'NONE',  #983 ) ;
#180 = FILL_AREA_STYLE ('',( #1196 ) ) ;
#181 = FACE_OUTER_BOUND ( 'NONE', #867, .T. ) ;
#182 = AXIS2_PLACEMENT_3D ( 'NONE', #645, #1359, #373 ) ;
#183 = DIRECTION ( 'NONE',  ( 2.710505431213761578E-16, -0.000000000000000000, -1.000000000000000000 ) ) ;
#184 = ORIENTED_EDGE ( 'NONE', *, *, #12, .F. ) ;
#185 = FACE_OUTER_BOUND ( 'NONE', #790, .T. ) ;
#186 = CIRCLE ( 'NONE', #168, 0.07999999999999998779 ) ;
#187 = ORIENTED_EDGE ( 'NONE', *, *, #1098, .T. ) ;
#188 = FACE_OUTER_BOUND ( 'NONE', #304, .T. ) ;
#189 = CARTESIAN_POINT ( 'NONE',  ( 1.050000000020645530, 0.02666666666666668573, 0.7199999999999996403 ) ) ;
#190 = CARTESIAN_POINT ( 'NONE',  ( -1.520000000000000018, 1.800000000000000044, -0.7999999999999998224 ) ) ;
#191 = DIRECTION ( 'NONE',  ( 1.000000000000000000, 0.000000000000000000, -0.000000000000000000 ) ) ;
#192 = ORIENTED_EDGE ( 'NONE', *, *, #1398, .F. ) ;
#193 = DIRECTION ( 'NONE',  ( 1.355252715606880789E-16, -0.000000000000000000, -1.000000000000000000 ) ) ;
#194 = FACE_OUTER_BOUND ( 'NONE', #842, .T. ) ;
#195 = ORIENTED_EDGE ( 'NONE', *, *, #1191, .T. ) ;
#196 = PRESENTATION_LAYER_ASSIGNMENT (  '', '', ( #341 ) ) ;
#197 = FACE_OUTER_BOUND ( 'NONE', #330, .T. ) ;
#198 = ORIENTED_EDGE ( 'NONE', *, *, #1315, .T. ) ;
#199 = DIRECTION ( 'NONE',  ( 0.000000000000000000, 0.000000000000000000, 1.000000000000000000 ) ) ;
#200 = DIRECTION ( 'NONE',  ( -1.000000000000000000, -0.000000000000000000, -0.000000000000000000 ) ) ;
#201 = CARTESIAN_POINT ( 'NONE',  ( 500000.0000000000582, 1.773333333333333428, -0.7200000000433680603 ) ) ;
#202 = CIRCLE ( 'NONE', #314, 0.07999999999999998779 ) ;
#203 = FILL_AREA_STYLE_COLOUR ( '', #177 ) ;
#204 = ADVANCED_FACE ( 'NONE', ( #1104 ), #611, .T. ) ;
#205 = EDGE_CURVE ( 'NONE', #1342, #283, #1063, .T. ) ;
#206 = UNCERTAINTY_MEASURE_WITH_UNIT (LENGTH_MEASURE( 1.000000000000000082E-05 ), #245, 'distance_accuracy_value', 'NONE');
#207 = VERTEX_POINT ( 'NONE', #321 ) ;
#208 = LINE ( 'NONE', #497, #1163 ) ;
#209 = PLANE ( 'NONE',  #487 ) ;
#210 = COLOUR_RGB ( '',0.7921568627450980005, 0.8196078431372548767, 0.9333333333333333481 ) ;
#211 = CIRCLE ( 'NONE', #18, 0.07999999999999998779 ) ;
#212 = ORIENTED_EDGE ( 'NONE', *, *, #1041, .F. ) ;
#213 = LINE ( 'NONE', #9, #674 ) ;
#214 = LINE ( 'NONE', #1144, #705 ) ;
#215 = DIRECTION ( 'NONE',  ( 1.000000000000000000, 0.000000000000000000, -0.000000000000000000 ) ) ;
#216 = DIRECTION ( 'NONE',  ( 0.000000000000000000, 0.000000000000000000, 1.000000000000000000 ) ) ;
#217 = DIRECTION ( 'NONE',  ( 1.000000000000000000, 0.000000000000000000, -0.000000000000000000 ) ) ;
#218 = STYLED_ITEM ( 'NONE', ( #224 ), #464 ) ;
#219 = CIRCLE ( 'NONE', #1405, 0.07999999999999998779 ) ;
#220 = FACE_OUTER_BOUND ( 'NONE', #453, .T. ) ;
#221 = CARTESIAN_POINT ( 'NONE',  ( -1.520000000000000018, 0.08000000000000000167, -0.7199999999999998623 ) ) ;
#222 = SPHERICAL_SURFACE ( 'NONE', #543, 0.08000000000000000167 ) ;
#223 = EDGE_LOOP ( 'NONE', ( #1404, #137, #1038, #148 ) ) ;
#224 = PRESENTATION_STYLE_ASSIGNMENT (( #144 ) ) ;
#225 = VECTOR ( 'NONE', #925, 1000.000000000000000 ) ;
#226 = EDGE_CURVE ( 'NONE', #1336, #885, #620, .T. ) ;
#227 = VERTEX_POINT ( 'NONE', #1219 ) ;
#228 = EDGE_CURVE ( 'NONE', #463, #444, #587, .T. ) ;
#229 = COLOUR_RGB ( '',0.4862745098039215619, 0.2352941176470588203, 0.01568627450980392135 ) ;
#230 = CARTESIAN_POINT ( 'NONE',  ( 1.049999999999999822, 1.800000000000000044, 0.7199999999999998623 ) ) ;
#231 = PLANE ( 'NONE',  #1253 ) ;
#232 = EDGE_CURVE ( 'NONE', #1218, #254, #156, .T. ) ;
#233 = DIRECTION ( 'NONE',  ( 0.000000000000000000, 0.000000000000000000, -1.000000000000000000 ) ) ;
#234 = COLOUR_RGB ( '',0.7921568627450980005, 0.8196078431372548767, 0.9333333333333333481 ) ;
#235 = DIRECTION ( 'NONE',  ( 1.000000000000000000, -0.000000000000000000, 1.971276677246372012E-16 ) ) ;
#236 = VERTEX_POINT ( 'NONE', #508 ) ;
#237 = CIRCLE ( 'NONE', #1296, 0.07999999999999998779 ) ;
#238 = AXIS2_PLACEMENT_3D ( 'NONE', #460, #278, #782 ) ;
#239 = VERTEX_POINT ( 'NONE', #492 ) ;
#240 = VECTOR ( 'NONE', #658, 1000.000000000000000 ) ;
#241 = DIRECTION ( 'NONE',  ( 1.000000000000000000, 0.000000000000000000, 1.355252715606880789E-16 ) ) ;
#242 = DIRECTION ( 'NONE',  ( 0.000000000000000000, 0.000000000000000000, -1.000000000000000000 ) ) ;
#243 = VERTEX_POINT ( 'NONE', #632 ) ;
#244 = CYLINDRICAL_SURFACE ( 'NONE', #1356, 0.05333333333333339921 ) ;
#245 =( LENGTH_UNIT ( ) NAMED_UNIT ( * ) SI_UNIT ( .MILLI., .METRE. ) );
#246 = FACE_OUTER_BOUND ( 'NONE', #538, .T. ) ;
#247 = EDGE_CURVE ( 'NONE', #326, #1028, #594, .T. ) ;
#248 = ORIENTED_EDGE ( 'NONE', *, *, #1380, .F. ) ;
#249 = COLOUR_RGB ( '',0.4862745098039215619, 0.2352941176470588203, 0.01568627450980392135 ) ;
#250 = ORIENTED_EDGE ( 'NONE', *, *, #67, .F. ) ;
#251 = EDGE_CURVE ( 'NONE', #463, #1349, #143, .T. ) ;
#252 = SURFACE_STYLE_FILL_AREA ( #1259 ) ;
#253 = CARTESIAN_POINT ( 'NONE',  ( 1.519999999999999574, 1.719999999999999973, 0.7199999999999999734 ) ) ;
#254 = VERTEX_POINT ( 'NONE', #1300 ) ;
#255 = CARTESIAN_POINT ( 'NONE',  ( -1.049999999999999822, 0.07999999999999998779, -0.7199999999999998623 ) ) ;
#256 = EDGE_LOOP ( 'NONE', ( #847, #1160, #709, #1157 ) ) ;
#257 = VERTEX_POINT ( 'NONE', #1401 ) ;
#258 = DIRECTION ( 'NONE',  ( 1.000000000000000000, 0.000000000000000000, -8.673617379884036705E-17 ) ) ;
#259 = LINE ( 'NONE', #1091, #1203 ) ;
#260 = AXIS2_PLACEMENT_3D ( 'NONE', #1177, #583, #53 ) ;
#261 = EDGE_LOOP ( 'NONE', ( #184, #1369, #192, #786 ) ) ;
#262 = LINE ( 'NONE', #1005, #720 ) ;
#263 = FACE_OUTER_BOUND ( 'NONE', #378, .T. ) ;
#264 = CARTESIAN_POINT ( 'NONE',  ( -1.600000000000000089, 1.800000000000000044, -0.7999999999999998224 ) ) ;
#265 = COLOUR_RGB ( '',0.4862745098039215619, 0.2352941176470588203, 0.01568627450980392135 ) ;
#266 = CIRCLE ( 'NONE', #893, 0.05333333333333329512 ) ;
#267 = CARTESIAN_POINT ( 'NONE',  ( 1.050000000020645530, 0.07999999999999998779, -0.7733333333333333171 ) ) ;
#268 = ORIENTED_EDGE ( 'NONE', *, *, #67, .T. ) ;
#269 = VERTEX_POINT ( 'NONE', #1237 ) ;
#270 = SURFACE_SIDE_STYLE ('',( #252 ) ) ;
#271 = ADVANCED_FACE ( 'NONE', ( #161 ), #590, .T. ) ;
#272 = CARTESIAN_POINT ( 'NONE',  ( 1.599999999999999645, 0.07999999999999998779, 0.7199999999999999734 ) ) ;
#273 = CARTESIAN_POINT ( 'NONE',  ( -1.050000000000000044, 1.719999999999999973, -0.7199999999999998623 ) ) ;
#274 = ADVANCED_FACE ( 'NONE', ( #562 ), #1054, .T. ) ;
#275 = VERTEX_POINT ( 'NONE', #97 ) ;
#276 = DIRECTION ( 'NONE',  ( -1.000000000000000000, -0.000000000000000000, 0.000000000000000000 ) ) ;
#277 = VERTEX_POINT ( 'NONE', #789 ) ;
#278 = DIRECTION ( 'NONE',  ( 0.000000000000000000, -1.000000000000000000, 0.000000000000000000 ) ) ;
#279 = CARTESIAN_POINT ( 'NONE',  ( -1.049999999999999822, 0.02666666666666668573, 0.7199999999999998623 ) ) ;
#280 = CARTESIAN_POINT ( 'NONE',  ( -1.520000000000000018, 0.000000000000000000, -0.7199999999999998623 ) ) ;
#281 = MECHANICAL_DESIGN_GEOMETRIC_PRESENTATION_REPRESENTATION (  '', ( #1375 ), #1358 ) ;
#282 = DIRECTION ( 'NONE',  ( 1.000000000000000000, 0.000000000000000000, -1.971276677246372012E-16 ) ) ;
#283 = VERTEX_POINT ( 'NONE', #1083 ) ;
#284 = ADVANCED_FACE ( 'NONE', ( #104 ), #1060, .T. ) ;
#285 = COLOUR_RGB ( '',0.7921568627450980005, 0.8196078431372548767, 0.9333333333333333481 ) ;
#286 = CIRCLE ( 'NONE', #763, 0.07999999999999998779 ) ;
#287 = DIRECTION ( 'NONE',  ( -2.710505431213761578E-16, 0.000000000000000000, 1.000000000000000000 ) ) ;
#288 = ORIENTED_EDGE ( 'NONE', *, *, #509, .T. ) ;
#289 = EDGE_CURVE ( 'NONE', #98, #463, #571, .T. ) ;
#290 = DIRECTION ( 'NONE',  ( 0.000000000000000000, 0.000000000000000000, -1.000000000000000000 ) ) ;
#291 =( NAMED_UNIT ( * ) SI_UNIT ( $, .STERADIAN. ) SOLID_ANGLE_UNIT ( ) );
#292 = DIRECTION ( 'NONE',  ( 1.000000000000000000, 0.000000000000000000, 0.000000000000000000 ) ) ;
#293 = SPHERICAL_SURFACE ( 'NONE', #389, 0.08000000000000000167 ) ;
#294 = VECTOR ( 'NONE', #743, 1000.000000000000000 ) ;
#295 = FACE_OUTER_BOUND ( 'NONE', #387, .T. ) ;
#296 = CARTESIAN_POINT ( 'NONE',  ( -1.520000000000000018, 1.719999999999999973, -0.7999999999999998224 ) ) ;
#297 = CIRCLE ( 'NONE', #395, 0.07999999999999998779 ) ;
#298 = PRESENTATION_STYLE_ASSIGNMENT (( #708 ) ) ;
#299 = CIRCLE ( 'NONE', #1327, 0.07999999999999998779 ) ;
#300 =( NAMED_UNIT ( * ) PLANE_ANGLE_UNIT ( ) SI_UNIT ( $, .RADIAN. ) );
#301 = CARTESIAN_POINT ( 'NONE',  ( 500000.0000000000582, 0.02666666666666666838, 0.7199999999566316644 ) ) ;
#302 = FILL_AREA_STYLE_COLOUR ( '', #234 ) ;
#303 = COLOUR_RGB ( '',0.4862745098039215619, 0.2352941176470588203, 0.01568627450980392135 ) ;
#304 = EDGE_LOOP ( 'NONE', ( #94, #593, #1373, #1277 ) ) ;
#305 = AXIS2_PLACEMENT_3D ( 'NONE', #843, #1043, #586 ) ;
#306 = EDGE_CURVE ( 'NONE', #319, #393, #1073, .T. ) ;
#307 = SURFACE_STYLE_FILL_AREA ( #1286 ) ;
#308 = EDGE_CURVE ( 'NONE', #393, #669, #125, .T. ) ;
#309 = UNCERTAINTY_MEASURE_WITH_UNIT (LENGTH_MEASURE( 1.000000000000000082E-05 ), #382, 'distance_accuracy_value', 'NONE');
#310 =( LENGTH_UNIT ( ) NAMED_UNIT ( * ) SI_UNIT ( .MILLI., .METRE. ) );
#311 = ADVANCED_FACE ( 'NONE', ( #1053 ), #1096, .T. ) ;
#312 = ORIENTED_EDGE ( 'NONE', *, *, #647, .F. ) ;
#313 = DIRECTION ( 'NONE',  ( -0.000000000000000000, 1.000000000000000000, 0.000000000000000000 ) ) ;
#314 = AXIS2_PLACEMENT_3D ( 'NONE', #64, #640, #849 ) ;
#315 = AXIS2_PLACEMENT_3D ( 'NONE', #116, #152, #909 ) ;
#316 = ORIENTED_EDGE ( 'NONE', *, *, #509, .F. ) ;
#317 = PLANE ( 'NONE',  #512 ) ;
#318 = PLANE ( 'NONE',  #859 ) ;
#319 = VERTEX_POINT ( 'NONE', #110 ) ;
#320 = EDGE_CURVE ( 'NONE', #1123, #103, #573, .T. ) ;
#321 = CARTESIAN_POINT ( 'NONE',  ( -1.049999999999999822, 1.719999999999999973, 0.7733333333333330950 ) ) ;
#322 = EDGE_CURVE ( 'NONE', #885, #412, #1031, .T. ) ;
#323 = PRESENTATION_STYLE_ASSIGNMENT (( #44 ) ) ;
#324 = UNCERTAINTY_MEASURE_WITH_UNIT (LENGTH_MEASURE( 1.000000000000000082E-05 ), #32, 'distance_accuracy_value', 'NONE');
#325 = DIRECTION ( 'NONE',  ( 0.000000000000000000, 0.000000000000000000, 1.000000000000000000 ) ) ;
#326 = VERTEX_POINT ( 'NONE', #267 ) ;
#327 = PLANE ( 'NONE',  #1333 ) ;
#328 = DIRECTION ( 'NONE',  ( 0.000000000000000000, 0.000000000000000000, 1.000000000000000000 ) ) ;
#329 = MECHANICAL_DESIGN_GEOMETRIC_PRESENTATION_REPRESENTATION (  '', ( #985 ), #704 ) ;
#330 = EDGE_LOOP ( 'NONE', ( #599, #1030, #1056, #1059 ) ) ;
#331 = MECHANICAL_DESIGN_GEOMETRIC_PRESENTATION_REPRESENTATION (  '', ( #877 ), #821 ) ;
#332 = LINE ( 'NONE', #839, #294 ) ;
#333 = CARTESIAN_POINT ( 'NONE',  ( -1.519999999999999796, 0.000000000000000000, 4.119968255444917342E-16 ) ) ;
#334 =( LENGTH_UNIT ( ) NAMED_UNIT ( * ) SI_UNIT ( .MILLI., .METRE. ) );
#335 = EDGE_CURVE ( 'NONE', #269, #1028, #1087, .T. ) ;
#336 = DIRECTION ( 'NONE',  ( -1.000000000000000000, 0.000000000000000000, 0.000000000000000000 ) ) ;
#337 = DIRECTION ( 'NONE',  ( 0.000000000000000000, -1.000000000000000000, 0.000000000000000000 ) ) ;
#338 = PLANE ( 'NONE',  #1298 ) ;
#339 =( NAMED_UNIT ( * ) SI_UNIT ( $, .STERADIAN. ) SOLID_ANGLE_UNIT ( ) );
#340 =( GEOMETRIC_REPRESENTATION_CONTEXT ( 3 ) GLOBAL_UNCERTAINTY_ASSIGNED_CONTEXT ( ( #324 ) ) GLOBAL_UNIT_ASSIGNED_CONTEXT ( ( #32, #346, #537 ) ) REPRESENTATION_CONTEXT ( 'NONE', 'WORKASPACE' ) );
#341 = STYLED_ITEM ( 'NONE', ( #502 ), #889 ) ;
#342 = DIRECTION ( 'NONE',  ( 8.673617379884036705E-17, -0.000000000000000000, 1.000000000000000000 ) ) ;
#343 = EDGE_CURVE ( 'NONE', #725, #319, #1102, .T. ) ;
#344 = CARTESIAN_POINT ( 'NONE',  ( 1.520000000000000018, 0.07999999999999998779, -0.7199999999999998623 ) ) ;
#345 = CARTESIAN_POINT ( 'NONE',  ( -1.600000000000000089, 0.07999999999999998779, -0.7999999999999998224 ) ) ;
#346 =( NAMED_UNIT ( * ) PLANE_ANGLE_UNIT ( ) SI_UNIT ( $, .RADIAN. ) );
#347 =( NAMED_UNIT ( * ) SI_UNIT ( $, .STERADIAN. ) SOLID_ANGLE_UNIT ( ) );
#348 = DIRECTION ( 'NONE',  ( 0.000000000000000000, -1.000000000000000000, 0.000000000000000000 ) ) ;
#349 = DIRECTION ( 'NONE',  ( 0.000000000000000000, 0.000000000000000000, -1.000000000000000000 ) ) ;
#350 =( LENGTH_UNIT ( ) NAMED_UNIT ( * ) SI_UNIT ( .MILLI., .METRE. ) );
#351 = DIRECTION ( 'NONE',  ( -1.000000000000000000, -0.000000000000000000, 8.673617379884036705E-17 ) ) ;
#352 = EDGE_CURVE ( 'NONE', #1338, #283, #1062, .T. ) ;
#353 = EDGE_CURVE ( 'NONE', #1395, #1123, #133, .T. ) ;
#354 = CARTESIAN_POINT ( 'NONE',  ( 1.050000000020645530, 1.773333333333333428, 0.7199999999999996403 ) ) ;
#355 = CARTESIAN_POINT ( 'NONE',  ( 1.599999999999999645, 1.719999999999999973, 0.7999999999999999334 ) ) ;
#356 = DIRECTION ( 'NONE',  ( 0.000000000000000000, -1.000000000000000000, 0.000000000000000000 ) ) ;
#357 =( NAMED_UNIT ( * ) SI_UNIT ( $, .STERADIAN. ) SOLID_ANGLE_UNIT ( ) );
#358 = STYLED_ITEM ( 'NONE', ( #817 ), #701 ) ;
#359 = DIRECTION ( 'NONE',  ( 0.000000000000000000, 0.000000000000000000, 1.000000000000000000 ) ) ;
#360 =( GEOMETRIC_REPRESENTATION_CONTEXT ( 3 ) GLOBAL_UNCERTAINTY_ASSIGNED_CONTEXT ( ( #1109 ) ) GLOBAL_UNIT_ASSIGNED_CONTEXT ( ( #350, #39, #357 ) ) REPRESENTATION_CONTEXT ( 'NONE', 'WORKASPACE' ) );
#361 = DIRECTION ( 'NONE',  ( 0.000000000000000000, 1.000000000000000000, 0.000000000000000000 ) ) ;
#362 = COLOUR_RGB ( '',0.4862745098039215619, 0.2352941176470588203, 0.01568627450980392135 ) ;
#363 = AXIS2_PLACEMENT_3D ( 'NONE', #841, #1065, #1026 ) ;
#364 =( NAMED_UNIT ( * ) PLANE_ANGLE_UNIT ( ) SI_UNIT ( $, .RADIAN. ) );
#365 = SPHERICAL_SURFACE ( 'NONE', #315, 0.08000000000000000167 ) ;
#366 = SURFACE_SIDE_STYLE ('',( #1229 ) ) ;
#367 = AXIS2_PLACEMENT_3D ( 'NONE', #955, #1198, #70 ) ;
#368 = ADVANCED_FACE ( 'NONE', ( #555 ), #83, .T. ) ;
#369 = PRODUCT_DEFINITION_CONTEXT ( 'detailed design', #140, 'design' ) ;
#370 = FILL_AREA_STYLE_COLOUR ( '', #265 ) ;
#371 = CARTESIAN_POINT ( 'NONE',  ( 1.520000000000000018, 1.800000000000000044, -0.7199999999999998623 ) ) ;
#372 =( NAMED_UNIT ( * ) SI_UNIT ( $, .STERADIAN. ) SOLID_ANGLE_UNIT ( ) );
#373 = DIRECTION ( 'NONE',  ( 0.000000000000000000, 0.000000000000000000, -1.000000000000000000 ) ) ;
#374 =( NAMED_UNIT ( * ) PLANE_ANGLE_UNIT ( ) SI_UNIT ( $, .RADIAN. ) );
#375 = CARTESIAN_POINT ( 'NONE',  ( -1.519999999999999574, 0.07999999999999998779, 0.7199999999999999734 ) ) ;
#376 = PRESENTATION_LAYER_ASSIGNMENT (  '', '', ( #706 ) ) ;
#377 = ADVANCED_FACE ( 'NONE', ( #1058 ), #604, .T. ) ;
#378 = EDGE_LOOP ( 'NONE', ( #1393, #166, #459 ) ) ;
#379 = EDGE_CURVE ( 'NONE', #898, #1123, #546, .T. ) ;
#380 = EDGE_LOOP ( 'NONE', ( #1192, #1351, #1400, #660 ) ) ;
#381 = DIRECTION ( 'NONE',  ( 0.000000000000000000, 0.000000000000000000, 1.000000000000000000 ) ) ;
#382 =( LENGTH_UNIT ( ) NAMED_UNIT ( * ) SI_UNIT ( .MILLI., .METRE. ) );
#383 = ORIENTED_EDGE ( 'NONE', *, *, #43, .F. ) ;
#384 = DIRECTION ( 'NONE',  ( 1.355252715606880789E-16, -0.000000000000000000, -1.000000000000000000 ) ) ;
#385 = FILL_AREA_STYLE ('',( #302 ) ) ;
#386 = EDGE_LOOP ( 'NONE', ( #288, #713, #681, #910 ) ) ;
#387 = EDGE_LOOP ( 'NONE', ( #1346, #1382, #944, #625 ) ) ;
#388 =( NAMED_UNIT ( * ) PLANE_ANGLE_UNIT ( ) SI_UNIT ( $, .RADIAN. ) );
#389 = AXIS2_PLACEMENT_3D ( 'NONE', #1225, #348, #1320 ) ;
#390 = PLANE ( 'NONE',  #1295 ) ;
#391 = EDGE_LOOP ( 'NONE', ( #1414, #696, #906, #212 ) ) ;
#392 =( NAMED_UNIT ( * ) PLANE_ANGLE_UNIT ( ) SI_UNIT ( $, .RADIAN. ) );
#393 = VERTEX_POINT ( 'NONE', #1013 ) ;
#394 = CARTESIAN_POINT ( 'NONE',  ( 500000.0000000000582, 0.08000000000000043188, 0.7733333332899648971 ) ) ;
#395 = AXIS2_PLACEMENT_3D ( 'NONE', #612, #400, #325 ) ;
#396 = VERTEX_POINT ( 'NONE', #691 ) ;
#397 = EDGE_CURVE ( 'NONE', #257, #405, #1107, .T. ) ;
#398 = EDGE_CURVE ( 'NONE', #844, #269, #617, .T. ) ;
#399 = VERTEX_POINT ( 'NONE', #1271 ) ;
#400 = DIRECTION ( 'NONE',  ( 1.000000000000000000, -0.000000000000000000, -1.355252715606880789E-16 ) ) ;
#401 = CARTESIAN_POINT ( 'NONE',  ( -1.519999999999999574, 1.719999999999999973, 0.7199999999999999734 ) ) ;
#402 = ORIENTED_EDGE ( 'NONE', *, *, #738, .T. ) ;
#403 = CARTESIAN_POINT ( 'NONE',  ( -1.520000000000000018, 1.719999999999999973, -0.7199999999999998623 ) ) ;
#404 = DIRECTION ( 'NONE',  ( 0.000000000000000000, 0.000000000000000000, -1.000000000000000000 ) ) ;
#405 = VERTEX_POINT ( 'NONE', #16 ) ;
#406 = DIRECTION ( 'NONE',  ( 0.000000000000000000, -0.000000000000000000, 1.000000000000000000 ) ) ;
#407 = ORIENTED_EDGE ( 'NONE', *, *, #1173, .T. ) ;
#408 = ORIENTED_EDGE ( 'NONE', *, *, #598, .F. ) ;
#409 = ADVANCED_FACE ( 'NONE', ( #1111 ), #621, .T. ) ;
#410 = DIRECTION ( 'NONE',  ( -0.000000000000000000, 1.000000000000000000, 0.000000000000000000 ) ) ;
#411 = DIRECTION ( 'NONE',  ( -8.673617379884036705E-17, 0.000000000000000000, -1.000000000000000000 ) ) ;
#412 = VERTEX_POINT ( 'NONE', #1363 ) ;
#413 = DIRECTION ( 'NONE',  ( -1.000000000000000000, 0.000000000000000000, 0.000000000000000000 ) ) ;
#414 = AXIS2_PLACEMENT_3D ( 'NONE', #739, #1384, #829 ) ;
#415 = VERTEX_POINT ( 'NONE', #1186 ) ;
#416 = CARTESIAN_POINT ( 'NONE',  ( 1.049999999999999822, 0.07999999999999998779, 0.7999999999999998224 ) ) ;
#417 = VERTEX_POINT ( 'NONE', #802 ) ;
#418 = EDGE_CURVE ( 'NONE', #561, #415, #1117, .T. ) ;
#419 = ORIENTED_EDGE ( 'NONE', *, *, #1041, .T. ) ;
#420 = CARTESIAN_POINT ( 'NONE',  ( 1.520000000000000018, 0.07999999999999998779, -0.7999999999999998224 ) ) ;
#421 = EDGE_LOOP ( 'NONE', ( #872, #1155, #788, #1275 ) ) ;
#422 = CARTESIAN_POINT ( 'NONE',  ( 1.600000000000000089, 1.800000000000000044, -0.7999999999999998224 ) ) ;
#423 = FILL_AREA_STYLE ('',( #203 ) ) ;
#424 = AXIS2_PLACEMENT_3D ( 'NONE', #420, #860, #628 ) ;
#425 = ORIENTED_EDGE ( 'NONE', *, *, #954, .T. ) ;
#426 = MECHANICAL_DESIGN_GEOMETRIC_PRESENTATION_REPRESENTATION (  '', ( #341 ), #728 ) ;
#427 = ORIENTED_EDGE ( 'NONE', *, *, #15, .T. ) ;
#428 = VERTEX_POINT ( 'NONE', #991 ) ;
#429 = DIRECTION ( 'NONE',  ( -1.355252715606880789E-16, 0.000000000000000000, 1.000000000000000000 ) ) ;
#430 = ORIENTED_EDGE ( 'NONE', *, *, #308, .F. ) ;
#431 = DIRECTION ( 'NONE',  ( -2.710505431213761578E-16, -0.000000000000000000, -1.000000000000000000 ) ) ;
#432 = AXIS2_PLACEMENT_3D ( 'NONE', #27, #773, #864 ) ;
#433 = ORIENTED_EDGE ( 'NONE', *, *, #715, .T. ) ;
#434 = ORIENTED_EDGE ( 'NONE', *, *, #289, .T. ) ;
#435 = ORIENTED_EDGE ( 'NONE', *, *, #228, .F. ) ;
#436 = DIRECTION ( 'NONE',  ( 1.000000000000000000, 0.000000000000000000, 0.000000000000000000 ) ) ;
#437 = VERTEX_POINT ( 'NONE', #279 ) ;
#438 = CARTESIAN_POINT ( 'NONE',  ( 1.520000000000000018, 1.719999999999999973, -0.7199999999999998623 ) ) ;
#439 = ORIENTED_EDGE ( 'NONE', *, *, #121, .F. ) ;
#440 = FILL_AREA_STYLE ('',( #450 ) ) ;
#441 = AXIS2_PLACEMENT_3D ( 'NONE', #438, #1428, #1409 ) ;
#442 = EDGE_LOOP ( 'NONE', ( #548, #568, #942, #575, #55, #1423, #603, #941 ) ) ;
#443 = CARTESIAN_POINT ( 'NONE',  ( 0.000000000000000000, 1.800000000000000044, 0.000000000000000000 ) ) ;
#444 = VERTEX_POINT ( 'NONE', #40 ) ;
#445 = DIRECTION ( 'NONE',  ( 0.000000000000000000, 0.000000000000000000, 1.000000000000000000 ) ) ;
#446 = EDGE_LOOP ( 'NONE', ( #248, #114, #128, #591 ) ) ;
#447 = CARTESIAN_POINT ( 'NONE',  ( -1.049999999999999822, 1.719999999999999973, 0.7733333333333330950 ) ) ;
#448 = EDGE_CURVE ( 'NONE', #275, #1338, #714, .T. ) ;
#449 = ORIENTED_EDGE ( 'NONE', *, *, #1156, .F. ) ;
#450 = FILL_AREA_STYLE_COLOUR ( '', #112 ) ;
#451 = CLOSED_SHELL ( 'NONE', ( #1039, #993, #838, #1164, #1270, #42, #29, #990, #409, #126, #1128, #557, #311, #698, #368, #791, #1341, #204 ) ) ;
#452 = DIRECTION ( 'NONE',  ( 1.000000000000000000, 0.000000000000000000, 0.000000000000000000 ) ) ;
#453 = EDGE_LOOP ( 'NONE', ( #198, #1378, #1213 ) ) ;
#454 =( LENGTH_UNIT ( ) NAMED_UNIT ( * ) SI_UNIT ( .MILLI., .METRE. ) );
#455 = ORIENTED_EDGE ( 'NONE', *, *, #572, .T. ) ;
#456 = DIRECTION ( 'NONE',  ( 1.000000000000000000, -0.000000000000000000, 1.971276677246372012E-16 ) ) ;
#457 = VERTEX_POINT ( 'NONE', #558 ) ;
#458 = MECHANICAL_DESIGN_GEOMETRIC_PRESENTATION_REPRESENTATION (  '', ( #778 ), #486 ) ;
#459 = ORIENTED_EDGE ( 'NONE', *, *, #226, .F. ) ;
#460 = CARTESIAN_POINT ( 'NONE',  ( 500000.0000000000582, 1.773333333333333428, -0.7200000000433680603 ) ) ;
#461 = EDGE_CURVE ( 'NONE', #428, #926, #262, .T. ) ;
#462 = DIRECTION ( 'NONE',  ( -1.000000000000000000, -0.000000000000000000, 8.673617379884036705E-17 ) ) ;
#463 = VERTEX_POINT ( 'NONE', #1339 ) ;
#464 = ADVANCED_FACE ( 'NONE', ( #717 ), #390, .F. ) ;
#465 = EDGE_CURVE ( 'NONE', #275, #751, #219, .T. ) ;
#466 = ORIENTED_EDGE ( 'NONE', *, *, #1317, .T. ) ;
#467 = CARTESIAN_POINT ( 'NONE',  ( 1.519999999999999574, 0.08000000000000000167, 0.7199999999999999734 ) ) ;
#468 = ORIENTED_EDGE ( 'NONE', *, *, #1098, .F. ) ;
#469 = ORIENTED_EDGE ( 'NONE', *, *, #397, .T. ) ;
#470 = APPLICATION_PROTOCOL_DEFINITION ( 'draft international standard', 'automotive_design', 1998, #140 ) ;
#471 = UNCERTAINTY_MEASURE_WITH_UNIT (LENGTH_MEASURE( 1.000000000000000082E-05 ), #724, 'distance_accuracy_value', 'NONE');
#472 =( NAMED_UNIT ( * ) SI_UNIT ( $, .STERADIAN. ) SOLID_ANGLE_UNIT ( ) );
#473 = PRESENTATION_LAYER_ASSIGNMENT (  '', '', ( #36 ) ) ;
#474 = FILL_AREA_STYLE_COLOUR ( '', #249 ) ;
#475 = ORIENTED_EDGE ( 'NONE', *, *, #961, .F. ) ;
#476 = ORIENTED_EDGE ( 'NONE', *, *, #232, .T. ) ;
#477 = ADVANCED_FACE ( 'NONE', ( #659 ), #179, .F. ) ;
#478 = DIRECTION ( 'NONE',  ( -1.000000000000000000, 0.000000000000000000, 2.710505431213758127E-16 ) ) ;
#479 = PLANE ( 'NONE',  #238 ) ;
#480 = EDGE_CURVE ( 'NONE', #399, #665, #654, .T. ) ;
#481 = DIRECTION ( 'NONE',  ( 0.000000000000000000, 1.000000000000000000, 0.000000000000000000 ) ) ;
#482 = PLANE ( 'NONE',  #807 ) ;
#483 = EDGE_CURVE ( 'NONE', #277, #725, #162, .T. ) ;
#484 = UNCERTAINTY_MEASURE_WITH_UNIT (LENGTH_MEASURE( 1.000000000000000082E-05 ), #454, 'distance_accuracy_value', 'NONE');
#485 = CARTESIAN_POINT ( 'NONE',  ( 1.600000000000000089, 1.719999999999999973, -0.7199999999999998623 ) ) ;
#486 =( GEOMETRIC_REPRESENTATION_CONTEXT ( 3 ) GLOBAL_UNCERTAINTY_ASSIGNED_CONTEXT ( ( #563 ) ) GLOBAL_UNIT_ASSIGNED_CONTEXT ( ( #1344, #364, #372 ) ) REPRESENTATION_CONTEXT ( 'NONE', 'WORKASPACE' ) );
#487 = AXIS2_PLACEMENT_3D ( 'NONE', #837, #313, #406 ) ;
#488 =( NAMED_UNIT ( * ) SI_UNIT ( $, .STERADIAN. ) SOLID_ANGLE_UNIT ( ) );
#489 = DIRECTION ( 'NONE',  ( -1.000000000000000000, -0.000000000000000000, 1.971276677246372012E-16 ) ) ;
#490 = DIRECTION ( 'NONE',  ( 0.000000000000000000, 1.000000000000000000, 0.000000000000000000 ) ) ;
#491 = CARTESIAN_POINT ( 'NONE',  ( -1.519999999999999574, 0.07999999999999998779, 0.7999999999999999334 ) ) ;
#492 = CARTESIAN_POINT ( 'NONE',  ( 1.519999999999999574, 0.07999999999999998779, 0.7999999999999999334 ) ) ;
#493 = EDGE_CURVE ( 'NONE', #665, #98, #648, .T. ) ;
#494 = DIRECTION ( 'NONE',  ( -1.000000000000000000, 0.000000000000000000, 0.000000000000000000 ) ) ;
#495 = DIRECTION ( 'NONE',  ( 0.000000000000000000, 0.000000000000000000, -1.000000000000000000 ) ) ;
#496 = CARTESIAN_POINT ( 'NONE',  ( 1.050000000020645530, 0.02666666666666666838, -0.7200000000000000844 ) ) ;
#497 = CARTESIAN_POINT ( 'NONE',  ( 1.600000000000000089, 1.800000000000000044, -0.7199999999999998623 ) ) ;
#498 = LINE ( 'NONE', #201, #503 ) ;
#499 = CARTESIAN_POINT ( 'NONE',  ( 500000.0000000000582, 1.719999999999999529, -0.7733333333767012929 ) ) ;
#500 = LINE ( 'NONE', #952, #33 ) ;
#501 = AXIS2_PLACEMENT_3D ( 'NONE', #1153, #809, #290 ) ;
#502 = PRESENTATION_STYLE_ASSIGNMENT (( #946 ) ) ;
#503 = VECTOR ( 'NONE', #1195, 1000.000000000000000 ) ;
#504 = CARTESIAN_POINT ( 'NONE',  ( -1.519999999999999574, 0.07999999999999998779, 0.7199999999999999734 ) ) ;
#505 = DIRECTION ( 'NONE',  ( 2.710505431213761578E-16, 0.000000000000000000, 1.000000000000000000 ) ) ;
#506 = CARTESIAN_POINT ( 'NONE',  ( -1.049999999999999822, 0.07999999999999998779, 0.7199999999999998623 ) ) ;
#507 = AXIS2_PLACEMENT_3D ( 'NONE', #1137, #671, #684 ) ;
#508 = CARTESIAN_POINT ( 'NONE',  ( 1.050000000000000044, 1.800000000000000044, -0.7199999999999998623 ) ) ;
#509 = EDGE_CURVE ( 'NONE', #275, #417, #186, .T. ) ;
#510 = EDGE_CURVE ( 'NONE', #1349, #1044, #211, .T. ) ;
#511 = DIRECTION ( 'NONE',  ( -1.971276677246372012E-16, 0.000000000000000000, -1.000000000000000000 ) ) ;
#512 = AXIS2_PLACEMENT_3D ( 'NONE', #1224, #656, #1194 ) ;
#513 = DIRECTION ( 'NONE',  ( -1.000000000000000000, 0.000000000000000000, 0.000000000000000000 ) ) ;
#514 = AXIS2_PLACEMENT_3D ( 'NONE', #375, #652, #452 ) ;
#515 = AXIS2_PLACEMENT_3D ( 'NONE', #597, #164, #559 ) ;
#516 = SURFACE_SIDE_STYLE ('',( #1181 ) ) ;
#517 = DIRECTION ( 'NONE',  ( -0.000000000000000000, 0.000000000000000000, -1.000000000000000000 ) ) ;
#518 = ORIENTED_EDGE ( 'NONE', *, *, #480, .T. ) ;
#519 = CARTESIAN_POINT ( 'NONE',  ( -1.519999999999999574, 1.800000000000000044, 0.7999999999999999334 ) ) ;
#520 = DIRECTION ( 'NONE',  ( 0.000000000000000000, 0.000000000000000000, 1.000000000000000000 ) ) ;
#521 = EDGE_CURVE ( 'NONE', #415, #257, #1152, .T. ) ;
#522 = PRODUCT_CONTEXT ( 'NONE', #982, 'mechanical' ) ;
#523 = DIRECTION ( 'NONE',  ( 0.000000000000000000, 0.000000000000000000, 1.000000000000000000 ) ) ;
#524 =( NAMED_UNIT ( * ) PLANE_ANGLE_UNIT ( ) SI_UNIT ( $, .RADIAN. ) );
#525 = DIRECTION ( 'NONE',  ( 0.000000000000000000, -1.000000000000000000, 0.000000000000000000 ) ) ;
#526 = VECTOR ( 'NONE', #1251, 1000.000000000000000 ) ;
#527 = ORIENTED_EDGE ( 'NONE', *, *, #755, .T. ) ;
#528 = PRESENTATION_STYLE_ASSIGNMENT (( #1353 ) ) ;
#529 = SURFACE_STYLE_USAGE ( .BOTH. , #8 ) ;
#530 = AXIS2_PLACEMENT_3D ( 'NONE', #978, #641, #963 ) ;
#531 = CARTESIAN_POINT ( 'NONE',  ( 1.050000000020645530, 0.02666666666666666838, 0.7199999998888690911 ) ) ;
#532 = CYLINDRICAL_SURFACE ( 'NONE', #1085, 0.07999999999999998779 ) ;
#533 = CARTESIAN_POINT ( 'NONE',  ( -1.599999999999999645, 1.800000000000000044, 0.7999999999999999334 ) ) ;
#534 = AXIS2_PLACEMENT_3D ( 'NONE', #1266, #808, #880 ) ;
#535 = DIRECTION ( 'NONE',  ( 1.000000000000000000, 0.000000000000000000, -8.673617379884036705E-17 ) ) ;
#536 = CYLINDRICAL_SURFACE ( 'NONE', #793, 0.07999999999999998779 ) ;
#537 =( NAMED_UNIT ( * ) SI_UNIT ( $, .STERADIAN. ) SOLID_ANGLE_UNIT ( ) );
#538 = EDGE_LOOP ( 'NONE', ( #1370, #610, #888, #1072 ) ) ;
#539 = PRESENTATION_LAYER_ASSIGNMENT (  '', '', ( #218 ) ) ;
#540 = DIRECTION ( 'NONE',  ( 0.000000000000000000, 0.000000000000000000, -1.000000000000000000 ) ) ;
#541 = DIRECTION ( 'NONE',  ( 1.000000000000000000, -0.000000000000000000, -1.355252715606880789E-16 ) ) ;
#542 = UNCERTAINTY_MEASURE_WITH_UNIT (LENGTH_MEASURE( 1.000000000000000082E-05 ), #334, 'distance_accuracy_value', 'NONE');
#543 = AXIS2_PLACEMENT_3D ( 'NONE', #803, #1260, #896 ) ;
#544 = FACE_OUTER_BOUND ( 'NONE', #737, .T. ) ;
#545 = AXIS2_PLACEMENT_3D ( 'NONE', #506, #1015, #404 ) ;
#546 = LINE ( 'NONE', #1278, #1025 ) ;
#547 = LINE ( 'NONE', #816, #980 ) ;
#548 = ORIENTED_EDGE ( 'NONE', *, *, #251, .F. ) ;
#549 = EDGE_CURVE ( 'NONE', #239, #412, #202, .T. ) ;
#550 = ORIENTED_EDGE ( 'NONE', *, *, #799, .F. ) ;
#551 = CARTESIAN_POINT ( 'NONE',  ( -1.419319207617387040E-16, 1.719999999999999973, 0.7199999999999996403 ) ) ;
#552 = LINE ( 'NONE', #499, #101 ) ;
#553 = ORIENTED_EDGE ( 'NONE', *, *, #647, .T. ) ;
#554 = VECTOR ( 'NONE', #276, 1000.000000000000000 ) ;
#555 = FACE_OUTER_BOUND ( 'NONE', #1362, .T. ) ;
#556 = SURFACE_STYLE_FILL_AREA ( #440 ) ;
#557 = ADVANCED_FACE ( 'NONE', ( #1121 ), #637, .T. ) ;
#558 = CARTESIAN_POINT ( 'NONE',  ( 1.519999999999999574, 1.719999999999999973, 0.7999999999999999334 ) ) ;
#559 = DIRECTION ( 'NONE',  ( 1.355252715606880789E-16, 0.000000000000000000, 1.000000000000000000 ) ) ;
#560 = SURFACE_SIDE_STYLE ('',( #1182 ) ) ;
#561 = VERTEX_POINT ( 'NONE', #491 ) ;
#562 = FACE_OUTER_BOUND ( 'NONE', #672, .T. ) ;
#563 = UNCERTAINTY_MEASURE_WITH_UNIT (LENGTH_MEASURE( 1.000000000000000082E-05 ), #1344, 'distance_accuracy_value', 'NONE');
#564 = CARTESIAN_POINT ( 'NONE',  ( -1.519999999999999574, 1.719999999999999973, 0.7999999999999999334 ) ) ;
#565 = EDGE_LOOP ( 'NONE', ( #1249, #1283, #316 ) ) ;
#566 = VECTOR ( 'NONE', #1290, 1000.000000000000000 ) ;
#567 = AXIS2_PLACEMENT_3D ( 'NONE', #1029, #76, #748 ) ;
#568 = ORIENTED_EDGE ( 'NONE', *, *, #289, .F. ) ;
#569 = DIRECTION ( 'NONE',  ( 0.000000000000000000, -0.000000000000000000, 1.000000000000000000 ) ) ;
#570 = AXIS2_PLACEMENT_3D ( 'NONE', #1254, #1148, #349 ) ;
#571 = CIRCLE ( 'NONE', #534, 0.07999999999999998779 ) ;
#572 = EDGE_CURVE ( 'NONE', #1179, #399, #676, .T. ) ;
#573 = LINE ( 'NONE', #345, #554 ) ;
#574 = LINE ( 'NONE', #1180, #1097 ) ;
#575 = ORIENTED_EDGE ( 'NONE', *, *, #480, .F. ) ;
#576 = ORIENTED_EDGE ( 'NONE', *, *, #43, .T. ) ;
#577 = CIRCLE ( 'NONE', #932, 0.07999999999999998779 ) ;
#578 = EDGE_LOOP ( 'NONE', ( #933, #1406, #894, #1071 ) ) ;
#579 = AXIS2_PLACEMENT_3D ( 'NONE', #764, #241, #1396 ) ;
#580 = DIRECTION ( 'NONE',  ( -1.000000000000000000, 0.000000000000000000, 0.000000000000000000 ) ) ;
#581 = MECHANICAL_DESIGN_GEOMETRIC_PRESENTATION_REPRESENTATION (  '', ( #36 ), #72 ) ;
#582 = ORIENTED_EDGE ( 'NONE', *, *, #251, .T. ) ;
#583 = DIRECTION ( 'NONE',  ( -1.000000000000000000, -0.000000000000000000, 8.673617379884036705E-17 ) ) ;
#584 = UNCERTAINTY_MEASURE_WITH_UNIT (LENGTH_MEASURE( 1.000000000000000082E-05 ), #310, 'distance_accuracy_value', 'NONE');
#585 = CIRCLE ( 'NONE', #441, 0.07999999999999998779 ) ;
#586 = DIRECTION ( 'NONE',  ( 1.000000000000000000, 0.000000000000000000, 0.000000000000000000 ) ) ;
#587 = LINE ( 'NONE', #827, #605 ) ;
#588 = ORIENTED_EDGE ( 'NONE', *, *, #649, .T. ) ;
#589 = ORIENTED_EDGE ( 'NONE', *, *, #122, .F. ) ;
#590 = CYLINDRICAL_SURFACE ( 'NONE', #153, 0.05333333333333329512 ) ;
#591 = ORIENTED_EDGE ( 'NONE', *, *, #398, .F. ) ;
#592 = STYLED_ITEM ( 'NONE', ( #1089 ), #271 ) ;
#593 = ORIENTED_EDGE ( 'NONE', *, *, #418, .T. ) ;
#594 = LINE ( 'NONE', #767, #618 ) ;
#595 = CIRCLE ( 'NONE', #73, 0.07999999999999998779 ) ;
#596 = CARTESIAN_POINT ( 'NONE',  ( 1.050000000020645530, 1.773333333333333428, -0.7200000001111305226 ) ) ;
#597 = CARTESIAN_POINT ( 'NONE',  ( -1.050000000000000044, 1.800000000000000044, -0.7999999999999998224 ) ) ;
#598 = EDGE_CURVE ( 'NONE', #751, #561, #606, .T. ) ;
#599 = ORIENTED_EDGE ( 'NONE', *, *, #1207, .F. ) ;
#600 = SURFACE_STYLE_USAGE ( .BOTH. , #937 ) ;
#601 = FACE_OUTER_BOUND ( 'NONE', #421, .T. ) ;
#602 = DIRECTION ( 'NONE',  ( -1.000000000000000000, -0.000000000000000000, 8.673617379884036705E-17 ) ) ;
#603 = ORIENTED_EDGE ( 'NONE', *, *, #14, .T. ) ;
#604 = CYLINDRICAL_SURFACE ( 'NONE', #1114, 0.07999999999999998779 ) ;
#605 = VECTOR ( 'NONE', #235, 1000.000000000000000 ) ;
#606 = LINE ( 'NONE', #840, #1149 ) ;
#607 = ADVANCED_FACE ( 'NONE', ( #194 ), #317, .F. ) ;
#608 = VECTOR ( 'NONE', #456, 1000.000000000000000 ) ;
#609 = FACE_OUTER_BOUND ( 'NONE', #883, .T. ) ;
#610 = ORIENTED_EDGE ( 'NONE', *, *, #100, .T. ) ;
#611 = CYLINDRICAL_SURFACE ( 'NONE', #367, 0.07999999999999998779 ) ;
#612 = CARTESIAN_POINT ( 'NONE',  ( -1.049999999999999822, 1.719999999999999973, 0.7199999999999998623 ) ) ;
#613 = LINE ( 'NONE', #951, #1138 ) ;
#614 = MECHANICAL_DESIGN_GEOMETRIC_PRESENTATION_REPRESENTATION (  '', ( #706 ), #89 ) ;
#615 = DIRECTION ( 'NONE',  ( -1.000000000000000000, 0.000000000000000000, -1.971276677246372012E-16 ) ) ;
#616 = DIRECTION ( 'NONE',  ( 0.000000000000000000, -1.000000000000000000, 0.000000000000000000 ) ) ;
#617 = LINE ( 'NONE', #1175, #619 ) ;
#618 = VECTOR ( 'NONE', #1189, 1000.000000000000000 ) ;
#619 = VECTOR ( 'NONE', #462, 1000.000000000000000 ) ;
#620 = CIRCLE ( 'NONE', #414, 0.07999999999999998779 ) ;
#621 = CYLINDRICAL_SURFACE ( 'NONE', #501, 0.07999999999999998779 ) ;
#622 = CIRCLE ( 'NONE', #950, 0.05333333333333329512 ) ;
#623 = CYLINDRICAL_SURFACE ( 'NONE', #567, 0.07999999999999998779 ) ;
#624 = EDGE_CURVE ( 'NONE', #254, #1391, #655, .T. ) ;
#625 = ORIENTED_EDGE ( 'NONE', *, *, #1317, .F. ) ;
#626 = VECTOR ( 'NONE', #217, 1000.000000000000000 ) ;
#627 = LINE ( 'NONE', #854, #1125 ) ;
#628 = DIRECTION ( 'NONE',  ( -1.000000000000000000, 0.000000000000000000, 0.000000000000000000 ) ) ;
#629 = CARTESIAN_POINT ( 'NONE',  ( 1.599999999999999645, 1.800000000000000044, 0.7199999999999998623 ) ) ;
#630 = DIRECTION ( 'NONE',  ( 0.000000000000000000, 0.000000000000000000, -1.000000000000000000 ) ) ;
#631 = SPHERICAL_SURFACE ( 'NONE', #1258, 0.08000000000000000167 ) ;
#632 = CARTESIAN_POINT ( 'NONE',  ( -1.050000000000000044, 1.800000000000000044, -0.7199999999999998623 ) ) ;
#633 = CIRCLE ( 'NONE', #363, 0.05333333333333329512 ) ;
#634 = CIRCLE ( 'NONE', #545, 0.05333333333333329512 ) ;
#635 = FACE_OUTER_BOUND ( 'NONE', #261, .T. ) ;
#636 = MECHANICAL_DESIGN_GEOMETRIC_PRESENTATION_REPRESENTATION (  '', ( #949 ), #930 ) ;
#637 = CYLINDRICAL_SURFACE ( 'NONE', #1141, 0.07999999999999998779 ) ;
#638 = ORIENTED_EDGE ( 'NONE', *, *, #919, .T. ) ;
#639 = PRESENTATION_STYLE_ASSIGNMENT (( #1206 ) ) ;
#640 = DIRECTION ( 'NONE',  ( -0.000000000000000000, 1.000000000000000000, -0.000000000000000000 ) ) ;
#641 = DIRECTION ( 'NONE',  ( 0.000000000000000000, 0.000000000000000000, -1.000000000000000000 ) ) ;
#642 = SURFACE_SIDE_STYLE ('',( #150 ) ) ;
#643 = ADVANCED_FACE ( 'NONE', ( #1100 ), #327, .F. ) ;
#644 = AXIS2_PLACEMENT_3D ( 'NONE', #959, #948, #1208 ) ;
#645 = CARTESIAN_POINT ( 'NONE',  ( 1.050000000020645530, 1.719999999999999973, 0.7199999999999996403 ) ) ;
#646 = ORIENTED_EDGE ( 'NONE', *, *, #28, .T. ) ;
#647 = EDGE_CURVE ( 'NONE', #561, #1174, #171, .T. ) ;
#648 = LINE ( 'NONE', #1095, #1093 ) ;
#649 = EDGE_CURVE ( 'NONE', #239, #98, #147, .T. ) ;
#650 = ORIENTED_EDGE ( 'NONE', *, *, #1003, .T. ) ;
#651 = PRESENTATION_STYLE_ASSIGNMENT (( #600 ) ) ;
#652 = DIRECTION ( 'NONE',  ( -0.000000000000000000, -0.000000000000000000, -1.000000000000000000 ) ) ;
#653 = ORIENTED_EDGE ( 'NONE', *, *, #1126, .T. ) ;
#654 = CIRCLE ( 'NONE', #579, 0.07999999999999998779 ) ;
#655 = LINE ( 'NONE', #869, #169 ) ;
#656 = DIRECTION ( 'NONE',  ( 0.000000000000000000, 1.000000000000000000, 0.000000000000000000 ) ) ;
#657 = PLANE ( 'NONE',  #960 ) ;
#658 = DIRECTION ( 'NONE',  ( 2.710505431213761578E-16, 0.000000000000000000, 1.000000000000000000 ) ) ;
#659 = FACE_OUTER_BOUND ( 'NONE', #1265, .T. ) ;
#660 = ORIENTED_EDGE ( 'NONE', *, *, #352, .F. ) ;
#661 =( NAMED_UNIT ( * ) SI_UNIT ( $, .STERADIAN. ) SOLID_ANGLE_UNIT ( ) );
#662 = EDGE_LOOP ( 'NONE', ( #176, #173, #912 ) ) ;
#663 = CYLINDRICAL_SURFACE ( 'NONE', #260, 0.05333333333333339921 ) ;
#664 = DIRECTION ( 'NONE',  ( 0.000000000000000000, 0.000000000000000000, 1.000000000000000000 ) ) ;
#665 = VERTEX_POINT ( 'NONE', #1389 ) ;
#666 = FACE_OUTER_BOUND ( 'NONE', #777, .T. ) ;
#667 =( NAMED_UNIT ( * ) SI_UNIT ( $, .STERADIAN. ) SOLID_ANGLE_UNIT ( ) );
#668 = DIRECTION ( 'NONE',  ( 1.000000000000000000, 0.000000000000000000, 0.000000000000000000 ) ) ;
#669 = VERTEX_POINT ( 'NONE', #189 ) ;
#670 = SPHERICAL_SURFACE ( 'NONE', #897, 0.08000000000000000167 ) ;
#671 = DIRECTION ( 'NONE',  ( 0.000000000000000000, -1.000000000000000000, 0.000000000000000000 ) ) ;
#672 = EDGE_LOOP ( 'NONE', ( #915, #892, #1120, #476 ) ) ;
#673 = PRESENTATION_STYLE_ASSIGNMENT (( #923 ) ) ;
#674 = VECTOR ( 'NONE', #88, 1000.000000000000000 ) ;
#675 = EDGE_CURVE ( 'NONE', #1268, #415, #613, .T. ) ;
#676 = LINE ( 'NONE', #230, #139 ) ;
#677 = CYLINDRICAL_SURFACE ( 'NONE', #424, 0.07999999999999998779 ) ;
#678 = SURFACE_SIDE_STYLE ('',( #683 ) ) ;
#679 = CIRCLE ( 'NONE', #682, 0.07999999999999998779 ) ;
#680 = DIRECTION ( 'NONE',  ( 1.000000000000000000, 0.000000000000000000, -2.710505431213761578E-16 ) ) ;
#681 = ORIENTED_EDGE ( 'NONE', *, *, #905, .F. ) ;
#682 = AXIS2_PLACEMENT_3D ( 'NONE', #1211, #1309, #962 ) ;
#683 = SURFACE_STYLE_FILL_AREA ( #811 ) ;
#684 = DIRECTION ( 'NONE',  ( 0.000000000000000000, 0.000000000000000000, -1.000000000000000000 ) ) ;
#685 = SPHERICAL_SURFACE ( 'NONE', #1183, 0.08000000000000000167 ) ;
#686 = PRESENTATION_LAYER_ASSIGNMENT (  '', '', ( #778 ) ) ;
#687 = ADVANCED_FACE ( 'NONE', ( #197 ), #677, .T. ) ;
#688 = CARTESIAN_POINT ( 'NONE',  ( 0.000000000000000000, 0.000000000000000000, 0.000000000000000000 ) ) ;
#689 = UNCERTAINTY_MEASURE_WITH_UNIT (LENGTH_MEASURE( 1.000000000000000082E-05 ), #23, 'distance_accuracy_value', 'NONE');
#690 = FACE_OUTER_BOUND ( 'NONE', #256, .T. ) ;
#691 = CARTESIAN_POINT ( 'NONE',  ( -1.520000000000000018, 1.800000000000000044, -0.7199999999999998623 ) ) ;
#692 = DIRECTION ( 'NONE',  ( 0.000000000000000000, 1.000000000000000000, 0.000000000000000000 ) ) ;
#693 = CARTESIAN_POINT ( 'NONE',  ( -1.050000000000000044, 0.000000000000000000, -0.7999999999999998224 ) ) ;
#694 = FILL_AREA_STYLE_COLOUR ( '', #285 ) ;
#695 = EDGE_CURVE ( 'NONE', #858, #254, #679, .T. ) ;
#696 = ORIENTED_EDGE ( 'NONE', *, *, #964, .F. ) ;
#697 = SPHERICAL_SURFACE ( 'NONE', #1426, 0.08000000000000000167 ) ;
#698 = ADVANCED_FACE ( 'NONE', ( #810 ), #1301, .T. ) ;
#699 = CARTESIAN_POINT ( 'NONE',  ( -1.520000000000000018, 0.08000000000000000167, -0.7199999999999998623 ) ) ;
#700 = EDGE_LOOP ( 'NONE', ( #518, #1422, #638, #455 ) ) ;
#701 = ADVANCED_FACE ( 'NONE', ( #1312 ), #1314, .T. ) ;
#702 = PRESENTATION_STYLE_ASSIGNMENT (( #1014 ) ) ;
#703 = CARTESIAN_POINT ( 'NONE',  ( -1.599999999999999645, 1.800000000000000044, 0.7199999999999998623 ) ) ;
#704 =( GEOMETRIC_REPRESENTATION_CONTEXT ( 3 ) GLOBAL_UNCERTAINTY_ASSIGNED_CONTEXT ( ( #471 ) ) GLOBAL_UNIT_ASSIGNED_CONTEXT ( ( #724, #825, #1176 ) ) REPRESENTATION_CONTEXT ( 'NONE', 'WORKASPACE' ) );
#705 = VECTOR ( 'NONE', #692, 1000.000000000000000 ) ;
#706 = STYLED_ITEM ( 'NONE', ( #651 ), #1131 ) ;
#707 = ORIENTED_EDGE ( 'NONE', *, *, #1329, .F. ) ;
#708 = SURFACE_STYLE_USAGE ( .BOTH. , #366 ) ;
#709 = ORIENTED_EDGE ( 'NONE', *, *, #322, .F. ) ;
#710 = PRESENTATION_STYLE_ASSIGNMENT (( #992 ) ) ;
#711 = DIRECTION ( 'NONE',  ( -1.000000000000000000, -0.000000000000000000, 1.971276677246372012E-16 ) ) ;
#712 = DIRECTION ( 'NONE',  ( -1.000000000000000000, -0.000000000000000000, 8.673617379884036705E-17 ) ) ;
#713 = ORIENTED_EDGE ( 'NONE', *, *, #1245, .F. ) ;
#714 = LINE ( 'NONE', #1288, #1202 ) ;
#715 = EDGE_CURVE ( 'NONE', #1355, #1179, #49, .T. ) ;
#716 = PLANE ( 'NONE',  #1337 ) ;
#717 = FACE_OUTER_BOUND ( 'NONE', #446, .T. ) ;
#718 = PRESENTATION_STYLE_ASSIGNMENT (( #986 ) ) ;
#719 = CARTESIAN_POINT ( 'NONE',  ( -1.050000000000000044, 0.000000000000000000, -0.7199999999999998623 ) ) ;
#720 = VECTOR ( 'NONE', #359, 1000.000000000000000 ) ;
#721 = FACE_OUTER_BOUND ( 'NONE', #865, .T. ) ;
#722 = CARTESIAN_POINT ( 'NONE',  ( -1.519999999999999574, 1.719999999999999973, 0.7199999999999999734 ) ) ;
#723 = CARTESIAN_POINT ( 'NONE',  ( 1.600000000000000089, 0.07999999999999998779, -0.7199999999999998623 ) ) ;
#724 =( LENGTH_UNIT ( ) NAMED_UNIT ( * ) SI_UNIT ( .MILLI., .METRE. ) );
#725 = VERTEX_POINT ( 'NONE', #354 ) ;
#726 = DIRECTION ( 'NONE',  ( 0.000000000000000000, -1.000000000000000000, 0.000000000000000000 ) ) ;
#727 = ORIENTED_EDGE ( 'NONE', *, *, #320, .F. ) ;
#728 =( GEOMETRIC_REPRESENTATION_CONTEXT ( 3 ) GLOBAL_UNCERTAINTY_ASSIGNED_CONTEXT ( ( #797 ) ) GLOBAL_UNIT_ASSIGNED_CONTEXT ( ( #145, #734, #291 ) ) REPRESENTATION_CONTEXT ( 'NONE', 'WORKASPACE' ) );
#729 = ORIENTED_EDGE ( 'NONE', *, *, #343, .T. ) ;
#730 = ADVANCED_FACE ( 'NONE', ( #69 ), #532, .T. ) ;
#731 = LINE ( 'NONE', #1410, #225 ) ;
#732 = EDGE_LOOP ( 'NONE', ( #1143, #1094, #95, #938 ) ) ;
#733 = CARTESIAN_POINT ( 'NONE',  ( 500000.0000000000582, 1.719999999999999973, 0.7733333332899648971 ) ) ;
#734 =( NAMED_UNIT ( * ) PLANE_ANGLE_UNIT ( ) SI_UNIT ( $, .RADIAN. ) );
#735 = EDGE_CURVE ( 'NONE', #243, #396, #51, .T. ) ;
#736 = CARTESIAN_POINT ( 'NONE',  ( 1.519999999999999574, 1.800000000000000044, 0.7199999999999999734 ) ) ;
#737 = EDGE_LOOP ( 'NONE', ( #402, #1280, #908, #527, #1240, #1017, #996, #794 ) ) ;
#738 = EDGE_CURVE ( 'NONE', #257, #1395, #997, .T. ) ;
#739 = CARTESIAN_POINT ( 'NONE',  ( 1.520000000000000018, 0.08000000000000000167, -0.7199999999999998623 ) ) ;
#740 = LINE ( 'NONE', #531, #1227 ) ;
#741 = ADVANCED_FACE ( 'NONE', ( #1000 ), #1007, .T. ) ;
#742 = EDGE_LOOP ( 'NONE', ( #1430, #132, #86, #913 ) ) ;
#743 = DIRECTION ( 'NONE',  ( 0.000000000000000000, -1.000000000000000000, -0.000000000000000000 ) ) ;
#744 = CARTESIAN_POINT ( 'NONE',  ( -1.049999999999999822, 1.800000000000000044, 0.7199999999999998623 ) ) ;
#745 =( NAMED_UNIT ( * ) SI_UNIT ( $, .STERADIAN. ) SOLID_ANGLE_UNIT ( ) );
#746 = ORIENTED_EDGE ( 'NONE', *, *, #398, .T. ) ;
#747 = FACE_OUTER_BOUND ( 'NONE', #662, .T. ) ;
#748 = DIRECTION ( 'NONE',  ( 1.971276677246372505E-16, 0.000000000000000000, 1.000000000000000000 ) ) ;
#749 = SURFACE_STYLE_FILL_AREA ( #1276 ) ;
#750 = PRESENTATION_LAYER_ASSIGNMENT (  '', '', ( #592 ) ) ;
#751 = VERTEX_POINT ( 'NONE', #564 ) ;
#752 = CARTESIAN_POINT ( 'NONE',  ( 1.519999999999999574, 1.719999999999999973, 0.7199999999999999734 ) ) ;
#753 = VECTOR ( 'NONE', #11, 1000.000000000000000 ) ;
#754 = CARTESIAN_POINT ( 'NONE',  ( 1.599999999999999645, 1.719999999999999973, 0.7199999999999999734 ) ) ;
#755 = EDGE_CURVE ( 'NONE', #898, #243, #1228, .T. ) ;
#756 = CARTESIAN_POINT ( 'NONE',  ( -1.049999999999999822, 0.08000000000000043188, 0.7733333333333330950 ) ) ;
#757 = LINE ( 'NONE', #943, #760 ) ;
#758 = LINE ( 'NONE', #447, #753 ) ;
#759 = DIRECTION ( 'NONE',  ( 0.000000000000000000, 0.000000000000000000, -1.000000000000000000 ) ) ;
#760 = VECTOR ( 'NONE', #410, 1000.000000000000000 ) ;
#761 = AXIS2_PLACEMENT_3D ( 'NONE', #504, #337, #495 ) ;
#762 = PRODUCT_DEFINITION ( 'UNKNOWN', '', #999, #369 ) ;
#763 = AXIS2_PLACEMENT_3D ( 'NONE', #6, #770, #1418 ) ;
#764 = CARTESIAN_POINT ( 'NONE',  ( 1.049999999999999822, 1.719999999999999973, 0.7199999999999998623 ) ) ;
#765 = DIRECTION ( 'NONE',  ( -0.000000000000000000, 1.000000000000000000, -0.000000000000000000 ) ) ;
#766 = DIRECTION ( 'NONE',  ( 1.000000000000000000, 0.000000000000000000, 1.355252715606880789E-16 ) ) ;
#767 = CARTESIAN_POINT ( 'NONE',  ( 500000.0000000000582, 0.07999999999999998779, -0.7733333333767012929 ) ) ;
#768 = VERTEX_POINT ( 'NONE', #296 ) ;
#769 = VERTEX_POINT ( 'NONE', #1133 ) ;
#770 = DIRECTION ( 'NONE',  ( -0.000000000000000000, -1.000000000000000000, -0.000000000000000000 ) ) ;
#771 = DIRECTION ( 'NONE',  ( 1.000000000000000000, -0.000000000000000000, -0.000000000000000000 ) ) ;
#772 = ORIENTED_EDGE ( 'NONE', *, *, #521, .F. ) ;
#773 = DIRECTION ( 'NONE',  ( 1.000000000000000000, -0.000000000000000000, -1.355252715606880789E-16 ) ) ;
#774 = CIRCLE ( 'NONE', #1165, 0.07999999999999998779 ) ;
#775 = CIRCLE ( 'NONE', #514, 0.07999999999999998779 ) ;
#776 = PRESENTATION_LAYER_ASSIGNMENT (  '', '', ( #949 ) ) ;
#777 = EDGE_LOOP ( 'NONE', ( #1261, #553, #129 ) ) ;
#778 = STYLED_ITEM ( 'NONE', ( #1222 ), #780 ) ;
#779 = DIRECTION ( 'NONE',  ( -1.000000000000000000, 0.000000000000000000, 1.971276677246372012E-16 ) ) ;
#780 = MANIFOLD_SOLID_BREP ( 'Mirror2', #1011 ) ;
#781 = ORIENTED_EDGE ( 'NONE', *, *, #755, .F. ) ;
#782 = DIRECTION ( 'NONE',  ( 0.000000000000000000, -0.000000000000000000, -1.000000000000000000 ) ) ;
#783 = EDGE_CURVE ( 'NONE', #853, #243, #1307, .T. ) ;
#784 = ORIENTED_EDGE ( 'NONE', *, *, #738, .F. ) ;
#785 = DIRECTION ( 'NONE',  ( 1.355252715606880789E-16, 0.000000000000000000, -1.000000000000000000 ) ) ;
#786 = ORIENTED_EDGE ( 'NONE', *, *, #848, .F. ) ;
#787 = CARTESIAN_POINT ( 'NONE',  ( 1.520000000000000018, 1.719999999999999973, -0.7199999999999998623 ) ) ;
#788 = ORIENTED_EDGE ( 'NONE', *, *, #964, .T. ) ;
#789 = CARTESIAN_POINT ( 'NONE',  ( 1.050000000020645530, 1.773333333333333428, -0.7200000000000000844 ) ) ;
#790 = EDGE_LOOP ( 'NONE', ( #1009, #1147, #163, #1135 ) ) ;
#791 = ADVANCED_FACE ( 'NONE', ( #1316 ), #365, .T. ) ;
#792 = FILL_AREA_STYLE_COLOUR ( '', #1184 ) ;
#793 = AXIS2_PLACEMENT_3D ( 'NONE', #551, #812, #46 ) ;
#794 = ORIENTED_EDGE ( 'NONE', *, *, #521, .T. ) ;
#795 = DIRECTION ( 'NONE',  ( 1.000000000000000000, 0.000000000000000000, 0.000000000000000000 ) ) ;
#796 = DIRECTION ( 'NONE',  ( -1.000000000000000000, 0.000000000000000000, 0.000000000000000000 ) ) ;
#797 = UNCERTAINTY_MEASURE_WITH_UNIT (LENGTH_MEASURE( 1.000000000000000082E-05 ), #145, 'distance_accuracy_value', 'NONE');
#798 = CARTESIAN_POINT ( 'NONE',  ( -1.600000000000000089, 1.800000000000000044, -0.7199999999999998623 ) ) ;
#799 = EDGE_CURVE ( 'NONE', #1174, #275, #818, .T. ) ;
#800 = EDGE_CURVE ( 'NONE', #444, #239, #577, .T. ) ;
#801 = SURFACE_STYLE_FILL_AREA ( #1325 ) ;
#802 = CARTESIAN_POINT ( 'NONE',  ( -1.519999999999999574, 1.800000000000000044, 0.7199999999999999734 ) ) ;
#803 = CARTESIAN_POINT ( 'NONE',  ( 1.519999999999999574, 1.719999999999999973, 0.7199999999999999734 ) ) ;
#804 = ADVANCED_FACE ( 'NONE', ( #1021 ), #716, .F. ) ;
#805 = DIRECTION ( 'NONE',  ( -2.710505431213761578E-16, 0.000000000000000000, 1.000000000000000000 ) ) ;
#806 = DIRECTION ( 'NONE',  ( 1.971276677246372012E-16, 0.000000000000000000, -1.000000000000000000 ) ) ;
#807 = AXIS2_PLACEMENT_3D ( 'NONE', #1006, #1167, #41 ) ;
#808 = DIRECTION ( 'NONE',  ( 1.000000000000000000, 0.000000000000000000, 1.355252715606880789E-16 ) ) ;
#809 = DIRECTION ( 'NONE',  ( 1.000000000000000000, 0.000000000000000000, -1.971276677246372012E-16 ) ) ;
#810 = FACE_OUTER_BOUND ( 'NONE', #391, .T. ) ;
#811 = FILL_AREA_STYLE ('',( #474 ) ) ;
#812 = DIRECTION ( 'NONE',  ( 1.000000000000000000, 0.000000000000000000, 1.971276677246372012E-16 ) ) ;
#813 = EDGE_CURVE ( 'NONE', #417, #853, #1070, .T. ) ;
#814 = FILL_AREA_STYLE ('',( #123 ) ) ;
#815 = SURFACE_SIDE_STYLE ('',( #1168 ) ) ;
#816 = CARTESIAN_POINT ( 'NONE',  ( -1.599999999999999645, 1.719999999999999973, 0.7999999999999999334 ) ) ;
#817 = PRESENTATION_STYLE_ASSIGNMENT (( #5 ) ) ;
#818 = LINE ( 'NONE', #703, #1303 ) ;
#819 =( GEOMETRIC_REPRESENTATION_CONTEXT ( 3 ) GLOBAL_UNCERTAINTY_ASSIGNED_CONTEXT ( ( #309 ) ) GLOBAL_UNIT_ASSIGNED_CONTEXT ( ( #382, #374, #1142 ) ) REPRESENTATION_CONTEXT ( 'NONE', 'WORKASPACE' ) );
#820 = AXIS2_PLACEMENT_3D ( 'NONE', #688, #1140, #1361 ) ;
#821 =( GEOMETRIC_REPRESENTATION_CONTEXT ( 3 ) GLOBAL_UNCERTAINTY_ASSIGNED_CONTEXT ( ( #542 ) ) GLOBAL_UNIT_ASSIGNED_CONTEXT ( ( #334, #958, #339 ) ) REPRESENTATION_CONTEXT ( 'NONE', 'WORKASPACE' ) );
#822 = CARTESIAN_POINT ( 'NONE',  ( -1.519999999999999574, 1.719999999999999973, 0.7199999999999999734 ) ) ;
#823 = ADVANCED_FACE ( 'NONE', ( #1020 ), #536, .T. ) ;
#824 = DIRECTION ( 'NONE',  ( 0.000000000000000000, 0.000000000000000000, 1.000000000000000000 ) ) ;
#825 =( NAMED_UNIT ( * ) PLANE_ANGLE_UNIT ( ) SI_UNIT ( $, .RADIAN. ) );
#826 = AXIS2_PLACEMENT_3D ( 'NONE', #1347, #120, #478 ) ;
#827 = CARTESIAN_POINT ( 'NONE',  ( -1.419319207617387040E-16, 0.000000000000000000, 0.7199999999999996403 ) ) ;
#828 = CARTESIAN_POINT ( 'NONE',  ( 1.520000000000000018, 0.07999999999999998779, -0.7999999999999998224 ) ) ;
#829 = DIRECTION ( 'NONE',  ( 1.000000000000000000, 0.000000000000000000, 0.000000000000000000 ) ) ;
#830 = STYLED_ITEM ( 'NONE', ( #298 ), #66 ) ;
#831 = AXIS2_PLACEMENT_3D ( 'NONE', #1099, #1234, #1429 ) ;
#832 = DIRECTION ( 'NONE',  ( 0.000000000000000000, -1.000000000000000000, 0.000000000000000000 ) ) ;
#833 = DIRECTION ( 'NONE',  ( 0.000000000000000000, -1.000000000000000000, -0.000000000000000000 ) ) ;
#834 = FILL_AREA_STYLE ('',( #1154 ) ) ;
#835 = DIRECTION ( 'NONE',  ( 1.000000000000000000, 0.000000000000000000, 0.000000000000000000 ) ) ;
#836 = EDGE_CURVE ( 'NONE', #1338, #768, #1061, .T. ) ;
#837 = CARTESIAN_POINT ( 'NONE',  ( 0.000000000000000000, 0.000000000000000000, 0.000000000000000000 ) ) ;
#838 = ADVANCED_FACE ( 'NONE', ( #544 ), #1397, .F. ) ;
#839 = CARTESIAN_POINT ( 'NONE',  ( 1.050000000000000044, 1.800000000000000044, -0.7999999999999998224 ) ) ;
#840 = CARTESIAN_POINT ( 'NONE',  ( -1.519999999999999574, 1.800000000000000044, 0.7999999999999999334 ) ) ;
#841 = CARTESIAN_POINT ( 'NONE',  ( -1.049999999999999822, 1.719999999999999973, 0.7199999999999998623 ) ) ;
#842 = EDGE_LOOP ( 'NONE', ( #589, #435, #582, #439 ) ) ;
#843 = CARTESIAN_POINT ( 'NONE',  ( -1.519999999999999574, 1.719999999999999973, 0.7199999999999999734 ) ) ;
#844 = VERTEX_POINT ( 'NONE', #496 ) ;
#845 = CLOSED_SHELL ( 'NONE', ( #741, #1352, #889, #271, #464, #701, #477, #1200, #1403, #1297 ) ) ;
#846 = EDGE_CURVE ( 'NONE', #399, #236, #1027, .T. ) ;
#847 = ORIENTED_EDGE ( 'NONE', *, *, #28, .F. ) ;
#848 = EDGE_CURVE ( 'NONE', #1268, #751, #547, .T. ) ;
#849 = DIRECTION ( 'NONE',  ( 0.000000000000000000, 0.000000000000000000, -1.000000000000000000 ) ) ;
#850 = DIRECTION ( 'NONE',  ( 0.000000000000000000, 0.000000000000000000, 1.000000000000000000 ) ) ;
#851 = EDGE_CURVE ( 'NONE', #103, #768, #973, .T. ) ;
#852 = DIRECTION ( 'NONE',  ( 0.000000000000000000, 1.000000000000000000, 0.000000000000000000 ) ) ;
#853 = VERTEX_POINT ( 'NONE', #744 ) ;
#854 = CARTESIAN_POINT ( 'NONE',  ( 500000.0000000000582, 1.719999999999999973, 0.7733333332899648971 ) ) ;
#855 = ORIENTED_EDGE ( 'NONE', *, *, #353, .F. ) ;
#856 =( GEOMETRIC_REPRESENTATION_CONTEXT ( 3 ) GLOBAL_UNCERTAINTY_ASSIGNED_CONTEXT ( ( #1216 ) ) GLOBAL_UNIT_ASSIGNED_CONTEXT ( ( #1379, #45, #472 ) ) REPRESENTATION_CONTEXT ( 'NONE', 'WORKASPACE' ) );
#857 = PRESENTATION_LAYER_ASSIGNMENT (  '', '', ( #830 ) ) ;
#858 = VERTEX_POINT ( 'NONE', #485 ) ;
#859 = AXIS2_PLACEMENT_3D ( 'NONE', #947, #75, #191 ) ;
#860 = DIRECTION ( 'NONE',  ( -2.710505431213761578E-16, 0.000000000000000000, 1.000000000000000000 ) ) ;
#861 = CARTESIAN_POINT ( 'NONE',  ( -1.049999999999999822, 1.773333333333333428, 0.7199999999999998623 ) ) ;
#862 = PLANE ( 'NONE',  #831 ) ;
#863 = ORIENTED_EDGE ( 'NONE', *, *, #247, .F. ) ;
#864 = DIRECTION ( 'NONE',  ( 0.000000000000000000, 0.000000000000000000, 1.000000000000000000 ) ) ;
#865 = EDGE_LOOP ( 'NONE', ( #1394, #1090, #1387 ) ) ;
#866 = VERTEX_POINT ( 'NONE', #754 ) ;
#867 = EDGE_LOOP ( 'NONE', ( #1372, #466, #653, #383 ) ) ;
#868 = EDGE_CURVE ( 'NONE', #277, #428, #498, .T. ) ;
#869 = CARTESIAN_POINT ( 'NONE',  ( 1.050000000000000044, 1.719999999999999973, -0.7999999999999998224 ) ) ;
#870 = CARTESIAN_POINT ( 'NONE',  ( 1.600000000000000089, 0.07999999999999998779, -0.7199999999999998623 ) ) ;
#871 = DIRECTION ( 'NONE',  ( 0.000000000000000000, -1.000000000000000000, 0.000000000000000000 ) ) ;
#872 = ORIENTED_EDGE ( 'NONE', *, *, #448, .T. ) ;
#873 = CARTESIAN_POINT ( 'NONE',  ( 1.519999999999999574, 1.800000000000000044, 0.7199999999999999734 ) ) ;
#874 = ORIENTED_EDGE ( 'NONE', *, *, #1129, .F. ) ;
#875 = PRESENTATION_LAYER_ASSIGNMENT (  '', '', ( #1287 ) ) ;
#876 = DIRECTION ( 'NONE',  ( 1.000000000000000000, 0.000000000000000000, 0.000000000000000000 ) ) ;
#877 = STYLED_ITEM ( 'NONE', ( #639 ), #1200 ) ;
#878 = FILL_AREA_STYLE_COLOUR ( '', #362 ) ;
#879 = ORIENTED_EDGE ( 'NONE', *, *, #465, .F. ) ;
#880 = DIRECTION ( 'NONE',  ( 0.000000000000000000, 0.000000000000000000, 1.000000000000000000 ) ) ;
#881 = EDGE_LOOP ( 'NONE', ( #1076, #1113, #1086, #922 ) ) ;
#882 = EDGE_CURVE ( 'NONE', #669, #437, #500, .T. ) ;
#883 = EDGE_LOOP ( 'NONE', ( #312, #408, #879, #550 ) ) ;
#884 = DIRECTION ( 'NONE',  ( 0.000000000000000000, 0.000000000000000000, -1.000000000000000000 ) ) ;
#885 = VERTEX_POINT ( 'NONE', #723 ) ;
#886 = DIRECTION ( 'NONE',  ( -1.000000000000000000, 0.000000000000000000, -1.971276677246372012E-16 ) ) ;
#887 = DIRECTION ( 'NONE',  ( 0.000000000000000000, 0.000000000000000000, -1.000000000000000000 ) ) ;
#888 = ORIENTED_EDGE ( 'NONE', *, *, #1156, .T. ) ;
#889 = ADVANCED_FACE ( 'NONE', ( #975 ), #1166, .F. ) ;
#890 = DIRECTION ( 'NONE',  ( 0.000000000000000000, 0.000000000000000000, 1.000000000000000000 ) ) ;
#891 = ADVANCED_FACE ( 'NONE', ( #1235 ), #657, .F. ) ;
#892 = ORIENTED_EDGE ( 'NONE', *, *, #1209, .T. ) ;
#893 = AXIS2_PLACEMENT_3D ( 'NONE', #93, #1321, #82 ) ;
#894 = ORIENTED_EDGE ( 'NONE', *, *, #1329, .T. ) ;
#895 = CARTESIAN_POINT ( 'NONE',  ( -1.599999999999999645, 0.07999999999999998779, 0.7999999999999999334 ) ) ;
#896 = DIRECTION ( 'NONE',  ( -1.000000000000000000, 0.000000000000000000, 0.000000000000000000 ) ) ;
#897 = AXIS2_PLACEMENT_3D ( 'NONE', #47, #852, #835 ) ;
#898 = VERTEX_POINT ( 'NONE', #1078 ) ;
#899 = FILL_AREA_STYLE_COLOUR ( '', #60 ) ;
#900 = DIRECTION ( 'NONE',  ( 1.000000000000000000, 0.000000000000000000, 1.971276677246372012E-16 ) ) ;
#901 =( GEOMETRIC_REPRESENTATION_CONTEXT ( 3 ) GLOBAL_UNCERTAINTY_ASSIGNED_CONTEXT ( ( #206 ) ) GLOBAL_UNIT_ASSIGNED_CONTEXT ( ( #245, #136, #981 ) ) REPRESENTATION_CONTEXT ( 'NONE', 'WORKASPACE' ) );
#902 = ORIENTED_EDGE ( 'NONE', *, *, #335, .T. ) ;
#903 = DIRECTION ( 'NONE',  ( 0.000000000000000000, 0.000000000000000000, -1.000000000000000000 ) ) ;
#904 = EDGE_LOOP ( 'NONE', ( #1047, #1150, #105, #141 ) ) ;
#905 = EDGE_CURVE ( 'NONE', #1338, #396, #1239, .T. ) ;
#906 = ORIENTED_EDGE ( 'NONE', *, *, #205, .F. ) ;
#907 = DIRECTION ( 'NONE',  ( -2.710505431213761578E-16, -0.000000000000000000, -1.000000000000000000 ) ) ;
#908 = ORIENTED_EDGE ( 'NONE', *, *, #379, .F. ) ;
#909 = DIRECTION ( 'NONE',  ( 1.000000000000000000, 0.000000000000000000, 0.000000000000000000 ) ) ;
#910 = ORIENTED_EDGE ( 'NONE', *, *, #448, .F. ) ;
#911 = AXIS2_PLACEMENT_3D ( 'NONE', #1124, #934, #921 ) ;
#912 = ORIENTED_EDGE ( 'NONE', *, *, #549, .F. ) ;
#913 = ORIENTED_EDGE ( 'NONE', *, *, #1281, .F. ) ;
#914 = DIRECTION ( 'NONE',  ( 0.000000000000000000, 1.000000000000000000, -0.000000000000000000 ) ) ;
#915 = ORIENTED_EDGE ( 'NONE', *, *, #695, .F. ) ;
#916 = DIRECTION ( 'NONE',  ( -1.000000000000000000, -0.000000000000000000, -0.000000000000000000 ) ) ;
#917 = EDGE_CURVE ( 'NONE', #866, #457, #286, .T. ) ;
#918 = ORIENTED_EDGE ( 'NONE', *, *, #1302, .F. ) ;
#919 = EDGE_CURVE ( 'NONE', #457, #1179, #1243, .T. ) ;
#920 = ORIENTED_EDGE ( 'NONE', *, *, #3, .F. ) ;
#921 = DIRECTION ( 'NONE',  ( 0.000000000000000000, 0.000000000000000000, 1.000000000000000000 ) ) ;
#922 = ORIENTED_EDGE ( 'NONE', *, *, #649, .F. ) ;
#923 = SURFACE_STYLE_USAGE ( .BOTH. , #815 ) ;
#924 = CARTESIAN_POINT ( 'NONE',  ( -1.049999999999999822, 1.719999999999999973, 0.7999999999999998224 ) ) ;
#925 = DIRECTION ( 'NONE',  ( 1.000000000000000000, 0.000000000000000000, 0.000000000000000000 ) ) ;
#926 = VERTEX_POINT ( 'NONE', #861 ) ;
#927 = DIRECTION ( 'NONE',  ( 2.710505431213761578E-16, -0.000000000000000000, -1.000000000000000000 ) ) ;
#928 = AXIS2_PLACEMENT_3D ( 'NONE', #1146, #91, #795 ) ;
#929 = ADVANCED_FACE ( 'NONE', ( #747 ), #293, .T. ) ;
#930 =( GEOMETRIC_REPRESENTATION_CONTEXT ( 3 ) GLOBAL_UNCERTAINTY_ASSIGNED_CONTEXT ( ( #584 ) ) GLOBAL_UNIT_ASSIGNED_CONTEXT ( ( #310, #388, #488 ) ) REPRESENTATION_CONTEXT ( 'NONE', 'WORKASPACE' ) );
#931 = ORIENTED_EDGE ( 'NONE', *, *, #549, .T. ) ;
#932 = AXIS2_PLACEMENT_3D ( 'NONE', #467, #916, #1158 ) ;
#933 = ORIENTED_EDGE ( 'NONE', *, *, #15, .F. ) ;
#934 = DIRECTION ( 'NONE',  ( -1.000000000000000000, 0.000000000000000000, 0.000000000000000000 ) ) ;
#935 = ORIENTED_EDGE ( 'NONE', *, *, #813, .T. ) ;
#936 = DIRECTION ( 'NONE',  ( -0.000000000000000000, -1.000000000000000000, -0.000000000000000000 ) ) ;
#937 = SURFACE_SIDE_STYLE ('',( #1103 ) ) ;
#938 = ORIENTED_EDGE ( 'NONE', *, *, #1226, .F. ) ;
#939 = AXIS2_PLACEMENT_3D ( 'NONE', #1412, #513, #328 ) ;
#940 = CARTESIAN_POINT ( 'NONE',  ( 1.520000000000000018, 1.800000000000000044, -0.7999999999999998224 ) ) ;
#941 = ORIENTED_EDGE ( 'NONE', *, *, #510, .F. ) ;
#942 = ORIENTED_EDGE ( 'NONE', *, *, #493, .F. ) ;
#943 = CARTESIAN_POINT ( 'NONE',  ( 1.050000000020645530, 0.07999999999999998779, -0.7733333333333333171 ) ) ;
#944 = ORIENTED_EDGE ( 'NONE', *, *, #461, .T. ) ;
#945 = DIRECTION ( 'NONE',  ( 1.000000000000000000, -0.000000000000000000, -1.355252715606880789E-16 ) ) ;
#946 = SURFACE_STYLE_USAGE ( .BOTH. , #31 ) ;
#947 = CARTESIAN_POINT ( 'NONE',  ( -1.600000000000000089, 1.800000000000000044, -0.7999999999999998224 ) ) ;
#948 = DIRECTION ( 'NONE',  ( 1.000000000000000000, 0.000000000000000000, 1.355252715606880789E-16 ) ) ;
#949 = STYLED_ITEM ( 'NONE', ( #323 ), #1403 ) ;
#950 = AXIS2_PLACEMENT_3D ( 'NONE', #68, #1399, #630 ) ;
#951 = CARTESIAN_POINT ( 'NONE',  ( -1.049999999999999822, 1.800000000000000044, 0.7999999999999998224 ) ) ;
#952 = CARTESIAN_POINT ( 'NONE',  ( 500000.0000000000582, 0.02666666666666668573, 0.7199999999566316644 ) ) ;
#953 = CARTESIAN_POINT ( 'NONE',  ( 1.519999999999999796, 1.719999999999999973, 4.119968255444917342E-16 ) ) ;
#954 = EDGE_CURVE ( 'NONE', #207, #1236, #758, .T. ) ;
#955 = CARTESIAN_POINT ( 'NONE',  ( -1.520000000000000018, 1.800000000000000044, -0.7199999999999998623 ) ) ;
#956 = DIRECTION ( 'NONE',  ( -1.000000000000000000, 0.000000000000000000, -1.971276677246372012E-16 ) ) ;
#957 = CARTESIAN_POINT ( 'NONE',  ( -1.049999999999999822, 0.07999999999999998779, -0.7733333333333330950 ) ) ;
#958 =( NAMED_UNIT ( * ) PLANE_ANGLE_UNIT ( ) SI_UNIT ( $, .RADIAN. ) );
#959 = CARTESIAN_POINT ( 'NONE',  ( 1.050000000000000044, 1.719999999999999973, -0.7199999999999998623 ) ) ;
#960 = AXIS2_PLACEMENT_3D ( 'NONE', #422, #92, #796 ) ;
#961 = EDGE_CURVE ( 'NONE', #858, #1355, #585, .T. ) ;
#962 = DIRECTION ( 'NONE',  ( 0.000000000000000000, 0.000000000000000000, 1.000000000000000000 ) ) ;
#963 = DIRECTION ( 'NONE',  ( -1.000000000000000000, 0.000000000000000000, 0.000000000000000000 ) ) ;
#964 = EDGE_CURVE ( 'NONE', #283, #1174, #1075, .T. ) ;
#965 = CARTESIAN_POINT ( 'NONE',  ( 1.520000000000000018, 0.08000000000000000167, -0.7199999999999998623 ) ) ;
#966 = CARTESIAN_POINT ( 'NONE',  ( -1.600000000000000089, 0.07999999999999998779, -0.7199999999999998623 ) ) ;
#967 = PLANE ( 'NONE',  #1334 ) ;
#968 = PRESENTATION_LAYER_ASSIGNMENT (  '', '', ( #1052 ) ) ;
#969 = DIRECTION ( 'NONE',  ( -1.355252715606880789E-16, 0.000000000000000000, 1.000000000000000000 ) ) ;
#970 = CARTESIAN_POINT ( 'NONE',  ( -1.600000000000000089, 0.07999999999999998779, -0.7999999999999998224 ) ) ;
#971 = DIRECTION ( 'NONE',  ( -1.000000000000000000, 0.000000000000000000, 0.000000000000000000 ) ) ;
#972 = DIRECTION ( 'NONE',  ( 0.000000000000000000, -1.000000000000000000, 0.000000000000000000 ) ) ;
#973 = LINE ( 'NONE', #190, #38 ) ;
#974 =( NAMED_UNIT ( * ) SI_UNIT ( $, .STERADIAN. ) SOLID_ANGLE_UNIT ( ) );
#975 = FACE_OUTER_BOUND ( 'NONE', #578, .T. ) ;
#976 = EDGE_CURVE ( 'NONE', #1218, #885, #595, .T. ) ;
#977 = CARTESIAN_POINT ( 'NONE',  ( 1.519999999999999574, 1.800000000000000044, 0.7999999999999999334 ) ) ;
#978 = CARTESIAN_POINT ( 'NONE',  ( -1.520000000000000018, 1.719999999999999973, -0.7199999999999998623 ) ) ;
#979 = UNCERTAINTY_MEASURE_WITH_UNIT (LENGTH_MEASURE( 1.000000000000000082E-05 ), #998, 'distance_accuracy_value', 'NONE');
#980 = VECTOR ( 'NONE', #489, 1000.000000000000000 ) ;
#981 =( NAMED_UNIT ( * ) SI_UNIT ( $, .STERADIAN. ) SOLID_ANGLE_UNIT ( ) );
#982 = APPLICATION_CONTEXT ( 'automotive_design' ) ;
#983 = AXIS2_PLACEMENT_3D ( 'NONE', #733, #411, #1304 ) ;
#984 = COLOUR_RGB ( '',0.4862745098039215619, 0.2352941176470588203, 0.01568627450980392135 ) ;
#985 = STYLED_ITEM ( 'NONE', ( #702 ), #1267 ) ;
#986 = SURFACE_STYLE_USAGE ( .BOTH. , #678 ) ;
#987 = AXIS2_PLACEMENT_3D ( 'NONE', #787, #65, #216 ) ;
#988 = SURFACE_SIDE_STYLE ('',( #749 ) ) ;
#989 = DIRECTION ( 'NONE',  ( 0.000000000000000000, -1.000000000000000000, 0.000000000000000000 ) ) ;
#990 = ADVANCED_FACE ( 'NONE', ( #609 ), #174, .T. ) ;
#991 = CARTESIAN_POINT ( 'NONE',  ( -1.049999999999999822, 1.773333333333333428, -0.7199999999999998623 ) ) ;
#992 = SURFACE_STYLE_USAGE ( .BOTH. , #516 ) ;
#993 = ADVANCED_FACE ( 'NONE', ( #188 ), #231, .F. ) ;
#994 = UNCERTAINTY_MEASURE_WITH_UNIT (LENGTH_MEASURE( 1.000000000000000082E-05 ), #17, 'distance_accuracy_value', 'NONE');
#995 = DIRECTION ( 'NONE',  ( 0.000000000000000000, 0.000000000000000000, 1.000000000000000000 ) ) ;
#996 = ORIENTED_EDGE ( 'NONE', *, *, #675, .T. ) ;
#997 = LINE ( 'NONE', #693, #63 ) ;
#998 =( LENGTH_UNIT ( ) NAMED_UNIT ( * ) SI_UNIT ( .MILLI., .METRE. ) );
#999 = PRODUCT_DEFINITION_FORMATION_WITH_SPECIFIED_SOURCE ( 'ANY', '', #96, .NOT_KNOWN. ) ;
#1000 = FACE_OUTER_BOUND ( 'NONE', #1162, .T. ) ;
#1001 = SURFACE_STYLE_FILL_AREA ( #24 ) ;
#1002 = DIRECTION ( 'NONE',  ( -0.000000000000000000, 1.000000000000000000, -0.000000000000000000 ) ) ;
#1003 = EDGE_CURVE ( 'NONE', #412, #866, #1088, .T. ) ;
#1004 = EDGE_LOOP ( 'NONE', ( #781, #874, #250, #1201 ) ) ;
#1005 = CARTESIAN_POINT ( 'NONE',  ( -1.049999999999999822, 1.773333333333333428, -0.7199999999999998623 ) ) ;
#1006 = CARTESIAN_POINT ( 'NONE',  ( 0.000000000000000000, 1.800000000000000044, 0.000000000000000000 ) ) ;
#1007 = PLANE ( 'NONE',  #1221 ) ;
#1008 = ADVANCED_FACE ( 'NONE', ( #1169 ), #1118, .T. ) ;
#1009 = ORIENTED_EDGE ( 'NONE', *, *, #379, .T. ) ;
#1010 = FILL_AREA_STYLE_COLOUR ( '', #303 ) ;
#1011 = CLOSED_SHELL ( 'NONE', ( #1257, #804, #643, #891, #1371, #607, #823, #377, #730, #1284, #929, #284, #1178, #687, #1008, #19, #1246, #274 ) ) ;
#1012 = PRESENTATION_LAYER_ASSIGNMENT (  '', '', ( #1375 ) ) ;
#1013 = CARTESIAN_POINT ( 'NONE',  ( 1.050000000020645530, 0.08000000000000043188, 0.7733333333333328730 ) ) ;
#1014 = SURFACE_STYLE_USAGE ( .BOTH. , #560 ) ;
#1015 = DIRECTION ( 'NONE',  ( 1.000000000000000000, 0.000000000000000000, -8.673617379884036705E-17 ) ) ;
#1016 = VECTOR ( 'NONE', #282, 1000.000000000000000 ) ;
#1017 = ORIENTED_EDGE ( 'NONE', *, *, #12, .T. ) ;
#1018 = VECTOR ( 'NONE', #805, 1000.000000000000000 ) ;
#1019 = CARTESIAN_POINT ( 'NONE',  ( 1.600000000000000089, 1.719999999999999973, -0.7999999999999998224 ) ) ;
#1020 = FACE_OUTER_BOUND ( 'NONE', #700, .T. ) ;
#1021 = FACE_OUTER_BOUND ( 'NONE', #881, .T. ) ;
#1022 = EDGE_CURVE ( 'NONE', #1355, #254, #142, .T. ) ;
#1023 = CARTESIAN_POINT ( 'NONE',  ( 1.050000000000000044, 1.719999999999999973, -0.7999999999999998224 ) ) ;
#1024 = CARTESIAN_POINT ( 'NONE',  ( 1.419319207617387040E-16, 0.000000000000000000, 0.7199999999999996403 ) ) ;
#1025 = VECTOR ( 'NONE', #936, 1000.000000000000000 ) ;
#1026 = DIRECTION ( 'NONE',  ( 0.000000000000000000, 0.000000000000000000, -1.000000000000000000 ) ) ;
#1027 = LINE ( 'NONE', #1272, #79 ) ;
#1028 = VERTEX_POINT ( 'NONE', #957 ) ;
#1029 = CARTESIAN_POINT ( 'NONE',  ( 1.419319207617387040E-16, 1.719999999999999973, 0.7199999999999996403 ) ) ;
#1030 = ORIENTED_EDGE ( 'NONE', *, *, #122, .T. ) ;
#1031 = LINE ( 'NONE', #1, #130 ) ;
#1032 = ORIENTED_EDGE ( 'NONE', *, *, #1245, .T. ) ;
#1033 = CARTESIAN_POINT ( 'NONE',  ( 1.520000000000000018, 1.719999999999999973, -0.7199999999999998623 ) ) ;
#1034 = EDGE_LOOP ( 'NONE', ( #931, #650, #1046, #109 ) ) ;
#1035 = CARTESIAN_POINT ( 'NONE',  ( -1.049999999999999822, 0.07999999999999998779, 0.7199999999999998623 ) ) ;
#1036 = DIRECTION ( 'NONE',  ( 0.000000000000000000, 0.000000000000000000, 1.000000000000000000 ) ) ;
#1037 = LINE ( 'NONE', #1313, #85 ) ;
#1038 = ORIENTED_EDGE ( 'NONE', *, *, #1022, .T. ) ;
#1039 = ADVANCED_FACE ( 'NONE', ( #601 ), #338, .F. ) ;
#1040 = EDGE_LOOP ( 'NONE', ( #430, #1411, #187, #1402 ) ) ;
#1041 = EDGE_CURVE ( 'NONE', #405, #1342, #1139, .T. ) ;
#1042 = CIRCLE ( 'NONE', #1345, 0.07999999999999998779 ) ;
#1043 = DIRECTION ( 'NONE',  ( 0.000000000000000000, 1.000000000000000000, 0.000000000000000000 ) ) ;
#1044 = VERTEX_POINT ( 'NONE', #107 ) ;
#1045 = EDGE_CURVE ( 'NONE', #665, #457, #170, .T. ) ;
#1046 = ORIENTED_EDGE ( 'NONE', *, *, #917, .T. ) ;
#1047 = ORIENTED_EDGE ( 'NONE', *, *, #510, .T. ) ;
#1048 = DIRECTION ( 'NONE',  ( -0.000000000000000000, -1.000000000000000000, -0.000000000000000000 ) ) ;
#1049 = DIRECTION ( 'NONE',  ( -2.710505431213761578E-16, 0.000000000000000000, -1.000000000000000000 ) ) ;
#1050 = FACE_OUTER_BOUND ( 'NONE', #565, .T. ) ;
#1051 = CARTESIAN_POINT ( 'NONE',  ( 1.519999999999999574, 0.07999999999999998779, 0.7199999999999999734 ) ) ;
#1052 = STYLED_ITEM ( 'NONE', ( #673 ), #477 ) ;
#1053 = FACE_OUTER_BOUND ( 'NONE', #386, .T. ) ;
#1054 = CYLINDRICAL_SURFACE ( 'NONE', #507, 0.07999999999999998779 ) ;
#1055 = DIRECTION ( 'NONE',  ( -1.000000000000000000, -0.000000000000000000, 8.673617379884036705E-17 ) ) ;
#1056 = ORIENTED_EDGE ( 'NONE', *, *, #226, .T. ) ;
#1057 =( GEOMETRIC_REPRESENTATION_CONTEXT ( 3 ) GLOBAL_UNCERTAINTY_ASSIGNED_CONTEXT ( ( #994 ) ) GLOBAL_UNIT_ASSIGNED_CONTEXT ( ( #17, #1343, #347 ) ) REPRESENTATION_CONTEXT ( 'NONE', 'WORKASPACE' ) );
#1058 = FACE_OUTER_BOUND ( 'NONE', #1034, .T. ) ;
#1059 = ORIENTED_EDGE ( 'NONE', *, *, #322, .T. ) ;
#1060 = CYLINDRICAL_SURFACE ( 'NONE', #570, 0.07999999999999998779 ) ;
#1061 = CIRCLE ( 'NONE', #1308, 0.07999999999999998779 ) ;
#1062 = LINE ( 'NONE', #798, #111 ) ;
#1063 = CIRCLE ( 'NONE', #50, 0.07999999999999998779 ) ;
#1064 = EDGE_LOOP ( 'NONE', ( #419, #407, #784, #469 ) ) ;
#1065 = DIRECTION ( 'NONE',  ( 1.000000000000000000, 0.000000000000000000, -8.673617379884036705E-17 ) ) ;
#1066 = AXIS2_PLACEMENT_3D ( 'NONE', #255, #535, #903 ) ;
#1067 = VECTOR ( 'NONE', #356, 1000.000000000000000 ) ;
#1068 = CARTESIAN_POINT ( 'NONE',  ( -1.520000000000000018, 0.07999999999999998779, -0.7999999999999998224 ) ) ;
#1069 = ORIENTED_EDGE ( 'NONE', *, *, #306, .F. ) ;
#1070 = LINE ( 'NONE', #25, #1016 ) ;
#1071 = ORIENTED_EDGE ( 'NONE', *, *, #100, .F. ) ;
#1072 = ORIENTED_EDGE ( 'NONE', *, *, #868, .F. ) ;
#1073 = LINE ( 'NONE', #1119, #1067 ) ;
#1074 = VECTOR ( 'NONE', #927, 1000.000000000000000 ) ;
#1075 = LINE ( 'NONE', #970, #1084 ) ;
#1076 = ORIENTED_EDGE ( 'NONE', *, *, #157, .F. ) ;
#1077 = DIRECTION ( 'NONE',  ( 0.000000000000000000, 0.000000000000000000, 1.000000000000000000 ) ) ;
#1078 = CARTESIAN_POINT ( 'NONE',  ( -1.050000000000000044, 1.719999999999999973, -0.7999999999999998224 ) ) ;
#1079 = SPHERICAL_SURFACE ( 'NONE', #305, 0.08000000000000000167 ) ;
#1080 = ORIENTED_EDGE ( 'NONE', *, *, #800, .T. ) ;
#1081 = ORIENTED_EDGE ( 'NONE', *, *, #783, .T. ) ;
#1082 = VECTOR ( 'NONE', #1421, 1000.000000000000000 ) ;
#1083 = CARTESIAN_POINT ( 'NONE',  ( -1.600000000000000089, 0.07999999999999998779, -0.7199999999999998623 ) ) ;
#1084 = VECTOR ( 'NONE', #505, 1000.000000000000000 ) ;
#1085 = AXIS2_PLACEMENT_3D ( 'NONE', #272, #886, #540 ) ;
#1086 = ORIENTED_EDGE ( 'NONE', *, *, #493, .T. ) ;
#1087 = CIRCLE ( 'NONE', #1066, 0.05333333333333329512 ) ;
#1088 = LINE ( 'NONE', #629, #160 ) ;
#1089 = PRESENTATION_STYLE_ASSIGNMENT (( #529 ) ) ;
#1090 = ORIENTED_EDGE ( 'NONE', *, *, #3, .T. ) ;
#1091 = CARTESIAN_POINT ( 'NONE',  ( -1.049999999999999822, 0.02666666666666666838, 0.7199999999999998623 ) ) ;
#1092 = CIRCLE ( 'NONE', #644, 0.07999999999999998779 ) ;
#1093 = VECTOR ( 'NONE', #833, 1000.000000000000000 ) ;
#1094 = ORIENTED_EDGE ( 'NONE', *, *, #572, .F. ) ;
#1095 = CARTESIAN_POINT ( 'NONE',  ( 1.049999999999999822, 1.800000000000000044, 0.7999999999999998224 ) ) ;
#1096 = CYLINDRICAL_SURFACE ( 'NONE', #826, 0.07999999999999998779 ) ;
#1097 = VECTOR ( 'NONE', #48, 1000.000000000000000 ) ;
#1098 = EDGE_CURVE ( 'NONE', #1236, #437, #634, .T. ) ;
#1099 = CARTESIAN_POINT ( 'NONE',  ( 1.600000000000000089, 1.800000000000000044, -0.7999999999999998224 ) ) ;
#1100 = FACE_OUTER_BOUND ( 'NONE', #442, .T. ) ;
#1101 = EDGE_LOOP ( 'NONE', ( #1413, #268, #1348 ) ) ;
#1102 = CIRCLE ( 'NONE', #182, 0.05333333333333329512 ) ;
#1103 = SURFACE_STYLE_FILL_AREA ( #180 ) ;
#1104 = FACE_OUTER_BOUND ( 'NONE', #380, .T. ) ;
#1105 = DIRECTION ( 'NONE',  ( 0.000000000000000000, 0.000000000000000000, -1.000000000000000000 ) ) ;
#1106 = ORIENTED_EDGE ( 'NONE', *, *, #954, .F. ) ;
#1107 = LINE ( 'NONE', #1024, #159 ) ;
#1108 = LINE ( 'NONE', #1311, #155 ) ;
#1109 = UNCERTAINTY_MEASURE_WITH_UNIT (LENGTH_MEASURE( 1.000000000000000082E-05 ), #350, 'distance_accuracy_value', 'NONE');
#1110 = CARTESIAN_POINT ( 'NONE',  ( 1.050000000000000044, 0.000000000000000000, -0.7199999999999998623 ) ) ;
#1111 = FACE_OUTER_BOUND ( 'NONE', #1416, .T. ) ;
#1112 = LINE ( 'NONE', #59, #626 ) ;
#1113 = ORIENTED_EDGE ( 'NONE', *, *, #1045, .F. ) ;
#1114 = AXIS2_PLACEMENT_3D ( 'NONE', #873, #972, #1105 ) ;
#1115 = DIRECTION ( 'NONE',  ( -1.355252715606880789E-16, -0.000000000000000000, -1.000000000000000000 ) ) ;
#1116 = ORIENTED_EDGE ( 'NONE', *, *, #228, .T. ) ;
#1117 = LINE ( 'NONE', #895, #149 ) ;
#1118 = CYLINDRICAL_SURFACE ( 'NONE', #1289, 0.07999999999999998779 ) ;
#1119 = CARTESIAN_POINT ( 'NONE',  ( 1.050000000020645530, 1.719999999999999973, 0.7733333333333328730 ) ) ;
#1120 = ORIENTED_EDGE ( 'NONE', *, *, #976, .F. ) ;
#1121 = FACE_OUTER_BOUND ( 'NONE', #1004, .T. ) ;
#1122 = MECHANICAL_DESIGN_GEOMETRIC_PRESENTATION_REPRESENTATION (  '', ( #592 ), #901 ) ;
#1123 = VERTEX_POINT ( 'NONE', #1293 ) ;
#1124 = CARTESIAN_POINT ( 'NONE',  ( -1.519999999999999574, 0.08000000000000000167, 0.7199999999999999734 ) ) ;
#1125 = VECTOR ( 'NONE', #1055, 1000.000000000000000 ) ;
#1126 = EDGE_CURVE ( 'NONE', #926, #207, #633, .T. ) ;
#1127 = VECTOR ( 'NONE', #429, 1000.000000000000000 ) ;
#1128 = ADVANCED_FACE ( 'NONE', ( #666 ), #670, .T. ) ;
#1129 = EDGE_CURVE ( 'NONE', #768, #898, #1108, .T. ) ;
#1130 = ORIENTED_EDGE ( 'NONE', *, *, #1022, .F. ) ;
#1131 = MANIFOLD_SOLID_BREP ( 'Boss-Extrude2', #845 ) ;
#1132 = CARTESIAN_POINT ( 'NONE',  ( -1.600000000000000089, 1.800000000000000044, -0.7199999999999998623 ) ) ;
#1133 = CARTESIAN_POINT ( 'NONE',  ( -1.049999999999999822, 1.719999999999999529, -0.7733333333333330950 ) ) ;
#1134 = CYLINDRICAL_SURFACE ( 'NONE', #1145, 0.07999999999999998779 ) ;
#1135 = ORIENTED_EDGE ( 'NONE', *, *, #1129, .T. ) ;
#1136 = LINE ( 'NONE', #1019, #178 ) ;
#1137 = CARTESIAN_POINT ( 'NONE',  ( 1.520000000000000018, 1.800000000000000044, -0.7199999999999998623 ) ) ;
#1138 = VECTOR ( 'NONE', #1048, 1000.000000000000000 ) ;
#1139 = LINE ( 'NONE', #333, #134 ) ;
#1140 = DIRECTION ( 'NONE',  ( 0.000000000000000000, 0.000000000000000000, 1.000000000000000000 ) ) ;
#1141 = AXIS2_PLACEMENT_3D ( 'NONE', #1319, #215, #1291 ) ;
#1142 =( NAMED_UNIT ( * ) SI_UNIT ( $, .STERADIAN. ) SOLID_ANGLE_UNIT ( ) );
#1143 = ORIENTED_EDGE ( 'NONE', *, *, #846, .F. ) ;
#1144 = CARTESIAN_POINT ( 'NONE',  ( -1.049999999999999822, 0.07999999999999998779, -0.7733333333333330950 ) ) ;
#1145 = AXIS2_PLACEMENT_3D ( 'NONE', #953, #1419, #1188 ) ;
#1146 = CARTESIAN_POINT ( 'NONE',  ( -1.520000000000000018, 0.07999999999999998779, -0.7999999999999998224 ) ) ;
#1147 = ORIENTED_EDGE ( 'NONE', *, *, #320, .T. ) ;
#1148 = DIRECTION ( 'NONE',  ( -1.000000000000000000, 0.000000000000000000, 0.000000000000000000 ) ) ;
#1149 = VECTOR ( 'NONE', #52, 1000.000000000000000 ) ;
#1150 = ORIENTED_EDGE ( 'NONE', *, *, #1281, .T. ) ;
#1151 = FACE_OUTER_BOUND ( 'NONE', #1205, .T. ) ;
#1152 = CIRCLE ( 'NONE', #1285, 0.07999999999999998779 ) ;
#1153 = CARTESIAN_POINT ( 'NONE',  ( -1.599999999999999645, 0.07999999999999998779, 0.7199999999999999734 ) ) ;
#1154 = FILL_AREA_STYLE_COLOUR ( '', #984 ) ;
#1155 = ORIENTED_EDGE ( 'NONE', *, *, #352, .T. ) ;
#1156 = EDGE_CURVE ( 'NONE', #769, #428, #622, .T. ) ;
#1157 = ORIENTED_EDGE ( 'NONE', *, *, #1209, .F. ) ;
#1158 = DIRECTION ( 'NONE',  ( 0.000000000000000000, 0.000000000000000000, 1.000000000000000000 ) ) ;
#1159 = CIRCLE ( 'NONE', #37, 0.05333333333333329512 ) ;
#1160 = ORIENTED_EDGE ( 'NONE', *, *, #1003, .F. ) ;
#1161 = CIRCLE ( 'NONE', #1390, 0.07999999999999998779 ) ;
#1162 = EDGE_LOOP ( 'NONE', ( #195, #1385, #729, #2, #1374, #1231, #124, #427 ) ) ;
#1163 = VECTOR ( 'NONE', #616, 1000.000000000000000 ) ;
#1164 = ADVANCED_FACE ( 'NONE', ( #185 ), #318, .F. ) ;
#1165 = AXIS2_PLACEMENT_3D ( 'NONE', #822, #580, #381 ) ;
#1166 = PLANE ( 'NONE',  #1170 ) ;
#1167 = DIRECTION ( 'NONE',  ( -0.000000000000000000, 1.000000000000000000, 0.000000000000000000 ) ) ;
#1168 = SURFACE_STYLE_FILL_AREA ( #127 ) ;
#1169 = FACE_OUTER_BOUND ( 'NONE', #904, .T. ) ;
#1170 = AXIS2_PLACEMENT_3D ( 'NONE', #1279, #342, #1233 ) ;
#1171 = CARTESIAN_POINT ( 'NONE',  ( 1.599999999999999645, 1.800000000000000044, 0.7999999999999999334 ) ) ;
#1172 = VECTOR ( 'NONE', #292, 1000.000000000000000 ) ;
#1173 = EDGE_CURVE ( 'NONE', #1342, #1395, #1112, .T. ) ;
#1174 = VERTEX_POINT ( 'NONE', #1214 ) ;
#1175 = CARTESIAN_POINT ( 'NONE',  ( 500000.0000000000582, 0.02666666666666666838, -0.7200000000433680603 ) ) ;
#1176 =( NAMED_UNIT ( * ) SI_UNIT ( $, .STERADIAN. ) SOLID_ANGLE_UNIT ( ) );
#1177 = CARTESIAN_POINT ( 'NONE',  ( 500000.0000000000582, 1.719999999999999973, 0.7199999999566316644 ) ) ;
#1178 = ADVANCED_FACE ( 'NONE', ( #1151 ), #1134, .T. ) ;
#1179 = VERTEX_POINT ( 'NONE', #736 ) ;
#1180 = CARTESIAN_POINT ( 'NONE',  ( 0.000000000000000000, 0.000000000000000000, -0.7199999999999998623 ) ) ;
#1181 = SURFACE_STYLE_FILL_AREA ( #1350 ) ;
#1182 = SURFACE_STYLE_FILL_AREA ( #385 ) ;
#1183 = AXIS2_PLACEMENT_3D ( 'NONE', #699, #4, #876 ) ;
#1184 = COLOUR_RGB ( '',0.4862745098039215619, 0.2352941176470588203, 0.01568627450980392135 ) ;
#1185 = MECHANICAL_DESIGN_GEOMETRIC_PRESENTATION_REPRESENTATION (  '', ( #358 ), #1057 ) ;
#1186 = CARTESIAN_POINT ( 'NONE',  ( -1.049999999999999822, 0.07999999999999998779, 0.7999999999999998224 ) ) ;
#1187 = EDGE_LOOP ( 'NONE', ( #1360, #746, #902, #863 ) ) ;
#1188 = DIRECTION ( 'NONE',  ( 1.000000000000000000, 0.000000000000000000, 2.710505431213758127E-16 ) ) ;
#1189 = DIRECTION ( 'NONE',  ( -1.000000000000000000, -0.000000000000000000, 8.673617379884036705E-17 ) ) ;
#1190 = LINE ( 'NONE', #519, #240 ) ;
#1191 = EDGE_CURVE ( 'NONE', #227, #277, #1159, .T. ) ;
#1192 = ORIENTED_EDGE ( 'NONE', *, *, #836, .T. ) ;
#1193 = LINE ( 'NONE', #165, #1172 ) ;
#1194 = DIRECTION ( 'NONE',  ( 0.000000000000000000, 0.000000000000000000, 1.000000000000000000 ) ) ;
#1195 = DIRECTION ( 'NONE',  ( -1.000000000000000000, -0.000000000000000000, 8.673617379884036705E-17 ) ) ;
#1196 = FILL_AREA_STYLE_COLOUR ( '', #210 ) ;
#1197 = FACE_OUTER_BOUND ( 'NONE', #78, .T. ) ;
#1198 = DIRECTION ( 'NONE',  ( 0.000000000000000000, -1.000000000000000000, 0.000000000000000000 ) ) ;
#1199 = FACE_OUTER_BOUND ( 'NONE', #1386, .T. ) ;
#1200 = ADVANCED_FACE ( 'NONE', ( #181 ), #663, .T. ) ;
#1201 = ORIENTED_EDGE ( 'NONE', *, *, #735, .F. ) ;
#1202 = VECTOR ( 'NONE', #907, 1000.000000000000000 ) ;
#1203 = VECTOR ( 'NONE', #884, 1000.000000000000000 ) ;
#1204 = DIRECTION ( 'NONE',  ( -1.000000000000000000, -0.000000000000000000, -0.000000000000000000 ) ) ;
#1205 = EDGE_LOOP ( 'NONE', ( #920, #646, #57, #433 ) ) ;
#1206 = SURFACE_STYLE_USAGE ( .BOTH. , #642 ) ;
#1207 = EDGE_CURVE ( 'NONE', #444, #412, #1161, .T. ) ;
#1208 = DIRECTION ( 'NONE',  ( 0.000000000000000000, 0.000000000000000000, 1.000000000000000000 ) ) ;
#1209 = EDGE_CURVE ( 'NONE', #858, #885, #208, .T. ) ;
#1210 = ORIENTED_EDGE ( 'NONE', *, *, #1173, .F. ) ;
#1211 = CARTESIAN_POINT ( 'NONE',  ( 1.520000000000000018, 1.719999999999999973, -0.7199999999999998623 ) ) ;
#1212 = DIRECTION ( 'NONE',  ( 0.000000000000000000, 0.000000000000000000, 1.000000000000000000 ) ) ;
#1213 = ORIENTED_EDGE ( 'NONE', *, *, #77, .F. ) ;
#1214 = CARTESIAN_POINT ( 'NONE',  ( -1.599999999999999645, 0.07999999999999998779, 0.7199999999999999734 ) ) ;
#1215 = CIRCLE ( 'NONE', #87, 0.07999999999999998779 ) ;
#1216 = UNCERTAINTY_MEASURE_WITH_UNIT (LENGTH_MEASURE( 1.000000000000000082E-05 ), #1379, 'distance_accuracy_value', 'NONE');
#1217 = PRESENTATION_LAYER_ASSIGNMENT (  '', '', ( #358 ) ) ;
#1218 = VERTEX_POINT ( 'NONE', #828 ) ;
#1219 = CARTESIAN_POINT ( 'NONE',  ( 1.050000000020645530, 1.719999999999999529, -0.7733333333333333171 ) ) ;
#1220 = PRODUCT_RELATED_PRODUCT_CATEGORY ( 'part', '', ( #96 ) ) ;
#1221 = AXIS2_PLACEMENT_3D ( 'NONE', #1368, #34, #1282 ) ;
#1222 = PRESENTATION_STYLE_ASSIGNMENT (( #1252 ) ) ;
#1223 = COLOUR_RGB ( '',0.7921568627450980005, 0.8196078431372548767, 0.9333333333333333481 ) ;
#1224 = CARTESIAN_POINT ( 'NONE',  ( 0.000000000000000000, 0.000000000000000000, 0.000000000000000000 ) ) ;
#1225 = CARTESIAN_POINT ( 'NONE',  ( 1.519999999999999574, 0.08000000000000000167, 0.7199999999999999734 ) ) ;
#1226 = EDGE_CURVE ( 'NONE', #236, #1355, #731, .T. ) ;
#1227 = VECTOR ( 'NONE', #785, 1000.000000000000000 ) ;
#1228 = CIRCLE ( 'NONE', #1238, 0.07999999999999998779 ) ;
#1229 = SURFACE_STYLE_FILL_AREA ( #814 ) ;
#1230 = DIRECTION ( 'NONE',  ( 0.000000000000000000, 0.000000000000000000, 1.000000000000000000 ) ) ;
#1231 = ORIENTED_EDGE ( 'NONE', *, *, #1380, .T. ) ;
#1232 = SURFACE_SIDE_STYLE ('',( #801 ) ) ;
#1233 = DIRECTION ( 'NONE',  ( 1.000000000000000000, 0.000000000000000000, -8.673617379884036705E-17 ) ) ;
#1234 = DIRECTION ( 'NONE',  ( -1.000000000000000000, 0.000000000000000000, -2.710505431213761578E-16 ) ) ;
#1235 = FACE_OUTER_BOUND ( 'NONE', #742, .T. ) ;
#1236 = VERTEX_POINT ( 'NONE', #756 ) ;
#1237 = CARTESIAN_POINT ( 'NONE',  ( -1.049999999999999822, 0.02666666666666666838, -0.7199999999999998623 ) ) ;
#1238 = AXIS2_PLACEMENT_3D ( 'NONE', #273, #541, #995 ) ;
#1239 = CIRCLE ( 'NONE', #530, 0.07999999999999998779 ) ;
#1240 = ORIENTED_EDGE ( 'NONE', *, *, #783, .F. ) ;
#1241 = CARTESIAN_POINT ( 'NONE',  ( -1.520000000000000018, 0.07999999999999998779, -0.7199999999999998623 ) ) ;
#1242 = ORIENTED_EDGE ( 'NONE', *, *, #397, .F. ) ;
#1243 = CIRCLE ( 'NONE', #21, 0.07999999999999998779 ) ;
#1244 = FACE_OUTER_BOUND ( 'NONE', #158, .T. ) ;
#1245 = EDGE_CURVE ( 'NONE', #396, #417, #1190, .T. ) ;
#1246 = ADVANCED_FACE ( 'NONE', ( #263 ), #697, .T. ) ;
#1247 = DIRECTION ( 'NONE',  ( 1.000000000000000000, 0.000000000000000000, 1.355252715606880789E-16 ) ) ;
#1248 =( NAMED_UNIT ( * ) PLANE_ANGLE_UNIT ( ) SI_UNIT ( $, .RADIAN. ) );
#1249 = ORIENTED_EDGE ( 'NONE', *, *, #465, .T. ) ;
#1250 = CIRCLE ( 'NONE', #911, 0.07999999999999998779 ) ;
#1251 = DIRECTION ( 'NONE',  ( -1.000000000000000000, -0.000000000000000000, 0.000000000000000000 ) ) ;
#1252 = SURFACE_STYLE_USAGE ( .BOTH. , #988 ) ;
#1253 = AXIS2_PLACEMENT_3D ( 'NONE', #533, #511, #779 ) ;
#1254 = CARTESIAN_POINT ( 'NONE',  ( 0.000000000000000000, 1.719999999999999973, -0.7199999999999998623 ) ) ;
#1255 = SHAPE_DEFINITION_REPRESENTATION ( #1357, #66 ) ;
#1256 = ORIENTED_EDGE ( 'NONE', *, *, #735, .T. ) ;
#1257 = ADVANCED_FACE ( 'NONE', ( #690 ), #862, .F. ) ;
#1258 = AXIS2_PLACEMENT_3D ( 'NONE', #1033, #832, #61 ) ;
#1259 = FILL_AREA_STYLE ('',( #370 ) ) ;
#1260 = DIRECTION ( 'NONE',  ( 0.000000000000000000, -1.000000000000000000, 0.000000000000000000 ) ) ;
#1261 = ORIENTED_EDGE ( 'NONE', *, *, #1383, .T. ) ;
#1262 = EDGE_CURVE ( 'NONE', #1218, #1336, #237, .T. ) ;
#1263 = EDGE_CURVE ( 'NONE', #844, #326, #266, .T. ) ;
#1264 = SURFACE_SIDE_STYLE ('',( #1001 ) ) ;
#1265 = EDGE_LOOP ( 'NONE', ( #1069, #576, #425, #117 ) ) ;
#1266 = CARTESIAN_POINT ( 'NONE',  ( 1.049999999999999822, 0.07999999999999998779, 0.7199999999999998623 ) ) ;
#1267 = MANIFOLD_SOLID_BREP ( 'Fillet1', #451 ) ;
#1268 = VERTEX_POINT ( 'NONE', #924 ) ;
#1269 = FACE_OUTER_BOUND ( 'NONE', #732, .T. ) ;
#1270 = ADVANCED_FACE ( 'NONE', ( #1197 ), #482, .T. ) ;
#1271 = CARTESIAN_POINT ( 'NONE',  ( 1.049999999999999822, 1.800000000000000044, 0.7199999999999998623 ) ) ;
#1272 = CARTESIAN_POINT ( 'NONE',  ( 1.050000000000000044, 1.800000000000000044, -0.7999999999999998224 ) ) ;
#1273 =( GEOMETRIC_REPRESENTATION_CONTEXT ( 3 ) GLOBAL_UNCERTAINTY_ASSIGNED_CONTEXT ( ( #979 ) ) GLOBAL_UNIT_ASSIGNED_CONTEXT ( ( #998, #300, #661 ) ) REPRESENTATION_CONTEXT ( 'NONE', 'WORKASPACE' ) );
#1274 = DIRECTION ( 'NONE',  ( -1.000000000000000000, -0.000000000000000000, -0.000000000000000000 ) ) ;
#1275 = ORIENTED_EDGE ( 'NONE', *, *, #799, .T. ) ;
#1276 = FILL_AREA_STYLE ('',( #694 ) ) ;
#1277 = ORIENTED_EDGE ( 'NONE', *, *, #848, .T. ) ;
#1278 = CARTESIAN_POINT ( 'NONE',  ( -1.050000000000000044, 1.800000000000000044, -0.7999999999999998224 ) ) ;
#1279 = CARTESIAN_POINT ( 'NONE',  ( 500000.0000000000582, 0.07999999999999998779, -0.7733333333767012929 ) ) ;
#1280 = ORIENTED_EDGE ( 'NONE', *, *, #353, .T. ) ;
#1281 = EDGE_CURVE ( 'NONE', #1044, #1218, #1193, .T. ) ;
#1282 = DIRECTION ( 'NONE',  ( -1.355252715606880789E-16, 0.000000000000000000, 1.000000000000000000 ) ) ;
#1283 = ORIENTED_EDGE ( 'NONE', *, *, #1398, .T. ) ;
#1284 = ADVANCED_FACE ( 'NONE', ( #721 ), #222, .T. ) ;
#1285 = AXIS2_PLACEMENT_3D ( 'NONE', #1035, #945, #1408 ) ;
#1286 = FILL_AREA_STYLE ('',( #1010 ) ) ;
#1287 = STYLED_ITEM ( 'NONE', ( #718 ), #1352 ) ;
#1288 = CARTESIAN_POINT ( 'NONE',  ( -1.600000000000000089, 1.719999999999999973, -0.7999999999999998224 ) ) ;
#1289 = AXIS2_PLACEMENT_3D ( 'NONE', #870, #668, #850 ) ;
#1290 = DIRECTION ( 'NONE',  ( -0.000000000000000000, 1.000000000000000000, -0.000000000000000000 ) ) ;
#1291 = DIRECTION ( 'NONE',  ( 0.000000000000000000, 0.000000000000000000, -1.000000000000000000 ) ) ;
#1292 = DIRECTION ( 'NONE',  ( -0.000000000000000000, -1.000000000000000000, -0.000000000000000000 ) ) ;
#1293 = CARTESIAN_POINT ( 'NONE',  ( -1.050000000000000044, 0.07999999999999998779, -0.7999999999999998224 ) ) ;
#1294 = CARTESIAN_POINT ( 'NONE',  ( -1.520000000000000018, 0.07999999999999998779, -0.7199999999999998623 ) ) ;
#1295 = AXIS2_PLACEMENT_3D ( 'NONE', #301, #481, #569 ) ;
#1296 = AXIS2_PLACEMENT_3D ( 'NONE', #344, #1326, #7 ) ;
#1297 = ADVANCED_FACE ( 'NONE', ( #246 ), #244, .T. ) ;
#1298 = AXIS2_PLACEMENT_3D ( 'NONE', #264, #680, #1049 ) ;
#1299 =( LENGTH_UNIT ( ) NAMED_UNIT ( * ) SI_UNIT ( .MILLI., .METRE. ) );
#1300 = CARTESIAN_POINT ( 'NONE',  ( 1.520000000000000018, 1.719999999999999973, -0.7999999999999998224 ) ) ;
#1301 = CYLINDRICAL_SURFACE ( 'NONE', #928, 0.07999999999999998779 ) ;
#1302 = EDGE_CURVE ( 'NONE', #437, #269, #259, .T. ) ;
#1303 = VECTOR ( 'NONE', #1002, 1000.000000000000000 ) ;
#1304 = DIRECTION ( 'NONE',  ( -1.000000000000000000, 0.000000000000000000, 8.673617379884036705E-17 ) ) ;
#1305 = DIRECTION ( 'NONE',  ( 0.000000000000000000, 0.000000000000000000, 1.000000000000000000 ) ) ;
#1306 = DIRECTION ( 'NONE',  ( 0.000000000000000000, -0.000000000000000000, -1.000000000000000000 ) ) ;
#1307 = LINE ( 'NONE', #1354, #1318 ) ;
#1308 = AXIS2_PLACEMENT_3D ( 'NONE', #403, #1292, #1036 ) ;
#1309 = DIRECTION ( 'NONE',  ( 0.000000000000000000, 1.000000000000000000, 0.000000000000000000 ) ) ;
#1310 = CARTESIAN_POINT ( 'NONE',  ( -1.519999999999999574, 1.800000000000000044, 0.7199999999999999734 ) ) ;
#1311 = CARTESIAN_POINT ( 'NONE',  ( -1.050000000000000044, 1.719999999999999973, -0.7999999999999998224 ) ) ;
#1312 = FACE_OUTER_BOUND ( 'NONE', #1040, .T. ) ;
#1313 = CARTESIAN_POINT ( 'NONE',  ( 1.519999999999999574, 1.800000000000000044, 0.7999999999999999334 ) ) ;
#1314 = CYLINDRICAL_SURFACE ( 'NONE', #113, 0.05333333333333329512 ) ;
#1315 = EDGE_CURVE ( 'NONE', #103, #1342, #1215, .T. ) ;
#1316 = FACE_OUTER_BOUND ( 'NONE', #1101, .T. ) ;
#1317 = EDGE_CURVE ( 'NONE', #725, #926, #213, .T. ) ;
#1318 = VECTOR ( 'NONE', #131, 1000.000000000000000 ) ;
#1319 = CARTESIAN_POINT ( 'NONE',  ( 0.000000000000000000, 1.719999999999999973, -0.7199999999999998623 ) ) ;
#1320 = DIRECTION ( 'NONE',  ( -1.000000000000000000, 0.000000000000000000, 0.000000000000000000 ) ) ;
#1321 = DIRECTION ( 'NONE',  ( 1.000000000000000000, 0.000000000000000000, 1.355252715606880789E-16 ) ) ;
#1322 = DIRECTION ( 'NONE',  ( -1.000000000000000000, -0.000000000000000000, 0.000000000000000000 ) ) ;
#1323 = PRESENTATION_LAYER_ASSIGNMENT (  '', '', ( #985 ) ) ;
#1324 = CARTESIAN_POINT ( 'NONE',  ( 500000.0000000000582, 1.719999999999999973, -0.7200000000433680603 ) ) ;
#1325 = FILL_AREA_STYLE ('',( #878 ) ) ;
#1326 = DIRECTION ( 'NONE',  ( -1.000000000000000000, 0.000000000000000000, 0.000000000000000000 ) ) ;
#1327 = AXIS2_PLACEMENT_3D ( 'NONE', #752, #199, #494 ) ;
#1328 = CARTESIAN_POINT ( 'NONE',  ( 500000.0000000000582, 0.07999999999999998779, -0.7200000000433680603 ) ) ;
#1329 = EDGE_CURVE ( 'NONE', #1028, #769, #214, .T. ) ;
#1330 = CARTESIAN_POINT ( 'NONE',  ( -1.600000000000000089, 1.719999999999999973, -0.7199999999999998623 ) ) ;
#1331 = CARTESIAN_POINT ( 'NONE',  ( 1.520000000000000018, 0.07999999999999998779, -0.7199999999999998623 ) ) ;
#1332 = EDGE_LOOP ( 'NONE', ( #434, #1116, #1080, #588 ) ) ;
#1333 = AXIS2_PLACEMENT_3D ( 'NONE', #74, #1427, #969 ) ;
#1334 = AXIS2_PLACEMENT_3D ( 'NONE', #443, #361, #523 ) ;
#1335 = DIRECTION ( 'NONE',  ( 0.000000000000000000, 0.000000000000000000, -1.000000000000000000 ) ) ;
#1336 = VERTEX_POINT ( 'NONE', #1340 ) ;
#1337 = AXIS2_PLACEMENT_3D ( 'NONE', #1171, #806, #900 ) ;
#1338 = VERTEX_POINT ( 'NONE', #1330 ) ;
#1339 = CARTESIAN_POINT ( 'NONE',  ( 1.049999999999999822, 0.000000000000000000, 0.7199999999999998623 ) ) ;
#1340 = CARTESIAN_POINT ( 'NONE',  ( 1.520000000000000018, 0.000000000000000000, -0.7199999999999998623 ) ) ;
#1341 = ADVANCED_FACE ( 'NONE', ( #220 ), #685, .T. ) ;
#1342 = VERTEX_POINT ( 'NONE', #280 ) ;
#1343 =( NAMED_UNIT ( * ) PLANE_ANGLE_UNIT ( ) SI_UNIT ( $, .RADIAN. ) );
#1344 =( LENGTH_UNIT ( ) NAMED_UNIT ( * ) SI_UNIT ( .MILLI., .METRE. ) );
#1345 = AXIS2_PLACEMENT_3D ( 'NONE', #1294, #490, #759 ) ;
#1346 = ORIENTED_EDGE ( 'NONE', *, *, #483, .F. ) ;
#1347 = CARTESIAN_POINT ( 'NONE',  ( -1.519999999999999796, 1.719999999999999973, 4.119968255444917342E-16 ) ) ;
#1348 = ORIENTED_EDGE ( 'NONE', *, *, #836, .F. ) ;
#1349 = VERTEX_POINT ( 'NONE', #1110 ) ;
#1350 = FILL_AREA_STYLE ('',( #792 ) ) ;
#1351 = ORIENTED_EDGE ( 'NONE', *, *, #851, .F. ) ;
#1352 = ADVANCED_FACE ( 'NONE', ( #1199 ), #102, .F. ) ;
#1353 = SURFACE_STYLE_USAGE ( .BOTH. , #1264 ) ;
#1354 = CARTESIAN_POINT ( 'NONE',  ( -1.050000000000000044, 1.800000000000000044, -0.7999999999999998224 ) ) ;
#1355 = VERTEX_POINT ( 'NONE', #371 ) ;
#1356 = AXIS2_PLACEMENT_3D ( 'NONE', #1324, #351, #664 ) ;
#1357 = PRODUCT_DEFINITION_SHAPE ( 'NONE', 'NONE',  #762 ) ;
#1358 =( GEOMETRIC_REPRESENTATION_CONTEXT ( 3 ) GLOBAL_UNCERTAINTY_ASSIGNED_CONTEXT ( ( #484 ) ) GLOBAL_UNIT_ASSIGNED_CONTEXT ( ( #454, #524, #667 ) ) REPRESENTATION_CONTEXT ( 'NONE', 'WORKASPACE' ) );
#1359 = DIRECTION ( 'NONE',  ( 1.000000000000000000, 0.000000000000000000, 1.355252715606880789E-16 ) ) ;
#1360 = ORIENTED_EDGE ( 'NONE', *, *, #1263, .F. ) ;
#1361 = DIRECTION ( 'NONE',  ( 1.000000000000000000, 0.000000000000000000, 0.000000000000000000 ) ) ;
#1362 = EDGE_LOOP ( 'NONE', ( #855, #1210, #1376, #727 ) ) ;
#1363 = CARTESIAN_POINT ( 'NONE',  ( 1.599999999999999645, 0.07999999999999998779, 0.7199999999999999734 ) ) ;
#1364 = DIRECTION ( 'NONE',  ( -0.000000000000000000, 1.000000000000000000, -0.000000000000000000 ) ) ;
#1365 = DIRECTION ( 'NONE',  ( -8.673617379884036705E-17, 0.000000000000000000, -1.000000000000000000 ) ) ;
#1366 = ORIENTED_EDGE ( 'NONE', *, *, #461, .F. ) ;
#1367 = EDGE_CURVE ( 'NONE', #405, #1174, #775, .T. ) ;
#1368 = CARTESIAN_POINT ( 'NONE',  ( 1.050000000000000044, 1.800000000000000044, -0.7999999999999998224 ) ) ;
#1369 = ORIENTED_EDGE ( 'NONE', *, *, #813, .F. ) ;
#1370 = ORIENTED_EDGE ( 'NONE', *, *, #1191, .F. ) ;
#1371 = ADVANCED_FACE ( 'NONE', ( #1269 ), #967, .T. ) ;
#1372 = ORIENTED_EDGE ( 'NONE', *, *, #343, .F. ) ;
#1373 = ORIENTED_EDGE ( 'NONE', *, *, #675, .F. ) ;
#1374 = ORIENTED_EDGE ( 'NONE', *, *, #308, .T. ) ;
#1375 = STYLED_ITEM ( 'NONE', ( #528 ), #741 ) ;
#1376 = ORIENTED_EDGE ( 'NONE', *, *, #1315, .F. ) ;
#1377 = SURFACE_SIDE_STYLE ('',( #307 ) ) ;
#1378 = ORIENTED_EDGE ( 'NONE', *, *, #205, .T. ) ;
#1379 =( LENGTH_UNIT ( ) NAMED_UNIT ( * ) SI_UNIT ( .MILLI., .METRE. ) );
#1380 = EDGE_CURVE ( 'NONE', #669, #844, #740, .T. ) ;
#1381 = CARTESIAN_POINT ( 'NONE',  ( 1.050000000020645530, 1.719999999999999973, -0.7200000000000000844 ) ) ;
#1382 = ORIENTED_EDGE ( 'NONE', *, *, #868, .T. ) ;
#1383 = EDGE_CURVE ( 'NONE', #405, #561, #1250, .T. ) ;
#1384 = DIRECTION ( 'NONE',  ( 0.000000000000000000, -0.000000000000000000, 1.000000000000000000 ) ) ;
#1385 = ORIENTED_EDGE ( 'NONE', *, *, #483, .T. ) ;
#1386 = EDGE_LOOP ( 'NONE', ( #449, #707, #1420, #918, #468, #1106, #154, #1366 ) ) ;
#1387 = ORIENTED_EDGE ( 'NONE', *, *, #919, .F. ) ;
#1388 = MECHANICAL_DESIGN_GEOMETRIC_PRESENTATION_REPRESENTATION (  '', ( #830 ), #360 ) ;
#1389 = CARTESIAN_POINT ( 'NONE',  ( 1.049999999999999822, 1.719999999999999973, 0.7999999999999998224 ) ) ;
#1390 = AXIS2_PLACEMENT_3D ( 'NONE', #1051, #1305, #413 ) ;
#1391 = VERTEX_POINT ( 'NONE', #1023 ) ;
#1392 = CARTESIAN_POINT ( 'NONE',  ( 1.519999999999999796, 0.000000000000000000, 4.119968255444917342E-16 ) ) ;
#1393 = ORIENTED_EDGE ( 'NONE', *, *, #1262, .F. ) ;
#1394 = ORIENTED_EDGE ( 'NONE', *, *, #917, .F. ) ;
#1395 = VERTEX_POINT ( 'NONE', #719 ) ;
#1396 = DIRECTION ( 'NONE',  ( 0.000000000000000000, 0.000000000000000000, 1.000000000000000000 ) ) ;
#1397 = PLANE ( 'NONE',  #515 ) ;
#1398 = EDGE_CURVE ( 'NONE', #751, #417, #774, .T. ) ;
#1399 = DIRECTION ( 'NONE',  ( 1.000000000000000000, 0.000000000000000000, -8.673617379884036705E-17 ) ) ;
#1400 = ORIENTED_EDGE ( 'NONE', *, *, #77, .T. ) ;
#1401 = CARTESIAN_POINT ( 'NONE',  ( -1.049999999999999822, 0.000000000000000000, 0.7199999999999998623 ) ) ;
#1402 = ORIENTED_EDGE ( 'NONE', *, *, #882, .F. ) ;
#1403 = ADVANCED_FACE ( 'NONE', ( #295 ), #479, .F. ) ;
#1404 = ORIENTED_EDGE ( 'NONE', *, *, #118, .T. ) ;
#1405 = AXIS2_PLACEMENT_3D ( 'NONE', #722, #914, #824 ) ;
#1406 = ORIENTED_EDGE ( 'NONE', *, *, #247, .T. ) ;
#1407 = PRESENTATION_LAYER_ASSIGNMENT (  '', '', ( #877 ) ) ;
#1408 = DIRECTION ( 'NONE',  ( 0.000000000000000000, 0.000000000000000000, 1.000000000000000000 ) ) ;
#1409 = DIRECTION ( 'NONE',  ( 1.000000000000000000, 0.000000000000000000, 0.000000000000000000 ) ) ;
#1410 = CARTESIAN_POINT ( 'NONE',  ( 1.600000000000000089, 1.800000000000000044, -0.7199999999999998623 ) ) ;
#1411 = ORIENTED_EDGE ( 'NONE', *, *, #54, .T. ) ;
#1412 = CARTESIAN_POINT ( 'NONE',  ( -1.520000000000000018, 1.719999999999999973, -0.7199999999999998623 ) ) ;
#1413 = ORIENTED_EDGE ( 'NONE', *, *, #905, .T. ) ;
#1414 = ORIENTED_EDGE ( 'NONE', *, *, #1367, .T. ) ;
#1415 = AXIS2_PLACEMENT_3D ( 'NONE', #13, #1247, #1335 ) ;
#1416 = EDGE_LOOP ( 'NONE', ( #772, #1425, #62, #1242 ) ) ;
#1417 = DIRECTION ( 'NONE',  ( 1.000000000000000000, 0.000000000000000000, 1.355252715606880789E-16 ) ) ;
#1418 = DIRECTION ( 'NONE',  ( 0.000000000000000000, 0.000000000000000000, 1.000000000000000000 ) ) ;
#1419 = DIRECTION ( 'NONE',  ( 2.710505431213761578E-16, 0.000000000000000000, -1.000000000000000000 ) ) ;
#1420 = ORIENTED_EDGE ( 'NONE', *, *, #335, .F. ) ;
#1421 = DIRECTION ( 'NONE',  ( -1.000000000000000000, -0.000000000000000000, 8.673617379884036705E-17 ) ) ;
#1422 = ORIENTED_EDGE ( 'NONE', *, *, #1045, .T. ) ;
#1423 = ORIENTED_EDGE ( 'NONE', *, *, #118, .F. ) ;
#1424 = MECHANICAL_DESIGN_GEOMETRIC_PRESENTATION_REPRESENTATION (  '', ( #1287 ), #340 ) ;
#1425 = ORIENTED_EDGE ( 'NONE', *, *, #418, .F. ) ;
#1426 = AXIS2_PLACEMENT_3D ( 'NONE', #965, #871, #971 ) ;
#1427 = DIRECTION ( 'NONE',  ( 1.000000000000000000, 0.000000000000000000, 1.355252715606880789E-16 ) ) ;
#1428 = DIRECTION ( 'NONE',  ( -0.000000000000000000, -0.000000000000000000, 1.000000000000000000 ) ) ;
#1429 = DIRECTION ( 'NONE',  ( 2.710505431213761578E-16, 0.000000000000000000, -1.000000000000000000 ) ) ;
#1430 = ORIENTED_EDGE ( 'NONE', *, *, #14, .F. ) ;
ENDSEC;
END-ISO-10303-21;
