ISO-10303-21;
HEADER;
FILE_DESCRIPTION (( 'STEP AP214' ),
    '1' );
FILE_NAME ('UHVB2512FCD2G00.STEP',
    '2019-12-26T12:41:53',
    ( '' ),
    ( '' ),
    'SwSTEP 2.0',
    'SolidWorks 2018',
    '' );
FILE_SCHEMA (( 'AUTOMOTIVE_DESIGN' ));
ENDSEC;

DATA;
#1 = EDGE_CURVE ( 'NONE', #50, #1338, #20, .T. ) ;
#2 = ORIENTED_EDGE ( 'NONE', *, *, #1569, .F. ) ;
#3 = LINE ( 'NONE', #816, #48 ) ;
#4 = AXIS2_PLACEMENT_3D ( 'NONE', #5, #874, #1515 ) ;
#5 = CARTESIAN_POINT ( 'NONE',  ( 0.0000000000000000000, 0.0000000000000000000, 1.590000000000000080 ) ) ;
#6 = DIRECTION ( 'NONE',  ( 1.000000000000000000, 0.0000000000000000000, -0.0000000000000000000 ) ) ;
#7 = DIRECTION ( 'NONE',  ( 0.0000000000000000000, 0.0000000000000000000, -1.000000000000000000 ) ) ;
#8 = FACE_OUTER_BOUND ( 'NONE', #1035, .T. ) ;
#9 = DIRECTION ( 'NONE',  ( -1.832454376031839163E-15, 0.0000000000000000000, 1.000000000000000000 ) ) ;
#10 = VECTOR ( 'NONE', #51, 1000.000000000000000 ) ;
#11 = ORIENTED_EDGE ( 'NONE', *, *, #1300, .T. ) ;
#12 = LINE ( 'NONE', #681, #998 ) ;
#13 = VERTEX_POINT ( 'NONE', #1228 ) ;
#14 = DIRECTION ( 'NONE',  ( -1.000000000000000000, 0.0000000000000000000, 0.0000000000000000000 ) ) ;
#15 = PLANE ( 'NONE',  #1391 ) ;
#16 = ORIENTED_EDGE ( 'NONE', *, *, #24, .T. ) ;
#17 = EDGE_CURVE ( 'NONE', #865, #892, #687, .T. ) ;
#18 = FACE_OUTER_BOUND ( 'NONE', #151, .T. ) ;
#19 = DIRECTION ( 'NONE',  ( 0.0000000000000000000, 0.0000000000000000000, -1.000000000000000000 ) ) ;
#20 = LINE ( 'NONE', #494, #352 ) ;
#21 = LINE ( 'NONE', #750, #1271 ) ;
#22 = ADVANCED_FACE ( 'NONE', ( #1125 ), #1371, .T. ) ;
#23 = EDGE_LOOP ( 'NONE', ( #1070, #245, #456, #304 ) ) ;
#24 = EDGE_CURVE ( 'NONE', #905, #322, #690, .T. ) ;
#25 = CARTESIAN_POINT ( 'NONE',  ( -2.564999999999999503, 0.7599999999999995648, -1.590000000000000080 ) ) ;
#26 = DIRECTION ( 'NONE',  ( 0.0000000000000000000, 0.0000000000000000000, -1.000000000000000000 ) ) ;
#27 = VECTOR ( 'NONE', #111, 1000.000000000000000 ) ;
#28 = ADVANCED_FACE ( 'NONE', ( #1230 ), #1508, .T. ) ;
#29 = VECTOR ( 'NONE', #1458, 1000.000000000000000 ) ;
#30 = VERTEX_POINT ( 'NONE', #986 ) ;
#31 = VECTOR ( 'NONE', #776, 1000.000000000000000 ) ;
#32 = VERTEX_POINT ( 'NONE', #1487 ) ;
#33 = SURFACE_STYLE_FILL_AREA ( #157 ) ;
#34 = EDGE_CURVE ( 'NONE', #1516, #1243, #822, .T. ) ;
#35 = CARTESIAN_POINT ( 'NONE',  ( -3.136999999999999567, 0.7219999999999995310, 1.590000000000000080 ) ) ;
#36 = ADVANCED_FACE ( 'NONE', ( #1601 ), #1498, .T. ) ;
#37 = CARTESIAN_POINT ( 'NONE',  ( -3.136999999999999567, 0.03799999999999974926, -1.590000000000000302 ) ) ;
#38 = ORIENTED_EDGE ( 'NONE', *, *, #1072, .F. ) ;
#39 = CARTESIAN_POINT ( 'NONE',  ( 3.136999999999999567, 0.7219999999999995310, -1.590000000000000080 ) ) ;
#40 = ORIENTED_EDGE ( 'NONE', *, *, #1063, .T. ) ;
#41 = EDGE_CURVE ( 'NONE', #585, #771, #234, .T. ) ;
#42 = CARTESIAN_POINT ( 'NONE',  ( -1.028333333333337096, 0.7219999999999995310, 1.081666666666665666 ) ) ;
#43 = EDGE_CURVE ( 'NONE', #905, #791, #270, .T. ) ;
#44 = ADVANCED_FACE ( 'NONE', ( #642 ), #260, .F. ) ;
#45 =( NAMED_UNIT ( * ) PLANE_ANGLE_UNIT ( ) SI_UNIT ( $, .RADIAN. ) );
#46 = LINE ( 'NONE', #421, #1059 ) ;
#47 = ORIENTED_EDGE ( 'NONE', *, *, #1533, .T. ) ;
#48 = VECTOR ( 'NONE', #60, 1000.000000000000000 ) ;
#49 = CARTESIAN_POINT ( 'NONE',  ( -0.1016666666666687230, -5.015752173107513201, 1.081666666666666332 ) ) ;
#50 = VERTEX_POINT ( 'NONE', #616 ) ;
#51 = DIRECTION ( 'NONE',  ( -0.0000000000000000000, -0.0000000000000000000, 1.000000000000000000 ) ) ;
#52 = VERTEX_POINT ( 'NONE', #1256 ) ;
#53 = LINE ( 'NONE', #311, #1617 ) ;
#54 = PLANE ( 'NONE',  #404 ) ;
#55 = CARTESIAN_POINT ( 'NONE',  ( 3.174999999999999378, -3.888253587292845588E-16, -1.590000000000000080 ) ) ;
#56 = EDGE_CURVE ( 'NONE', #550, #751, #527, .T. ) ;
#57 = CARTESIAN_POINT ( 'NONE',  ( -0.1016666666666687230, -5.015752173107513201, 1.081666666666666332 ) ) ;
#58 = CARTESIAN_POINT ( 'NONE',  ( -0.1016666666666681540, 0.7599999999999995648, 1.081666666666666332 ) ) ;
#59 = LINE ( 'NONE', #1252, #568 ) ;
#60 = DIRECTION ( 'NONE',  ( 9.856383386231858827E-17, 1.000000000000000000, 0.0000000000000000000 ) ) ;
#61 = VERTEX_POINT ( 'NONE', #1392 ) ;
#62 = CARTESIAN_POINT ( 'NONE',  ( 2.361666666666656589, -5.015752173107513201, 1.284999999999999254 ) ) ;
#63 = LINE ( 'NONE', #1153, #824 ) ;
#64 = ORIENTED_EDGE ( 'NONE', *, *, #106, .F. ) ;
#65 = DIRECTION ( 'NONE',  ( 0.0000000000000000000, -1.000000000000000000, 0.0000000000000000000 ) ) ;
#66 = UNCERTAINTY_MEASURE_WITH_UNIT (LENGTH_MEASURE( 1.000000000000000082E-05 ), #1608, 'distance_accuracy_value', 'NONE');
#67 = CARTESIAN_POINT ( 'NONE',  ( -2.158333333333332327, 0.7599999999999997868, 1.284999999999999698 ) ) ;
#68 = DIRECTION ( 'NONE',  ( -1.000000000000000000, 0.0000000000000000000, 0.0000000000000000000 ) ) ;
#69 = CARTESIAN_POINT ( 'NONE',  ( -0.1016666666666689450, -5.015752173107513201, -1.284999999999999920 ) ) ;
#70 = VECTOR ( 'NONE', #1390, 1000.000000000000000 ) ;
#71 = VECTOR ( 'NONE', #181, 1000.000000000000000 ) ;
#72 = ORIENTED_EDGE ( 'NONE', *, *, #206, .T. ) ;
#73 = VERTEX_POINT ( 'NONE', #636 ) ;
#74 = CARTESIAN_POINT ( 'NONE',  ( 3.174999999999999378, -3.888253587292845588E-16, 1.590000000000000080 ) ) ;
#75 = PLANE ( 'NONE',  #589 ) ;
#76 = LINE ( 'NONE', #1155, #1426 ) ;
#77 = EDGE_CURVE ( 'NONE', #1347, #873, #602, .T. ) ;
#78 = DIRECTION ( 'NONE',  ( 9.162271880159197296E-17, -0.0000000000000000000, 1.000000000000000000 ) ) ;
#79 = CARTESIAN_POINT ( 'NONE',  ( 2.564999999999999503, 0.03799999999999982558, -1.590000000000000080 ) ) ;
#80 = ORIENTED_EDGE ( 'NONE', *, *, #1084, .F. ) ;
#81 = DIRECTION ( 'NONE',  ( 1.000000000000000000, 0.0000000000000000000, 0.0000000000000000000 ) ) ;
#82 = VERTEX_POINT ( 'NONE', #1127 ) ;
#83 = CARTESIAN_POINT ( 'NONE',  ( -2.564999999999999947, 0.7219999999999995310, 1.081666666666666554 ) ) ;
#84 = VECTOR ( 'NONE', #504, 1000.000000000000000 ) ;
#85 = DIRECTION ( 'NONE',  ( 0.0000000000000000000, 0.0000000000000000000, 1.000000000000000000 ) ) ;
#86 = CARTESIAN_POINT ( 'NONE',  ( -3.136999999999999567, 0.03799999999999974926, 1.590000000000000080 ) ) ;
#87 = VECTOR ( 'NONE', #1081, 1000.000000000000000 ) ;
#88 = ORIENTED_EDGE ( 'NONE', *, *, #672, .T. ) ;
#89 = ORIENTED_EDGE ( 'NONE', *, *, #1590, .T. ) ;
#90 = VERTEX_POINT ( 'NONE', #136 ) ;
#91 = VECTOR ( 'NONE', #829, 1000.000000000000000 ) ;
#92 = VECTOR ( 'NONE', #68, 1000.000000000000000 ) ;
#93 = CARTESIAN_POINT ( 'NONE',  ( 1.028333333333329325, 0.7219999999999995310, -1.081666666666666554 ) ) ;
#94 = VECTOR ( 'NONE', #761, 1000.000000000000000 ) ;
#95 = EDGE_CURVE ( 'NONE', #557, #1514, #201, .T. ) ;
#96 = ORIENTED_EDGE ( 'NONE', *, *, #160, .F. ) ;
#97 = VECTOR ( 'NONE', #1513, 1000.000000000000000 ) ;
#98 = EDGE_CURVE ( 'NONE', #13, #1457, #722, .T. ) ;
#99 = CARTESIAN_POINT ( 'NONE',  ( -0.1016666666666681540, 0.7599999999999995648, 1.081666666666666332 ) ) ;
#100 = DIRECTION ( 'NONE',  ( -9.856383386231858827E-17, -1.000000000000000000, 0.0000000000000000000 ) ) ;
#101 = ORIENTED_EDGE ( 'NONE', *, *, #1328, .F. ) ;
#102 = CLOSED_SHELL ( 'NONE', ( #1020, #670, #1530, #154, #297, #1291, #798, #785, #514, #145 ) ) ;
#103 = CARTESIAN_POINT ( 'NONE',  ( 2.564999999999999503, 0.03799999999999982558, 1.590000000000000080 ) ) ;
#104 = CARTESIAN_POINT ( 'NONE',  ( -2.158333333333332771, -5.015752173107513201, -1.081666666666666554 ) ) ;
#105 = LINE ( 'NONE', #728, #27 ) ;
#106 = EDGE_CURVE ( 'NONE', #850, #1407, #1394, .T. ) ;
#107 = CARTESIAN_POINT ( 'NONE',  ( -2.361666666666665026, -5.015752173107513201, 1.081666666666665666 ) ) ;
#108 = DIRECTION ( 'NONE',  ( -1.000000000000000000, -0.0000000000000000000, -0.0000000000000000000 ) ) ;
#109 = ORIENTED_EDGE ( 'NONE', *, *, #17, .T. ) ;
#110 = VECTOR ( 'NONE', #207, 1000.000000000000000 ) ;
#111 = DIRECTION ( 'NONE',  ( 1.000000000000000000, 0.0000000000000000000, 0.0000000000000000000 ) ) ;
#112 = ORIENTED_EDGE ( 'NONE', *, *, #894, .T. ) ;
#113 = AXIS2_PLACEMENT_3D ( 'NONE', #844, #1208, #85 ) ;
#114 = VECTOR ( 'NONE', #795, 1000.000000000000000 ) ;
#115 = CARTESIAN_POINT ( 'NONE',  ( 8.892017817507032376E-17, 0.7599999999999995648, 8.147108480721919321E-33 ) ) ;
#116 = EDGE_CURVE ( 'NONE', #1137, #364, #21, .T. ) ;
#117 = AXIS2_PLACEMENT_3D ( 'NONE', #622, #119, #243 ) ;
#118 = ORIENTED_EDGE ( 'NONE', *, *, #1485, .T. ) ;
#119 = DIRECTION ( 'NONE',  ( 6.374186208676798083E-16, 1.000000000000000000, 0.0000000000000000000 ) ) ;
#120 = DIRECTION ( 'NONE',  ( -0.0000000000000000000, 0.0000000000000000000, 1.000000000000000000 ) ) ;
#121 = CARTESIAN_POINT ( 'NONE',  ( -2.361666666666664582, 0.7219999999999995310, 1.081666666666665666 ) ) ;
#122 = VECTOR ( 'NONE', #370, 1000.000000000000000 ) ;
#123 = CARTESIAN_POINT ( 'NONE',  ( -5.692802776200944116E-16, 0.7219999999999995310, 1.284999999999999254 ) ) ;
#124 = CARTESIAN_POINT ( 'NONE',  ( 1.028333333333329103, 0.7599999999999994538, 1.285000000000000142 ) ) ;
#125 = LINE ( 'NONE', #689, #71 ) ;
#126 = ORIENTED_EDGE ( 'NONE', *, *, #442, .T. ) ;
#127 = ORIENTED_EDGE ( 'NONE', *, *, #845, .T. ) ;
#128 = AXIS2_PLACEMENT_3D ( 'NONE', #1195, #202, #1064 ) ;
#129 = CLOSED_SHELL ( 'NONE', ( #1032, #1023, #1166, #431, #1405, #36 ) ) ;
#130 = VECTOR ( 'NONE', #1604, 1000.000000000000000 ) ;
#131 = DIRECTION ( 'NONE',  ( 1.000000000000000000, 0.0000000000000000000, 0.0000000000000000000 ) ) ;
#132 = DIRECTION ( 'NONE',  ( 0.0000000000000000000, 0.0000000000000000000, 1.000000000000000000 ) ) ;
#133 = VECTOR ( 'NONE', #551, 1000.000000000000000 ) ;
#134 = DIRECTION ( 'NONE',  ( 9.856383386231858827E-17, 1.000000000000000000, 0.0000000000000000000 ) ) ;
#135 = DIRECTION ( 'NONE',  ( -1.000000000000000000, 8.131516293641314070E-17, -0.0000000000000000000 ) ) ;
#136 = CARTESIAN_POINT ( 'NONE',  ( -1.028333333333336430, 0.7219999999999995310, -1.284999999999999920 ) ) ;
#137 = VECTOR ( 'NONE', #1561, 1000.000000000000000 ) ;
#138 = DIRECTION ( 'NONE',  ( 1.000000000000000000, 0.0000000000000000000, -0.0000000000000000000 ) ) ;
#139 = ORIENTED_EDGE ( 'NONE', *, *, #1616, .F. ) ;
#140 = EDGE_CURVE ( 'NONE', #1164, #550, #59, .T. ) ;
#141 = LINE ( 'NONE', #268, #1437 ) ;
#142 = ORIENTED_EDGE ( 'NONE', *, *, #174, .F. ) ;
#143 = PLANE ( 'NONE',  #518 ) ;
#144 = CARTESIAN_POINT ( 'NONE',  ( -1.028333333333336430, 0.7599999999999996758, 1.081666666666665666 ) ) ;
#145 = ADVANCED_FACE ( 'NONE', ( #1007 ), #619, .T. ) ;
#146 = LINE ( 'NONE', #104, #122 ) ;
#147 = ORIENTED_EDGE ( 'NONE', *, *, #793, .F. ) ;
#148 = CARTESIAN_POINT ( 'NONE',  ( -2.564999999999999503, 0.03799999999999982558, 1.590000000000000080 ) ) ;
#149 = ORIENTED_EDGE ( 'NONE', *, *, #1300, .F. ) ;
#150 = LINE ( 'NONE', #705, #91 ) ;
#151 = EDGE_LOOP ( 'NONE', ( #928, #1416, #701, #216, #723, #1372, #142, #1555 ) ) ;
#152 = VECTOR ( 'NONE', #1440, 1000.000000000000000 ) ;
#153 = MECHANICAL_DESIGN_GEOMETRIC_PRESENTATION_REPRESENTATION (  '', ( #1113 ), #1526 ) ;
#154 = ADVANCED_FACE ( 'NONE', ( #895 ), #257, .F. ) ;
#155 = DIRECTION ( 'NONE',  ( -0.0000000000000000000, -0.0000000000000000000, -1.000000000000000000 ) ) ;
#156 = CARTESIAN_POINT ( 'NONE',  ( 0.0000000000000000000, 0.0000000000000000000, -1.590000000000000080 ) ) ;
#157 = FILL_AREA_STYLE ('',( #1175 ) ) ;
#158 = DIRECTION ( 'NONE',  ( -1.000000000000000000, 6.374186208676798083E-16, 0.0000000000000000000 ) ) ;
#159 = ORIENTED_EDGE ( 'NONE', *, *, #294, .T. ) ;
#160 = EDGE_CURVE ( 'NONE', #1077, #1462, #692, .T. ) ;
#161 = VERTEX_POINT ( 'NONE', #1124 ) ;
#162 = ADVANCED_FACE ( 'NONE', ( #184 ), #15, .T. ) ;
#163 = DIRECTION ( 'NONE',  ( 1.832454376031839459E-16, 0.0000000000000000000, 1.000000000000000000 ) ) ;
#164 = DIRECTION ( 'NONE',  ( 1.000000000000000000, 0.0000000000000000000, 0.0000000000000000000 ) ) ;
#165 = CARTESIAN_POINT ( 'NONE',  ( 1.231666666666659804, 0.7599999999999994538, 1.081666666666665888 ) ) ;
#166 = COLOUR_RGB ( '',0.7921568627450980005, 0.8196078431372548767, 0.9333333333333333481 ) ;
#167 = LINE ( 'NONE', #796, #282 ) ;
#168 = ORIENTED_EDGE ( 'NONE', *, *, #931, .F. ) ;
#169 = VERTEX_POINT ( 'NONE', #390 ) ;
#170 = ORIENTED_EDGE ( 'NONE', *, *, #961, .F. ) ;
#171 = LINE ( 'NONE', #503, #770 ) ;
#172 = ADVANCED_FACE ( 'NONE', ( #489 ), #143, .T. ) ;
#173 = DIRECTION ( 'NONE',  ( -0.0000000000000000000, 0.0000000000000000000, 1.000000000000000000 ) ) ;
#174 = EDGE_CURVE ( 'NONE', #1051, #169, #1273, .T. ) ;
#175 = CARTESIAN_POINT ( 'NONE',  ( -1.028333333333337096, -5.015752173107513201, 1.081666666666665666 ) ) ;
#176 = AXIS2_PLACEMENT_3D ( 'NONE', #1564, #1058, #698 ) ;
#177 = CARTESIAN_POINT ( 'NONE',  ( 2.158333333333327886, 0.7599999999999993427, 1.081666666666665888 ) ) ;
#178 = CARTESIAN_POINT ( 'NONE',  ( -3.136999999999999567, 0.7219999999999995310, 1.590000000000000080 ) ) ;
#179 = EDGE_LOOP ( 'NONE', ( #1034, #501, #815, #1098 ) ) ;
#180 = DIRECTION ( 'NONE',  ( -9.162271880159193598E-17, 0.0000000000000000000, -1.000000000000000000 ) ) ;
#181 = DIRECTION ( 'NONE',  ( 1.000000000000000000, -1.170002344408822463E-16, 0.0000000000000000000 ) ) ;
#182 = VERTEX_POINT ( 'NONE', #1621 ) ;
#183 = CARTESIAN_POINT ( 'NONE',  ( -0.1016666666666689450, -5.015752173107513201, -1.284999999999999920 ) ) ;
#184 = FACE_OUTER_BOUND ( 'NONE', #1615, .T. ) ;
#185 = ORIENTED_EDGE ( 'NONE', *, *, #1215, .F. ) ;
#186 = EDGE_CURVE ( 'NONE', #1243, #228, #332, .T. ) ;
#187 = DIRECTION ( 'NONE',  ( 1.000000000000000000, -0.0000000000000000000, 0.0000000000000000000 ) ) ;
#188 = CARTESIAN_POINT ( 'NONE',  ( 3.174999999999999378, -3.888253587292845588E-16, -1.590000000000000080 ) ) ;
#189 = CARTESIAN_POINT ( 'NONE',  ( -3.174999999999999378, 0.7599999999999995648, 1.590000000000000080 ) ) ;
#190 = FACE_OUTER_BOUND ( 'NONE', #219, .T. ) ;
#191 = CARTESIAN_POINT ( 'NONE',  ( 3.136999999999999567, 0.03799999999999974926, -7.901175167906528962 ) ) ;
#192 = ORIENTED_EDGE ( 'NONE', *, *, #797, .F. ) ;
#193 = CARTESIAN_POINT ( 'NONE',  ( 1.028333333333329325, 0.7219999999999995310, -1.081666666666666554 ) ) ;
#194 = ORIENTED_EDGE ( 'NONE', *, *, #252, .F. ) ;
#195 = ORIENTED_EDGE ( 'NONE', *, *, #839, .T. ) ;
#196 = ORIENTED_EDGE ( 'NONE', *, *, #782, .T. ) ;
#197 = EDGE_CURVE ( 'NONE', #182, #1347, #939, .T. ) ;
#198 = CARTESIAN_POINT ( 'NONE',  ( -0.1016666666666681540, 0.7219999999999995310, 1.081666666666666332 ) ) ;
#199 = PLANE ( 'NONE',  #841 ) ;
#200 = MECHANICAL_DESIGN_GEOMETRIC_PRESENTATION_REPRESENTATION (  '', ( #664 ), #1489 ) ;
#201 = LINE ( 'NONE', #389, #353 ) ;
#202 = DIRECTION ( 'NONE',  ( 0.0000000000000000000, 0.0000000000000000000, -1.000000000000000000 ) ) ;
#203 = CARTESIAN_POINT ( 'NONE',  ( 2.158333333333327886, 0.7599999999999993427, -1.284999999999999920 ) ) ;
#204 = VERTEX_POINT ( 'NONE', #1117 ) ;
#205 = ORIENTED_EDGE ( 'NONE', *, *, #624, .T. ) ;
#206 = EDGE_CURVE ( 'NONE', #289, #1120, #141, .T. ) ;
#207 = DIRECTION ( 'NONE',  ( 0.0000000000000000000, 0.0000000000000000000, 1.000000000000000000 ) ) ;
#208 = CARTESIAN_POINT ( 'NONE',  ( -2.565000000000000391, 0.7599999999999997868, 1.284999999999999698 ) ) ;
#209 = AXIS2_PLACEMENT_3D ( 'NONE', #115, #1599, #1618 ) ;
#210 = FACE_OUTER_BOUND ( 'NONE', #1491, .T. ) ;
#211 = FACE_OUTER_BOUND ( 'NONE', #562, .T. ) ;
#212 = ORIENTED_EDGE ( 'NONE', *, *, #95, .T. ) ;
#213 = EDGE_LOOP ( 'NONE', ( #940, #1384, #929, #1483 ) ) ;
#214 = EDGE_LOOP ( 'NONE', ( #1223, #708, #1264, #474 ) ) ;
#215 = LINE ( 'NONE', #374, #542 ) ;
#216 = ORIENTED_EDGE ( 'NONE', *, *, #1163, .F. ) ;
#217 = EDGE_CURVE ( 'NONE', #90, #578, #1254, .T. ) ;
#218 = AXIS2_PLACEMENT_3D ( 'NONE', #883, #1129, #1401 ) ;
#219 = EDGE_LOOP ( 'NONE', ( #1050, #479, #1445, #89 ) ) ;
#220 = ORIENTED_EDGE ( 'NONE', *, *, #639, .T. ) ;
#221 = CARTESIAN_POINT ( 'NONE',  ( -3.136999999999999567, 0.03799999999999974926, -1.590000000000000302 ) ) ;
#222 = ORIENTED_EDGE ( 'NONE', *, *, #996, .F. ) ;
#223 = PLANE ( 'NONE',  #651 ) ;
#224 = EDGE_CURVE ( 'NONE', #791, #90, #63, .T. ) ;
#225 = CARTESIAN_POINT ( 'NONE',  ( 0.1016666666666649066, 0.7599999999999995648, 1.284999999999999254 ) ) ;
#226 = AXIS2_PLACEMENT_3D ( 'NONE', #618, #1499, #742 ) ;
#227 = LINE ( 'NONE', #1402, #320 ) ;
#228 = VERTEX_POINT ( 'NONE', #896 ) ;
#229 = ORIENTED_EDGE ( 'NONE', *, *, #285, .T. ) ;
#230 = LINE ( 'NONE', #601, #1523 ) ;
#231 = VERTEX_POINT ( 'NONE', #178 ) ;
#232 = ORIENTED_EDGE ( 'NONE', *, *, #603, .F. ) ;
#233 =( LENGTH_UNIT ( ) NAMED_UNIT ( * ) SI_UNIT ( .MILLI., .METRE. ) );
#234 = LINE ( 'NONE', #741, #437 ) ;
#235 = DIRECTION ( 'NONE',  ( -9.856383386231858827E-17, -1.000000000000000000, 0.0000000000000000000 ) ) ;
#236 = CARTESIAN_POINT ( 'NONE',  ( -2.564999999999999503, 0.0000000000000000000, -1.590000000000000080 ) ) ;
#237 = ORIENTED_EDGE ( 'NONE', *, *, #1413, .T. ) ;
#238 = VECTOR ( 'NONE', #1380, 1000.000000000000000 ) ;
#239 = EDGE_CURVE ( 'NONE', #587, #1292, #879, .T. ) ;
#240 = FILL_AREA_STYLE_COLOUR ( '', #1183 ) ;
#241 = VECTOR ( 'NONE', #1307, 1000.000000000000000 ) ;
#242 = ORIENTED_EDGE ( 'NONE', *, *, #349, .T. ) ;
#243 = DIRECTION ( 'NONE',  ( 1.000000000000000000, -6.374186208676798083E-16, 0.0000000000000000000 ) ) ;
#244 = LINE ( 'NONE', #1296, #287 ) ;
#245 = ORIENTED_EDGE ( 'NONE', *, *, #1580, .F. ) ;
#246 = ORIENTED_EDGE ( 'NONE', *, *, #959, .F. ) ;
#247 = LINE ( 'NONE', #737, #1001 ) ;
#248 = CARTESIAN_POINT ( 'NONE',  ( 2.361666666666661030, 0.7599999999999993427, -1.081666666666666554 ) ) ;
#249 = APPLICATION_CONTEXT ( 'automotive_design' ) ;
#250 = CARTESIAN_POINT ( 'NONE',  ( 2.361666666666660586, -5.015752173107513201, -1.081666666666666554 ) ) ;
#251 = DIRECTION ( 'NONE',  ( -1.000000000000000000, 0.0000000000000000000, 0.0000000000000000000 ) ) ;
#252 = EDGE_CURVE ( 'NONE', #550, #587, #398, .T. ) ;
#253 = CARTESIAN_POINT ( 'NONE',  ( -2.565000000000000835, -5.015752173107513201, 1.284999999999999698 ) ) ;
#254 = EDGE_LOOP ( 'NONE', ( #547, #343, #541, #804 ) ) ;
#255 = CARTESIAN_POINT ( 'NONE',  ( -2.564999999999999503, 0.7599999999999995648, 1.590000000000000080 ) ) ;
#256 = VECTOR ( 'NONE', #173, 1000.000000000000000 ) ;
#257 = PLANE ( 'NONE',  #218 ) ;
#258 = EDGE_LOOP ( 'NONE', ( #2, #220, #1294, #1174 ) ) ;
#259 = VECTOR ( 'NONE', #1544, 1000.000000000000000 ) ;
#260 = PLANE ( 'NONE',  #774 ) ;
#261 = CARTESIAN_POINT ( 'NONE',  ( 3.136999999999999567, 0.03799999999999974926, 1.590000000000000080 ) ) ;
#262 = EDGE_CURVE ( 'NONE', #1457, #73, #1321, .T. ) ;
#263 = CARTESIAN_POINT ( 'NONE',  ( 3.136999999999999567, 0.03799999999999974926, 1.590000000000000080 ) ) ;
#264 = LINE ( 'NONE', #69, #981 ) ;
#265 = ORIENTED_EDGE ( 'NONE', *, *, #1215, .T. ) ;
#266 = LINE ( 'NONE', #366, #1099 ) ;
#267 = LINE ( 'NONE', #1545, #1486 ) ;
#268 = CARTESIAN_POINT ( 'NONE',  ( 2.564999999999999503, 0.03799999999999982558, 1.590000000000000080 ) ) ;
#269 = CARTESIAN_POINT ( 'NONE',  ( 1.028333333333328437, -5.015752173107513201, 1.285000000000000142 ) ) ;
#270 = LINE ( 'NONE', #1368, #1192 ) ;
#271 = CARTESIAN_POINT ( 'NONE',  ( -5.692802776200944116E-16, -5.015752173107513201, 1.284999999999999254 ) ) ;
#272 = CARTESIAN_POINT ( 'NONE',  ( -2.564999999999999503, 0.7219999999999995310, -1.590000000000000080 ) ) ;
#273 = EDGE_CURVE ( 'NONE', #791, #1160, #1282, .T. ) ;
#274 = VECTOR ( 'NONE', #1008, 1000.000000000000000 ) ;
#275 = ADVANCED_FACE ( 'NONE', ( #538 ), #918, .F. ) ;
#276 = PRESENTATION_LAYER_ASSIGNMENT (  '', '', ( #809 ) ) ;
#277 = DIRECTION ( 'NONE',  ( 1.000000000000000000, -0.0000000000000000000, -0.0000000000000000000 ) ) ;
#278 = DIRECTION ( 'NONE',  ( 4.265713465516743154E-15, 0.0000000000000000000, -1.000000000000000000 ) ) ;
#279 = SURFACE_SIDE_STYLE ('',( #33 ) ) ;
#280 = LINE ( 'NONE', #1229, #654 ) ;
#281 = ADVANCED_FACE ( 'NONE', ( #948 ), #412, .F. ) ;
#282 = VECTOR ( 'NONE', #938, 1000.000000000000000 ) ;
#283 = CARTESIAN_POINT ( 'NONE',  ( 2.564999999999999503, 0.0000000000000000000, 1.590000000000000080 ) ) ;
#284 = UNCERTAINTY_MEASURE_WITH_UNIT (LENGTH_MEASURE( 1.000000000000000082E-05 ), #1238, 'distance_accuracy_value', 'NONE');
#285 = EDGE_CURVE ( 'NONE', #1468, #1471, #244, .T. ) ;
#286 = ORIENTED_EDGE ( 'NONE', *, *, #273, .F. ) ;
#287 = VECTOR ( 'NONE', #158, 1000.000000000000000 ) ;
#288 = ORIENTED_EDGE ( 'NONE', *, *, #1269, .T. ) ;
#289 = VERTEX_POINT ( 'NONE', #283 ) ;
#290 = DIRECTION ( 'NONE',  ( -1.000000000000000000, 1.303127611160462288E-16, 0.0000000000000000000 ) ) ;
#291 = CARTESIAN_POINT ( 'NONE',  ( -3.136999999999999567, 0.7219999999999995310, -7.901175167906528962 ) ) ;
#292 = EDGE_CURVE ( 'NONE', #1128, #1080, #866, .T. ) ;
#293 = ORIENTED_EDGE ( 'NONE', *, *, #1562, .T. ) ;
#294 = EDGE_CURVE ( 'NONE', #771, #436, #1204, .T. ) ;
#295 = ORIENTED_EDGE ( 'NONE', *, *, #763, .T. ) ;
#296 = CARTESIAN_POINT ( 'NONE',  ( 2.564999999999999503, 0.03799999999999982558, -1.590000000000000080 ) ) ;
#297 = ADVANCED_FACE ( 'NONE', ( #657 ), #1167, .F. ) ;
#298 = CARTESIAN_POINT ( 'NONE',  ( 3.174999999999999378, -3.888253587292845588E-16, 1.590000000000000080 ) ) ;
#299 = DIRECTION ( 'NONE',  ( -1.000000000000000000, 0.0000000000000000000, 0.0000000000000000000 ) ) ;
#300 = VECTOR ( 'NONE', #660, 1000.000000000000000 ) ;
#301 = VECTOR ( 'NONE', #1221, 1000.000000000000000 ) ;
#302 = EDGE_LOOP ( 'NONE', ( #1255, #185, #572, #40 ) ) ;
#303 = ORIENTED_EDGE ( 'NONE', *, *, #649, .T. ) ;
#304 = ORIENTED_EDGE ( 'NONE', *, *, #1328, .T. ) ;
#305 = ORIENTED_EDGE ( 'NONE', *, *, #507, .F. ) ;
#306 = PLANE ( 'NONE',  #911 ) ;
#307 = EDGE_CURVE ( 'NONE', #1051, #1115, #906, .T. ) ;
#308 = DIRECTION ( 'NONE',  ( 0.0000000000000000000, 1.000000000000000000, 0.0000000000000000000 ) ) ;
#309 = CARTESIAN_POINT ( 'NONE',  ( -1.028333333333337096, 0.7219999999999995310, 1.081666666666665666 ) ) ;
#310 = LINE ( 'NONE', #326, #137 ) ;
#311 = CARTESIAN_POINT ( 'NONE',  ( -3.136999999999999567, 0.03799999999999974926, 1.590000000000000080 ) ) ;
#312 = CARTESIAN_POINT ( 'NONE',  ( 2.361666666666657033, 0.7599999999999993427, 1.284999999999999254 ) ) ;
#313 = VECTOR ( 'NONE', #735, 1000.000000000000000 ) ;
#314 = ORIENTED_EDGE ( 'NONE', *, *, #595, .F. ) ;
#315 = EDGE_CURVE ( 'NONE', #1591, #1308, #537, .T. ) ;
#316 = CARTESIAN_POINT ( 'NONE',  ( 2.564999999999999059, 0.7219999999999995310, -1.284999999999999920 ) ) ;
#317 = PLANE ( 'NONE',  #991 ) ;
#318 = DIRECTION ( 'NONE',  ( -1.000000000000000000, -0.0000000000000000000, -0.0000000000000000000 ) ) ;
#319 = AXIS2_PLACEMENT_3D ( 'NONE', #269, #1130, #638 ) ;
#320 = VECTOR ( 'NONE', #400, 1000.000000000000000 ) ;
#321 = VECTOR ( 'NONE', #955, 1000.000000000000000 ) ;
#322 = VERTEX_POINT ( 'NONE', #820 ) ;
#323 = SURFACE_STYLE_FILL_AREA ( #1377 ) ;
#324 = VERTEX_POINT ( 'NONE', #439 ) ;
#325 = LINE ( 'NONE', #198, #702 ) ;
#326 = CARTESIAN_POINT ( 'NONE',  ( 1.231666666666660470, 0.7219999999999995310, -1.284999999999999920 ) ) ;
#327 = EDGE_CURVE ( 'NONE', #1224, #32, #1116, .T. ) ;
#328 = DIRECTION ( 'NONE',  ( 1.000000000000000000, 0.0000000000000000000, 0.0000000000000000000 ) ) ;
#329 = PRESENTATION_LAYER_ASSIGNMENT (  '', '', ( #1165 ) ) ;
#330 = CARTESIAN_POINT ( 'NONE',  ( 2.564999999999999503, 0.0000000000000000000, -1.590000000000000080 ) ) ;
#331 = CARTESIAN_POINT ( 'NONE',  ( 1.028333333333328437, 0.7219999999999995310, 1.285000000000000142 ) ) ;
#332 = LINE ( 'NONE', #123, #1585 ) ;
#333 = EDGE_LOOP ( 'NONE', ( #1310, #1149, #1006, #462 ) ) ;
#334 = FACE_OUTER_BOUND ( 'NONE', #258, .T. ) ;
#335 = EDGE_CURVE ( 'NONE', #1407, #771, #12, .T. ) ;
#336 = DIRECTION ( 'NONE',  ( 9.856383386231858827E-17, 1.000000000000000000, 0.0000000000000000000 ) ) ;
#337 = CARTESIAN_POINT ( 'NONE',  ( 1.231666666666660470, 0.7599999999999994538, -1.284999999999999920 ) ) ;
#338 = AXIS2_PLACEMENT_3D ( 'NONE', #498, #19, #1132 ) ;
#339 = FACE_OUTER_BOUND ( 'NONE', #982, .T. ) ;
#340 = EDGE_LOOP ( 'NONE', ( #80, #965, #1281, #448 ) ) ;
#341 = LINE ( 'NONE', #570, #1343 ) ;
#342 = ORIENTED_EDGE ( 'NONE', *, *, #649, .F. ) ;
#343 = ORIENTED_EDGE ( 'NONE', *, *, #426, .T. ) ;
#344 = PLANE ( 'NONE',  #834 ) ;
#345 = ORIENTED_EDGE ( 'NONE', *, *, #1581, .F. ) ;
#346 = LINE ( 'NONE', #221, #1082 ) ;
#347 = ORIENTED_EDGE ( 'NONE', *, *, #961, .T. ) ;
#348 = SURFACE_STYLE_FILL_AREA ( #558 ) ;
#349 = EDGE_CURVE ( 'NONE', #1539, #363, #341, .T. ) ;
#350 = AXIS2_PLACEMENT_3D ( 'NONE', #1199, #696, #941 ) ;
#351 = VECTOR ( 'NONE', #1045, 1000.000000000000000 ) ;
#352 = VECTOR ( 'NONE', #1494, 1000.000000000000000 ) ;
#353 = VECTOR ( 'NONE', #756, 1000.000000000000000 ) ;
#354 = APPLICATION_PROTOCOL_DEFINITION ( 'draft international standard', 'automotive_design', 1998, #249 ) ;
#355 = ORIENTED_EDGE ( 'NONE', *, *, #307, .T. ) ;
#356 = CARTESIAN_POINT ( 'NONE',  ( -2.564999999999999947, 0.7219999999999995310, 1.081666666666666554 ) ) ;
#357 = EDGE_CURVE ( 'NONE', #760, #1107, #1613, .T. ) ;
#358 =( NAMED_UNIT ( * ) PLANE_ANGLE_UNIT ( ) SI_UNIT ( $, .RADIAN. ) );
#359 = CARTESIAN_POINT ( 'NONE',  ( 1.028333333333329103, 0.7219999999999995310, 1.285000000000000142 ) ) ;
#360 =( GEOMETRIC_REPRESENTATION_CONTEXT ( 3 ) GLOBAL_UNCERTAINTY_ASSIGNED_CONTEXT ( ( #284 ) ) GLOBAL_UNIT_ASSIGNED_CONTEXT ( ( #1238, #490, #1495 ) ) REPRESENTATION_CONTEXT ( 'NONE', 'WORKASPACE' ) );
#361 = LINE ( 'NONE', #392, #903 ) ;
#362 = FACE_OUTER_BOUND ( 'NONE', #473, .T. ) ;
#363 = VERTEX_POINT ( 'NONE', #316 ) ;
#364 = VERTEX_POINT ( 'NONE', #445 ) ;
#365 = LINE ( 'NONE', #1551, #1410 ) ;
#366 = CARTESIAN_POINT ( 'NONE',  ( -3.136999999999999567, 0.03799999999999974926, 1.590000000000000080 ) ) ;
#367 = DIRECTION ( 'NONE',  ( -1.000000000000000000, 9.856383386231858827E-17, 0.0000000000000000000 ) ) ;
#368 = STYLED_ITEM ( 'NONE', ( #745 ), #1150 ) ;
#369 =( NAMED_UNIT ( * ) SI_UNIT ( $, .STERADIAN. ) SOLID_ANGLE_UNIT ( ) );
#370 = DIRECTION ( 'NONE',  ( 9.856383386231858827E-17, 1.000000000000000000, 0.0000000000000000000 ) ) ;
#371 = DIRECTION ( 'NONE',  ( -0.0000000000000000000, -0.0000000000000000000, -1.000000000000000000 ) ) ;
#372 = EDGE_LOOP ( 'NONE', ( #633, #288, #1331, #520, #397, #630, #1537, #229 ) ) ;
#373 = VERTEX_POINT ( 'NONE', #1303 ) ;
#374 = CARTESIAN_POINT ( 'NONE',  ( -3.136999999999999567, 0.7219999999999995310, 1.590000000000000080 ) ) ;
#375 = CARTESIAN_POINT ( 'NONE',  ( -3.174999999999999378, 0.7599999999999995648, -1.590000000000000080 ) ) ;
#376 = EDGE_CURVE ( 'NONE', #436, #1037, #757, .T. ) ;
#377 = DIRECTION ( 'NONE',  ( 0.0000000000000000000, 1.000000000000000000, 0.0000000000000000000 ) ) ;
#378 = EDGE_CURVE ( 'NONE', #324, #1088, #435, .T. ) ;
#379 = DIRECTION ( 'NONE',  ( 1.000000000000000000, 0.0000000000000000000, -0.0000000000000000000 ) ) ;
#380 = VECTOR ( 'NONE', #1187, 1000.000000000000000 ) ;
#381 = EDGE_LOOP ( 'NONE', ( #658, #1521, #1463, #758 ) ) ;
#382 = VECTOR ( 'NONE', #932, 1000.000000000000000 ) ;
#383 = ORIENTED_EDGE ( 'NONE', *, *, #376, .T. ) ;
#384 = ORIENTED_EDGE ( 'NONE', *, *, #615, .T. ) ;
#385 = LINE ( 'NONE', #608, #1506 ) ;
#386 = ORIENTED_EDGE ( 'NONE', *, *, #603, .T. ) ;
#387 = CARTESIAN_POINT ( 'NONE',  ( 3.136999999999999567, 0.7219999999999995310, -1.590000000000000080 ) ) ;
#388 = VECTOR ( 'NONE', #1436, 1000.000000000000000 ) ;
#389 = CARTESIAN_POINT ( 'NONE',  ( 1.231666666666659804, -5.015752173107513201, -1.284999999999999920 ) ) ;
#390 = CARTESIAN_POINT ( 'NONE',  ( 3.136999999999999567, 0.7219999999999995310, 1.590000000000000080 ) ) ;
#391 = LINE ( 'NONE', #1275, #1216 ) ;
#392 = CARTESIAN_POINT ( 'NONE',  ( -1.028333333333336430, 0.7599999999999996758, 1.081666666666665666 ) ) ;
#393 = EDGE_CURVE ( 'NONE', #73, #1468, #684, .T. ) ;
#394 = ORIENTED_EDGE ( 'NONE', *, *, #186, .F. ) ;
#395 = VECTOR ( 'NONE', #1268, 1000.000000000000000 ) ;
#396 = ADVANCED_FACE ( 'NONE', ( #18 ), #306, .F. ) ;
#397 = ORIENTED_EDGE ( 'NONE', *, *, #1146, .T. ) ;
#398 = LINE ( 'NONE', #420, #1010 ) ;
#399 = ORIENTED_EDGE ( 'NONE', *, *, #378, .T. ) ;
#400 = DIRECTION ( 'NONE',  ( 0.0000000000000000000, -0.0000000000000000000, -1.000000000000000000 ) ) ;
#401 = ADVANCED_FACE ( 'NONE', ( #710 ), #703, .T. ) ;
#402 = DIRECTION ( 'NONE',  ( 9.856383386231858827E-17, 1.000000000000000000, 0.0000000000000000000 ) ) ;
#403 = VECTOR ( 'NONE', #132, 1000.000000000000000 ) ;
#404 = AXIS2_PLACEMENT_3D ( 'NONE', #1312, #1411, #417 ) ;
#405 = LINE ( 'NONE', #441, #499 ) ;
#406 = ORIENTED_EDGE ( 'NONE', *, *, #1071, .F. ) ;
#407 = ORIENTED_EDGE ( 'NONE', *, *, #569, .T. ) ;
#408 = VECTOR ( 'NONE', #1529, 1000.000000000000000 ) ;
#409 = DIRECTION ( 'NONE',  ( 0.0000000000000000000, 0.0000000000000000000, -1.000000000000000000 ) ) ;
#410 = ADVANCED_FACE ( 'NONE', ( #334 ), #1444, .T. ) ;
#411 = CARTESIAN_POINT ( 'NONE',  ( 0.1016666666666649066, 0.7219999999999995310, 1.284999999999999254 ) ) ;
#412 = PLANE ( 'NONE',  #1249 ) ;
#413 = PLANE ( 'NONE',  #600 ) ;
#414 = AXIS2_PLACEMENT_3D ( 'NONE', #253, #1359, #746 ) ;
#415 = ORIENTED_EDGE ( 'NONE', *, *, #451, .F. ) ;
#416 =( GEOMETRIC_REPRESENTATION_CONTEXT ( 3 ) GLOBAL_UNCERTAINTY_ASSIGNED_CONTEXT ( ( #66 ) ) GLOBAL_UNIT_ASSIGNED_CONTEXT ( ( #1608, #358, #856 ) ) REPRESENTATION_CONTEXT ( 'NONE', 'WORKASPACE' ) );
#417 = DIRECTION ( 'NONE',  ( 9.856383386231858827E-17, 1.000000000000000000, 0.0000000000000000000 ) ) ;
#418 = ORIENTED_EDGE ( 'NONE', *, *, #1072, .T. ) ;
#419 = ADVANCED_FACE ( 'NONE', ( #769 ), #1558, .T. ) ;
#420 = CARTESIAN_POINT ( 'NONE',  ( -2.564999999999999503, 0.7219999999999995310, 1.590000000000000080 ) ) ;
#421 = CARTESIAN_POINT ( 'NONE',  ( 2.564999999999999503, 0.7599999999999995648, 1.590000000000000080 ) ) ;
#422 = PLANE ( 'NONE',  #736 ) ;
#423 = LINE ( 'NONE', #1354, #1177 ) ;
#424 = LINE ( 'NONE', #331, #609 ) ;
#425 = DIRECTION ( 'NONE',  ( -1.000000000000000000, 0.0000000000000000000, 0.0000000000000000000 ) ) ;
#426 = EDGE_CURVE ( 'NONE', #1539, #1431, #3, .T. ) ;
#427 = EDGE_LOOP ( 'NONE', ( #968, #212, #811, #833 ) ) ;
#428 = ORIENTED_EDGE ( 'NONE', *, *, #224, .F. ) ;
#429 = ORIENTED_EDGE ( 'NONE', *, *, #1533, .F. ) ;
#430 = ORIENTED_EDGE ( 'NONE', *, *, #174, .T. ) ;
#431 = ADVANCED_FACE ( 'NONE', ( #677 ), #805, .T. ) ;
#432 = VECTOR ( 'NONE', #1065, 1000.000000000000000 ) ;
#433 = DIRECTION ( 'NONE',  ( -0.0000000000000000000, 0.0000000000000000000, 1.000000000000000000 ) ) ;
#434 = CARTESIAN_POINT ( 'NONE',  ( -0.1016666666666683760, 0.7599999999999995648, -1.284999999999999920 ) ) ;
#435 = LINE ( 'NONE', #1318, #1350 ) ;
#436 = VERTEX_POINT ( 'NONE', #1323 ) ;
#437 = VECTOR ( 'NONE', #488, 1000.000000000000000 ) ;
#438 = EDGE_CURVE ( 'NONE', #557, #947, #310, .T. ) ;
#439 = CARTESIAN_POINT ( 'NONE',  ( 1.028333333333329325, 0.7599999999999994538, -1.081666666666666554 ) ) ;
#440 = EDGE_LOOP ( 'NONE', ( #1203, #559, #669, #1090, #293, #1352, #847, #1481, #1473, #1106, #1550, #510, #502, #237, #801, #1027, #127, #1505, #242, #1524, #1234, #1306, #195, #787 ) ) ;
#441 = CARTESIAN_POINT ( 'NONE',  ( 2.158333333333327886, 0.7599999999999993427, -1.284999999999999920 ) ) ;
#442 = EDGE_CURVE ( 'NONE', #1462, #1480, #1399, .T. ) ;
#443 = ORIENTED_EDGE ( 'NONE', *, *, #239, .F. ) ;
#444 = CARTESIAN_POINT ( 'NONE',  ( 3.174999999999999378, -3.888253587292845588E-16, 1.590000000000000080 ) ) ;
#445 = CARTESIAN_POINT ( 'NONE',  ( 2.564999999999999503, 0.7219999999999995310, -1.590000000000000080 ) ) ;
#446 = PLANE ( 'NONE',  #176 ) ;
#447 = VECTOR ( 'NONE', #983, 1000.000000000000000 ) ;
#448 = ORIENTED_EDGE ( 'NONE', *, *, #116, .T. ) ;
#449 = ORIENTED_EDGE ( 'NONE', *, *, #1043, .F. ) ;
#450 = CARTESIAN_POINT ( 'NONE',  ( -2.564999999999999503, 0.03799999999999982558, 1.590000000000000080 ) ) ;
#451 = EDGE_CURVE ( 'NONE', #751, #956, #1490, .T. ) ;
#452 = CARTESIAN_POINT ( 'NONE',  ( -1.231666666666670240, -5.015752173107513201, -1.081666666666666554 ) ) ;
#453 = PRESENTATION_LAYER_ASSIGNMENT (  '', '', ( #664 ) ) ;
#454 = PLANE ( 'NONE',  #1105 ) ;
#455 = EDGE_CURVE ( 'NONE', #578, #1128, #693, .T. ) ;
#456 = ORIENTED_EDGE ( 'NONE', *, *, #1552, .F. ) ;
#457 = PLANE ( 'NONE',  #1003 ) ;
#458 = AXIS2_PLACEMENT_3D ( 'NONE', #1373, #367, #1378 ) ;
#459 = FACE_OUTER_BOUND ( 'NONE', #1241, .T. ) ;
#460 = DIRECTION ( 'NONE',  ( 1.000000000000000000, -9.856383386231858827E-17, 0.0000000000000000000 ) ) ;
#461 = LINE ( 'NONE', #1022, #1610 ) ;
#462 = ORIENTED_EDGE ( 'NONE', *, *, #455, .F. ) ;
#463 = EDGE_LOOP ( 'NONE', ( #1194, #678, #832, #149 ) ) ;
#464 = EDGE_CURVE ( 'NONE', #1120, #1051, #1295, .T. ) ;
#465 = ORIENTED_EDGE ( 'NONE', *, *, #1492, .T. ) ;
#466 = LINE ( 'NONE', #586, #481 ) ;
#467 = VECTOR ( 'NONE', #1314, 1000.000000000000000 ) ;
#468 = EDGE_CURVE ( 'NONE', #161, #1522, #1242, .T. ) ;
#469 = CARTESIAN_POINT ( 'NONE',  ( -3.136999999999999567, 0.03799999999999974926, -1.590000000000000302 ) ) ;
#470 = DIRECTION ( 'NONE',  ( 1.000000000000000000, 0.0000000000000000000, 0.0000000000000000000 ) ) ;
#471 = ORIENTED_EDGE ( 'NONE', *, *, #376, .F. ) ;
#472 = SURFACE_STYLE_USAGE ( .BOTH. , #1067 ) ;
#473 = EDGE_LOOP ( 'NONE', ( #192, #886, #471, #1475 ) ) ;
#474 = ORIENTED_EDGE ( 'NONE', *, *, #327, .F. ) ;
#475 = EDGE_CURVE ( 'NONE', #90, #1080, #1474, .T. ) ;
#476 = PLANE ( 'NONE',  #1074 ) ;
#477 = CARTESIAN_POINT ( 'NONE',  ( -1.231666666666669130, 0.7599999999999996758, 1.284999999999999254 ) ) ;
#478 = VECTOR ( 'NONE', #1104, 1000.000000000000000 ) ;
#479 = ORIENTED_EDGE ( 'NONE', *, *, #878, .T. ) ;
#480 = CARTESIAN_POINT ( 'NONE',  ( 0.1016666666666643376, -5.015752173107513201, 1.284999999999999254 ) ) ;
#481 = VECTOR ( 'NONE', #1469, 1000.000000000000000 ) ;
#482 = ORIENTED_EDGE ( 'NONE', *, *, #1602, .F. ) ;
#483 = VERTEX_POINT ( 'NONE', #1287 ) ;
#484 = FACE_OUTER_BOUND ( 'NONE', #179, .T. ) ;
#485 = EDGE_CURVE ( 'NONE', #1262, #1586, #1044, .T. ) ;
#486 = AXIS2_PLACEMENT_3D ( 'NONE', #291, #671, #792 ) ;
#487 = CARTESIAN_POINT ( 'NONE',  ( 0.1016666666666643376, 0.7219999999999995310, -1.081666666666666554 ) ) ;
#488 = DIRECTION ( 'NONE',  ( 9.856383386231858827E-17, 1.000000000000000000, 0.0000000000000000000 ) ) ;
#489 = FACE_OUTER_BOUND ( 'NONE', #213, .T. ) ;
#490 =( NAMED_UNIT ( * ) PLANE_ANGLE_UNIT ( ) SI_UNIT ( $, .RADIAN. ) );
#491 = ORIENTED_EDGE ( 'NONE', *, *, #898, .F. ) ;
#492 = ORIENTED_EDGE ( 'NONE', *, *, #294, .F. ) ;
#493 = EDGE_CURVE ( 'NONE', #32, #82, #1315, .T. ) ;
#494 = CARTESIAN_POINT ( 'NONE',  ( 2.564999999999999059, 0.7599999999999993427, -1.284999999999999920 ) ) ;
#495 = PRODUCT_DEFINITION_SHAPE ( 'NONE', 'NONE',  #1434 ) ;
#496 = CARTESIAN_POINT ( 'NONE',  ( 2.361666666666660586, -5.015752173107513201, -1.081666666666666554 ) ) ;
#497 = FACE_OUTER_BOUND ( 'NONE', #897, .T. ) ;
#498 = CARTESIAN_POINT ( 'NONE',  ( -2.361666666666665026, -5.015752173107513201, -1.284999999999999920 ) ) ;
#499 = VECTOR ( 'NONE', #318, 1000.000000000000000 ) ;
#500 = ORIENTED_EDGE ( 'NONE', *, *, #357, .F. ) ;
#501 = ORIENTED_EDGE ( 'NONE', *, *, #724, .T. ) ;
#502 = ORIENTED_EDGE ( 'NONE', *, *, #731, .T. ) ;
#503 = CARTESIAN_POINT ( 'NONE',  ( -1.231666666666669574, 0.7219999999999995310, -1.081666666666666554 ) ) ;
#504 = DIRECTION ( 'NONE',  ( 9.856383386231858827E-17, 1.000000000000000000, 0.0000000000000000000 ) ) ;
#505 = DIRECTION ( 'NONE',  ( 1.000000000000000000, 0.0000000000000000000, 0.0000000000000000000 ) ) ;
#506 = CARTESIAN_POINT ( 'NONE',  ( -3.136999999999999567, 0.7219999999999995310, -1.590000000000000080 ) ) ;
#507 = EDGE_CURVE ( 'NONE', #1018, #1586, #391, .T. ) ;
#508 = CARTESIAN_POINT ( 'NONE',  ( 3.136999999999999567, 0.03799999999999974926, 1.590000000000000080 ) ) ;
#509 = AXIS2_PLACEMENT_3D ( 'NONE', #749, #14, #1123 ) ;
#510 = ORIENTED_EDGE ( 'NONE', *, *, #217, .T. ) ;
#511 = PLANE ( 'NONE',  #319 ) ;
#512 = ORIENTED_EDGE ( 'NONE', *, *, #1442, .F. ) ;
#513 = ORIENTED_EDGE ( 'NONE', *, *, #507, .T. ) ;
#514 = ADVANCED_FACE ( 'NONE', ( #575 ), #1425, .F. ) ;
#515 = DIRECTION ( 'NONE',  ( 1.000000000000000000, -9.856383386231858827E-17, 1.066428366379184684E-14 ) ) ;
#516 = EDGE_CURVE ( 'NONE', #585, #850, #1381, .T. ) ;
#517 = SURFACE_SIDE_STYLE ('',( #827 ) ) ;
#518 = AXIS2_PLACEMENT_3D ( 'NONE', #1504, #515, #1141 ) ;
#519 = VECTOR ( 'NONE', #1502, 1000.000000000000000 ) ;
#520 = ORIENTED_EDGE ( 'NONE', *, *, #1084, .T. ) ;
#521 = CARTESIAN_POINT ( 'NONE',  ( -2.564999999999999947, -5.015752173107513201, 1.081666666666666554 ) ) ;
#522 = ORIENTED_EDGE ( 'NONE', *, *, #1092, .T. ) ;
#523 = EDGE_LOOP ( 'NONE', ( #1592, #842, #430, #118 ) ) ;
#524 = CARTESIAN_POINT ( 'NONE',  ( -3.136999999999999567, 0.03799999999999974926, -1.590000000000000080 ) ) ;
#525 = ADVANCED_FACE ( 'NONE', ( #904 ), #413, .T. ) ;
#526 = DIRECTION ( 'NONE',  ( -1.000000000000000000, -0.0000000000000000000, -0.0000000000000000000 ) ) ;
#527 = LINE ( 'NONE', #625, #97 ) ;
#528 = ADVANCED_FACE ( 'NONE', ( #1015 ), #673, .F. ) ;
#529 = DIRECTION ( 'NONE',  ( 0.0000000000000000000, -0.0000000000000000000, -1.000000000000000000 ) ) ;
#530 = ORIENTED_EDGE ( 'NONE', *, *, #1053, .T. ) ;
#531 = CARTESIAN_POINT ( 'NONE',  ( -2.564999999999999503, 0.7219999999999995310, 1.590000000000000080 ) ) ;
#532 = DIRECTION ( 'NONE',  ( 1.000000000000000000, -0.0000000000000000000, 0.0000000000000000000 ) ) ;
#533 = DIRECTION ( 'NONE',  ( 1.000000000000000000, 0.0000000000000000000, 0.0000000000000000000 ) ) ;
#534 = VECTOR ( 'NONE', #1266, 1000.000000000000000 ) ;
#535 = LINE ( 'NONE', #584, #301 ) ;
#536 = ORIENTED_EDGE ( 'NONE', *, *, #252, .T. ) ;
#537 = LINE ( 'NONE', #298, #814 ) ;
#538 = FACE_OUTER_BOUND ( 'NONE', #340, .T. ) ;
#539 = ORIENTED_EDGE ( 'NONE', *, *, #1580, .T. ) ;
#540 = CARTESIAN_POINT ( 'NONE',  ( -1.231666666666669574, 0.7599999999999996758, -1.081666666666666554 ) ) ;
#541 = ORIENTED_EDGE ( 'NONE', *, *, #624, .F. ) ;
#542 = VECTOR ( 'NONE', #853, 1000.000000000000000 ) ;
#543 = CARTESIAN_POINT ( 'NONE',  ( -3.136999999999999567, 0.03799999999999974926, -7.901175167906528962 ) ) ;
#544 = EDGE_CURVE ( 'NONE', #1292, #1018, #1280, .T. ) ;
#545 = ADVANCED_FACE ( 'NONE', ( #923 ), #1147, .T. ) ;
#546 = DIRECTION ( 'NONE',  ( -0.0000000000000000000, -0.0000000000000000000, -1.000000000000000000 ) ) ;
#547 = ORIENTED_EDGE ( 'NONE', *, *, #349, .F. ) ;
#548 = CARTESIAN_POINT ( 'NONE',  ( -1.028333333333337096, -5.015752173107513201, -1.284999999999999920 ) ) ;
#549 = AXIS2_PLACEMENT_3D ( 'NONE', #794, #1406, #1536 ) ;
#550 = VERTEX_POINT ( 'NONE', #531 ) ;
#551 = DIRECTION ( 'NONE',  ( 1.000000000000000000, -1.303127611160462041E-16, 0.0000000000000000000 ) ) ;
#552 = ORIENTED_EDGE ( 'NONE', *, *, #1163, .T. ) ;
#553 = DIRECTION ( 'NONE',  ( -1.000000000000000000, 9.856383386231858827E-17, 9.162271880159193598E-17 ) ) ;
#554 = DIRECTION ( 'NONE',  ( 0.0000000000000000000, -0.0000000000000000000, -1.000000000000000000 ) ) ;
#555 = COLOUR_RGB ( '',0.7921568627450980005, 0.8196078431372548767, 0.9333333333333333481 ) ;
#556 = CARTESIAN_POINT ( 'NONE',  ( 3.136999999999999567, 0.03799999999999974926, -7.901175167906528962 ) ) ;
#557 = VERTEX_POINT ( 'NONE', #1162 ) ;
#558 = FILL_AREA_STYLE ('',( #1432 ) ) ;
#559 = ORIENTED_EDGE ( 'NONE', *, *, #34, .T. ) ;
#560 = ORIENTED_EDGE ( 'NONE', *, *, #1461, .T. ) ;
#561 = LINE ( 'NONE', #103, #130 ) ;
#562 = EDGE_LOOP ( 'NONE', ( #1283, #386, #857, #139 ) ) ;
#563 = ORIENTED_EDGE ( 'NONE', *, *, #1227, .T. ) ;
#564 = MECHANICAL_DESIGN_GEOMETRIC_PRESENTATION_REPRESENTATION (  '', ( #1165 ), #775 ) ;
#565 = FACE_OUTER_BOUND ( 'NONE', #1011, .T. ) ;
#566 = DIRECTION ( 'NONE',  ( 0.0000000000000000000, 0.0000000000000000000, -1.000000000000000000 ) ) ;
#567 = CARTESIAN_POINT ( 'NONE',  ( 2.158333333333327442, -5.015752173107513201, 1.081666666666665888 ) ) ;
#568 = VECTOR ( 'NONE', #505, 1000.000000000000000 ) ;
#569 = EDGE_CURVE ( 'NONE', #1137, #13, #46, .T. ) ;
#570 = CARTESIAN_POINT ( 'NONE',  ( 2.158333333333327442, 0.7219999999999995310, -1.284999999999999920 ) ) ;
#571 = CARTESIAN_POINT ( 'NONE',  ( -2.564999999999999503, 0.7599999999999997868, 1.081666666666666554 ) ) ;
#572 = ORIENTED_EDGE ( 'NONE', *, *, #315, .T. ) ;
#573 = DIRECTION ( 'NONE',  ( -0.0000000000000000000, -0.0000000000000000000, -1.000000000000000000 ) ) ;
#574 = LINE ( 'NONE', #876, #1520 ) ;
#575 = FACE_OUTER_BOUND ( 'NONE', #1206, .T. ) ;
#576 = ORIENTED_EDGE ( 'NONE', *, *, #1043, .T. ) ;
#577 = VECTOR ( 'NONE', #529, 1000.000000000000000 ) ;
#578 = VERTEX_POINT ( 'NONE', #42 ) ;
#579 = AXIS2_PLACEMENT_3D ( 'NONE', #107, #869, #235 ) ;
#580 =( NAMED_UNIT ( * ) SI_UNIT ( $, .STERADIAN. ) SOLID_ANGLE_UNIT ( ) );
#581 = VERTEX_POINT ( 'NONE', #914 ) ;
#582 = DIRECTION ( 'NONE',  ( 9.856383386231858827E-17, 1.000000000000000000, 0.0000000000000000000 ) ) ;
#583 = DIRECTION ( 'NONE',  ( 1.000000000000000000, 6.374186208676798083E-16, -0.0000000000000000000 ) ) ;
#584 = CARTESIAN_POINT ( 'NONE',  ( 1.231666666666659138, 0.7219999999999995310, 1.081666666666665888 ) ) ;
#585 = VERTEX_POINT ( 'NONE', #1297 ) ;
#586 = CARTESIAN_POINT ( 'NONE',  ( -2.158333333333332771, -5.015752173107513201, 1.284999999999999698 ) ) ;
#587 = VERTEX_POINT ( 'NONE', #272 ) ;
#588 = DIRECTION ( 'NONE',  ( -1.000000000000000000, 9.856383386231858827E-17, -9.162271880159192365E-17 ) ) ;
#589 = AXIS2_PLACEMENT_3D ( 'NONE', #1325, #921, #1433 ) ;
#590 = CARTESIAN_POINT ( 'NONE',  ( 1.231666666666660470, 0.7599999999999994538, -1.284999999999999920 ) ) ;
#591 = DIRECTION ( 'NONE',  ( -0.0000000000000000000, 0.0000000000000000000, 1.000000000000000000 ) ) ;
#592 = VECTOR ( 'NONE', #1013, 1000.000000000000000 ) ;
#593 = ORIENTED_EDGE ( 'NONE', *, *, #919, .F. ) ;
#594 = EDGE_LOOP ( 'NONE', ( #613, #1263, #305, #1217, #443, #957, #491, #1594 ) ) ;
#595 = EDGE_CURVE ( 'NONE', #1160, #322, #1574, .T. ) ;
#596 = ORIENTED_EDGE ( 'NONE', *, *, #56, .F. ) ;
#597 = LINE ( 'NONE', #1200, #790 ) ;
#598 = ORIENTED_EDGE ( 'NONE', *, *, #1454, .F. ) ;
#599 = VECTOR ( 'NONE', #1553, 1000.000000000000000 ) ;
#600 = AXIS2_PLACEMENT_3D ( 'NONE', #156, #409, #533 ) ;
#601 = CARTESIAN_POINT ( 'NONE',  ( 2.564999999999998614, -5.015752173107513201, -1.284999999999999920 ) ) ;
#602 = LINE ( 'NONE', #759, #1049 ) ;
#603 = EDGE_CURVE ( 'NONE', #997, #1088, #1611, .T. ) ;
#604 = FILL_AREA_STYLE ('',( #974 ) ) ;
#605 = PLANE ( 'NONE',  #209 ) ;
#606 = VECTOR ( 'NONE', #1609, 1000.000000000000000 ) ;
#607 = CARTESIAN_POINT ( 'NONE',  ( -3.136999999999999567, 0.03799999999999974926, -7.901175167906528962 ) ) ;
#608 = CARTESIAN_POINT ( 'NONE',  ( -3.136999999999999567, 0.03799999999999974926, 1.590000000000000080 ) ) ;
#609 = VECTOR ( 'NONE', #838, 1000.000000000000000 ) ;
#610 = ORIENTED_EDGE ( 'NONE', *, *, #455, .T. ) ;
#611 = DIRECTION ( 'NONE',  ( 0.0000000000000000000, -0.0000000000000000000, -1.000000000000000000 ) ) ;
#612 = VECTOR ( 'NONE', #164, 1000.000000000000000 ) ;
#613 = ORIENTED_EDGE ( 'NONE', *, *, #1430, .F. ) ;
#614 = COLOUR_RGB ( '',1.000000000000000000, 1.000000000000000000, 1.000000000000000000 ) ;
#615 = EDGE_CURVE ( 'NONE', #1037, #843, #125, .T. ) ;
#616 = CARTESIAN_POINT ( 'NONE',  ( 2.564999999999996838, 0.7599999999999993427, -1.081666666666666554 ) ) ;
#617 = AXIS2_PLACEMENT_3D ( 'NONE', #1278, #783, #910 ) ;
#618 = CARTESIAN_POINT ( 'NONE',  ( 0.0000000000000000000, 0.0000000000000000000, 0.0000000000000000000 ) ) ;
#619 = PLANE ( 'NONE',  #1126 ) ;
#620 = DIRECTION ( 'NONE',  ( -1.000000000000000000, 1.170002344408815807E-16, -7.020014066452894347E-16 ) ) ;
#621 = ORIENTED_EDGE ( 'NONE', *, *, #335, .F. ) ;
#622 = CARTESIAN_POINT ( 'NONE',  ( 2.564999999999999503, 0.0000000000000000000, 1.590000000000000080 ) ) ;
#623 = CARTESIAN_POINT ( 'NONE',  ( 0.0000000000000000000, 0.0000000000000000000, -1.590000000000000080 ) ) ;
#624 = EDGE_CURVE ( 'NONE', #1338, #1431, #405, .T. ) ;
#625 = CARTESIAN_POINT ( 'NONE',  ( -2.564999999999999503, 0.7599999999999995648, 1.590000000000000080 ) ) ;
#626 = PLANE ( 'NONE',  #848 ) ;
#627 = LINE ( 'NONE', #679, #1302 ) ;
#628 = DIRECTION ( 'NONE',  ( -1.000000000000000000, 0.0000000000000000000, -0.0000000000000000000 ) ) ;
#629 = LINE ( 'NONE', #79, #1076 ) ;
#630 = ORIENTED_EDGE ( 'NONE', *, *, #262, .T. ) ;
#631 = VERTEX_POINT ( 'NONE', #58 ) ;
#632 = ADVANCED_FACE ( 'NONE', ( #1033 ), #1560, .F. ) ;
#633 = ORIENTED_EDGE ( 'NONE', *, *, #793, .T. ) ;
#634 = LINE ( 'NONE', #225, #890 ) ;
#635 = ORIENTED_EDGE ( 'NONE', *, *, #878, .F. ) ;
#636 = CARTESIAN_POINT ( 'NONE',  ( 3.174999999999999378, 0.7599999999999995648, -1.590000000000000080 ) ) ;
#637 = CARTESIAN_POINT ( 'NONE',  ( 2.361666666666660586, 0.7219999999999995310, -1.081666666666666554 ) ) ;
#638 = DIRECTION ( 'NONE',  ( 1.000000000000000000, 0.0000000000000000000, -6.505213034913053228E-16 ) ) ;
#639 = EDGE_CURVE ( 'NONE', #228, #865, #946, .T. ) ;
#640 = PRODUCT ( 'UHVB2512FCD2G00', 'UHVB2512FCD2G00', '', ( #1094 ) ) ;
#641 = EDGE_LOOP ( 'NONE', ( #1355, #1000, #552, #265 ) ) ;
#642 = FACE_OUTER_BOUND ( 'NONE', #523, .T. ) ;
#643 = ADVANCED_FACE ( 'NONE', ( #963 ), #75, .T. ) ;
#644 = DIRECTION ( 'NONE',  ( -0.0000000000000000000, 1.000000000000000000, -0.0000000000000000000 ) ) ;
#645 = UNCERTAINTY_MEASURE_WITH_UNIT (LENGTH_MEASURE( 1.000000000000000082E-05 ), #233, 'distance_accuracy_value', 'NONE');
#646 =( LENGTH_UNIT ( ) NAMED_UNIT ( * ) SI_UNIT ( .MILLI., .METRE. ) );
#647 = EDGE_LOOP ( 'NONE', ( #1210, #1435, #596, #536 ) ) ;
#648 = DIRECTION ( 'NONE',  ( 1.000000000000000000, 0.0000000000000000000, -0.0000000000000000000 ) ) ;
#649 = EDGE_CURVE ( 'NONE', #1097, #50, #167, .T. ) ;
#650 = CARTESIAN_POINT ( 'NONE',  ( -3.174999999999999378, 0.7599999999999995648, 1.590000000000000080 ) ) ;
#651 = AXIS2_PLACEMENT_3D ( 'NONE', #962, #328, #830 ) ;
#652 = ADVANCED_FACE ( 'NONE', ( #1240 ), #199, .T. ) ;
#653 = CARTESIAN_POINT ( 'NONE',  ( -2.158333333333332327, 0.7219999999999995310, -1.081666666666666110 ) ) ;
#654 = VECTOR ( 'NONE', #975, 1000.000000000000000 ) ;
#655 = VECTOR ( 'NONE', #1212, 1000.000000000000000 ) ;
#656 = ORIENTED_EDGE ( 'NONE', *, *, #1543, .F. ) ;
#657 = FACE_OUTER_BOUND ( 'NONE', #647, .T. ) ;
#658 = ORIENTED_EDGE ( 'NONE', *, *, #1413, .F. ) ;
#659 = LINE ( 'NONE', #296, #133 ) ;
#660 = DIRECTION ( 'NONE',  ( -0.0000000000000000000, -0.0000000000000000000, 1.000000000000000000 ) ) ;
#661 = ADVANCED_FACE ( 'NONE', ( #786 ), #446, .T. ) ;
#662 = DIRECTION ( 'NONE',  ( -1.000000000000000000, 0.0000000000000000000, -0.0000000000000000000 ) ) ;
#663 = AXIS2_PLACEMENT_3D ( 'NONE', #607, #1237, #989 ) ;
#664 = STYLED_ITEM ( 'NONE', ( #985 ), #1453 ) ;
#665 = CARTESIAN_POINT ( 'NONE',  ( -2.361666666666664582, 0.7599999999999997868, -1.284999999999999920 ) ) ;
#666 = DIRECTION ( 'NONE',  ( -0.0000000000000000000, 1.000000000000000000, -0.0000000000000000000 ) ) ;
#667 = ORIENTED_EDGE ( 'NONE', *, *, #106, .T. ) ;
#668 = CARTESIAN_POINT ( 'NONE',  ( 2.564999999999999503, 0.03799999999999982558, 1.590000000000000080 ) ) ;
#669 = ORIENTED_EDGE ( 'NONE', *, *, #186, .T. ) ;
#670 = ADVANCED_FACE ( 'NONE', ( #1327 ), #1320, .F. ) ;
#671 = DIRECTION ( 'NONE',  ( 0.0000000000000000000, 1.000000000000000000, 0.0000000000000000000 ) ) ;
#672 = EDGE_CURVE ( 'NONE', #1514, #30, #713, .T. ) ;
#673 = PLANE ( 'NONE',  #755 ) ;
#674 = AXIS2_PLACEMENT_3D ( 'NONE', #1579, #588, #100 ) ;
#675 = FACE_OUTER_BOUND ( 'NONE', #1345, .T. ) ;
#676 = ORIENTED_EDGE ( 'NONE', *, *, #1036, .F. ) ;
#677 = FACE_OUTER_BOUND ( 'NONE', #1017, .T. ) ;
#678 = ORIENTED_EDGE ( 'NONE', *, *, #931, .T. ) ;
#679 = CARTESIAN_POINT ( 'NONE',  ( 3.174999999999999378, 0.7599999999999995648, 1.590000000000000080 ) ) ;
#680 = ORIENTED_EDGE ( 'NONE', *, *, #1247, .T. ) ;
#681 = CARTESIAN_POINT ( 'NONE',  ( -2.564999999999999503, 0.7599999999999997868, 1.081666666666666554 ) ) ;
#682 = DIRECTION ( 'NONE',  ( 7.020014066452894347E-16, -6.919195001570025735E-32, -1.000000000000000000 ) ) ;
#683 = FACE_OUTER_BOUND ( 'NONE', #889, .T. ) ;
#684 = LINE ( 'NONE', #55, #351 ) ;
#685 = EDGE_CURVE ( 'NONE', #373, #161, #1202, .T. ) ;
#686 = DIRECTION ( 'NONE',  ( -9.162271880159192365E-17, 0.0000000000000000000, 1.000000000000000000 ) ) ;
#687 = LINE ( 'NONE', #1102, #972 ) ;
#688 = CARTESIAN_POINT ( 'NONE',  ( 2.564999999999999059, 0.7219999999999995310, -1.284999999999999920 ) ) ;
#689 = CARTESIAN_POINT ( 'NONE',  ( -2.158333333333332327, 0.7599999999999997868, -1.081666666666666554 ) ) ;
#690 = LINE ( 'NONE', #1231, #313 ) ;
#691 = DIRECTION ( 'NONE',  ( -1.000000000000000000, 0.0000000000000000000, -0.0000000000000000000 ) ) ;
#692 = LINE ( 'NONE', #148, #1193 ) ;
#693 = LINE ( 'NONE', #175, #1438 ) ;
#694 = EDGE_LOOP ( 'NONE', ( #1179, #1363, #621, #64 ) ) ;
#695 = VECTOR ( 'NONE', #1005, 1000.000000000000000 ) ;
#696 = DIRECTION ( 'NONE',  ( 0.0000000000000000000, 0.0000000000000000000, -1.000000000000000000 ) ) ;
#697 = PLANE ( 'NONE',  #744 ) ;
#698 = DIRECTION ( 'NONE',  ( -1.000000000000000000, 0.0000000000000000000, 4.265713465516706866E-15 ) ) ;
#699 = LINE ( 'NONE', #711, #995 ) ;
#700 = ORIENTED_EDGE ( 'NONE', *, *, #335, .T. ) ;
#701 = ORIENTED_EDGE ( 'NONE', *, *, #315, .F. ) ;
#702 = VECTOR ( 'NONE', #180, 1000.000000000000000 ) ;
#703 = PLANE ( 'NONE',  #128 ) ;
#704 = CARTESIAN_POINT ( 'NONE',  ( -2.361666666666664582, 0.7599999999999997868, 1.081666666666665666 ) ) ;
#705 = CARTESIAN_POINT ( 'NONE',  ( 3.136999999999999567, 0.7219999999999995310, 1.590000000000000080 ) ) ;
#706 = PLANE ( 'NONE',  #674 ) ;
#707 = PRESENTATION_LAYER_ASSIGNMENT (  '', '', ( #1113 ) ) ;
#708 = ORIENTED_EDGE ( 'NONE', *, *, #1418, .T. ) ;
#709 = ORIENTED_EDGE ( 'NONE', *, *, #475, .F. ) ;
#710 = FACE_OUTER_BOUND ( 'NONE', #214, .T. ) ;
#711 = CARTESIAN_POINT ( 'NONE',  ( -2.564999999999999503, 0.0000000000000000000, 1.590000000000000080 ) ) ;
#712 = EDGE_CURVE ( 'NONE', #1308, #289, #1589, .T. ) ;
#713 = LINE ( 'NONE', #434, #241 ) ;
#714 = EDGE_LOOP ( 'NONE', ( #999, #16, #314, #286 ) ) ;
#715 = ORIENTED_EDGE ( 'NONE', *, *, #1552, .T. ) ;
#716 = VERTEX_POINT ( 'NONE', #312 ) ;
#717 = CARTESIAN_POINT ( 'NONE',  ( -2.564999999999999503, 0.0000000000000000000, 1.590000000000000080 ) ) ;
#718 = PRESENTATION_STYLE_ASSIGNMENT (( #1029 ) ) ;
#719 = CARTESIAN_POINT ( 'NONE',  ( -2.564999999999999947, -5.015752173107513201, 1.081666666666666554 ) ) ;
#720 = VECTOR ( 'NONE', #937, 1000.000000000000000 ) ;
#721 = ORIENTED_EDGE ( 'NONE', *, *, #41, .F. ) ;
#722 = LINE ( 'NONE', #1002, #395 ) ;
#723 = ORIENTED_EDGE ( 'NONE', *, *, #569, .F. ) ;
#724 = EDGE_CURVE ( 'NONE', #1424, #30, #264, .T. ) ;
#725 =( NAMED_UNIT ( * ) PLANE_ANGLE_UNIT ( ) SI_UNIT ( $, .RADIAN. ) );
#726 = EDGE_LOOP ( 'NONE', ( #1605, #667, #1060, #964 ) ) ;
#727 = PLANE ( 'NONE',  #458 ) ;
#728 = CARTESIAN_POINT ( 'NONE',  ( -3.136999999999999567, 0.03799999999999974926, 1.590000000000000080 ) ) ;
#729 = LINE ( 'NONE', #766, #1570 ) ;
#730 = VECTOR ( 'NONE', #1173, 1000.000000000000000 ) ;
#731 = EDGE_CURVE ( 'NONE', #578, #1448, #863, .T. ) ;
#732 = EDGE_LOOP ( 'NONE', ( #1503, #1400, #966, #925 ) ) ;
#733 = ORIENTED_EDGE ( 'NONE', *, *, #839, .F. ) ;
#734 = VECTOR ( 'NONE', #1567, 1000.000000000000000 ) ;
#735 = DIRECTION ( 'NONE',  ( 9.856383386231858827E-17, 1.000000000000000000, 0.0000000000000000000 ) ) ;
#736 = AXIS2_PLACEMENT_3D ( 'NONE', #183, #566, #691 ) ;
#737 = CARTESIAN_POINT ( 'NONE',  ( -3.136999999999999567, 0.7219999999999995310, 1.590000000000000080 ) ) ;
#738 = CARTESIAN_POINT ( 'NONE',  ( -3.136999999999999567, 0.03799999999999974926, -1.590000000000000080 ) ) ;
#739 = EDGE_CURVE ( 'NONE', #799, #1100, #1535, .T. ) ;
#740 = ORIENTED_EDGE ( 'NONE', *, *, #357, .T. ) ;
#741 = CARTESIAN_POINT ( 'NONE',  ( -2.565000000000000835, -5.015752173107513201, 1.284999999999999698 ) ) ;
#742 = DIRECTION ( 'NONE',  ( 1.000000000000000000, 0.0000000000000000000, 0.0000000000000000000 ) ) ;
#743 = PLANE ( 'NONE',  #900 ) ;
#744 = AXIS2_PLACEMENT_3D ( 'NONE', #74, #299, #942 ) ;
#745 = PRESENTATION_STYLE_ASSIGNMENT (( #1270 ) ) ;
#746 = DIRECTION ( 'NONE',  ( 1.000000000000000000, 0.0000000000000000000, -0.0000000000000000000 ) ) ;
#747 = LINE ( 'NONE', #1466, #29 ) ;
#748 = EDGE_LOOP ( 'NONE', ( #1329, #1078, #926, #1061 ) ) ;
#749 = CARTESIAN_POINT ( 'NONE',  ( -2.564999999999999503, 0.03799999999999982558, 1.590000000000000080 ) ) ;
#750 = CARTESIAN_POINT ( 'NONE',  ( 2.564999999999999503, 0.7219999999999995310, 1.590000000000000080 ) ) ;
#751 = VERTEX_POINT ( 'NONE', #1201 ) ;
#752 = ORIENTED_EDGE ( 'NONE', *, *, #685, .F. ) ;
#753 = DIRECTION ( 'NONE',  ( -1.000000000000000000, 0.0000000000000000000, -0.0000000000000000000 ) ) ;
#754 = LINE ( 'NONE', #812, #388 ) ;
#755 = AXIS2_PLACEMENT_3D ( 'NONE', #1409, #899, #290 ) ;
#756 = DIRECTION ( 'NONE',  ( 9.856383386231858827E-17, 1.000000000000000000, 0.0000000000000000000 ) ) ;
#757 = LINE ( 'NONE', #67, #720 ) ;
#758 = ORIENTED_EDGE ( 'NONE', *, *, #724, .F. ) ;
#759 = CARTESIAN_POINT ( 'NONE',  ( 2.361666666666657033, 0.7219999999999995310, 1.284999999999999254 ) ) ;
#760 = VERTEX_POINT ( 'NONE', #1197 ) ;
#761 = DIRECTION ( 'NONE',  ( -1.000000000000000000, -1.303127611160462041E-16, 0.0000000000000000000 ) ) ;
#762 = ORIENTED_EDGE ( 'NONE', *, *, #988, .F. ) ;
#763 = EDGE_CURVE ( 'NONE', #1077, #949, #699, .T. ) ;
#764 = PLANE ( 'NONE',  #338 ) ;
#765 = ADVANCED_FACE ( 'NONE', ( #211 ), #706, .T. ) ;
#766 = CARTESIAN_POINT ( 'NONE',  ( -2.361666666666664582, 0.7599999999999997868, -1.284999999999999920 ) ) ;
#767 = LINE ( 'NONE', #480, #84 ) ;
#768 = EDGE_LOOP ( 'NONE', ( #522, #194, #1244, #539 ) ) ;
#769 = FACE_OUTER_BOUND ( 'NONE', #254, .T. ) ;
#770 = VECTOR ( 'NONE', #870, 1000.000000000000000 ) ;
#771 = VERTEX_POINT ( 'NONE', #208 ) ;
#772 = ADVANCED_FACE ( 'NONE', ( #362 ), #457, .T. ) ;
#773 = CARTESIAN_POINT ( 'NONE',  ( 0.0000000000000000000, 0.0000000000000000000, 1.590000000000000080 ) ) ;
#774 = AXIS2_PLACEMENT_3D ( 'NONE', #508, #379, #881 ) ;
#775 =( GEOMETRIC_REPRESENTATION_CONTEXT ( 3 ) GLOBAL_UNCERTAINTY_ASSIGNED_CONTEXT ( ( #645 ) ) GLOBAL_UNIT_ASSIGNED_CONTEXT ( ( #233, #725, #369 ) ) REPRESENTATION_CONTEXT ( 'NONE', 'WORKASPACE' ) );
#776 = DIRECTION ( 'NONE',  ( 0.0000000000000000000, -0.0000000000000000000, -1.000000000000000000 ) ) ;
#777 = CARTESIAN_POINT ( 'NONE',  ( -3.174999999999999378, -3.888253587292845588E-16, 1.590000000000000080 ) ) ;
#778 = ADVANCED_FACE ( 'NONE', ( #339 ), #1340, .T. ) ;
#779 = EDGE_LOOP ( 'NONE', ( #789, #399, #1612, #877, #303, #1397, #205, #1465, #1386, #196, #88, #560, #880, #1316, #576, #1101, #563, #700, #159, #383, #384, #1218, #109, #1182 ) ) ;
#780 = ORIENTED_EDGE ( 'NONE', *, *, #739, .T. ) ;
#781 = CARTESIAN_POINT ( 'NONE',  ( 2.564999999999999503, 0.7599999999999995648, 1.590000000000000080 ) ) ;
#782 = EDGE_CURVE ( 'NONE', #82, #1514, #1362, .T. ) ;
#783 = DIRECTION ( 'NONE',  ( 1.000000000000000000, -9.856383386231858827E-17, 2.748681564047758942E-16 ) ) ;
#784 = LINE ( 'NONE', #1121, #1360 ) ;
#785 = ADVANCED_FACE ( 'NONE', ( #675 ), #1478, .F. ) ;
#786 = FACE_OUTER_BOUND ( 'NONE', #726, .T. ) ;
#787 = ORIENTED_EDGE ( 'NONE', *, *, #1389, .T. ) ;
#788 = ORIENTED_EDGE ( 'NONE', *, *, #763, .F. ) ;
#789 = ORIENTED_EDGE ( 'NONE', *, *, #988, .T. ) ;
#790 = VECTOR ( 'NONE', #1593, 1000.000000000000000 ) ;
#791 = VERTEX_POINT ( 'NONE', #1068 ) ;
#792 = DIRECTION ( 'NONE',  ( 0.0000000000000000000, -0.0000000000000000000, 1.000000000000000000 ) ) ;
#793 = EDGE_CURVE ( 'NONE', #1471, #52, #629, .T. ) ;
#794 = CARTESIAN_POINT ( 'NONE',  ( 3.136999999999999567, 0.7219999999999995310, 1.590000000000000080 ) ) ;
#795 = DIRECTION ( 'NONE',  ( 9.856383386231858827E-17, 1.000000000000000000, 0.0000000000000000000 ) ) ;
#796 = CARTESIAN_POINT ( 'NONE',  ( 2.361666666666661030, 0.7599999999999993427, -1.081666666666666554 ) ) ;
#797 = EDGE_CURVE ( 'NONE', #1274, #1069, #747, .T. ) ;
#798 = ADVANCED_FACE ( 'NONE', ( #831 ), #223, .F. ) ;
#799 = VERTEX_POINT ( 'NONE', #1573 ) ;
#800 =( NAMED_UNIT ( * ) SI_UNIT ( $, .STERADIAN. ) SOLID_ANGLE_UNIT ( ) );
#801 = ORIENTED_EDGE ( 'NONE', *, *, #1172, .T. ) ;
#802 = CARTESIAN_POINT ( 'NONE',  ( -3.136999999999999567, 0.7219999999999995310, -7.901175167906528962 ) ) ;
#803 = DIRECTION ( 'NONE',  ( -0.0000000000000000000, 0.0000000000000000000, -1.000000000000000000 ) ) ;
#804 = ORIENTED_EDGE ( 'NONE', *, *, #1472, .F. ) ;
#805 = PLANE ( 'NONE',  #1367 ) ;
#806 = EDGE_CURVE ( 'NONE', #169, #1137, #1261, .T. ) ;
#807 = CARTESIAN_POINT ( 'NONE',  ( -3.136999999999999567, 0.03799999999999974926, -7.901175167906528962 ) ) ;
#808 = DIRECTION ( 'NONE',  ( 0.0000000000000000000, -1.000000000000000000, -0.0000000000000000000 ) ) ;
#809 = STYLED_ITEM ( 'NONE', ( #1038 ), #1566 ) ;
#810 = LINE ( 'NONE', #356, #478 ) ;
#811 = ORIENTED_EDGE ( 'NONE', *, *, #782, .F. ) ;
#812 = CARTESIAN_POINT ( 'NONE',  ( 2.361666666666656589, -5.015752173107513201, 1.284999999999999254 ) ) ;
#813 = EDGE_LOOP ( 'NONE', ( #851, #112, #656, #170 ) ) ;
#814 = VECTOR ( 'NONE', #1412, 1000.000000000000000 ) ;
#815 = ORIENTED_EDGE ( 'NONE', *, *, #672, .F. ) ;
#816 = CARTESIAN_POINT ( 'NONE',  ( 2.158333333333327442, -5.015752173107513201, -1.284999999999999920 ) ) ;
#817 = CARTESIAN_POINT ( 'NONE',  ( -2.564999999999999503, 0.0000000000000000000, 1.590000000000000080 ) ) ;
#818 = DIRECTION ( 'NONE',  ( -1.000000000000000000, 0.0000000000000000000, 0.0000000000000000000 ) ) ;
#819 = FACE_OUTER_BOUND ( 'NONE', #333, .T. ) ;
#820 = CARTESIAN_POINT ( 'NONE',  ( -2.361666666666664582, 0.7599999999999997868, 1.081666666666665666 ) ) ;
#821 = DIRECTION ( 'NONE',  ( -1.066428366379184684E-14, 0.0000000000000000000, 1.000000000000000000 ) ) ;
#822 = LINE ( 'NONE', #1607, #973 ) ;
#823 = AXIS2_PLACEMENT_3D ( 'NONE', #773, #26, #662 ) ;
#824 = VECTOR ( 'NONE', #1159, 1000.000000000000000 ) ;
#825 = VERTEX_POINT ( 'NONE', #86 ) ;
#826 = ORIENTED_EDGE ( 'NONE', *, *, #978, .T. ) ;
#827 = SURFACE_STYLE_FILL_AREA ( #1511 ) ;
#828 = AXIS2_PLACEMENT_3D ( 'NONE', #1021, #425, #1547 ) ;
#829 = DIRECTION ( 'NONE',  ( 0.0000000000000000000, -0.0000000000000000000, -1.000000000000000000 ) ) ;
#830 = DIRECTION ( 'NONE',  ( 0.0000000000000000000, 0.0000000000000000000, -1.000000000000000000 ) ) ;
#831 = FACE_OUTER_BOUND ( 'NONE', #1213, .T. ) ;
#832 = ORIENTED_EDGE ( 'NONE', *, *, #864, .F. ) ;
#833 = ORIENTED_EDGE ( 'NONE', *, *, #1418, .F. ) ;
#834 = AXIS2_PLACEMENT_3D ( 'NONE', #719, #1079, #954 ) ;
#835 = ORIENTED_EDGE ( 'NONE', *, *, #273, .T. ) ;
#836 = LINE ( 'NONE', #817, #1482 ) ;
#837 = CARTESIAN_POINT ( 'NONE',  ( 2.564999999999999503, 0.7599999999999995648, -1.590000000000000080 ) ) ;
#838 = DIRECTION ( 'NONE',  ( -1.000000000000000000, 0.0000000000000000000, 6.505213034913053228E-16 ) ) ;
#839 = EDGE_CURVE ( 'NONE', #873, #997, #424, .T. ) ;
#840 = ORIENTED_EDGE ( 'NONE', *, *, #468, .F. ) ;
#841 = AXIS2_PLACEMENT_3D ( 'NONE', #1447, #682, #1452 ) ;
#842 = ORIENTED_EDGE ( 'NONE', *, *, #307, .F. ) ;
#843 = VERTEX_POINT ( 'NONE', #1091 ) ;
#844 = CARTESIAN_POINT ( 'NONE',  ( -3.136999999999999567, 0.03799999999999974926, 1.590000000000000080 ) ) ;
#845 = EDGE_CURVE ( 'NONE', #947, #1224, #535, .T. ) ;
#846 = FACE_OUTER_BOUND ( 'NONE', #748, .T. ) ;
#847 = ORIENTED_EDGE ( 'NONE', *, *, #1376, .T. ) ;
#848 = AXIS2_PLACEMENT_3D ( 'NONE', #1258, #7, #753 ) ;
#849 = DIRECTION ( 'NONE',  ( -1.000000000000000000, 0.0000000000000000000, -0.0000000000000000000 ) ) ;
#850 = VERTEX_POINT ( 'NONE', #83 ) ;
#851 = ORIENTED_EDGE ( 'NONE', *, *, #34, .F. ) ;
#852 = ORIENTED_EDGE ( 'NONE', *, *, #485, .F. ) ;
#853 = DIRECTION ( 'NONE',  ( -0.0000000000000000000, -0.0000000000000000000, -1.000000000000000000 ) ) ;
#854 = DIRECTION ( 'NONE',  ( 9.856383386231858827E-17, 1.000000000000000000, 0.0000000000000000000 ) ) ;
#855 = AXIS2_PLACEMENT_3D ( 'NONE', #1451, #924, #1332 ) ;
#856 =( NAMED_UNIT ( * ) SI_UNIT ( $, .STERADIAN. ) SOLID_ANGLE_UNIT ( ) );
#857 = ORIENTED_EDGE ( 'NONE', *, *, #378, .F. ) ;
#858 = UNCERTAINTY_MEASURE_WITH_UNIT (LENGTH_MEASURE( 1.000000000000000082E-05 ), #916, 'distance_accuracy_value', 'NONE');
#859 = CARTESIAN_POINT ( 'NONE',  ( -3.174999999999999378, -3.888253587292845588E-16, -1.590000000000000080 ) ) ;
#860 = DIRECTION ( 'NONE',  ( 9.856383386231858827E-17, 1.000000000000000000, 0.0000000000000000000 ) ) ;
#861 = LINE ( 'NONE', #387, #70 ) ;
#862 = DIRECTION ( 'NONE',  ( 1.000000000000000000, -8.131516293641316535E-17, -6.505213034913053228E-16 ) ) ;
#863 = LINE ( 'NONE', #309, #730 ) ;
#864 = EDGE_CURVE ( 'NONE', #716, #1097, #1460, .T. ) ;
#865 = VERTEX_POINT ( 'NONE', #477 ) ;
#866 = LINE ( 'NONE', #1289, #1576 ) ;
#867 = ORIENTED_EDGE ( 'NONE', *, *, #140, .T. ) ;
#868 = ORIENTED_EDGE ( 'NONE', *, *, #17, .F. ) ;
#869 = DIRECTION ( 'NONE',  ( -1.000000000000000000, 9.856383386231858827E-17, 0.0000000000000000000 ) ) ;
#870 = DIRECTION ( 'NONE',  ( -1.832454376031839459E-16, 0.0000000000000000000, -1.000000000000000000 ) ) ;
#871 = DIRECTION ( 'NONE',  ( 0.0000000000000000000, 1.000000000000000000, 0.0000000000000000000 ) ) ;
#872 = CARTESIAN_POINT ( 'NONE',  ( -2.564999999999999503, 0.0000000000000000000, 1.590000000000000080 ) ) ;
#873 = VERTEX_POINT ( 'NONE', #1470 ) ;
#874 = DIRECTION ( 'NONE',  ( 0.0000000000000000000, 0.0000000000000000000, -1.000000000000000000 ) ) ;
#875 = EDGE_CURVE ( 'NONE', #1224, #1539, #423, .T. ) ;
#876 = CARTESIAN_POINT ( 'NONE',  ( 1.028333333333329103, 0.7599999999999994538, 1.285000000000000142 ) ) ;
#877 = ORIENTED_EDGE ( 'NONE', *, *, #864, .T. ) ;
#878 = EDGE_CURVE ( 'NONE', #825, #1107, #105, .T. ) ;
#879 = LINE ( 'NONE', #25, #1232 ) ;
#880 = ORIENTED_EDGE ( 'NONE', *, *, #1111, .T. ) ;
#881 = DIRECTION ( 'NONE',  ( 0.0000000000000000000, 0.0000000000000000000, 1.000000000000000000 ) ) ;
#882 = CARTESIAN_POINT ( 'NONE',  ( -3.136999999999999567, 0.7219999999999995310, -7.901175167906528962 ) ) ;
#883 = CARTESIAN_POINT ( 'NONE',  ( -3.136999999999999567, 0.7219999999999995310, 1.590000000000000080 ) ) ;
#884 = CARTESIAN_POINT ( 'NONE',  ( -2.158333333333332327, 0.7219999999999995310, 1.284999999999999698 ) ) ;
#885 = LINE ( 'NONE', #506, #534 ) ;
#886 = ORIENTED_EDGE ( 'NONE', *, *, #919, .T. ) ;
#887 = EDGE_LOOP ( 'NONE', ( #1135, #907, #1118, #345 ) ) ;
#888 = ADVANCED_FACE ( 'NONE', ( #1459 ), #727, .T. ) ;
#889 = EDGE_LOOP ( 'NONE', ( #1393, #406, #415, #530 ) ) ;
#890 = VECTOR ( 'NONE', #1219, 1000.000000000000000 ) ;
#891 = ORIENTED_EDGE ( 'NONE', *, *, #959, .T. ) ;
#892 = VERTEX_POINT ( 'NONE', #1620 ) ;
#893 = CARTESIAN_POINT ( 'NONE',  ( -2.564999999999999503, 0.03799999999999982558, 1.590000000000000080 ) ) ;
#894 = EDGE_CURVE ( 'NONE', #1516, #61, #1479, .T. ) ;
#895 = FACE_OUTER_BOUND ( 'NONE', #768, .T. ) ;
#896 = CARTESIAN_POINT ( 'NONE',  ( -1.231666666666669130, 0.7219999999999995310, 1.284999999999999254 ) ) ;
#897 = EDGE_LOOP ( 'NONE', ( #733, #11, #1501, #232 ) ) ;
#898 = EDGE_CURVE ( 'NONE', #1100, #483, #1096, .T. ) ;
#899 = DIRECTION ( 'NONE',  ( -1.303127611160462288E-16, -1.000000000000000000, 0.0000000000000000000 ) ) ;
#900 = AXIS2_PLACEMENT_3D ( 'NONE', #250, #993, #138 ) ;
#901 = ADVANCED_FACE ( 'NONE', ( #846 ), #1606, .F. ) ;
#902 = DIRECTION ( 'NONE',  ( 0.0000000000000000000, -1.000000000000000000, 0.0000000000000000000 ) ) ;
#903 = VECTOR ( 'NONE', #620, 1000.000000000000000 ) ;
#904 = FACE_OUTER_BOUND ( 'NONE', #372, .T. ) ;
#905 = VERTEX_POINT ( 'NONE', #121 ) ;
#906 = LINE ( 'NONE', #1277, #577 ) ;
#907 = ORIENTED_EDGE ( 'NONE', *, *, #468, .T. ) ;
#908 = CARTESIAN_POINT ( 'NONE',  ( -2.564999999999999503, 0.7599999999999997868, 1.081666666666666554 ) ) ;
#909 = ORIENTED_EDGE ( 'NONE', *, *, #98, .T. ) ;
#910 = DIRECTION ( 'NONE',  ( 2.748681564047758942E-16, 0.0000000000000000000, -1.000000000000000000 ) ) ;
#911 = AXIS2_PLACEMENT_3D ( 'NONE', #1429, #1052, #950 ) ;
#912 = PLANE ( 'NONE',  #486 ) ;
#913 = DIRECTION ( 'NONE',  ( 0.0000000000000000000, 0.0000000000000000000, 1.000000000000000000 ) ) ;
#914 = CARTESIAN_POINT ( 'NONE',  ( -1.231666666666669574, 0.7219999999999995310, -1.081666666666666554 ) ) ;
#915 = ORIENTED_EDGE ( 'NONE', *, *, #1590, .F. ) ;
#916 =( LENGTH_UNIT ( ) NAMED_UNIT ( * ) SI_UNIT ( .MILLI., .METRE. ) );
#917 = ADVANCED_FACE ( 'NONE', ( #979 ), #605, .F. ) ;
#918 = PLANE ( 'NONE',  #549 ) ;
#919 = EDGE_CURVE ( 'NONE', #1274, #1037, #146, .T. ) ;
#920 = CARTESIAN_POINT ( 'NONE',  ( 2.564999999999999059, 0.7599999999999993427, -1.284999999999999920 ) ) ;
#921 = DIRECTION ( 'NONE',  ( 1.000000000000000000, -9.856383386231858827E-17, 0.0000000000000000000 ) ) ;
#922 = DIRECTION ( 'NONE',  ( 0.0000000000000000000, 0.0000000000000000000, 1.000000000000000000 ) ) ;
#923 = FACE_OUTER_BOUND ( 'NONE', #427, .T. ) ;
#924 = DIRECTION ( 'NONE',  ( -1.000000000000000000, 9.856383386231858827E-17, 1.832454376031839459E-16 ) ) ;
#925 = ORIENTED_EDGE ( 'NONE', *, *, #426, .F. ) ;
#926 = ORIENTED_EDGE ( 'NONE', *, *, #712, .T. ) ;
#927 = CARTESIAN_POINT ( 'NONE',  ( -3.136999999999999567, 0.7219999999999995310, -1.590000000000000302 ) ) ;
#928 = ORIENTED_EDGE ( 'NONE', *, *, #206, .F. ) ;
#929 = ORIENTED_EDGE ( 'NONE', *, *, #1, .F. ) ;
#930 = PLANE ( 'NONE',  #1339 ) ;
#931 = EDGE_CURVE ( 'NONE', #1347, #1097, #1534, .T. ) ;
#932 = DIRECTION ( 'NONE',  ( 9.856383386231858827E-17, 1.000000000000000000, 0.0000000000000000000 ) ) ;
#933 = DIRECTION ( 'NONE',  ( 9.856383386231858827E-17, 1.000000000000000000, 0.0000000000000000000 ) ) ;
#934 = PRESENTATION_LAYER_ASSIGNMENT (  '', '', ( #368 ) ) ;
#935 = ADVANCED_BREP_SHAPE_REPRESENTATION ( 'UHVB2512FCD2G00', ( #1226, #1150, #1453, #1566, #226 ), #360 ) ;
#936 = VECTOR ( 'NONE', #1290, 1000.000000000000000 ) ;
#937 = DIRECTION ( 'NONE',  ( 0.0000000000000000000, 0.0000000000000000000, -1.000000000000000000 ) ) ;
#938 = DIRECTION ( 'NONE',  ( 1.000000000000000000, 0.0000000000000000000, 0.0000000000000000000 ) ) ;
#939 = LINE ( 'NONE', #637, #274 ) ;
#940 = ORIENTED_EDGE ( 'NONE', *, *, #1348, .F. ) ;
#941 = DIRECTION ( 'NONE',  ( -1.000000000000000000, 0.0000000000000000000, -0.0000000000000000000 ) ) ;
#942 = DIRECTION ( 'NONE',  ( 0.0000000000000000000, 0.0000000000000000000, -1.000000000000000000 ) ) ;
#943 = CARTESIAN_POINT ( 'NONE',  ( -1.231666666666669796, -5.015752173107513201, 1.284999999999999254 ) ) ;
#944 = MECHANICAL_DESIGN_GEOMETRIC_PRESENTATION_REPRESENTATION (  '', ( #809 ), #416 ) ;
#945 = LINE ( 'NONE', #893, #1239 ) ;
#946 = LINE ( 'NONE', #943, #1158 ) ;
#947 = VERTEX_POINT ( 'NONE', #1109 ) ;
#948 = FACE_OUTER_BOUND ( 'NONE', #1265, .T. ) ;
#949 = VERTEX_POINT ( 'NONE', #236 ) ;
#950 = DIRECTION ( 'NONE',  ( 1.000000000000000000, 0.0000000000000000000, 0.0000000000000000000 ) ) ;
#951 = DIRECTION ( 'NONE',  ( -0.0000000000000000000, -0.0000000000000000000, -1.000000000000000000 ) ) ;
#952 = FACE_OUTER_BOUND ( 'NONE', #302, .T. ) ;
#953 = EDGE_CURVE ( 'NONE', #1493, #1516, #1443, .T. ) ;
#954 = DIRECTION ( 'NONE',  ( -4.265713465516743154E-15, 0.0000000000000000000, 1.000000000000000000 ) ) ;
#955 = DIRECTION ( 'NONE',  ( -1.000000000000000000, 0.0000000000000000000, 0.0000000000000000000 ) ) ;
#956 = VERTEX_POINT ( 'NONE', #1496 ) ;
#957 = ORIENTED_EDGE ( 'NONE', *, *, #1092, .F. ) ;
#958 = CARTESIAN_POINT ( 'NONE',  ( 2.361666666666657033, 0.7599999999999993427, 1.284999999999999254 ) ) ;
#959 = EDGE_CURVE ( 'NONE', #956, #1262, #280, .T. ) ;
#960 = LINE ( 'NONE', #540, #1114 ) ;
#961 = EDGE_CURVE ( 'NONE', #1243, #892, #767, .T. ) ;
#962 = CARTESIAN_POINT ( 'NONE',  ( -3.174999999999999378, -3.888253587292845588E-16, 1.590000000000000080 ) ) ;
#963 = FACE_OUTER_BOUND ( 'NONE', #813, .T. ) ;
#964 = ORIENTED_EDGE ( 'NONE', *, *, #24, .F. ) ;
#965 = ORIENTED_EDGE ( 'NONE', *, *, #1485, .F. ) ;
#966 = ORIENTED_EDGE ( 'NONE', *, *, #1157, .F. ) ;
#967 = FACE_OUTER_BOUND ( 'NONE', #1152, .T. ) ;
#968 = ORIENTED_EDGE ( 'NONE', *, *, #438, .F. ) ;
#969 = LINE ( 'NONE', #1047, #92 ) ;
#970 = CARTESIAN_POINT ( 'NONE',  ( 2.564999999999999503, 0.03799999999999982558, 1.590000000000000080 ) ) ;
#971 = EDGE_CURVE ( 'NONE', #850, #905, #810, .T. ) ;
#972 = VECTOR ( 'NONE', #131, 1000.000000000000000 ) ;
#973 = VECTOR ( 'NONE', #120, 1000.000000000000000 ) ;
#974 = FILL_AREA_STYLE_COLOUR ( '', #1138 ) ;
#975 = DIRECTION ( 'NONE',  ( -0.0000000000000000000, -1.000000000000000000, -0.0000000000000000000 ) ) ;
#976 = ORIENTED_EDGE ( 'NONE', *, *, #894, .F. ) ;
#977 = UNCERTAINTY_MEASURE_WITH_UNIT (LENGTH_MEASURE( 1.000000000000000082E-05 ), #646, 'distance_accuracy_value', 'NONE');
#978 = EDGE_CURVE ( 'NONE', #182, #50, #1075, .T. ) ;
#979 = FACE_OUTER_BOUND ( 'NONE', #779, .T. ) ;
#980 = AXIS2_PLACEMENT_3D ( 'NONE', #1595, #591, #470 ) ;
#981 = VECTOR ( 'NONE', #1334, 1000.000000000000000 ) ;
#982 = EDGE_LOOP ( 'NONE', ( #1577, #1383, #1220, #593 ) ) ;
#983 = DIRECTION ( 'NONE',  ( -1.000000000000000000, 0.0000000000000000000, -0.0000000000000000000 ) ) ;
#984 = VECTOR ( 'NONE', #1040, 1000.000000000000000 ) ;
#985 = PRESENTATION_STYLE_ASSIGNMENT (( #472 ) ) ;
#986 = CARTESIAN_POINT ( 'NONE',  ( -0.1016666666666683760, 0.7599999999999995648, -1.284999999999999920 ) ) ;
#987 = CARTESIAN_POINT ( 'NONE',  ( 3.174999999999999378, 0.7599999999999995648, 1.590000000000000080 ) ) ;
#988 = EDGE_CURVE ( 'NONE', #61, #324, #1379, .T. ) ;
#989 = DIRECTION ( 'NONE',  ( 0.0000000000000000000, 0.0000000000000000000, 1.000000000000000000 ) ) ;
#990 = DIRECTION ( 'NONE',  ( -0.0000000000000000000, -1.000000000000000000, -0.0000000000000000000 ) ) ;
#991 = AXIS2_PLACEMENT_3D ( 'NONE', #49, #553, #1324 ) ;
#992 = ORIENTED_EDGE ( 'NONE', *, *, #1430, .T. ) ;
#993 = DIRECTION ( 'NONE',  ( 0.0000000000000000000, 0.0000000000000000000, 1.000000000000000000 ) ) ;
#994 = FILL_AREA_STYLE_COLOUR ( '', #555 ) ;
#995 = VECTOR ( 'NONE', #951, 1000.000000000000000 ) ;
#996 = EDGE_CURVE ( 'NONE', #289, #1471, #1497, .T. ) ;
#997 = VERTEX_POINT ( 'NONE', #359 ) ;
#998 = VECTOR ( 'NONE', #1313, 1000.000000000000000 ) ;
#999 = ORIENTED_EDGE ( 'NONE', *, *, #43, .F. ) ;
#1000 = ORIENTED_EDGE ( 'NONE', *, *, #98, .F. ) ;
#1001 = VECTOR ( 'NONE', #108, 1000.000000000000000 ) ;
#1002 = CARTESIAN_POINT ( 'NONE',  ( 2.564999999999999503, 0.7599999999999995648, 1.590000000000000080 ) ) ;
#1003 = AXIS2_PLACEMENT_3D ( 'NONE', #1588, #460, #582 ) ;
#1004 = CARTESIAN_POINT ( 'NONE',  ( -2.158333333333332327, 0.7599999999999997868, -1.081666666666666554 ) ) ;
#1005 = DIRECTION ( 'NONE',  ( -0.0000000000000000000, -0.0000000000000000000, -1.000000000000000000 ) ) ;
#1006 = ORIENTED_EDGE ( 'NONE', *, *, #292, .F. ) ;
#1007 = FACE_OUTER_BOUND ( 'NONE', #594, .T. ) ;
#1008 = DIRECTION ( 'NONE',  ( -1.000000000000000000, 0.0000000000000000000, 0.0000000000000000000 ) ) ;
#1009 = CARTESIAN_POINT ( 'NONE',  ( 3.136999999999999567, 0.03799999999999974926, 1.590000000000000080 ) ) ;
#1010 = VECTOR ( 'NONE', #155, 1000.000000000000000 ) ;
#1011 = EDGE_LOOP ( 'NONE', ( #1039, #1422, #1565, #915 ) ) ;
#1012 = ADVANCED_FACE ( 'NONE', ( #459 ), #743, .T. ) ;
#1013 = DIRECTION ( 'NONE',  ( -1.000000000000000000, -0.0000000000000000000, -0.0000000000000000000 ) ) ;
#1014 = VECTOR ( 'NONE', #854, 1000.000000000000000 ) ;
#1015 = FACE_OUTER_BOUND ( 'NONE', #1578, .T. ) ;
#1016 = CARTESIAN_POINT ( 'NONE',  ( -2.361666666666665026, -5.015752173107513201, -1.284999999999999920 ) ) ;
#1017 = EDGE_LOOP ( 'NONE', ( #500, #47, #680, #676 ) ) ;
#1018 = VERTEX_POINT ( 'NONE', #375 ) ;
#1019 = LINE ( 'NONE', #1190, #599 ) ;
#1020 = ADVANCED_FACE ( 'NONE', ( #1133 ), #1387, .F. ) ;
#1021 = CARTESIAN_POINT ( 'NONE',  ( -2.564999999999999503, 0.7599999999999995648, 1.590000000000000080 ) ) ;
#1022 = CARTESIAN_POINT ( 'NONE',  ( -0.1016666666666689450, 0.7219999999999995310, -1.284999999999999920 ) ) ;
#1023 = ADVANCED_FACE ( 'NONE', ( #190 ), #1509, .F. ) ;
#1024 = ORIENTED_EDGE ( 'NONE', *, *, #1616, .T. ) ;
#1025 = EDGE_CURVE ( 'NONE', #161, #231, #1031, .T. ) ;
#1026 = DIRECTION ( 'NONE',  ( -1.000000000000000000, 1.170002344408815807E-16, -0.0000000000000000000 ) ) ;
#1027 = ORIENTED_EDGE ( 'NONE', *, *, #438, .T. ) ;
#1028 = AXIS2_PLACEMENT_3D ( 'NONE', #717, #1337, #1349 ) ;
#1029 = SURFACE_STYLE_USAGE ( .BOTH. , #279 ) ;
#1030 = DIRECTION ( 'NONE',  ( 9.856383386231858827E-17, 1.000000000000000000, 0.0000000000000000000 ) ) ;
#1031 = LINE ( 'NONE', #882, #403 ) ;
#1032 = ADVANCED_FACE ( 'NONE', ( #1404 ), #626, .T. ) ;
#1033 = FACE_OUTER_BOUND ( 'NONE', #641, .T. ) ;
#1034 = ORIENTED_EDGE ( 'NONE', *, *, #1172, .F. ) ;
#1035 = EDGE_LOOP ( 'NONE', ( #1512, #1374, #740, #635 ) ) ;
#1036 = EDGE_CURVE ( 'NONE', #1107, #204, #1056, .T. ) ;
#1037 = VERTEX_POINT ( 'NONE', #1004 ) ;
#1038 = PRESENTATION_STYLE_ASSIGNMENT (( #1361 ) ) ;
#1039 = ORIENTED_EDGE ( 'NONE', *, *, #1247, .F. ) ;
#1040 = DIRECTION ( 'NONE',  ( 9.856383386231858827E-17, 1.000000000000000000, 0.0000000000000000000 ) ) ;
#1041 = CARTESIAN_POINT ( 'NONE',  ( 0.1016666666666643376, -5.015752173107513201, -1.081666666666666554 ) ) ;
#1042 = CARTESIAN_POINT ( 'NONE',  ( 2.564999999999999503, 0.0000000000000000000, 1.590000000000000080 ) ) ;
#1043 = EDGE_CURVE ( 'NONE', #1080, #1160, #729, .T. ) ;
#1044 = LINE ( 'NONE', #777, #936 ) ;
#1045 = DIRECTION ( 'NONE',  ( 0.0000000000000000000, -1.000000000000000000, -0.0000000000000000000 ) ) ;
#1046 = EDGE_LOOP ( 'NONE', ( #840, #752, #429, #1556 ) ) ;
#1047 = CARTESIAN_POINT ( 'NONE',  ( -2.565000000000000835, 0.7219999999999995310, 1.284999999999999698 ) ) ;
#1048 =( NAMED_UNIT ( * ) PLANE_ANGLE_UNIT ( ) SI_UNIT ( $, .RADIAN. ) );
#1049 = VECTOR ( 'NONE', #9, 1000.000000000000000 ) ;
#1050 = ORIENTED_EDGE ( 'NONE', *, *, #1581, .T. ) ;
#1051 = VERTEX_POINT ( 'NONE', #263 ) ;
#1052 = DIRECTION ( 'NONE',  ( 0.0000000000000000000, 0.0000000000000000000, -1.000000000000000000 ) ) ;
#1053 = EDGE_CURVE ( 'NONE', #751, #1292, #1420, .T. ) ;
#1054 = PLANE ( 'NONE',  #1086 ) ;
#1055 = DIRECTION ( 'NONE',  ( 1.000000000000000000, 1.303127611160462288E-16, 0.0000000000000000000 ) ) ;
#1056 = LINE ( 'NONE', #1248, #238 ) ;
#1057 = DIRECTION ( 'NONE',  ( 0.0000000000000000000, 0.0000000000000000000, -1.000000000000000000 ) ) ;
#1058 = DIRECTION ( 'NONE',  ( -4.265713465516706866E-15, 4.204450733194439428E-31, -1.000000000000000000 ) ) ;
#1059 = VECTOR ( 'NONE', #1414, 1000.000000000000000 ) ;
#1060 = ORIENTED_EDGE ( 'NONE', *, *, #1227, .F. ) ;
#1061 = ORIENTED_EDGE ( 'NONE', *, *, #996, .T. ) ;
#1062 = LINE ( 'NONE', #193, #734 ) ;
#1063 = EDGE_CURVE ( 'NONE', #1308, #1468, #227, .T. ) ;
#1064 = DIRECTION ( 'NONE',  ( -1.000000000000000000, 0.0000000000000000000, -0.0000000000000000000 ) ) ;
#1065 = DIRECTION ( 'NONE',  ( -0.0000000000000000000, 1.000000000000000000, -0.0000000000000000000 ) ) ;
#1066 = CARTESIAN_POINT ( 'NONE',  ( -2.564999999999999503, 0.03799999999999982558, -1.590000000000000080 ) ) ;
#1067 = SURFACE_SIDE_STYLE ('',( #348 ) ) ;
#1068 = CARTESIAN_POINT ( 'NONE',  ( -2.361666666666665026, 0.7219999999999995310, -1.284999999999999920 ) ) ;
#1069 = VERTEX_POINT ( 'NONE', #884 ) ;
#1070 = ORIENTED_EDGE ( 'NONE', *, *, #898, .T. ) ;
#1071 = EDGE_CURVE ( 'NONE', #956, #1018, #1279, .T. ) ;
#1072 = EDGE_CURVE ( 'NONE', #1462, #799, #945, .T. ) ;
#1073 = DIRECTION ( 'NONE',  ( 0.0000000000000000000, 0.0000000000000000000, 1.000000000000000000 ) ) ;
#1074 = AXIS2_PLACEMENT_3D ( 'NONE', #970, #1572, #1073 ) ;
#1075 = LINE ( 'NONE', #1370, #1112 ) ;
#1076 = VECTOR ( 'NONE', #1476, 1000.000000000000000 ) ;
#1077 = VERTEX_POINT ( 'NONE', #872 ) ;
#1078 = ORIENTED_EDGE ( 'NONE', *, *, #1063, .F. ) ;
#1079 = DIRECTION ( 'NONE',  ( -1.000000000000000000, 9.856383386231858827E-17, -4.265713465516743154E-15 ) ) ;
#1080 = VERTEX_POINT ( 'NONE', #1375 ) ;
#1081 = DIRECTION ( 'NONE',  ( 1.832454376031839163E-15, 0.0000000000000000000, -1.000000000000000000 ) ) ;
#1082 = VECTOR ( 'NONE', #81, 1000.000000000000000 ) ;
#1083 = VECTOR ( 'NONE', #821, 1000.000000000000000 ) ;
#1084 = EDGE_CURVE ( 'NONE', #1184, #364, #861, .T. ) ;
#1085 = CARTESIAN_POINT ( 'NONE',  ( 3.136999999999999567, 0.7219999999999995310, 1.590000000000000080 ) ) ;
#1086 = AXIS2_PLACEMENT_3D ( 'NONE', #802, #308, #1446 ) ;
#1087 = LINE ( 'NONE', #1293, #31 ) ;
#1088 = VERTEX_POINT ( 'NONE', #124 ) ;
#1089 = CARTESIAN_POINT ( 'NONE',  ( -3.136999999999999567, 0.03799999999999974926, 1.590000000000000080 ) ) ;
#1090 = ORIENTED_EDGE ( 'NONE', *, *, #1569, .T. ) ;
#1091 = CARTESIAN_POINT ( 'NONE',  ( -1.231666666666669574, 0.7599999999999996758, -1.081666666666666554 ) ) ;
#1092 = EDGE_CURVE ( 'NONE', #483, #587, #885, .T. ) ;
#1093 = MECHANICAL_DESIGN_GEOMETRIC_PRESENTATION_REPRESENTATION (  '', ( #368 ), #1189 ) ;
#1094 = PRODUCT_CONTEXT ( 'NONE', #1246, 'mechanical' ) ;
#1095 = DIRECTION ( 'NONE',  ( 0.0000000000000000000, 0.0000000000000000000, -1.000000000000000000 ) ) ;
#1096 = LINE ( 'NONE', #738, #606 ) ;
#1097 = VERTEX_POINT ( 'NONE', #248 ) ;
#1098 = ORIENTED_EDGE ( 'NONE', *, *, #95, .F. ) ;
#1099 = VECTOR ( 'NONE', #1233, 1000.000000000000000 ) ;
#1100 = VERTEX_POINT ( 'NONE', #524 ) ;
#1101 = ORIENTED_EDGE ( 'NONE', *, *, #595, .T. ) ;
#1102 = CARTESIAN_POINT ( 'NONE',  ( 0.0000000000000000000, 0.7599999999999995648, 1.284999999999999254 ) ) ;
#1103 = CARTESIAN_POINT ( 'NONE',  ( 0.1016666666666649066, 0.7599999999999995648, -1.081666666666666554 ) ) ;
#1104 = DIRECTION ( 'NONE',  ( 1.000000000000000000, 0.0000000000000000000, -4.265713465516706866E-15 ) ) ;
#1105 = AXIS2_PLACEMENT_3D ( 'NONE', #62, #1196, #1333 ) ;
#1106 = ORIENTED_EDGE ( 'NONE', *, *, #43, .T. ) ;
#1107 = VERTEX_POINT ( 'NONE', #1009 ) ;
#1108 = SURFACE_SIDE_STYLE ('',( #323 ) ) ;
#1109 = CARTESIAN_POINT ( 'NONE',  ( 1.231666666666659138, 0.7219999999999995310, 1.081666666666665888 ) ) ;
#1110 = DIRECTION ( 'NONE',  ( -0.0000000000000000000, -0.0000000000000000000, -1.000000000000000000 ) ) ;
#1111 = EDGE_CURVE ( 'NONE', #631, #1128, #361, .T. ) ;
#1112 = VECTOR ( 'NONE', #860, 1000.000000000000000 ) ;
#1113 = STYLED_ITEM ( 'NONE', ( #718 ), #1226 ) ;
#1114 = VECTOR ( 'NONE', #163, 1000.000000000000000 ) ;
#1115 = VERTEX_POINT ( 'NONE', #1259 ) ;
#1116 = LINE ( 'NONE', #567, #382 ) ;
#1117 = CARTESIAN_POINT ( 'NONE',  ( 3.136999999999999567, 0.7219999999999995310, 1.590000000000000080 ) ) ;
#1118 = ORIENTED_EDGE ( 'NONE', *, *, #1319, .T. ) ;
#1119 = SURFACE_STYLE_FILL_AREA ( #604 ) ;
#1120 = VERTEX_POINT ( 'NONE', #1517 ) ;
#1121 = CARTESIAN_POINT ( 'NONE',  ( 2.564999999999999503, 0.7599999999999995648, -1.590000000000000080 ) ) ;
#1122 = DIRECTION ( 'NONE',  ( 0.0000000000000000000, 0.0000000000000000000, -1.000000000000000000 ) ) ;
#1123 = DIRECTION ( 'NONE',  ( 0.0000000000000000000, 0.0000000000000000000, 1.000000000000000000 ) ) ;
#1124 = CARTESIAN_POINT ( 'NONE',  ( -3.136999999999999567, 0.7219999999999995310, -1.590000000000000302 ) ) ;
#1125 = FACE_OUTER_BOUND ( 'NONE', #714, .T. ) ;
#1126 = AXIS2_PLACEMENT_3D ( 'NONE', #623, #1131, #628 ) ;
#1127 = CARTESIAN_POINT ( 'NONE',  ( 1.231666666666659804, 0.7599999999999994538, 1.081666666666665888 ) ) ;
#1128 = VERTEX_POINT ( 'NONE', #144 ) ;
#1129 = DIRECTION ( 'NONE',  ( 0.0000000000000000000, 1.000000000000000000, 0.0000000000000000000 ) ) ;
#1130 = DIRECTION ( 'NONE',  ( 6.505213034913053228E-16, -6.411787368121594002E-32, 1.000000000000000000 ) ) ;
#1131 = DIRECTION ( 'NONE',  ( 0.0000000000000000000, 0.0000000000000000000, -1.000000000000000000 ) ) ;
#1132 = DIRECTION ( 'NONE',  ( -1.000000000000000000, 0.0000000000000000000, -0.0000000000000000000 ) ) ;
#1133 = FACE_OUTER_BOUND ( 'NONE', #1205, .T. ) ;
#1134 = EDGE_CURVE ( 'NONE', #1088, #716, #574, .T. ) ;
#1135 = ORIENTED_EDGE ( 'NONE', *, *, #1025, .F. ) ;
#1136 = ADVANCED_FACE ( 'NONE', ( #497 ), #511, .T. ) ;
#1137 = VERTEX_POINT ( 'NONE', #1396 ) ;
#1138 = COLOUR_RGB ( '',0.2509803921568627416, 0.2509803921568627416, 0.2509803921568627416 ) ;
#1139 = ORIENTED_EDGE ( 'NONE', *, *, #464, .T. ) ;
#1140 = LINE ( 'NONE', #807, #152 ) ;
#1141 = DIRECTION ( 'NONE',  ( 1.066428366379184684E-14, 0.0000000000000000000, -1.000000000000000000 ) ) ;
#1142 = CARTESIAN_POINT ( 'NONE',  ( 1.028333333333328437, -5.015752173107513201, 1.285000000000000142 ) ) ;
#1143 = VECTOR ( 'NONE', #134, 1000.000000000000000 ) ;
#1144 = ADVANCED_FACE ( 'NONE', ( #210 ), #764, .T. ) ;
#1145 = CARTESIAN_POINT ( 'NONE',  ( -1.028333333333336430, 0.7219999999999995310, -1.284999999999999920 ) ) ;
#1146 = EDGE_CURVE ( 'NONE', #364, #1457, #784, .T. ) ;
#1147 = PLANE ( 'NONE',  #617 ) ;
#1148 = VECTOR ( 'NONE', #871, 1000.000000000000000 ) ;
#1149 = ORIENTED_EDGE ( 'NONE', *, *, #475, .T. ) ;
#1150 = MANIFOLD_SOLID_BREP ( 'Mirror2', #1484 ) ;
#1151 = DIRECTION ( 'NONE',  ( 1.000000000000000000, 6.374186208676798083E-16, -0.0000000000000000000 ) ) ;
#1152 = EDGE_LOOP ( 'NONE', ( #147, #222, #72, #1342 ) ) ;
#1153 = CARTESIAN_POINT ( 'NONE',  ( -2.361666666666665026, 0.7219999999999995310, -1.284999999999999920 ) ) ;
#1154 = CARTESIAN_POINT ( 'NONE',  ( -2.564999999999999503, 0.7219999999999995310, 1.081666666666666554 ) ) ;
#1155 = CARTESIAN_POINT ( 'NONE',  ( 3.136999999999999567, 0.03799999999999974926, -1.590000000000000080 ) ) ;
#1156 = VECTOR ( 'NONE', #1110, 1000.000000000000000 ) ;
#1157 = EDGE_CURVE ( 'NONE', #1431, #32, #1299, .T. ) ;
#1158 = VECTOR ( 'NONE', #933, 1000.000000000000000 ) ;
#1159 = DIRECTION ( 'NONE',  ( 1.000000000000000000, -0.0000000000000000000, 0.0000000000000000000 ) ) ;
#1160 = VERTEX_POINT ( 'NONE', #665 ) ;
#1161 = ORIENTED_EDGE ( 'NONE', *, *, #1376, .F. ) ;
#1162 = CARTESIAN_POINT ( 'NONE',  ( 1.231666666666660470, 0.7219999999999995310, -1.284999999999999920 ) ) ;
#1163 = EDGE_CURVE ( 'NONE', #13, #1591, #627, .T. ) ;
#1164 = VERTEX_POINT ( 'NONE', #35 ) ;
#1165 = STYLED_ITEM ( 'NONE', ( #1330 ), #935 ) ;
#1166 = ADVANCED_FACE ( 'NONE', ( #8 ), #1428, .T. ) ;
#1167 = PLANE ( 'NONE',  #828 ) ;
#1168 = DIRECTION ( 'NONE',  ( -0.0000000000000000000, -1.000000000000000000, -0.0000000000000000000 ) ) ;
#1169 = EDGE_LOOP ( 'NONE', ( #1161, #465, #492, #721 ) ) ;
#1170 = DIRECTION ( 'NONE',  ( 1.000000000000000000, -0.0000000000000000000, -0.0000000000000000000 ) ) ;
#1171 = CARTESIAN_POINT ( 'NONE',  ( -2.565000000000000391, 0.7599999999999997868, 1.284999999999999698 ) ) ;
#1172 = EDGE_CURVE ( 'NONE', #1424, #557, #461, .T. ) ;
#1173 = DIRECTION ( 'NONE',  ( 1.000000000000000000, 0.0000000000000000000, 7.020014066452894347E-16 ) ) ;
#1174 = ORIENTED_EDGE ( 'NONE', *, *, #1358, .F. ) ;
#1175 = FILL_AREA_STYLE_COLOUR ( '', #166 ) ;
#1176 = CARTESIAN_POINT ( 'NONE',  ( -0.1016666666666689450, 0.7219999999999995310, -1.284999999999999920 ) ) ;
#1177 = VECTOR ( 'NONE', #1095, 1000.000000000000000 ) ;
#1178 = ORIENTED_EDGE ( 'NONE', *, *, #1111, .F. ) ;
#1179 = ORIENTED_EDGE ( 'NONE', *, *, #516, .F. ) ;
#1180 = CARTESIAN_POINT ( 'NONE',  ( -2.564999999999999503, 0.7599999999999995648, -1.590000000000000080 ) ) ;
#1181 = EDGE_CURVE ( 'NONE', #843, #865, #960, .T. ) ;
#1182 = ORIENTED_EDGE ( 'NONE', *, *, #1543, .T. ) ;
#1183 = COLOUR_RGB ( '',0.7921568627450980005, 0.8196078431372548767, 0.9333333333333333481 ) ;
#1184 = VERTEX_POINT ( 'NONE', #39 ) ;
#1185 = ORIENTED_EDGE ( 'NONE', *, *, #953, .F. ) ;
#1186 = CARTESIAN_POINT ( 'NONE',  ( 2.361666666666661030, 0.7219999999999995310, -1.081666666666666554 ) ) ;
#1187 = DIRECTION ( 'NONE',  ( -1.000000000000000000, 6.374186208676798083E-16, 0.0000000000000000000 ) ) ;
#1188 = FACE_OUTER_BOUND ( 'NONE', #463, .T. ) ;
#1189 =( GEOMETRIC_REPRESENTATION_CONTEXT ( 3 ) GLOBAL_UNCERTAINTY_ASSIGNED_CONTEXT ( ( #977 ) ) GLOBAL_UNIT_ASSIGNED_CONTEXT ( ( #646, #1048, #1583 ) ) REPRESENTATION_CONTEXT ( 'NONE', 'WORKASPACE' ) );
#1190 = CARTESIAN_POINT ( 'NONE',  ( 1.231666666666659138, -5.015752173107513201, 1.081666666666665888 ) ) ;
#1191 = CARTESIAN_POINT ( 'NONE',  ( 3.174999999999999378, 0.7599999999999995648, 1.590000000000000080 ) ) ;
#1192 = VECTOR ( 'NONE', #1122, 1000.000000000000000 ) ;
#1193 = VECTOR ( 'NONE', #644, 1000.000000000000000 ) ;
#1194 = ORIENTED_EDGE ( 'NONE', *, *, #77, .F. ) ;
#1195 = CARTESIAN_POINT ( 'NONE',  ( 1.231666666666659138, -5.015752173107513201, 1.081666666666665888 ) ) ;
#1196 = DIRECTION ( 'NONE',  ( 1.000000000000000000, -9.856383386231858827E-17, 1.832454376031839163E-15 ) ) ;
#1197 = CARTESIAN_POINT ( 'NONE',  ( 3.136999999999999567, 0.03799999999999974926, -1.590000000000000302 ) ) ;
#1198 = VECTOR ( 'NONE', #611, 1000.000000000000000 ) ;
#1199 = CARTESIAN_POINT ( 'NONE',  ( 2.158333333333327442, -5.015752173107513201, -1.284999999999999920 ) ) ;
#1200 = CARTESIAN_POINT ( 'NONE',  ( 3.136999999999999567, 0.03799999999999974926, -1.590000000000000302 ) ) ;
#1201 = CARTESIAN_POINT ( 'NONE',  ( -2.564999999999999503, 0.7599999999999995648, 1.590000000000000080 ) ) ;
#1202 = LINE ( 'NONE', #927, #1421 ) ;
#1203 = ORIENTED_EDGE ( 'NONE', *, *, #953, .T. ) ;
#1204 = LINE ( 'NONE', #1171, #612 ) ;
#1205 = EDGE_LOOP ( 'NONE', ( #992, #38, #96, #295 ) ) ;
#1206 = EDGE_LOOP ( 'NONE', ( #1456, #126, #715, #867, #1600, #1540, #891, #1449 ) ) ;
#1207 = VECTOR ( 'NONE', #849, 1000.000000000000000 ) ;
#1208 = DIRECTION ( 'NONE',  ( -1.000000000000000000, 0.0000000000000000000, 0.0000000000000000000 ) ) ;
#1209 = DIRECTION ( 'NONE',  ( -1.000000000000000000, -1.303127611160462041E-16, 0.0000000000000000000 ) ) ;
#1210 = ORIENTED_EDGE ( 'NONE', *, *, #239, .T. ) ;
#1211 = PLANE ( 'NONE',  #113 ) ;
#1212 = DIRECTION ( 'NONE',  ( 2.748681564047758942E-16, -0.0000000000000000000, -1.000000000000000000 ) ) ;
#1213 = EDGE_LOOP ( 'NONE', ( #513, #852, #246, #1304 ) ) ;
#1214 = ORIENTED_EDGE ( 'NONE', *, *, #639, .F. ) ;
#1215 = EDGE_CURVE ( 'NONE', #1591, #73, #1087, .T. ) ;
#1216 = VECTOR ( 'NONE', #1168, 1000.000000000000000 ) ;
#1217 = ORIENTED_EDGE ( 'NONE', *, *, #544, .F. ) ;
#1218 = ORIENTED_EDGE ( 'NONE', *, *, #1181, .T. ) ;
#1219 = DIRECTION ( 'NONE',  ( 0.0000000000000000000, 0.0000000000000000000, -1.000000000000000000 ) ) ;
#1220 = ORIENTED_EDGE ( 'NONE', *, *, #615, .F. ) ;
#1221 = DIRECTION ( 'NONE',  ( 1.000000000000000000, -0.0000000000000000000, 0.0000000000000000000 ) ) ;
#1222 = LINE ( 'NONE', #1369, #1207 ) ;
#1223 = ORIENTED_EDGE ( 'NONE', *, *, #845, .F. ) ;
#1224 = VERTEX_POINT ( 'NONE', #1417 ) ;
#1225 = LINE ( 'NONE', #908, #408 ) ;
#1226 = MANIFOLD_SOLID_BREP ( 'Boss-Extrude1', #102 ) ;
#1227 = EDGE_CURVE ( 'NONE', #322, #1407, #1225, .T. ) ;
#1228 = CARTESIAN_POINT ( 'NONE',  ( 2.564999999999999503, 0.7599999999999995648, 1.590000000000000080 ) ) ;
#1229 = CARTESIAN_POINT ( 'NONE',  ( -3.174999999999999378, -3.888253587292845588E-16, 1.590000000000000080 ) ) ;
#1230 = FACE_OUTER_BOUND ( 'NONE', #1169, .T. ) ;
#1231 = CARTESIAN_POINT ( 'NONE',  ( -2.361666666666665026, -5.015752173107513201, 1.081666666666665666 ) ) ;
#1232 = VECTOR ( 'NONE', #666, 1000.000000000000000 ) ;
#1233 = DIRECTION ( 'NONE',  ( 0.0000000000000000000, 1.000000000000000000, 0.0000000000000000000 ) ) ;
#1234 = ORIENTED_EDGE ( 'NONE', *, *, #197, .T. ) ;
#1235 = DIRECTION ( 'NONE',  ( 9.856383386231858827E-17, 1.000000000000000000, 0.0000000000000000000 ) ) ;
#1236 = EDGE_CURVE ( 'NONE', #1586, #949, #267, .T. ) ;
#1237 = DIRECTION ( 'NONE',  ( -1.000000000000000000, 0.0000000000000000000, 0.0000000000000000000 ) ) ;
#1238 =( LENGTH_UNIT ( ) NAMED_UNIT ( * ) SI_UNIT ( .MILLI., .METRE. ) );
#1239 = VECTOR ( 'NONE', #371, 1000.000000000000000 ) ;
#1240 = FACE_OUTER_BOUND ( 'NONE', #1365, .T. ) ;
#1241 = EDGE_LOOP ( 'NONE', ( #1357, #826, #342, #168 ) ) ;
#1242 = LINE ( 'NONE', #37, #1614 ) ;
#1243 = VERTEX_POINT ( 'NONE', #411 ) ;
#1244 = ORIENTED_EDGE ( 'NONE', *, *, #140, .F. ) ;
#1245 = LINE ( 'NONE', #99, #1557 ) ;
#1246 = APPLICATION_CONTEXT ( 'automotive_design' ) ;
#1247 = EDGE_CURVE ( 'NONE', #373, #204, #365, .T. ) ;
#1248 = CARTESIAN_POINT ( 'NONE',  ( 3.136999999999999567, 0.03799999999999974926, 1.590000000000000080 ) ) ;
#1249 = AXIS2_PLACEMENT_3D ( 'NONE', #781, #648, #913 ) ;
#1250 = CARTESIAN_POINT ( 'NONE',  ( 1.028333333333328659, -5.015752173107513201, -1.081666666666666554 ) ) ;
#1251 = CARTESIAN_POINT ( 'NONE',  ( 0.1016666666666643376, -5.015752173107513201, -1.081666666666666554 ) ) ;
#1252 = CARTESIAN_POINT ( 'NONE',  ( -3.136999999999999567, 0.7219999999999995310, 1.590000000000000080 ) ) ;
#1253 = ORIENTED_EDGE ( 'NONE', *, *, #1146, .F. ) ;
#1254 = LINE ( 'NONE', #1145, #256 ) ;
#1255 = ORIENTED_EDGE ( 'NONE', *, *, #393, .F. ) ;
#1256 = CARTESIAN_POINT ( 'NONE',  ( 2.564999999999999503, 0.03799999999999982558, -1.590000000000000080 ) ) ;
#1257 = PRODUCT_DEFINITION_CONTEXT ( 'detailed design', #249, 'design' ) ;
#1258 = CARTESIAN_POINT ( 'NONE',  ( 0.0000000000000000000, 0.0000000000000000000, -1.590000000000000080 ) ) ;
#1259 = CARTESIAN_POINT ( 'NONE',  ( 3.136999999999999567, 0.03799999999999974926, -1.590000000000000080 ) ) ;
#1260 = EDGE_CURVE ( 'NONE', #1115, #1184, #76, .T. ) ;
#1261 = LINE ( 'NONE', #1085, #321 ) ;
#1262 = VERTEX_POINT ( 'NONE', #1298 ) ;
#1263 = ORIENTED_EDGE ( 'NONE', *, *, #1236, .F. ) ;
#1264 = ORIENTED_EDGE ( 'NONE', *, *, #493, .F. ) ;
#1265 = EDGE_LOOP ( 'NONE', ( #1253, #1423, #407, #909 ) ) ;
#1266 = DIRECTION ( 'NONE',  ( 1.000000000000000000, 0.0000000000000000000, 0.0000000000000000000 ) ) ;
#1267 = ADVANCED_FACE ( 'NONE', ( #819 ), #54, .T. ) ;
#1268 = DIRECTION ( 'NONE',  ( 0.0000000000000000000, -0.0000000000000000000, -1.000000000000000000 ) ) ;
#1269 = EDGE_CURVE ( 'NONE', #52, #1115, #659, .T. ) ;
#1270 = SURFACE_STYLE_USAGE ( .BOTH. , #517 ) ;
#1271 = VECTOR ( 'NONE', #1519, 1000.000000000000000 ) ;
#1272 = AXIS2_PLACEMENT_3D ( 'NONE', #1191, #808, #803 ) ;
#1273 = LINE ( 'NONE', #261, #1148 ) ;
#1274 = VERTEX_POINT ( 'NONE', #653 ) ;
#1275 = CARTESIAN_POINT ( 'NONE',  ( -3.174999999999999378, -3.888253587292845588E-16, -1.590000000000000080 ) ) ;
#1276 = ADVANCED_FACE ( 'NONE', ( #1311 ), #912, .F. ) ;
#1277 = CARTESIAN_POINT ( 'NONE',  ( 3.136999999999999567, 0.03799999999999974926, 1.590000000000000080 ) ) ;
#1278 = CARTESIAN_POINT ( 'NONE',  ( 1.231666666666659804, -5.015752173107513201, -1.284999999999999920 ) ) ;
#1279 = LINE ( 'NONE', #1525, #695 ) ;
#1280 = LINE ( 'NONE', #1549, #592 ) ;
#1281 = ORIENTED_EDGE ( 'NONE', *, *, #806, .T. ) ;
#1282 = LINE ( 'NONE', #1016, #984 ) ;
#1283 = ORIENTED_EDGE ( 'NONE', *, *, #1389, .F. ) ;
#1284 = DIRECTION ( 'NONE',  ( 0.0000000000000000000, -1.000000000000000000, 0.0000000000000000000 ) ) ;
#1285 = FACE_OUTER_BOUND ( 'NONE', #381, .T. ) ;
#1286 = ADVANCED_FACE ( 'NONE', ( #484 ), #422, .T. ) ;
#1287 = CARTESIAN_POINT ( 'NONE',  ( -3.136999999999999567, 0.7219999999999995310, -1.590000000000000080 ) ) ;
#1288 = DIRECTION ( 'NONE',  ( 0.0000000000000000000, 1.000000000000000000, 0.0000000000000000000 ) ) ;
#1289 = CARTESIAN_POINT ( 'NONE',  ( -1.028333333333336430, 0.7599999999999996758, -1.284999999999999920 ) ) ;
#1290 = DIRECTION ( 'NONE',  ( -0.0000000000000000000, -0.0000000000000000000, -1.000000000000000000 ) ) ;
#1291 = ADVANCED_FACE ( 'NONE', ( #683 ), #930, .F. ) ;
#1292 = VERTEX_POINT ( 'NONE', #1180 ) ;
#1293 = CARTESIAN_POINT ( 'NONE',  ( 3.174999999999999378, 0.7599999999999995648, 1.590000000000000080 ) ) ;
#1294 = ORIENTED_EDGE ( 'NONE', *, *, #1181, .F. ) ;
#1295 = LINE ( 'NONE', #668, #259 ) ;
#1296 = CARTESIAN_POINT ( 'NONE',  ( 2.564999999999999503, 0.0000000000000000000, -1.590000000000000080 ) ) ;
#1297 = CARTESIAN_POINT ( 'NONE',  ( -2.565000000000000391, 0.7219999999999995310, 1.284999999999999698 ) ) ;
#1298 = CARTESIAN_POINT ( 'NONE',  ( -3.174999999999999378, -3.888253587292845588E-16, 1.590000000000000080 ) ) ;
#1299 = LINE ( 'NONE', #177, #300 ) ;
#1300 = EDGE_CURVE ( 'NONE', #873, #716, #754, .T. ) ;
#1301 = ADVANCED_FACE ( 'NONE', ( #1188 ), #454, .T. ) ;
#1302 = VECTOR ( 'NONE', #1170, 1000.000000000000000 ) ;
#1303 = CARTESIAN_POINT ( 'NONE',  ( 3.136999999999999567, 0.7219999999999995310, -1.590000000000000302 ) ) ;
#1304 = ORIENTED_EDGE ( 'NONE', *, *, #1071, .T. ) ;
#1305 = DIRECTION ( 'NONE',  ( 1.000000000000000000, 0.0000000000000000000, 0.0000000000000000000 ) ) ;
#1306 = ORIENTED_EDGE ( 'NONE', *, *, #77, .T. ) ;
#1307 = DIRECTION ( 'NONE',  ( -1.000000000000000000, -0.0000000000000000000, -0.0000000000000000000 ) ) ;
#1308 = VERTEX_POINT ( 'NONE', #444 ) ;
#1309 = FACE_OUTER_BOUND ( 'NONE', #23, .T. ) ;
#1310 = ORIENTED_EDGE ( 'NONE', *, *, #217, .F. ) ;
#1311 = FACE_OUTER_BOUND ( 'NONE', #440, .T. ) ;
#1312 = CARTESIAN_POINT ( 'NONE',  ( -1.028333333333337096, -5.015752173107513201, -1.284999999999999920 ) ) ;
#1313 = DIRECTION ( 'NONE',  ( -4.265713465516743154E-15, 0.0000000000000000000, 1.000000000000000000 ) ) ;
#1314 = DIRECTION ( 'NONE',  ( 9.856383386231858827E-17, 1.000000000000000000, 0.0000000000000000000 ) ) ;
#1315 = LINE ( 'NONE', #165, #1351 ) ;
#1316 = ORIENTED_EDGE ( 'NONE', *, *, #292, .T. ) ;
#1317 = VECTOR ( 'NONE', #526, 1000.000000000000000 ) ;
#1318 = CARTESIAN_POINT ( 'NONE',  ( 1.028333333333329325, 0.7599999999999994538, -1.081666666666666554 ) ) ;
#1319 = EDGE_CURVE ( 'NONE', #1522, #825, #1140, .T. ) ;
#1320 = PLANE ( 'NONE',  #1415 ) ;
#1321 = LINE ( 'NONE', #1531, #1538 ) ;
#1322 = ORIENTED_EDGE ( 'NONE', *, *, #731, .F. ) ;
#1323 = CARTESIAN_POINT ( 'NONE',  ( -2.158333333333332327, 0.7599999999999997868, 1.284999999999999698 ) ) ;
#1324 = DIRECTION ( 'NONE',  ( -9.856383386231858827E-17, -1.000000000000000000, 0.0000000000000000000 ) ) ;
#1325 = CARTESIAN_POINT ( 'NONE',  ( 0.1016666666666643376, -5.015752173107513201, 1.284999999999999254 ) ) ;
#1326 = VECTOR ( 'NONE', #1235, 1000.000000000000000 ) ;
#1327 = FACE_OUTER_BOUND ( 'NONE', #1439, .T. ) ;
#1328 = EDGE_CURVE ( 'NONE', #1480, #1100, #53, .T. ) ;
#1329 = ORIENTED_EDGE ( 'NONE', *, *, #285, .F. ) ;
#1330 = PRESENTATION_STYLE_ASSIGNMENT (( #1477 ) ) ;
#1331 = ORIENTED_EDGE ( 'NONE', *, *, #1260, .T. ) ;
#1332 = DIRECTION ( 'NONE',  ( 1.832454376031839459E-16, 0.0000000000000000000, 1.000000000000000000 ) ) ;
#1333 = DIRECTION ( 'NONE',  ( 1.832454376031839163E-15, 0.0000000000000000000, -1.000000000000000000 ) ) ;
#1334 = DIRECTION ( 'NONE',  ( 9.856383386231858827E-17, 1.000000000000000000, 0.0000000000000000000 ) ) ;
#1335 = FACE_OUTER_BOUND ( 'NONE', #1344, .T. ) ;
#1336 =( LENGTH_UNIT ( ) NAMED_UNIT ( * ) SI_UNIT ( .MILLI., .METRE. ) );
#1337 = DIRECTION ( 'NONE',  ( -6.374186208676798083E-16, 1.000000000000000000, 0.0000000000000000000 ) ) ;
#1338 = VERTEX_POINT ( 'NONE', #920 ) ;
#1339 = AXIS2_PLACEMENT_3D ( 'NONE', #189, #65, #554 ) ;
#1340 = PLANE ( 'NONE',  #980 ) ;
#1341 = VECTOR ( 'NONE', #1209, 1000.000000000000000 ) ;
#1342 = ORIENTED_EDGE ( 'NONE', *, *, #1602, .T. ) ;
#1343 = VECTOR ( 'NONE', #187, 1000.000000000000000 ) ;
#1344 = EDGE_LOOP ( 'NONE', ( #1185, #1024, #762, #976 ) ) ;
#1345 = EDGE_LOOP ( 'NONE', ( #1575, #788, #598, #1584 ) ) ;
#1346 = LINE ( 'NONE', #1250, #1467 ) ;
#1347 = VERTEX_POINT ( 'NONE', #1186 ) ;
#1348 = EDGE_CURVE ( 'NONE', #363, #182, #1450, .T. ) ;
#1349 = DIRECTION ( 'NONE',  ( -1.000000000000000000, -6.374186208676798083E-16, 0.0000000000000000000 ) ) ;
#1350 = VECTOR ( 'NONE', #686, 1000.000000000000000 ) ;
#1351 = VECTOR ( 'NONE', #1026, 1000.000000000000000 ) ;
#1352 = ORIENTED_EDGE ( 'NONE', *, *, #797, .T. ) ;
#1353 =( NAMED_UNIT ( * ) PLANE_ANGLE_UNIT ( ) SI_UNIT ( $, .RADIAN. ) );
#1354 = CARTESIAN_POINT ( 'NONE',  ( 2.158333333333327886, 0.7219999999999995310, 1.081666666666665888 ) ) ;
#1355 = ORIENTED_EDGE ( 'NONE', *, *, #262, .F. ) ;
#1356 = VECTOR ( 'NONE', #402, 1000.000000000000000 ) ;
#1357 = ORIENTED_EDGE ( 'NONE', *, *, #197, .F. ) ;
#1358 = EDGE_CURVE ( 'NONE', #581, #843, #1366, .T. ) ;
#1359 = DIRECTION ( 'NONE',  ( 0.0000000000000000000, 0.0000000000000000000, 1.000000000000000000 ) ) ;
#1360 = VECTOR ( 'NONE', #377, 1000.000000000000000 ) ;
#1361 = SURFACE_STYLE_USAGE ( .BOTH. , #1488 ) ;
#1362 = LINE ( 'NONE', #337, #655 ) ;
#1363 = ORIENTED_EDGE ( 'NONE', *, *, #41, .T. ) ;
#1364 = CARTESIAN_POINT ( 'NONE',  ( 2.564999999999999503, 0.0000000000000000000, 1.590000000000000080 ) ) ;
#1365 = EDGE_LOOP ( 'NONE', ( #1322, #610, #1178, #512 ) ) ;
#1366 = LINE ( 'NONE', #452, #114 ) ;
#1367 = AXIS2_PLACEMENT_3D ( 'NONE', #191, #1571, #1057 ) ;
#1368 = CARTESIAN_POINT ( 'NONE',  ( -2.361666666666664582, 0.7219999999999995310, 1.081666666666665666 ) ) ;
#1369 = CARTESIAN_POINT ( 'NONE',  ( -2.158333333333332771, 0.7219999999999995310, -1.081666666666666554 ) ) ;
#1370 = CARTESIAN_POINT ( 'NONE',  ( 2.564999999999996394, -5.015752173107513201, -1.081666666666666554 ) ) ;
#1371 = PLANE ( 'NONE',  #579 ) ;
#1372 = ORIENTED_EDGE ( 'NONE', *, *, #806, .F. ) ;
#1373 = CARTESIAN_POINT ( 'NONE',  ( 2.158333333333327442, -5.015752173107513201, 1.081666666666665888 ) ) ;
#1374 = ORIENTED_EDGE ( 'NONE', *, *, #1507, .T. ) ;
#1375 = CARTESIAN_POINT ( 'NONE',  ( -1.028333333333336430, 0.7599999999999996758, -1.284999999999999920 ) ) ;
#1376 = EDGE_CURVE ( 'NONE', #1069, #585, #969, .T. ) ;
#1377 = FILL_AREA_STYLE ('',( #240 ) ) ;
#1378 = DIRECTION ( 'NONE',  ( -9.856383386231858827E-17, -1.000000000000000000, 0.0000000000000000000 ) ) ;
#1379 = LINE ( 'NONE', #1103, #519 ) ;
#1380 = DIRECTION ( 'NONE',  ( 0.0000000000000000000, 1.000000000000000000, 0.0000000000000000000 ) ) ;
#1381 = LINE ( 'NONE', #1154, #1554 ) ;
#1382 = CLOSED_SHELL ( 'NONE', ( #1419, #643, #162, #410, #778, #772, #28, #1527, #661, #22, #1144, #1267, #652, #1398, #1286, #545, #401, #888, #419, #172, #1012, #1301, #1136, #765, #917, #1276 ) ) ;
#1383 = ORIENTED_EDGE ( 'NONE', *, *, #1358, .T. ) ;
#1384 = ORIENTED_EDGE ( 'NONE', *, *, #1472, .T. ) ;
#1385 = FACE_OUTER_BOUND ( 'NONE', #694, .T. ) ;
#1386 = ORIENTED_EDGE ( 'NONE', *, *, #493, .T. ) ;
#1387 = PLANE ( 'NONE',  #509 ) ;
#1388 = LINE ( 'NONE', #57, #467 ) ;
#1389 = EDGE_CURVE ( 'NONE', #997, #1493, #1062, .T. ) ;
#1390 = DIRECTION ( 'NONE',  ( -1.000000000000000000, 0.0000000000000000000, 0.0000000000000000000 ) ) ;
#1391 = AXIS2_PLACEMENT_3D ( 'NONE', #271, #1395, #6 ) ;
#1392 = CARTESIAN_POINT ( 'NONE',  ( 0.1016666666666649066, 0.7599999999999995648, -1.081666666666666554 ) ) ;
#1393 = ORIENTED_EDGE ( 'NONE', *, *, #544, .T. ) ;
#1394 = LINE ( 'NONE', #521, #1143 ) ;
#1395 = DIRECTION ( 'NONE',  ( 0.0000000000000000000, 0.0000000000000000000, 1.000000000000000000 ) ) ;
#1396 = CARTESIAN_POINT ( 'NONE',  ( 2.564999999999999503, 0.7219999999999995310, 1.590000000000000080 ) ) ;
#1397 = ORIENTED_EDGE ( 'NONE', *, *, #1, .T. ) ;
#1398 = ADVANCED_FACE ( 'NONE', ( #1285 ), #317, .T. ) ;
#1399 = LINE ( 'NONE', #450, #94 ) ;
#1400 = ORIENTED_EDGE ( 'NONE', *, *, #327, .T. ) ;
#1401 = DIRECTION ( 'NONE',  ( 0.0000000000000000000, -0.0000000000000000000, 1.000000000000000000 ) ) ;
#1402 = CARTESIAN_POINT ( 'NONE',  ( 3.174999999999999378, -3.888253587292845588E-16, 1.590000000000000080 ) ) ;
#1403 = UNCERTAINTY_MEASURE_WITH_UNIT (LENGTH_MEASURE( 1.000000000000000082E-05 ), #1336, 'distance_accuracy_value', 'NONE');
#1404 = FACE_OUTER_BOUND ( 'NONE', #1046, .T. ) ;
#1405 = ADVANCED_FACE ( 'NONE', ( #565 ), #1054, .T. ) ;
#1406 = DIRECTION ( 'NONE',  ( 0.0000000000000000000, 1.000000000000000000, 0.0000000000000000000 ) ) ;
#1407 = VERTEX_POINT ( 'NONE', #571 ) ;
#1408 = ORIENTED_EDGE ( 'NONE', *, *, #442, .F. ) ;
#1409 = CARTESIAN_POINT ( 'NONE',  ( 2.564999999999999503, 0.03799999999999982558, 1.590000000000000080 ) ) ;
#1410 = VECTOR ( 'NONE', #922, 1000.000000000000000 ) ;
#1411 = DIRECTION ( 'NONE',  ( 1.000000000000000000, -9.856383386231858827E-17, 0.0000000000000000000 ) ) ;
#1412 = DIRECTION ( 'NONE',  ( 0.0000000000000000000, -1.000000000000000000, -0.0000000000000000000 ) ) ;
#1413 = EDGE_CURVE ( 'NONE', #1448, #1424, #325, .T. ) ;
#1414 = DIRECTION ( 'NONE',  ( 0.0000000000000000000, 1.000000000000000000, 0.0000000000000000000 ) ) ;
#1415 = AXIS2_PLACEMENT_3D ( 'NONE', #1568, #1441, #1055 ) ;
#1416 = ORIENTED_EDGE ( 'NONE', *, *, #712, .F. ) ;
#1417 = CARTESIAN_POINT ( 'NONE',  ( 2.158333333333327886, 0.7219999999999995310, 1.081666666666665888 ) ) ;
#1418 = EDGE_CURVE ( 'NONE', #947, #82, #1019, .T. ) ;
#1419 = ADVANCED_FACE ( 'NONE', ( #1335 ), #1455, .T. ) ;
#1420 = LINE ( 'NONE', #255, #1156 ) ;
#1421 = VECTOR ( 'NONE', #818, 1000.000000000000000 ) ;
#1422 = ORIENTED_EDGE ( 'NONE', *, *, #685, .T. ) ;
#1423 = ORIENTED_EDGE ( 'NONE', *, *, #116, .F. ) ;
#1424 = VERTEX_POINT ( 'NONE', #1176 ) ;
#1425 = PLANE ( 'NONE',  #823 ) ;
#1426 = VECTOR ( 'NONE', #1288, 1000.000000000000000 ) ;
#1427 = ADVANCED_FACE ( 'NONE', ( #952 ), #697, .F. ) ;
#1428 = PLANE ( 'NONE',  #1603 ) ;
#1429 = CARTESIAN_POINT ( 'NONE',  ( 0.0000000000000000000, 0.0000000000000000000, 1.590000000000000080 ) ) ;
#1430 = EDGE_CURVE ( 'NONE', #949, #799, #1597, .T. ) ;
#1431 = VERTEX_POINT ( 'NONE', #203 ) ;
#1432 = FILL_AREA_STYLE_COLOUR ( '', #614 ) ;
#1433 = DIRECTION ( 'NONE',  ( 9.856383386231858827E-17, 1.000000000000000000, 0.0000000000000000000 ) ) ;
#1434 = PRODUCT_DEFINITION ( 'UNKNOWN', '', #1518, #1257 ) ;
#1435 = ORIENTED_EDGE ( 'NONE', *, *, #1053, .F. ) ;
#1436 = DIRECTION ( 'NONE',  ( 9.856383386231858827E-17, 1.000000000000000000, 0.0000000000000000000 ) ) ;
#1437 = VECTOR ( 'NONE', #1528, 1000.000000000000000 ) ;
#1438 = VECTOR ( 'NONE', #1030, 1000.000000000000000 ) ;
#1439 = EDGE_LOOP ( 'NONE', ( #780, #101, #1408, #418 ) ) ;
#1440 = DIRECTION ( 'NONE',  ( 0.0000000000000000000, 0.0000000000000000000, 1.000000000000000000 ) ) ;
#1441 = DIRECTION ( 'NONE',  ( 1.303127611160462288E-16, -1.000000000000000000, 0.0000000000000000000 ) ) ;
#1442 = EDGE_CURVE ( 'NONE', #1448, #631, #1388, .T. ) ;
#1443 = LINE ( 'NONE', #487, #447 ) ;
#1444 = PLANE ( 'NONE',  #855 ) ;
#1445 = ORIENTED_EDGE ( 'NONE', *, *, #1036, .T. ) ;
#1446 = DIRECTION ( 'NONE',  ( 0.0000000000000000000, -0.0000000000000000000, 1.000000000000000000 ) ) ;
#1447 = CARTESIAN_POINT ( 'NONE',  ( -1.028333333333337096, -5.015752173107513201, 1.081666666666665666 ) ) ;
#1448 = VERTEX_POINT ( 'NONE', #1559 ) ;
#1449 = ORIENTED_EDGE ( 'NONE', *, *, #1454, .T. ) ;
#1450 = LINE ( 'NONE', #688, #1083 ) ;
#1451 = CARTESIAN_POINT ( 'NONE',  ( -1.231666666666670240, -5.015752173107513201, -1.081666666666666554 ) ) ;
#1452 = DIRECTION ( 'NONE',  ( -1.000000000000000000, 0.0000000000000000000, -7.020014066452894347E-16 ) ) ;
#1453 = MANIFOLD_SOLID_BREP ( 'Boss-Extrude2', #129 ) ;
#1454 = EDGE_CURVE ( 'NONE', #1262, #1077, #836, .T. ) ;
#1455 = PLANE ( 'NONE',  #1596 ) ;
#1456 = ORIENTED_EDGE ( 'NONE', *, *, #160, .T. ) ;
#1457 = VERTEX_POINT ( 'NONE', #837 ) ;
#1458 = DIRECTION ( 'NONE',  ( -0.0000000000000000000, 0.0000000000000000000, 1.000000000000000000 ) ) ;
#1459 = FACE_OUTER_BOUND ( 'NONE', #732, .T. ) ;
#1460 = LINE ( 'NONE', #958, #87 ) ;
#1461 = EDGE_CURVE ( 'NONE', #30, #631, #1245, .T. ) ;
#1462 = VERTEX_POINT ( 'NONE', #1464 ) ;
#1463 = ORIENTED_EDGE ( 'NONE', *, *, #1461, .F. ) ;
#1464 = CARTESIAN_POINT ( 'NONE',  ( -2.564999999999999503, 0.03799999999999982558, 1.590000000000000080 ) ) ;
#1465 = ORIENTED_EDGE ( 'NONE', *, *, #1157, .T. ) ;
#1466 = CARTESIAN_POINT ( 'NONE',  ( -2.158333333333332327, 0.7219999999999995310, 1.284999999999999698 ) ) ;
#1467 = VECTOR ( 'NONE', #1598, 1000.000000000000000 ) ;
#1468 = VERTEX_POINT ( 'NONE', #188 ) ;
#1469 = DIRECTION ( 'NONE',  ( 9.856383386231858827E-17, 1.000000000000000000, 0.0000000000000000000 ) ) ;
#1470 = CARTESIAN_POINT ( 'NONE',  ( 2.361666666666657033, 0.7219999999999995310, 1.284999999999999254 ) ) ;
#1471 = VERTEX_POINT ( 'NONE', #330 ) ;
#1472 = EDGE_CURVE ( 'NONE', #363, #1338, #230, .T. ) ;
#1473 = ORIENTED_EDGE ( 'NONE', *, *, #971, .T. ) ;
#1474 = LINE ( 'NONE', #548, #1356 ) ;
#1475 = ORIENTED_EDGE ( 'NONE', *, *, #1492, .F. ) ;
#1476 = DIRECTION ( 'NONE',  ( 0.0000000000000000000, 1.000000000000000000, 0.0000000000000000000 ) ) ;
#1477 = SURFACE_STYLE_USAGE ( .BOTH. , #1108 ) ;
#1478 = PLANE ( 'NONE',  #1028 ) ;
#1479 = LINE ( 'NONE', #1251, #1326 ) ;
#1480 = VERTEX_POINT ( 'NONE', #1089 ) ;
#1481 = ORIENTED_EDGE ( 'NONE', *, *, #516, .T. ) ;
#1482 = VECTOR ( 'NONE', #583, 1000.000000000000000 ) ;
#1483 = ORIENTED_EDGE ( 'NONE', *, *, #978, .F. ) ;
#1484 = CLOSED_SHELL ( 'NONE', ( #1546, #528, #44, #275, #281, #632, #1427, #901, #396, #525 ) ) ;
#1485 = EDGE_CURVE ( 'NONE', #169, #1184, #150, .T. ) ;
#1486 = VECTOR ( 'NONE', #1151, 1000.000000000000000 ) ;
#1487 = CARTESIAN_POINT ( 'NONE',  ( 2.158333333333327886, 0.7599999999999993427, 1.081666666666665888 ) ) ;
#1488 = SURFACE_SIDE_STYLE ('',( #1119 ) ) ;
#1489 =( GEOMETRIC_REPRESENTATION_CONTEXT ( 3 ) GLOBAL_UNCERTAINTY_ASSIGNED_CONTEXT ( ( #1403 ) ) GLOBAL_UNIT_ASSIGNED_CONTEXT ( ( #1336, #1353, #580 ) ) REPRESENTATION_CONTEXT ( 'NONE', 'WORKASPACE' ) );
#1490 = LINE ( 'NONE', #650, #1317 ) ;
#1491 = EDGE_LOOP ( 'NONE', ( #428, #835, #449, #709 ) ) ;
#1492 = EDGE_CURVE ( 'NONE', #1069, #436, #466, .T. ) ;
#1493 = VERTEX_POINT ( 'NONE', #93 ) ;
#1494 = DIRECTION ( 'NONE',  ( 1.066428366379184684E-14, -0.0000000000000000000, -1.000000000000000000 ) ) ;
#1495 =( NAMED_UNIT ( * ) SI_UNIT ( $, .STERADIAN. ) SOLID_ANGLE_UNIT ( ) );
#1496 = CARTESIAN_POINT ( 'NONE',  ( -3.174999999999999378, 0.7599999999999995648, 1.590000000000000080 ) ) ;
#1497 = LINE ( 'NONE', #1364, #1198 ) ;
#1498 = PLANE ( 'NONE',  #663 ) ;
#1499 = DIRECTION ( 'NONE',  ( 0.0000000000000000000, 0.0000000000000000000, 1.000000000000000000 ) ) ;
#1500 = VECTOR ( 'NONE', #1532, 1000.000000000000000 ) ;
#1501 = ORIENTED_EDGE ( 'NONE', *, *, #1134, .F. ) ;
#1502 = DIRECTION ( 'NONE',  ( 1.000000000000000000, -1.170002344408820737E-16, 0.0000000000000000000 ) ) ;
#1503 = ORIENTED_EDGE ( 'NONE', *, *, #875, .F. ) ;
#1504 = CARTESIAN_POINT ( 'NONE',  ( 2.564999999999998614, -5.015752173107513201, -1.284999999999999920 ) ) ;
#1505 = ORIENTED_EDGE ( 'NONE', *, *, #875, .T. ) ;
#1506 = VECTOR ( 'NONE', #990, 1000.000000000000000 ) ;
#1507 = EDGE_CURVE ( 'NONE', #1522, #760, #346, .T. ) ;
#1508 = PLANE ( 'NONE',  #414 ) ;
#1509 = PLANE ( 'NONE',  #4 ) ;
#1510 = PRODUCT_RELATED_PRODUCT_CATEGORY ( 'part', '', ( #640 ) ) ;
#1511 = FILL_AREA_STYLE ('',( #994 ) ) ;
#1512 = ORIENTED_EDGE ( 'NONE', *, *, #1319, .F. ) ;
#1513 = DIRECTION ( 'NONE',  ( -0.0000000000000000000, 1.000000000000000000, -0.0000000000000000000 ) ) ;
#1514 = VERTEX_POINT ( 'NONE', #590 ) ;
#1515 = DIRECTION ( 'NONE',  ( -1.000000000000000000, 0.0000000000000000000, -0.0000000000000000000 ) ) ;
#1516 = VERTEX_POINT ( 'NONE', #1582 ) ;
#1517 = CARTESIAN_POINT ( 'NONE',  ( 2.564999999999999503, 0.03799999999999982558, 1.590000000000000080 ) ) ;
#1518 = PRODUCT_DEFINITION_FORMATION_WITH_SPECIFIED_SOURCE ( 'ANY', '', #640, .NOT_KNOWN. ) ;
#1519 = DIRECTION ( 'NONE',  ( 0.0000000000000000000, -0.0000000000000000000, -1.000000000000000000 ) ) ;
#1520 = VECTOR ( 'NONE', #862, 1000.000000000000000 ) ;
#1521 = ORIENTED_EDGE ( 'NONE', *, *, #1442, .T. ) ;
#1522 = VERTEX_POINT ( 'NONE', #469 ) ;
#1523 = VECTOR ( 'NONE', #336, 1000.000000000000000 ) ;
#1524 = ORIENTED_EDGE ( 'NONE', *, *, #1348, .T. ) ;
#1525 = CARTESIAN_POINT ( 'NONE',  ( -3.174999999999999378, 0.7599999999999995648, 1.590000000000000080 ) ) ;
#1526 =( GEOMETRIC_REPRESENTATION_CONTEXT ( 3 ) GLOBAL_UNCERTAINTY_ASSIGNED_CONTEXT ( ( #858 ) ) GLOBAL_UNIT_ASSIGNED_CONTEXT ( ( #916, #45, #800 ) ) REPRESENTATION_CONTEXT ( 'NONE', 'WORKASPACE' ) );
#1527 = ADVANCED_FACE ( 'NONE', ( #1385 ), #344, .T. ) ;
#1528 = DIRECTION ( 'NONE',  ( 0.0000000000000000000, 1.000000000000000000, 0.0000000000000000000 ) ) ;
#1529 = DIRECTION ( 'NONE',  ( -1.000000000000000000, -0.0000000000000000000, 4.265713465516706866E-15 ) ) ;
#1530 = ADVANCED_FACE ( 'NONE', ( #1309 ), #1211, .F. ) ;
#1531 = CARTESIAN_POINT ( 'NONE',  ( 3.174999999999999378, 0.7599999999999995648, -1.590000000000000080 ) ) ;
#1532 = DIRECTION ( 'NONE',  ( 9.856383386231858827E-17, 1.000000000000000000, 0.0000000000000000000 ) ) ;
#1533 = EDGE_CURVE ( 'NONE', #760, #373, #597, .T. ) ;
#1534 = LINE ( 'NONE', #496, #1014 ) ;
#1535 = LINE ( 'NONE', #1066, #1341 ) ;
#1536 = DIRECTION ( 'NONE',  ( 0.0000000000000000000, 0.0000000000000000000, 1.000000000000000000 ) ) ;
#1537 = ORIENTED_EDGE ( 'NONE', *, *, #393, .T. ) ;
#1538 = VECTOR ( 'NONE', #277, 1000.000000000000000 ) ;
#1539 = VERTEX_POINT ( 'NONE', #1587 ) ;
#1540 = ORIENTED_EDGE ( 'NONE', *, *, #451, .T. ) ;
#1541 = SHAPE_DEFINITION_REPRESENTATION ( #495, #935 ) ;
#1542 = DIRECTION ( 'NONE',  ( 0.0000000000000000000, -0.0000000000000000000, -1.000000000000000000 ) ) ;
#1543 = EDGE_CURVE ( 'NONE', #892, #61, #634, .T. ) ;
#1544 = DIRECTION ( 'NONE',  ( 1.000000000000000000, -1.303127611160462041E-16, 0.0000000000000000000 ) ) ;
#1545 = CARTESIAN_POINT ( 'NONE',  ( -2.564999999999999503, 0.0000000000000000000, -1.590000000000000080 ) ) ;
#1546 = ADVANCED_FACE ( 'NONE', ( #967 ), #476, .F. ) ;
#1547 = DIRECTION ( 'NONE',  ( 0.0000000000000000000, 0.0000000000000000000, 1.000000000000000000 ) ) ;
#1548 = ORIENTED_EDGE ( 'NONE', *, *, #1269, .F. ) ;
#1549 = CARTESIAN_POINT ( 'NONE',  ( -3.174999999999999378, 0.7599999999999995648, -1.590000000000000080 ) ) ;
#1550 = ORIENTED_EDGE ( 'NONE', *, *, #224, .T. ) ;
#1551 = CARTESIAN_POINT ( 'NONE',  ( 3.136999999999999567, 0.7219999999999995310, -7.901175167906528962 ) ) ;
#1552 = EDGE_CURVE ( 'NONE', #1480, #1164, #266, .T. ) ;
#1553 = DIRECTION ( 'NONE',  ( 9.856383386231858827E-17, 1.000000000000000000, 0.0000000000000000000 ) ) ;
#1554 = VECTOR ( 'NONE', #278, 1000.000000000000000 ) ;
#1555 = ORIENTED_EDGE ( 'NONE', *, *, #464, .F. ) ;
#1556 = ORIENTED_EDGE ( 'NONE', *, *, #1507, .F. ) ;
#1557 = VECTOR ( 'NONE', #78, 1000.000000000000000 ) ;
#1558 = PLANE ( 'NONE',  #350 ) ;
#1559 = CARTESIAN_POINT ( 'NONE',  ( -0.1016666666666681540, 0.7219999999999995310, 1.081666666666666332 ) ) ;
#1560 = PLANE ( 'NONE',  #1272 ) ;
#1561 = DIRECTION ( 'NONE',  ( -2.748681564047758942E-16, 0.0000000000000000000, 1.000000000000000000 ) ) ;
#1562 = EDGE_CURVE ( 'NONE', #581, #1274, #1222, .T. ) ;
#1563 = CARTESIAN_POINT ( 'NONE',  ( -2.564999999999999503, 0.03799999999999982558, -1.590000000000000080 ) ) ;
#1564 = CARTESIAN_POINT ( 'NONE',  ( -2.564999999999999947, -5.015752173107513201, 1.081666666666666554 ) ) ;
#1565 = ORIENTED_EDGE ( 'NONE', *, *, #1025, .T. ) ;
#1566 = MANIFOLD_SOLID_BREP ( 'Boss-Extrude3', #1382 ) ;
#1567 = DIRECTION ( 'NONE',  ( 9.162271880159192365E-17, 0.0000000000000000000, -1.000000000000000000 ) ) ;
#1568 = CARTESIAN_POINT ( 'NONE',  ( -2.564999999999999503, 0.03799999999999982558, 1.590000000000000080 ) ) ;
#1569 = EDGE_CURVE ( 'NONE', #228, #581, #171, .T. ) ;
#1570 = VECTOR ( 'NONE', #135, 1000.000000000000000 ) ;
#1571 = DIRECTION ( 'NONE',  ( 1.000000000000000000, 0.0000000000000000000, 0.0000000000000000000 ) ) ;
#1572 = DIRECTION ( 'NONE',  ( 1.000000000000000000, 0.0000000000000000000, -0.0000000000000000000 ) ) ;
#1573 = CARTESIAN_POINT ( 'NONE',  ( -2.564999999999999503, 0.03799999999999982558, -1.590000000000000080 ) ) ;
#1574 = LINE ( 'NONE', #704, #10 ) ;
#1575 = ORIENTED_EDGE ( 'NONE', *, *, #1236, .T. ) ;
#1576 = VECTOR ( 'NONE', #546, 1000.000000000000000 ) ;
#1577 = ORIENTED_EDGE ( 'NONE', *, *, #1562, .F. ) ;
#1578 = EDGE_LOOP ( 'NONE', ( #1548, #482, #1139, #355 ) ) ;
#1579 = CARTESIAN_POINT ( 'NONE',  ( 1.028333333333328659, -5.015752173107513201, -1.081666666666666554 ) ) ;
#1580 = EDGE_CURVE ( 'NONE', #1164, #483, #215, .T. ) ;
#1581 = EDGE_CURVE ( 'NONE', #231, #825, #385, .T. ) ;
#1582 = CARTESIAN_POINT ( 'NONE',  ( 0.1016666666666649066, 0.7219999999999995310, -1.081666666666666554 ) ) ;
#1583 =( NAMED_UNIT ( * ) SI_UNIT ( $, .STERADIAN. ) SOLID_ANGLE_UNIT ( ) );
#1584 = ORIENTED_EDGE ( 'NONE', *, *, #485, .T. ) ;
#1585 = VECTOR ( 'NONE', #251, 1000.000000000000000 ) ;
#1586 = VERTEX_POINT ( 'NONE', #859 ) ;
#1587 = CARTESIAN_POINT ( 'NONE',  ( 2.158333333333327442, 0.7219999999999995310, -1.284999999999999920 ) ) ;
#1588 = CARTESIAN_POINT ( 'NONE',  ( -2.158333333333332771, -5.015752173107513201, 1.284999999999999698 ) ) ;
#1589 = LINE ( 'NONE', #1042, #380 ) ;
#1590 = EDGE_CURVE ( 'NONE', #204, #231, #247, .T. ) ;
#1591 = VERTEX_POINT ( 'NONE', #987 ) ;
#1592 = ORIENTED_EDGE ( 'NONE', *, *, #1260, .F. ) ;
#1593 = DIRECTION ( 'NONE',  ( 0.0000000000000000000, 1.000000000000000000, 0.0000000000000000000 ) ) ;
#1594 = ORIENTED_EDGE ( 'NONE', *, *, #739, .F. ) ;
#1595 = CARTESIAN_POINT ( 'NONE',  ( -2.158333333333332771, -5.015752173107513201, -1.081666666666666554 ) ) ;
#1596 = AXIS2_PLACEMENT_3D ( 'NONE', #1041, #433, #1305 ) ;
#1597 = LINE ( 'NONE', #1563, #432 ) ;
#1598 = DIRECTION ( 'NONE',  ( 9.856383386231858827E-17, 1.000000000000000000, 0.0000000000000000000 ) ) ;
#1599 = DIRECTION ( 'NONE',  ( -1.170002344408820737E-16, -1.000000000000000000, -1.071987957989726875E-32 ) ) ;
#1600 = ORIENTED_EDGE ( 'NONE', *, *, #56, .T. ) ;
#1601 = FACE_OUTER_BOUND ( 'NONE', #887, .T. ) ;
#1602 = EDGE_CURVE ( 'NONE', #1120, #52, #561, .T. ) ;
#1603 = AXIS2_PLACEMENT_3D ( 'NONE', #543, #1284, #1542 ) ;
#1604 = DIRECTION ( 'NONE',  ( 0.0000000000000000000, -0.0000000000000000000, -1.000000000000000000 ) ) ;
#1605 = ORIENTED_EDGE ( 'NONE', *, *, #971, .F. ) ;
#1606 = PLANE ( 'NONE',  #117 ) ;
#1607 = CARTESIAN_POINT ( 'NONE',  ( 0.1016666666666649066, 0.7219999999999995310, 1.284999999999999254 ) ) ;
#1608 =( LENGTH_UNIT ( ) NAMED_UNIT ( * ) SI_UNIT ( .MILLI., .METRE. ) );
#1609 = DIRECTION ( 'NONE',  ( 0.0000000000000000000, 1.000000000000000000, 0.0000000000000000000 ) ) ;
#1610 = VECTOR ( 'NONE', #532, 1000.000000000000000 ) ;
#1611 = LINE ( 'NONE', #1142, #1500 ) ;
#1612 = ORIENTED_EDGE ( 'NONE', *, *, #1134, .T. ) ;
#1613 = LINE ( 'NONE', #556, #110 ) ;
#1614 = VECTOR ( 'NONE', #902, 1000.000000000000000 ) ;
#1615 = EDGE_LOOP ( 'NONE', ( #394, #347, #868, #1214 ) ) ;
#1616 = EDGE_CURVE ( 'NONE', #1493, #324, #1346, .T. ) ;
#1617 = VECTOR ( 'NONE', #573, 1000.000000000000000 ) ;
#1618 = DIRECTION ( 'NONE',  ( 1.000000000000000000, -1.170002344408820737E-16, 0.0000000000000000000 ) ) ;
#1619 = APPLICATION_PROTOCOL_DEFINITION ( 'draft international standard', 'automotive_design', 1998, #1246 ) ;
#1620 = CARTESIAN_POINT ( 'NONE',  ( 0.1016666666666649066, 0.7599999999999995648, 1.284999999999999254 ) ) ;
#1621 = CARTESIAN_POINT ( 'NONE',  ( 2.564999999999996838, 0.7219999999999995310, -1.081666666666666554 ) ) ;
ENDSEC;
END-ISO-10303-21;
